INFO:root:epoch 0, Episode 0, total_loss: 6334.7138671875, q_loss 6309.13671875, v_loss 25.5770320892334 ,lr 0.01
INFO:root:val_loss 2452348416.0
INFO:root:epoch 0, Episode 1, total_loss: 4654363.0, q_loss 4652075.0, v_loss 2287.97314453125 ,lr 0.01
INFO:root:epoch 0, Episode 2, total_loss: 1139684.125, q_loss 1139320.25, v_loss 363.91015625 ,lr 0.01
INFO:root:epoch 0, Episode 3, total_loss: 2095312.375, q_loss 2093933.375, v_loss 1379.0166015625 ,lr 0.01
INFO:root:epoch 0, Episode 4, total_loss: 7424963.5, q_loss 7423461.0, v_loss 1502.60595703125 ,lr 0.01
INFO:root:epoch 0, Episode 5, total_loss: 24760352.0, q_loss 24755982.0, v_loss 4369.6689453125 ,lr 0.01
INFO:root:epoch 0, Episode 6, total_loss: 2870414.5, q_loss 2869254.25, v_loss 1160.322998046875 ,lr 0.01
INFO:root:epoch 0, Episode 7, total_loss: 366050.6875, q_loss 365715.9375, v_loss 334.7572021484375 ,lr 0.01
INFO:root:epoch 0, Episode 8, total_loss: 10557.4873046875, q_loss 10489.06640625, v_loss 68.42127990722656 ,lr 0.01
INFO:root:epoch 0, Episode 9, total_loss: 9411.875, q_loss 9372.8251953125, v_loss 39.049564361572266 ,lr 0.01
INFO:root:epoch 0, Episode 10, total_loss: 17913.72265625, q_loss 17854.4921875, v_loss 59.23090362548828 ,lr 0.01
INFO:root:epoch 0, Episode 11, total_loss: 11034.5341796875, q_loss 10968.833984375, v_loss 65.7006607055664 ,lr 0.01
INFO:root:epoch 0, Episode 12, total_loss: 5404.51513671875, q_loss 5379.94873046875, v_loss 24.566368103027344 ,lr 0.01
INFO:root:epoch 0, Episode 13, total_loss: 7578.6337890625, q_loss 7541.63623046875, v_loss 36.99767303466797 ,lr 0.01
INFO:root:epoch 0, Episode 14, total_loss: 4264.70166015625, q_loss 4238.5458984375, v_loss 26.155738830566406 ,lr 0.01
INFO:root:epoch 0, Episode 15, total_loss: 4419.21044921875, q_loss 4396.548828125, v_loss 22.66155242919922 ,lr 0.01
INFO:root:epoch 0, Episode 16, total_loss: 10085.9365234375, q_loss 10052.193359375, v_loss 33.74340057373047 ,lr 0.01
INFO:root:epoch 0, Episode 17, total_loss: 4712.9365234375, q_loss 4689.66650390625, v_loss 23.269798278808594 ,lr 0.01
INFO:root:epoch 0, Episode 18, total_loss: 3849.0126953125, q_loss 3841.85107421875, v_loss 7.1615753173828125 ,lr 0.01
INFO:root:epoch 0, Episode 19, total_loss: 4954.46875, q_loss 4919.9482421875, v_loss 34.520355224609375 ,lr 0.01
INFO:root:epoch 0, Episode 20, total_loss: 6032.64111328125, q_loss 5987.5498046875, v_loss 45.091331481933594 ,lr 0.01
INFO:root:epoch 0, Episode 21, total_loss: 3317.0068359375, q_loss 3304.564208984375, v_loss 12.442588806152344 ,lr 0.01
INFO:root:epoch 0, Episode 22, total_loss: 2676.4990234375, q_loss 2671.047607421875, v_loss 5.4515380859375 ,lr 0.01
INFO:root:epoch 0, Episode 23, total_loss: 3505.56103515625, q_loss 3492.971923828125, v_loss 12.589027404785156 ,lr 0.01
INFO:root:epoch 0, Episode 24, total_loss: 3651.00732421875, q_loss 3645.01318359375, v_loss 5.994148254394531 ,lr 0.01
INFO:root:epoch 0, Episode 25, total_loss: 3039.301025390625, q_loss 3027.883056640625, v_loss 11.418022155761719 ,lr 0.01
INFO:root:epoch 0, Episode 26, total_loss: 3132.390869140625, q_loss 3113.2431640625, v_loss 19.147727966308594 ,lr 0.01
INFO:root:epoch 0, Episode 27, total_loss: 3190.739501953125, q_loss 3178.9580078125, v_loss 11.781497955322266 ,lr 0.01
INFO:root:epoch 0, Episode 28, total_loss: 1813.8138427734375, q_loss 1806.72119140625, v_loss 7.092674255371094 ,lr 0.01
INFO:root:epoch 0, Episode 29, total_loss: 4736.53125, q_loss 4723.76416015625, v_loss 12.767189025878906 ,lr 0.01
INFO:root:epoch 0, Episode 30, total_loss: 2147.138671875, q_loss 2138.323974609375, v_loss 8.814689636230469 ,lr 0.01
INFO:root:epoch 0, Episode 31, total_loss: 6111.0654296875, q_loss 6097.740234375, v_loss 13.324966430664062 ,lr 0.01
INFO:root:epoch 0, Episode 32, total_loss: 2018.561767578125, q_loss 2013.22802734375, v_loss 5.333728790283203 ,lr 0.01
INFO:root:epoch 0, Episode 33, total_loss: 3973.961669921875, q_loss 3971.196044921875, v_loss 2.7657432556152344 ,lr 0.01
INFO:root:epoch 0, Episode 34, total_loss: 3473.059814453125, q_loss 3460.308837890625, v_loss 12.751033782958984 ,lr 0.01
INFO:root:epoch 0, Episode 35, total_loss: 6106.85302734375, q_loss 6105.02294921875, v_loss 1.830291748046875 ,lr 0.01
INFO:root:epoch 0, Episode 36, total_loss: 2441.300537109375, q_loss 2428.2041015625, v_loss 13.096328735351562 ,lr 0.01
INFO:root:epoch 0, Episode 37, total_loss: 2045.7781982421875, q_loss 2033.0592041015625, v_loss 12.719032287597656 ,lr 0.01
INFO:root:epoch 0, Episode 38, total_loss: 2910.02783203125, q_loss 2904.59033203125, v_loss 5.437442779541016 ,lr 0.01
INFO:root:epoch 0, Episode 39, total_loss: 1733.0673828125, q_loss 1729.6181640625, v_loss 3.4491920471191406 ,lr 0.01
INFO:root:epoch 0, Episode 40, total_loss: 1774.6341552734375, q_loss 1771.8819580078125, v_loss 2.752239227294922 ,lr 0.01
INFO:root:epoch 0, Episode 41, total_loss: 4839.3359375, q_loss 4834.5546875, v_loss 4.781299591064453 ,lr 0.01
INFO:root:epoch 0, Episode 42, total_loss: 1354.1761474609375, q_loss 1351.0516357421875, v_loss 3.1245269775390625 ,lr 0.01
INFO:root:epoch 0, Episode 43, total_loss: 1039.8663330078125, q_loss 1038.0662841796875, v_loss 1.800079345703125 ,lr 0.01
INFO:root:epoch 0, Episode 44, total_loss: 3444.9384765625, q_loss 3441.006591796875, v_loss 3.931854248046875 ,lr 0.01
INFO:root:epoch 0, Episode 45, total_loss: 5095.4560546875, q_loss 5088.86279296875, v_loss 6.593494415283203 ,lr 0.01
INFO:root:epoch 0, Episode 46, total_loss: 1530.046630859375, q_loss 1527.724853515625, v_loss 2.32183837890625 ,lr 0.01
INFO:root:epoch 0, Episode 47, total_loss: 1316.7000732421875, q_loss 1315.251220703125, v_loss 1.4488258361816406 ,lr 0.01
INFO:root:epoch 0, Episode 48, total_loss: 2406.9755859375, q_loss 2404.23828125, v_loss 2.7373104095458984 ,lr 0.01
INFO:root:epoch 0, Episode 49, total_loss: 1056.2901611328125, q_loss 1053.9783935546875, v_loss 2.311809539794922 ,lr 0.01
INFO:root:epoch 0, Episode 50, total_loss: 2370.468017578125, q_loss 2368.803955078125, v_loss 1.6639556884765625 ,lr 0.01
INFO:root:val_loss 1899.2938232421875
INFO:root:epoch 0, Episode 51, total_loss: 2144.39111328125, q_loss 2142.084228515625, v_loss 2.306812286376953 ,lr 0.01
INFO:root:epoch 0, Episode 52, total_loss: 1872.612060546875, q_loss 1870.7724609375, v_loss 1.8396167755126953 ,lr 0.01
INFO:root:epoch 0, Episode 53, total_loss: 2916.099365234375, q_loss 2914.282958984375, v_loss 1.8165130615234375 ,lr 0.01
INFO:root:epoch 0, Episode 54, total_loss: 1075.7669677734375, q_loss 1075.244873046875, v_loss 0.5221138000488281 ,lr 0.01
INFO:root:epoch 0, Episode 55, total_loss: 1989.859130859375, q_loss 1988.5775146484375, v_loss 1.2815990447998047 ,lr 0.01
INFO:root:epoch 0, Episode 56, total_loss: 3296.550048828125, q_loss 3295.3125, v_loss 1.2374820709228516 ,lr 0.01
INFO:root:epoch 0, Episode 57, total_loss: 2508.51123046875, q_loss 2507.13134765625, v_loss 1.3799400329589844 ,lr 0.01
INFO:root:epoch 0, Episode 58, total_loss: 1648.6998291015625, q_loss 1647.6236572265625, v_loss 1.076223373413086 ,lr 0.01
INFO:root:epoch 0, Episode 59, total_loss: 1653.7852783203125, q_loss 1652.6436767578125, v_loss 1.1416339874267578 ,lr 0.01
INFO:root:epoch 0, Episode 60, total_loss: 1823.5311279296875, q_loss 1822.4749755859375, v_loss 1.0562114715576172 ,lr 0.01
INFO:root:epoch 0, Episode 61, total_loss: 1257.016845703125, q_loss 1255.99755859375, v_loss 1.0193309783935547 ,lr 0.01
INFO:root:epoch 0, Episode 62, total_loss: 3124.171142578125, q_loss 3123.31591796875, v_loss 0.8551063537597656 ,lr 0.01
INFO:root:epoch 0, Episode 63, total_loss: 1509.0546875, q_loss 1507.6060791015625, v_loss 1.4485912322998047 ,lr 0.01
INFO:root:epoch 0, Episode 64, total_loss: 1145.2828369140625, q_loss 1143.995361328125, v_loss 1.2875022888183594 ,lr 0.01
INFO:root:epoch 0, Episode 65, total_loss: 1610.1988525390625, q_loss 1609.2049560546875, v_loss 0.9938564300537109 ,lr 0.01
INFO:root:epoch 0, Episode 66, total_loss: 1935.02587890625, q_loss 1933.799560546875, v_loss 1.226287841796875 ,lr 0.01
INFO:root:epoch 0, Episode 67, total_loss: 3559.65869140625, q_loss 3558.229248046875, v_loss 1.4293861389160156 ,lr 0.01
INFO:root:epoch 0, Episode 68, total_loss: 3365.3603515625, q_loss 3364.293701171875, v_loss 1.0667686462402344 ,lr 0.01
INFO:root:epoch 0, Episode 69, total_loss: 1516.240966796875, q_loss 1514.8800048828125, v_loss 1.3609085083007812 ,lr 0.01
INFO:root:epoch 0, Episode 70, total_loss: 1481.1036376953125, q_loss 1478.939453125, v_loss 2.1641998291015625 ,lr 0.01
INFO:root:epoch 0, Episode 71, total_loss: 3124.545654296875, q_loss 3122.922607421875, v_loss 1.622976303100586 ,lr 0.01
INFO:root:epoch 0, Episode 72, total_loss: 2516.616455078125, q_loss 2514.6240234375, v_loss 1.9925117492675781 ,lr 0.01
INFO:root:epoch 0, Episode 73, total_loss: 2549.40185546875, q_loss 2547.902099609375, v_loss 1.4998111724853516 ,lr 0.01
INFO:root:epoch 0, Episode 74, total_loss: 1114.819580078125, q_loss 1113.7799072265625, v_loss 1.0396156311035156 ,lr 0.01
INFO:root:epoch 0, Episode 75, total_loss: 2664.8955078125, q_loss 2663.83984375, v_loss 1.0557727813720703 ,lr 0.01
INFO:root:epoch 0, Episode 76, total_loss: 2263.43408203125, q_loss 2262.21923828125, v_loss 1.2147350311279297 ,lr 0.01
INFO:root:epoch 0, Episode 77, total_loss: 3616.2451171875, q_loss 3614.51220703125, v_loss 1.73284912109375 ,lr 0.01
INFO:root:epoch 0, Episode 78, total_loss: 2544.6318359375, q_loss 2543.1181640625, v_loss 1.5135974884033203 ,lr 0.01
INFO:root:epoch 0, Episode 79, total_loss: 1610.0592041015625, q_loss 1608.9312744140625, v_loss 1.127908706665039 ,lr 0.01
INFO:root:epoch 0, Episode 80, total_loss: 2045.29248046875, q_loss 2044.006591796875, v_loss 1.2858390808105469 ,lr 0.01
INFO:root:epoch 0, Episode 81, total_loss: 1363.279052734375, q_loss 1361.6868896484375, v_loss 1.5922107696533203 ,lr 0.01
INFO:root:epoch 0, Episode 82, total_loss: 4460.451171875, q_loss 4459.5625, v_loss 0.8885269165039062 ,lr 0.01
INFO:root:epoch 0, Episode 83, total_loss: 944.2391967773438, q_loss 942.8548583984375, v_loss 1.3843460083007812 ,lr 0.01
INFO:root:epoch 0, Episode 84, total_loss: 1628.357421875, q_loss 1627.507080078125, v_loss 0.850398063659668 ,lr 0.01
INFO:root:epoch 0, Episode 85, total_loss: 2255.848876953125, q_loss 2254.622802734375, v_loss 1.2261085510253906 ,lr 0.01
INFO:root:epoch 0, Episode 86, total_loss: 6226.2802734375, q_loss 6217.03125, v_loss 9.24913215637207 ,lr 0.01
INFO:root:epoch 0, Episode 87, total_loss: 1381.19970703125, q_loss 1380.07177734375, v_loss 1.1279191970825195 ,lr 0.01
INFO:root:epoch 0, Episode 88, total_loss: 1062.680419921875, q_loss 1061.45703125, v_loss 1.223388671875 ,lr 0.01
INFO:root:epoch 0, Episode 89, total_loss: 2749.668212890625, q_loss 2748.433349609375, v_loss 1.2349605560302734 ,lr 0.01
INFO:root:epoch 0, Episode 90, total_loss: 1616.4814453125, q_loss 1615.033935546875, v_loss 1.4475021362304688 ,lr 0.01
INFO:root:epoch 0, Episode 91, total_loss: 3978.744384765625, q_loss 3977.88671875, v_loss 0.8577289581298828 ,lr 0.01
INFO:root:epoch 0, Episode 92, total_loss: 2376.838623046875, q_loss 2376.010009765625, v_loss 0.8285121917724609 ,lr 0.01
INFO:root:epoch 0, Episode 93, total_loss: 1985.06689453125, q_loss 1983.9249267578125, v_loss 1.1419610977172852 ,lr 0.01
INFO:root:epoch 0, Episode 94, total_loss: 1746.1856689453125, q_loss 1745.10791015625, v_loss 1.0777692794799805 ,lr 0.01
INFO:root:epoch 0, Episode 95, total_loss: 2360.321044921875, q_loss 2359.134033203125, v_loss 1.1870002746582031 ,lr 0.01
INFO:root:epoch 0, Episode 96, total_loss: 1956.8426513671875, q_loss 1955.853515625, v_loss 0.989109992980957 ,lr 0.01
INFO:root:epoch 0, Episode 97, total_loss: 3352.51953125, q_loss 3351.578857421875, v_loss 0.9407052993774414 ,lr 0.01
INFO:root:epoch 0, Episode 98, total_loss: 1782.2503662109375, q_loss 1781.2506103515625, v_loss 0.9997396469116211 ,lr 0.01
INFO:root:epoch 0, Episode 99, total_loss: 1741.9521484375, q_loss 1740.98828125, v_loss 0.9639167785644531 ,lr 0.01
INFO:root:epoch 0, Episode 100, total_loss: 3291.68994140625, q_loss 3290.671875, v_loss 1.0179634094238281 ,lr 0.01
INFO:root:val_loss 16.16048240661621
INFO:root:epoch 0, Episode 101, total_loss: 1524.1123046875, q_loss 1523.1175537109375, v_loss 0.9947376251220703 ,lr 0.01
INFO:root:epoch 0, Episode 102, total_loss: 1749.722412109375, q_loss 1748.7803955078125, v_loss 0.9420356750488281 ,lr 0.01
INFO:root:epoch 0, Episode 103, total_loss: 3237.9228515625, q_loss 3236.765380859375, v_loss 1.1575603485107422 ,lr 0.01
INFO:root:epoch 0, Episode 104, total_loss: 1407.0906982421875, q_loss 1406.2161865234375, v_loss 0.8744525909423828 ,lr 0.01
INFO:root:epoch 0, Episode 105, total_loss: 2150.64599609375, q_loss 2149.064453125, v_loss 1.5816469192504883 ,lr 0.01
INFO:root:epoch 0, Episode 106, total_loss: 2449.6875, q_loss 2448.399169921875, v_loss 1.2884292602539062 ,lr 0.01
INFO:root:epoch 0, Episode 107, total_loss: 1069.960205078125, q_loss 1068.6781005859375, v_loss 1.2820720672607422 ,lr 0.01
INFO:root:epoch 0, Episode 108, total_loss: 2028.3570556640625, q_loss 2026.97314453125, v_loss 1.3839664459228516 ,lr 0.01
INFO:root:epoch 0, Episode 109, total_loss: 2114.65380859375, q_loss 2113.3798828125, v_loss 1.273808479309082 ,lr 0.01
INFO:root:epoch 0, Episode 110, total_loss: 2114.03369140625, q_loss 2113.057373046875, v_loss 0.9762697219848633 ,lr 0.01
INFO:root:epoch 0, Episode 111, total_loss: 1152.186767578125, q_loss 1151.2635498046875, v_loss 0.923187255859375 ,lr 0.01
INFO:root:epoch 0, Episode 112, total_loss: 1507.70361328125, q_loss 1506.8895263671875, v_loss 0.8141422271728516 ,lr 0.01
INFO:root:epoch 0, Episode 113, total_loss: 1438.661865234375, q_loss 1437.731201171875, v_loss 0.9307069778442383 ,lr 0.01
INFO:root:epoch 0, Episode 114, total_loss: 2220.44921875, q_loss 2219.3203125, v_loss 1.1288528442382812 ,lr 0.01
INFO:root:epoch 0, Episode 115, total_loss: 2542.20751953125, q_loss 2538.791748046875, v_loss 3.415689468383789 ,lr 0.01
INFO:root:epoch 0, Episode 116, total_loss: 4759.78857421875, q_loss 4755.71435546875, v_loss 4.0742082595825195 ,lr 0.01
INFO:root:epoch 0, Episode 117, total_loss: 1512.1741943359375, q_loss 1511.19091796875, v_loss 0.9833078384399414 ,lr 0.01
INFO:root:epoch 0, Episode 118, total_loss: 2238.52392578125, q_loss 2237.42822265625, v_loss 1.0956220626831055 ,lr 0.01
INFO:root:epoch 0, Episode 119, total_loss: 1402.8448486328125, q_loss 1401.8172607421875, v_loss 1.0276365280151367 ,lr 0.01
INFO:root:epoch 0, Episode 120, total_loss: 1844.2537841796875, q_loss 1843.190673828125, v_loss 1.0630569458007812 ,lr 0.01
INFO:root:epoch 0, Episode 121, total_loss: 3074.284912109375, q_loss 3073.1962890625, v_loss 1.0886096954345703 ,lr 0.01
INFO:root:epoch 0, Episode 122, total_loss: 2462.025634765625, q_loss 2460.917724609375, v_loss 1.1079416275024414 ,lr 0.01
INFO:root:epoch 0, Episode 123, total_loss: 4198.3447265625, q_loss 4196.52001953125, v_loss 1.8247919082641602 ,lr 0.01
INFO:root:epoch 0, Episode 124, total_loss: 1840.6240234375, q_loss 1839.68115234375, v_loss 0.9428272247314453 ,lr 0.01
INFO:root:epoch 0, Episode 125, total_loss: 2137.35888671875, q_loss 2136.34228515625, v_loss 1.0166263580322266 ,lr 0.01
INFO:root:epoch 0, Episode 126, total_loss: 1220.5406494140625, q_loss 1219.8778076171875, v_loss 0.6628246307373047 ,lr 0.01
INFO:root:epoch 0, Episode 127, total_loss: 2127.966796875, q_loss 2126.765380859375, v_loss 1.201521873474121 ,lr 0.01
INFO:root:epoch 0, Episode 128, total_loss: 2303.637939453125, q_loss 2302.1123046875, v_loss 1.5257129669189453 ,lr 0.01
INFO:root:epoch 0, Episode 129, total_loss: 2383.3583984375, q_loss 2381.979248046875, v_loss 1.3790311813354492 ,lr 0.01
INFO:root:epoch 0, Episode 130, total_loss: 3576.975830078125, q_loss 3575.676513671875, v_loss 1.2994346618652344 ,lr 0.01
INFO:root:epoch 0, Episode 131, total_loss: 1343.728759765625, q_loss 1342.91943359375, v_loss 0.8092918395996094 ,lr 0.01
INFO:root:epoch 0, Episode 132, total_loss: 1903.7030029296875, q_loss 1902.94189453125, v_loss 0.7610759735107422 ,lr 0.01
INFO:root:epoch 0, Episode 133, total_loss: 3553.857666015625, q_loss 3552.42236328125, v_loss 1.4352054595947266 ,lr 0.01
INFO:root:epoch 0, Episode 134, total_loss: 3326.22998046875, q_loss 3324.194580078125, v_loss 2.035421371459961 ,lr 0.01
INFO:root:epoch 0, Episode 135, total_loss: 1128.186279296875, q_loss 1125.8377685546875, v_loss 2.3485279083251953 ,lr 0.01
INFO:root:epoch 0, Episode 136, total_loss: 1626.60107421875, q_loss 1625.6923828125, v_loss 0.9087085723876953 ,lr 0.01
INFO:root:epoch 0, Episode 137, total_loss: 2676.122802734375, q_loss 2674.531005859375, v_loss 1.5917425155639648 ,lr 0.01
INFO:root:epoch 0, Episode 138, total_loss: 2958.568359375, q_loss 2948.165283203125, v_loss 10.403026580810547 ,lr 0.01
INFO:root:epoch 0, Episode 139, total_loss: 1899.81396484375, q_loss 1898.7469482421875, v_loss 1.0670204162597656 ,lr 0.01
INFO:root:epoch 0, Episode 140, total_loss: 2020.9298095703125, q_loss 2020.0245361328125, v_loss 0.9052906036376953 ,lr 0.01
INFO:root:epoch 0, Episode 141, total_loss: 3782.248046875, q_loss 3775.70068359375, v_loss 6.5473504066467285 ,lr 0.01
INFO:root:epoch 0, Episode 142, total_loss: 1981.0880126953125, q_loss 1979.2052001953125, v_loss 1.882791519165039 ,lr 0.01
INFO:root:epoch 0, Episode 143, total_loss: 4410.806640625, q_loss 4409.390625, v_loss 1.4162225723266602 ,lr 0.01
INFO:root:epoch 0, Episode 144, total_loss: 1692.9688720703125, q_loss 1691.7222900390625, v_loss 1.2465600967407227 ,lr 0.01
INFO:root:epoch 0, Episode 145, total_loss: 1974.3916015625, q_loss 1973.5750732421875, v_loss 0.8165159225463867 ,lr 0.01
INFO:root:epoch 0, Episode 146, total_loss: 2188.534912109375, q_loss 2187.341796875, v_loss 1.193192481994629 ,lr 0.01
INFO:root:epoch 0, Episode 147, total_loss: 1424.9893798828125, q_loss 1423.8463134765625, v_loss 1.1430673599243164 ,lr 0.01
INFO:root:epoch 0, Episode 148, total_loss: 1572.27001953125, q_loss 1571.0179443359375, v_loss 1.2520294189453125 ,lr 0.01
INFO:root:epoch 0, Episode 149, total_loss: 2246.121826171875, q_loss 2244.259033203125, v_loss 1.8626737594604492 ,lr 0.01
INFO:root:epoch 0, Episode 150, total_loss: 2213.5322265625, q_loss 2211.766845703125, v_loss 1.7654905319213867 ,lr 0.01
INFO:root:val_loss 71.4585952758789
INFO:root:epoch 0, Episode 151, total_loss: 1873.546875, q_loss 1872.0919189453125, v_loss 1.454935073852539 ,lr 0.01
INFO:root:epoch 0, Episode 152, total_loss: 2681.7275390625, q_loss 2680.184814453125, v_loss 1.5426530838012695 ,lr 0.01
INFO:root:epoch 0, Episode 153, total_loss: 4113.56494140625, q_loss 4111.98681640625, v_loss 1.5782833099365234 ,lr 0.01
INFO:root:epoch 0, Episode 154, total_loss: 1116.112060546875, q_loss 1115.160888671875, v_loss 0.9511947631835938 ,lr 0.01
INFO:root:epoch 0, Episode 155, total_loss: 1733.7359619140625, q_loss 1732.16259765625, v_loss 1.5733671188354492 ,lr 0.01
INFO:root:epoch 0, Episode 156, total_loss: 2347.513671875, q_loss 2345.795166015625, v_loss 1.718508243560791 ,lr 0.01
INFO:root:epoch 0, Episode 157, total_loss: 1709.480224609375, q_loss 1707.8084716796875, v_loss 1.6717734336853027 ,lr 0.01
INFO:root:epoch 0, Episode 158, total_loss: 4026.256103515625, q_loss 4025.523193359375, v_loss 0.7328977584838867 ,lr 0.01
INFO:root:epoch 0, Episode 159, total_loss: 2042.8206787109375, q_loss 2041.6546630859375, v_loss 1.1660475730895996 ,lr 0.01
INFO:root:epoch 0, Episode 160, total_loss: 2154.12158203125, q_loss 2153.08056640625, v_loss 1.0409889221191406 ,lr 0.01
INFO:root:epoch 0, Episode 161, total_loss: 2776.427734375, q_loss 2775.4453125, v_loss 0.9823722839355469 ,lr 0.01
INFO:root:epoch 0, Episode 162, total_loss: 2219.973388671875, q_loss 2218.936767578125, v_loss 1.0367374420166016 ,lr 0.01
INFO:root:epoch 0, Episode 163, total_loss: 1758.2686767578125, q_loss 1757.1761474609375, v_loss 1.092536449432373 ,lr 0.01
INFO:root:epoch 0, Episode 164, total_loss: 1361.6085205078125, q_loss 1361.0589599609375, v_loss 0.5495562553405762 ,lr 0.01
INFO:root:epoch 0, Episode 165, total_loss: 4070.90380859375, q_loss 4069.44970703125, v_loss 1.4541349411010742 ,lr 0.01
INFO:root:epoch 0, Episode 166, total_loss: 2415.44287109375, q_loss 2413.873046875, v_loss 1.5697402954101562 ,lr 0.01
INFO:root:epoch 0, Episode 167, total_loss: 3212.164306640625, q_loss 3211.164306640625, v_loss 0.9999942779541016 ,lr 0.01
INFO:root:epoch 0, Episode 168, total_loss: 1733.276123046875, q_loss 1732.271728515625, v_loss 1.0044469833374023 ,lr 0.01
INFO:root:epoch 0, Episode 169, total_loss: 2007.5103759765625, q_loss 2006.402099609375, v_loss 1.108321189880371 ,lr 0.01
INFO:root:epoch 0, Episode 170, total_loss: 801.6737670898438, q_loss 800.5140380859375, v_loss 1.159724235534668 ,lr 0.01
INFO:root:epoch 0, Episode 171, total_loss: 1913.317138671875, q_loss 1912.0894775390625, v_loss 1.2276906967163086 ,lr 0.01
INFO:root:epoch 0, Episode 172, total_loss: 5107.20751953125, q_loss 5106.0224609375, v_loss 1.1851615905761719 ,lr 0.01
INFO:root:epoch 0, Episode 173, total_loss: 1753.1793212890625, q_loss 1752.101318359375, v_loss 1.077944278717041 ,lr 0.01
INFO:root:epoch 0, Episode 174, total_loss: 1870.63916015625, q_loss 1867.206787109375, v_loss 3.4323630332946777 ,lr 0.01
INFO:root:epoch 0, Episode 175, total_loss: 4709.9658203125, q_loss 4705.287109375, v_loss 4.678563594818115 ,lr 0.01
INFO:root:epoch 0, Episode 176, total_loss: 2511.646484375, q_loss 2510.35400390625, v_loss 1.2923583984375 ,lr 0.01
INFO:root:epoch 0, Episode 177, total_loss: 2790.62744140625, q_loss 2787.9140625, v_loss 2.7132670879364014 ,lr 0.01
INFO:root:epoch 0, Episode 178, total_loss: 1486.793701171875, q_loss 1485.2327880859375, v_loss 1.5608625411987305 ,lr 0.01
INFO:root:epoch 0, Episode 179, total_loss: 2437.392578125, q_loss 2436.12158203125, v_loss 1.2710261344909668 ,lr 0.01
INFO:root:epoch 0, Episode 180, total_loss: 1503.69873046875, q_loss 1502.434814453125, v_loss 1.2638750076293945 ,lr 0.01
INFO:root:epoch 0, Episode 181, total_loss: 1845.319091796875, q_loss 1844.2703857421875, v_loss 1.0487160682678223 ,lr 0.01
INFO:root:epoch 0, Episode 182, total_loss: 1983.6793212890625, q_loss 1982.7161865234375, v_loss 0.9631237983703613 ,lr 0.01
INFO:root:epoch 0, Episode 183, total_loss: 2029.404052734375, q_loss 2027.938720703125, v_loss 1.4653120040893555 ,lr 0.01
INFO:root:epoch 0, Episode 184, total_loss: 2328.96484375, q_loss 2328.248779296875, v_loss 0.7161483764648438 ,lr 0.01
INFO:root:epoch 0, Episode 185, total_loss: 2857.488037109375, q_loss 2856.51904296875, v_loss 0.9691014289855957 ,lr 0.01
INFO:root:epoch 0, Episode 186, total_loss: 2687.220703125, q_loss 2683.9521484375, v_loss 3.268566131591797 ,lr 0.01
INFO:root:epoch 0, Episode 187, total_loss: 1811.3614501953125, q_loss 1810.470458984375, v_loss 0.8910245895385742 ,lr 0.01
INFO:root:epoch 0, Episode 188, total_loss: 3024.40380859375, q_loss 3023.202392578125, v_loss 1.2013530731201172 ,lr 0.01
INFO:root:epoch 0, Episode 189, total_loss: 3403.2109375, q_loss 3402.275146484375, v_loss 0.9358696937561035 ,lr 0.01
INFO:root:epoch 0, Episode 190, total_loss: 1888.9283447265625, q_loss 1887.65771484375, v_loss 1.2706832885742188 ,lr 0.01
INFO:root:epoch 0, Episode 191, total_loss: 3101.361083984375, q_loss 3100.11328125, v_loss 1.2477498054504395 ,lr 0.01
INFO:root:epoch 0, Episode 192, total_loss: 1786.4132080078125, q_loss 1785.0556640625, v_loss 1.3575868606567383 ,lr 0.01
INFO:root:epoch 0, Episode 193, total_loss: 1116.5142822265625, q_loss 1115.3282470703125, v_loss 1.185990333557129 ,lr 0.01
INFO:root:epoch 0, Episode 194, total_loss: 1711.9190673828125, q_loss 1710.8250732421875, v_loss 1.094034194946289 ,lr 0.01
INFO:root:epoch 0, Episode 195, total_loss: 2023.960205078125, q_loss 2022.9063720703125, v_loss 1.0538129806518555 ,lr 0.01
INFO:root:epoch 0, Episode 196, total_loss: 2591.818115234375, q_loss 2590.31005859375, v_loss 1.5079894065856934 ,lr 0.01
INFO:root:epoch 0, Episode 197, total_loss: 1613.470458984375, q_loss 1612.4859619140625, v_loss 0.9845466613769531 ,lr 0.01
INFO:root:epoch 0, Episode 198, total_loss: 5183.0576171875, q_loss 5181.29833984375, v_loss 1.7593085765838623 ,lr 0.01
INFO:root:epoch 0, Episode 199, total_loss: 1910.9451904296875, q_loss 1910.119140625, v_loss 0.8260025978088379 ,lr 0.01
INFO:root:epoch 0, Episode 200, total_loss: 1766.7861328125, q_loss 1765.7012939453125, v_loss 1.084895133972168 ,lr 0.01
INFO:root:val_loss 1160.504150390625
INFO:root:epoch 0, Episode 201, total_loss: 2796.0517578125, q_loss 2794.646728515625, v_loss 1.4050142765045166 ,lr 0.01
INFO:root:epoch 0, Episode 202, total_loss: 2143.6513671875, q_loss 2142.4228515625, v_loss 1.228605031967163 ,lr 0.01
INFO:root:epoch 0, Episode 203, total_loss: 2184.892333984375, q_loss 2183.9091796875, v_loss 0.9831876754760742 ,lr 0.01
INFO:root:epoch 0, Episode 204, total_loss: 2214.42333984375, q_loss 2213.50537109375, v_loss 0.9180514812469482 ,lr 0.01
INFO:root:epoch 0, Episode 205, total_loss: 1236.0484619140625, q_loss 1235.0718994140625, v_loss 0.9765400886535645 ,lr 0.01
INFO:root:epoch 0, Episode 206, total_loss: 1013.989013671875, q_loss 1013.0282592773438, v_loss 0.960780143737793 ,lr 0.01
INFO:root:epoch 0, Episode 207, total_loss: 1685.049560546875, q_loss 1684.1824951171875, v_loss 0.8670821189880371 ,lr 0.01
INFO:root:epoch 0, Episode 208, total_loss: 1641.052490234375, q_loss 1640.1312255859375, v_loss 0.92124342918396 ,lr 0.01
INFO:root:epoch 0, Episode 209, total_loss: 1651.388671875, q_loss 1650.3751220703125, v_loss 1.0136046409606934 ,lr 0.01
INFO:root:epoch 0, Episode 210, total_loss: 4298.90576171875, q_loss 4297.6630859375, v_loss 1.2425220012664795 ,lr 0.01
INFO:root:epoch 0, Episode 211, total_loss: 1284.0709228515625, q_loss 1283.0250244140625, v_loss 1.045912504196167 ,lr 0.01
INFO:root:epoch 0, Episode 212, total_loss: 2743.982177734375, q_loss 2742.891357421875, v_loss 1.0909066200256348 ,lr 0.01
INFO:root:epoch 0, Episode 213, total_loss: 1820.1348876953125, q_loss 1818.98681640625, v_loss 1.1480138301849365 ,lr 0.01
INFO:root:epoch 0, Episode 214, total_loss: 2796.02001953125, q_loss 2794.8291015625, v_loss 1.1909844875335693 ,lr 0.01
INFO:root:epoch 0, Episode 215, total_loss: 2782.7412109375, q_loss 2781.73046875, v_loss 1.0107951164245605 ,lr 0.01
INFO:root:epoch 0, Episode 216, total_loss: 1887.7042236328125, q_loss 1886.667236328125, v_loss 1.0370428562164307 ,lr 0.01
INFO:root:epoch 0, Episode 217, total_loss: 1823.9932861328125, q_loss 1823.0494384765625, v_loss 0.9438779354095459 ,lr 0.01
INFO:root:epoch 0, Episode 218, total_loss: 2268.071044921875, q_loss 2267.185546875, v_loss 0.8854923248291016 ,lr 0.01
INFO:root:epoch 0, Episode 219, total_loss: 2967.685546875, q_loss 2966.704345703125, v_loss 0.9812381267547607 ,lr 0.01
INFO:root:epoch 0, Episode 220, total_loss: 1722.71630859375, q_loss 1721.7265625, v_loss 0.9898068904876709 ,lr 0.01
INFO:root:epoch 0, Episode 221, total_loss: 2293.519287109375, q_loss 2292.697265625, v_loss 0.82206130027771 ,lr 0.01
INFO:root:epoch 0, Episode 222, total_loss: 1715.352294921875, q_loss 1714.3485107421875, v_loss 1.0037572383880615 ,lr 0.01
INFO:root:epoch 0, Episode 223, total_loss: 2665.39111328125, q_loss 2664.408447265625, v_loss 0.9827718734741211 ,lr 0.01
INFO:root:epoch 0, Episode 224, total_loss: 5017.08740234375, q_loss 5016.17919921875, v_loss 0.9082307815551758 ,lr 0.01
INFO:root:epoch 0, Episode 225, total_loss: 1360.1209716796875, q_loss 1358.6204833984375, v_loss 1.5004315376281738 ,lr 0.01
INFO:root:epoch 0, Episode 226, total_loss: 1548.477294921875, q_loss 1547.2685546875, v_loss 1.2086853981018066 ,lr 0.01
INFO:root:epoch 0, Episode 227, total_loss: 1834.0045166015625, q_loss 1832.895751953125, v_loss 1.108778953552246 ,lr 0.01
INFO:root:epoch 0, Episode 228, total_loss: 1916.7779541015625, q_loss 1914.996337890625, v_loss 1.781630516052246 ,lr 0.01
INFO:root:epoch 0, Episode 229, total_loss: 2143.626220703125, q_loss 2142.631103515625, v_loss 0.995119571685791 ,lr 0.01
INFO:root:epoch 0, Episode 230, total_loss: 3129.2939453125, q_loss 3128.1826171875, v_loss 1.1113216876983643 ,lr 0.01
INFO:root:epoch 0, Episode 231, total_loss: 2472.7216796875, q_loss 2471.7041015625, v_loss 1.0175721645355225 ,lr 0.01
INFO:root:epoch 0, Episode 232, total_loss: 2530.350830078125, q_loss 2529.486572265625, v_loss 0.8643569946289062 ,lr 0.01
INFO:root:epoch 0, Episode 233, total_loss: 4182.15576171875, q_loss 4181.01220703125, v_loss 1.1433968544006348 ,lr 0.01
INFO:root:epoch 0, Episode 234, total_loss: 1839.061279296875, q_loss 1838.1591796875, v_loss 0.9021289348602295 ,lr 0.01
INFO:root:epoch 0, Episode 235, total_loss: 5085.49853515625, q_loss 5084.3525390625, v_loss 1.1459462642669678 ,lr 0.01
INFO:root:epoch 0, Episode 236, total_loss: 3322.09326171875, q_loss 3321.03076171875, v_loss 1.062483787536621 ,lr 0.01
INFO:root:epoch 0, Episode 237, total_loss: 1774.873291015625, q_loss 1773.787109375, v_loss 1.0861492156982422 ,lr 0.01
INFO:root:epoch 0, Episode 238, total_loss: 2120.536376953125, q_loss 2119.428955078125, v_loss 1.1075201034545898 ,lr 0.01
INFO:root:epoch 0, Episode 239, total_loss: 1481.4451904296875, q_loss 1480.2861328125, v_loss 1.1590585708618164 ,lr 0.01
INFO:root:epoch 0, Episode 240, total_loss: 1736.9921875, q_loss 1735.88134765625, v_loss 1.1108019351959229 ,lr 0.01
INFO:root:epoch 0, Episode 241, total_loss: 3368.285888671875, q_loss 3366.861083984375, v_loss 1.4248470067977905 ,lr 0.01
INFO:root:epoch 0, Episode 242, total_loss: 1936.98876953125, q_loss 1935.9085693359375, v_loss 1.0801546573638916 ,lr 0.01
INFO:root:epoch 0, Episode 243, total_loss: 1961.7984619140625, q_loss 1960.7215576171875, v_loss 1.0768697261810303 ,lr 0.01
INFO:root:epoch 0, Episode 244, total_loss: 1608.4296875, q_loss 1607.2432861328125, v_loss 1.1864241361618042 ,lr 0.01
INFO:root:epoch 0, Episode 245, total_loss: 1434.7005615234375, q_loss 1433.712646484375, v_loss 0.9879213571548462 ,lr 0.01
INFO:root:epoch 0, Episode 246, total_loss: 2979.47998046875, q_loss 2978.4306640625, v_loss 1.0492825508117676 ,lr 0.01
INFO:root:epoch 0, Episode 247, total_loss: 4019.30126953125, q_loss 4018.221923828125, v_loss 1.079391598701477 ,lr 0.01
INFO:root:epoch 0, Episode 248, total_loss: 3858.078125, q_loss 3856.997802734375, v_loss 1.0803894996643066 ,lr 0.01
INFO:root:epoch 0, Episode 249, total_loss: 1431.835205078125, q_loss 1430.8291015625, v_loss 1.0061537027359009 ,lr 0.01
INFO:root:epoch 0, Episode 250, total_loss: 1888.4306640625, q_loss 1887.4403076171875, v_loss 0.9904121160507202 ,lr 0.01
INFO:root:val_loss 71.45913696289062
INFO:root:epoch 0, Episode 251, total_loss: 1838.46875, q_loss 1837.3863525390625, v_loss 1.082375168800354 ,lr 0.01
INFO:root:epoch 0, Episode 252, total_loss: 1743.11767578125, q_loss 1742.0130615234375, v_loss 1.1045973300933838 ,lr 0.01
INFO:root:epoch 0, Episode 253, total_loss: 1503.244384765625, q_loss 1502.1358642578125, v_loss 1.1084595918655396 ,lr 0.01
INFO:root:epoch 0, Episode 254, total_loss: 1363.697998046875, q_loss 1362.65771484375, v_loss 1.0403025150299072 ,lr 0.01
INFO:root:epoch 0, Episode 255, total_loss: 1848.586181640625, q_loss 1847.4876708984375, v_loss 1.0985604524612427 ,lr 0.01
INFO:root:epoch 0, Episode 256, total_loss: 2956.194580078125, q_loss 2955.193359375, v_loss 1.001229166984558 ,lr 0.01
INFO:root:epoch 0, Episode 257, total_loss: 1466.0458984375, q_loss 1464.96875, v_loss 1.0771219730377197 ,lr 0.01
INFO:root:epoch 0, Episode 258, total_loss: 2470.9580078125, q_loss 2469.9189453125, v_loss 1.0390335321426392 ,lr 0.01
INFO:root:epoch 0, Episode 259, total_loss: 2080.563232421875, q_loss 2079.5283203125, v_loss 1.0349643230438232 ,lr 0.01
INFO:root:epoch 0, Episode 260, total_loss: 5306.32275390625, q_loss 5305.25, v_loss 1.0727758407592773 ,lr 0.01
INFO:root:epoch 0, Episode 261, total_loss: 2054.976806640625, q_loss 2053.92529296875, v_loss 1.051542043685913 ,lr 0.01
INFO:root:epoch 0, Episode 262, total_loss: 2816.29248046875, q_loss 2812.365234375, v_loss 3.927244186401367 ,lr 0.01
INFO:root:epoch 0, Episode 263, total_loss: 2960.392822265625, q_loss 2959.314697265625, v_loss 1.0781065225601196 ,lr 0.01
INFO:root:epoch 0, Episode 264, total_loss: 2214.307861328125, q_loss 2213.323486328125, v_loss 0.9843751192092896 ,lr 0.01
INFO:root:epoch 0, Episode 265, total_loss: 1234.6478271484375, q_loss 1233.7374267578125, v_loss 0.9104104042053223 ,lr 0.01
INFO:root:epoch 0, Episode 266, total_loss: 2191.71484375, q_loss 2190.7060546875, v_loss 1.0087237358093262 ,lr 0.01
INFO:root:epoch 0, Episode 267, total_loss: 1949.3048095703125, q_loss 1948.24755859375, v_loss 1.0572049617767334 ,lr 0.01
INFO:root:epoch 0, Episode 268, total_loss: 2471.317138671875, q_loss 2470.21484375, v_loss 1.1022858619689941 ,lr 0.01
INFO:root:epoch 0, Episode 269, total_loss: 1907.8690185546875, q_loss 1906.8238525390625, v_loss 1.0452234745025635 ,lr 0.01
INFO:root:epoch 0, Episode 270, total_loss: 1727.886962890625, q_loss 1726.7958984375, v_loss 1.09109628200531 ,lr 0.01
INFO:root:epoch 0, Episode 271, total_loss: 3297.97412109375, q_loss 3296.859619140625, v_loss 1.114576816558838 ,lr 0.01
INFO:root:epoch 0, Episode 272, total_loss: 2981.20703125, q_loss 2980.12060546875, v_loss 1.0863643884658813 ,lr 0.01
INFO:root:epoch 0, Episode 273, total_loss: 5283.88623046875, q_loss 5275.1259765625, v_loss 8.760187149047852 ,lr 0.01
INFO:root:epoch 0, Episode 274, total_loss: 1919.98828125, q_loss 1918.94921875, v_loss 1.0390291213989258 ,lr 0.01
INFO:root:epoch 0, Episode 275, total_loss: 2451.708740234375, q_loss 2450.68603515625, v_loss 1.0226547718048096 ,lr 0.01
INFO:root:epoch 0, Episode 276, total_loss: 2259.8916015625, q_loss 2258.8662109375, v_loss 1.0254197120666504 ,lr 0.01
INFO:root:epoch 0, Episode 277, total_loss: 1981.09765625, q_loss 1980.0511474609375, v_loss 1.0465630292892456 ,lr 0.01
INFO:root:epoch 0, Episode 278, total_loss: 2279.066162109375, q_loss 2277.94091796875, v_loss 1.1251851320266724 ,lr 0.01
INFO:root:epoch 0, Episode 279, total_loss: 2461.162353515625, q_loss 2460.10400390625, v_loss 1.0583633184432983 ,lr 0.01
INFO:root:epoch 0, Episode 280, total_loss: 1939.8822021484375, q_loss 1938.41748046875, v_loss 1.464712381362915 ,lr 0.01
INFO:root:epoch 0, Episode 281, total_loss: 2127.965576171875, q_loss 2126.9326171875, v_loss 1.0330777168273926 ,lr 0.01
INFO:root:epoch 0, Episode 282, total_loss: 1990.801025390625, q_loss 1989.753173828125, v_loss 1.0478812456130981 ,lr 0.01
INFO:root:epoch 0, Episode 283, total_loss: 1014.2651977539062, q_loss 1013.233642578125, v_loss 1.0315446853637695 ,lr 0.01
INFO:root:epoch 0, Episode 284, total_loss: 1609.8145751953125, q_loss 1607.6256103515625, v_loss 2.1889235973358154 ,lr 0.01
INFO:root:epoch 0, Episode 285, total_loss: 3511.2568359375, q_loss 3510.196533203125, v_loss 1.0602778196334839 ,lr 0.01
INFO:root:epoch 0, Episode 286, total_loss: 2235.425048828125, q_loss 2234.11962890625, v_loss 1.30545973777771 ,lr 0.01
INFO:root:epoch 0, Episode 287, total_loss: 1423.5611572265625, q_loss 1422.609130859375, v_loss 0.9520832300186157 ,lr 0.01
INFO:root:epoch 0, Episode 288, total_loss: 1719.1455078125, q_loss 1718.1240234375, v_loss 1.021459937095642 ,lr 0.01
INFO:root:epoch 0, Episode 289, total_loss: 1463.4490966796875, q_loss 1461.656494140625, v_loss 1.7926234006881714 ,lr 0.01
INFO:root:epoch 0, Episode 290, total_loss: 1741.7276611328125, q_loss 1740.75341796875, v_loss 0.9742517471313477 ,lr 0.01
INFO:root:epoch 0, Episode 291, total_loss: 2099.99658203125, q_loss 2099.06103515625, v_loss 0.9355967044830322 ,lr 0.01
INFO:root:epoch 0, Episode 292, total_loss: 2225.38818359375, q_loss 2224.412353515625, v_loss 0.9757410287857056 ,lr 0.01
INFO:root:epoch 0, Episode 293, total_loss: 4952.4013671875, q_loss 4951.396484375, v_loss 1.0050442218780518 ,lr 0.01
INFO:root:epoch 0, Episode 294, total_loss: 1644.970458984375, q_loss 1643.9222412109375, v_loss 1.048156976699829 ,lr 0.01
INFO:root:epoch 0, Episode 295, total_loss: 2777.32958984375, q_loss 2776.246826171875, v_loss 1.082829475402832 ,lr 0.01
INFO:root:epoch 0, Episode 296, total_loss: 2106.609619140625, q_loss 2105.46875, v_loss 1.1407647132873535 ,lr 0.01
INFO:root:epoch 0, Episode 297, total_loss: 1935.2060546875, q_loss 1934.064697265625, v_loss 1.1413555145263672 ,lr 0.01
INFO:root:epoch 0, Episode 298, total_loss: 2069.961181640625, q_loss 2068.87158203125, v_loss 1.089615821838379 ,lr 0.01
INFO:root:epoch 0, Episode 299, total_loss: 1926.724609375, q_loss 1925.6866455078125, v_loss 1.0379565954208374 ,lr 0.01
INFO:root:epoch 0, Episode 300, total_loss: 1578.51513671875, q_loss 1577.4912109375, v_loss 1.0239168405532837 ,lr 0.01
INFO:root:val_loss 82.36405944824219
INFO:root:epoch 0, Episode 301, total_loss: 2814.819091796875, q_loss 2813.812255859375, v_loss 1.006762981414795 ,lr 0.01
INFO:root:epoch 0, Episode 302, total_loss: 1731.7301025390625, q_loss 1730.6939697265625, v_loss 1.0361186265945435 ,lr 0.01
INFO:root:epoch 0, Episode 303, total_loss: 1460.274658203125, q_loss 1459.3017578125, v_loss 0.9729375839233398 ,lr 0.01
INFO:root:epoch 0, Episode 304, total_loss: 1649.1131591796875, q_loss 1648.1241455078125, v_loss 0.9890105724334717 ,lr 0.01
INFO:root:epoch 0, Episode 305, total_loss: 2477.874755859375, q_loss 2476.838134765625, v_loss 1.0365235805511475 ,lr 0.01
INFO:root:epoch 0, Episode 306, total_loss: 2326.63671875, q_loss 2325.57275390625, v_loss 1.0638560056686401 ,lr 0.01
INFO:root:epoch 0, Episode 307, total_loss: 1258.7789306640625, q_loss 1257.78466796875, v_loss 0.9942222833633423 ,lr 0.01
INFO:root:epoch 0, Episode 308, total_loss: 1716.6995849609375, q_loss 1715.750244140625, v_loss 0.9493628740310669 ,lr 0.01
INFO:root:epoch 0, Episode 309, total_loss: 2295.00390625, q_loss 2293.055908203125, v_loss 1.9478988647460938 ,lr 0.01
INFO:root:epoch 0, Episode 310, total_loss: 2488.580322265625, q_loss 2487.559814453125, v_loss 1.0203932523727417 ,lr 0.01
INFO:root:epoch 0, Episode 311, total_loss: 1668.16455078125, q_loss 1667.1575927734375, v_loss 1.0069518089294434 ,lr 0.01
INFO:root:epoch 0, Episode 312, total_loss: 2461.995361328125, q_loss 2460.98876953125, v_loss 1.0066120624542236 ,lr 0.01
INFO:root:epoch 0, Episode 313, total_loss: 2729.55126953125, q_loss 2728.121826171875, v_loss 1.4294127225875854 ,lr 0.01
INFO:root:epoch 0, Episode 314, total_loss: 1598.64501953125, q_loss 1597.6845703125, v_loss 0.9604346752166748 ,lr 0.01
INFO:root:epoch 0, Episode 315, total_loss: 1382.2562255859375, q_loss 1381.24365234375, v_loss 1.0125383138656616 ,lr 0.01
INFO:root:epoch 0, Episode 316, total_loss: 2284.205078125, q_loss 2283.12158203125, v_loss 1.0834333896636963 ,lr 0.01
INFO:root:epoch 0, Episode 317, total_loss: 1755.37548828125, q_loss 1754.3809814453125, v_loss 0.9944484233856201 ,lr 0.01
INFO:root:epoch 0, Episode 318, total_loss: 1484.4110107421875, q_loss 1483.37890625, v_loss 1.0321309566497803 ,lr 0.01
INFO:root:epoch 0, Episode 319, total_loss: 2087.90771484375, q_loss 2086.781494140625, v_loss 1.1263415813446045 ,lr 0.01
INFO:root:epoch 0, Episode 320, total_loss: 1939.61767578125, q_loss 1938.6007080078125, v_loss 1.0169932842254639 ,lr 0.01
INFO:root:epoch 0, Episode 321, total_loss: 4994.044921875, q_loss 4993.0234375, v_loss 1.0212541818618774 ,lr 0.01
INFO:root:epoch 0, Episode 322, total_loss: 2975.279052734375, q_loss 2974.316162109375, v_loss 0.9628481864929199 ,lr 0.01
INFO:root:epoch 0, Episode 323, total_loss: 2692.539794921875, q_loss 2691.462158203125, v_loss 1.077531337738037 ,lr 0.01
INFO:root:epoch 0, Episode 324, total_loss: 1910.738037109375, q_loss 1909.650146484375, v_loss 1.08791184425354 ,lr 0.01
INFO:root:epoch 0, Episode 325, total_loss: 2040.169921875, q_loss 2039.1280517578125, v_loss 1.0418493747711182 ,lr 0.01
INFO:root:epoch 0, Episode 326, total_loss: 2693.07666015625, q_loss 2692.030517578125, v_loss 1.0461761951446533 ,lr 0.01
INFO:root:epoch 0, Episode 327, total_loss: 2830.329345703125, q_loss 2829.297607421875, v_loss 1.0316720008850098 ,lr 0.01
INFO:root:epoch 0, Episode 328, total_loss: 2071.82568359375, q_loss 2070.830078125, v_loss 0.9956322312355042 ,lr 0.01
INFO:root:epoch 0, Episode 329, total_loss: 2577.329345703125, q_loss 2576.245849609375, v_loss 1.083380103111267 ,lr 0.01
INFO:root:epoch 0, Episode 330, total_loss: 4408.93896484375, q_loss 4407.80224609375, v_loss 1.136896014213562 ,lr 0.01
INFO:root:epoch 0, Episode 331, total_loss: 1604.63525390625, q_loss 1603.5872802734375, v_loss 1.0479809045791626 ,lr 0.01
INFO:root:epoch 0, Episode 332, total_loss: 1969.5458984375, q_loss 1968.46826171875, v_loss 1.0776772499084473 ,lr 0.01
INFO:root:epoch 0, Episode 333, total_loss: 2071.21923828125, q_loss 2070.096923828125, v_loss 1.122391939163208 ,lr 0.01
INFO:root:epoch 0, Episode 334, total_loss: 1646.6732177734375, q_loss 1645.53759765625, v_loss 1.1356618404388428 ,lr 0.01
INFO:root:epoch 0, Episode 335, total_loss: 1625.1881103515625, q_loss 1624.12841796875, v_loss 1.0596731901168823 ,lr 0.01
INFO:root:epoch 0, Episode 336, total_loss: 1613.6485595703125, q_loss 1612.5238037109375, v_loss 1.1247941255569458 ,lr 0.01
INFO:root:epoch 0, Episode 337, total_loss: 1217.4871826171875, q_loss 1216.4154052734375, v_loss 1.0718050003051758 ,lr 0.01
INFO:root:epoch 0, Episode 338, total_loss: 3124.04248046875, q_loss 3122.95068359375, v_loss 1.0917847156524658 ,lr 0.01
INFO:root:epoch 0, Episode 339, total_loss: 1982.5780029296875, q_loss 1981.439697265625, v_loss 1.1383286714553833 ,lr 0.01
INFO:root:epoch 0, Episode 340, total_loss: 1804.528564453125, q_loss 1803.454833984375, v_loss 1.0736730098724365 ,lr 0.01
INFO:root:epoch 0, Episode 341, total_loss: 2467.701904296875, q_loss 2466.60986328125, v_loss 1.0920226573944092 ,lr 0.01
INFO:root:epoch 0, Episode 342, total_loss: 3708.16650390625, q_loss 3707.07568359375, v_loss 1.0907400846481323 ,lr 0.01
INFO:root:epoch 0, Episode 343, total_loss: 2615.669921875, q_loss 2614.57861328125, v_loss 1.091224193572998 ,lr 0.01
INFO:root:epoch 0, Episode 344, total_loss: 1457.43310546875, q_loss 1456.2100830078125, v_loss 1.2230339050292969 ,lr 0.01
INFO:root:epoch 0, Episode 345, total_loss: 1938.8770751953125, q_loss 1937.792724609375, v_loss 1.0843749046325684 ,lr 0.01
INFO:root:epoch 0, Episode 346, total_loss: 3725.83056640625, q_loss 3724.7587890625, v_loss 1.0718786716461182 ,lr 0.01
INFO:root:epoch 0, Episode 347, total_loss: 2309.91015625, q_loss 2308.730224609375, v_loss 1.1798944473266602 ,lr 0.01
INFO:root:epoch 0, Episode 348, total_loss: 1893.2835693359375, q_loss 1892.1915283203125, v_loss 1.0920841693878174 ,lr 0.01
INFO:root:epoch 0, Episode 349, total_loss: 2807.07177734375, q_loss 2805.983154296875, v_loss 1.0885965824127197 ,lr 0.01
INFO:root:epoch 0, Episode 350, total_loss: 1227.0877685546875, q_loss 1226.03271484375, v_loss 1.0550713539123535 ,lr 0.01
INFO:root:val_loss 7.490111351013184
INFO:root:epoch 0, Episode 351, total_loss: 1654.4459228515625, q_loss 1653.371826171875, v_loss 1.0741385221481323 ,lr 0.01
INFO:root:epoch 0, Episode 352, total_loss: 4014.714599609375, q_loss 4013.673828125, v_loss 1.0407159328460693 ,lr 0.01
INFO:root:epoch 0, Episode 353, total_loss: 2943.67431640625, q_loss 2937.823486328125, v_loss 5.850866794586182 ,lr 0.01
INFO:root:epoch 0, Episode 354, total_loss: 2260.680419921875, q_loss 2259.614501953125, v_loss 1.065923810005188 ,lr 0.01
INFO:root:epoch 0, Episode 355, total_loss: 3003.932861328125, q_loss 3002.8583984375, v_loss 1.0744868516921997 ,lr 0.01
INFO:root:epoch 0, Episode 356, total_loss: 2330.46923828125, q_loss 2329.3740234375, v_loss 1.0952415466308594 ,lr 0.01
INFO:root:epoch 0, Episode 357, total_loss: 3298.445556640625, q_loss 3297.317626953125, v_loss 1.1278196573257446 ,lr 0.01
INFO:root:epoch 0, Episode 358, total_loss: 1971.77490234375, q_loss 1970.7130126953125, v_loss 1.061948299407959 ,lr 0.01
INFO:root:epoch 0, Episode 359, total_loss: 2209.891845703125, q_loss 2208.814208984375, v_loss 1.0777411460876465 ,lr 0.01
INFO:root:epoch 0, Episode 360, total_loss: 1289.975341796875, q_loss 1288.9390869140625, v_loss 1.0363147258758545 ,lr 0.01
INFO:root:epoch 0, Episode 361, total_loss: 1454.8160400390625, q_loss 1453.7783203125, v_loss 1.0377458333969116 ,lr 0.01
INFO:root:epoch 0, Episode 362, total_loss: 4401.87060546875, q_loss 4400.765625, v_loss 1.1049363613128662 ,lr 0.01
INFO:root:epoch 0, Episode 363, total_loss: 1905.6785888671875, q_loss 1904.631591796875, v_loss 1.0469815731048584 ,lr 0.01
INFO:root:epoch 0, Episode 364, total_loss: 1684.9927978515625, q_loss 1683.8790283203125, v_loss 1.1138014793395996 ,lr 0.01
INFO:root:epoch 0, Episode 365, total_loss: 4473.0625, q_loss 4471.9384765625, v_loss 1.1238350868225098 ,lr 0.01
INFO:root:epoch 0, Episode 366, total_loss: 1187.6768798828125, q_loss 1186.621337890625, v_loss 1.0555301904678345 ,lr 0.01
INFO:root:epoch 0, Episode 367, total_loss: 1172.1650390625, q_loss 1171.174560546875, v_loss 0.9904955625534058 ,lr 0.01
INFO:root:epoch 0, Episode 368, total_loss: 2022.0953369140625, q_loss 2021.0247802734375, v_loss 1.0705389976501465 ,lr 0.01
INFO:root:epoch 0, Episode 369, total_loss: 2026.0194091796875, q_loss 2024.9564208984375, v_loss 1.0630401372909546 ,lr 0.01
INFO:root:epoch 0, Episode 370, total_loss: 2119.59765625, q_loss 2118.5732421875, v_loss 1.024438738822937 ,lr 0.01
INFO:root:epoch 0, Episode 371, total_loss: 3447.5966796875, q_loss 3446.646484375, v_loss 0.9501368999481201 ,lr 0.01
INFO:root:epoch 0, Episode 372, total_loss: 2902.54638671875, q_loss 2901.446044921875, v_loss 1.1003903150558472 ,lr 0.01
INFO:root:epoch 0, Episode 373, total_loss: 2047.6265869140625, q_loss 2046.488525390625, v_loss 1.1381112337112427 ,lr 0.01
INFO:root:epoch 0, Episode 374, total_loss: 3138.807861328125, q_loss 3137.70849609375, v_loss 1.0993108749389648 ,lr 0.01
INFO:root:epoch 0, Episode 375, total_loss: 4505.90087890625, q_loss 4504.7919921875, v_loss 1.1086472272872925 ,lr 0.01
INFO:root:epoch 0, Episode 376, total_loss: 2469.92919921875, q_loss 2468.859130859375, v_loss 1.0701229572296143 ,lr 0.01
INFO:root:epoch 0, Episode 377, total_loss: 4928.58203125, q_loss 4927.47509765625, v_loss 1.1068907976150513 ,lr 0.01
INFO:root:epoch 0, Episode 378, total_loss: 2333.12890625, q_loss 2332.03515625, v_loss 1.093651533126831 ,lr 0.01
INFO:root:epoch 0, Episode 379, total_loss: 1872.8160400390625, q_loss 1871.735107421875, v_loss 1.0809659957885742 ,lr 0.01
INFO:root:epoch 0, Episode 380, total_loss: 3073.79443359375, q_loss 3072.71826171875, v_loss 1.0761384963989258 ,lr 0.01
INFO:root:epoch 0, Episode 381, total_loss: 2232.420654296875, q_loss 2231.345947265625, v_loss 1.0746986865997314 ,lr 0.01
INFO:root:epoch 0, Episode 382, total_loss: 2455.660400390625, q_loss 2454.5615234375, v_loss 1.0988101959228516 ,lr 0.01
INFO:root:epoch 0, Episode 383, total_loss: 1769.28271484375, q_loss 1768.189208984375, v_loss 1.0935145616531372 ,lr 0.01
INFO:root:epoch 0, Episode 384, total_loss: 2396.486083984375, q_loss 2395.405517578125, v_loss 1.0805389881134033 ,lr 0.01
INFO:root:epoch 0, Episode 385, total_loss: 2026.5892333984375, q_loss 2025.5126953125, v_loss 1.076509952545166 ,lr 0.01
INFO:root:epoch 0, Episode 386, total_loss: 1160.10302734375, q_loss 1159.07373046875, v_loss 1.0292658805847168 ,lr 0.01
INFO:root:epoch 0, Episode 387, total_loss: 2283.5458984375, q_loss 2282.490234375, v_loss 1.0557725429534912 ,lr 0.01
INFO:root:epoch 0, Episode 388, total_loss: 2053.067626953125, q_loss 2051.971435546875, v_loss 1.0960767269134521 ,lr 0.01
INFO:root:epoch 0, Episode 389, total_loss: 1842.5784912109375, q_loss 1841.5279541015625, v_loss 1.0505472421646118 ,lr 0.01
INFO:root:epoch 0, Episode 390, total_loss: 2303.416259765625, q_loss 2302.329833984375, v_loss 1.0864121913909912 ,lr 0.01
INFO:root:epoch 0, Episode 391, total_loss: 2693.351806640625, q_loss 2692.272216796875, v_loss 1.0795390605926514 ,lr 0.01
INFO:root:epoch 0, Episode 392, total_loss: 1802.652587890625, q_loss 1801.5633544921875, v_loss 1.0892689228057861 ,lr 0.01
INFO:root:epoch 0, Episode 393, total_loss: 1640.706298828125, q_loss 1639.6663818359375, v_loss 1.0399749279022217 ,lr 0.01
INFO:root:epoch 0, Episode 394, total_loss: 1741.8411865234375, q_loss 1740.562255859375, v_loss 1.2789106369018555 ,lr 0.01
INFO:root:epoch 0, Episode 395, total_loss: 2303.12158203125, q_loss 2302.031494140625, v_loss 1.0900702476501465 ,lr 0.01
INFO:root:epoch 0, Episode 396, total_loss: 1769.6920166015625, q_loss 1768.624267578125, v_loss 1.0677436590194702 ,lr 0.01
INFO:root:epoch 0, Episode 397, total_loss: 1420.2999267578125, q_loss 1419.2557373046875, v_loss 1.0441977977752686 ,lr 0.01
INFO:root:epoch 0, Episode 398, total_loss: 2957.435791015625, q_loss 2956.341064453125, v_loss 1.094714879989624 ,lr 0.01
INFO:root:epoch 0, Episode 399, total_loss: 1713.94873046875, q_loss 1712.865234375, v_loss 1.0834834575653076 ,lr 0.01
INFO:root:epoch 0, Episode 400, total_loss: 1052.373046875, q_loss 1051.28955078125, v_loss 1.0834603309631348 ,lr 0.01
INFO:root:val_loss 72.58756256103516
INFO:root:epoch 0, Episode 401, total_loss: 4999.00732421875, q_loss 4997.8583984375, v_loss 1.1491386890411377 ,lr 0.01
INFO:root:epoch 0, Episode 402, total_loss: 1234.8013916015625, q_loss 1233.7275390625, v_loss 1.0738070011138916 ,lr 0.01
INFO:root:epoch 0, Episode 403, total_loss: 1023.3222045898438, q_loss 1022.29052734375, v_loss 1.0316826105117798 ,lr 0.01
INFO:root:epoch 0, Episode 404, total_loss: 1743.0653076171875, q_loss 1741.2718505859375, v_loss 1.793501853942871 ,lr 0.01
INFO:root:epoch 0, Episode 405, total_loss: 2826.982421875, q_loss 2825.9248046875, v_loss 1.057525873184204 ,lr 0.01
INFO:root:epoch 0, Episode 406, total_loss: 1860.8382568359375, q_loss 1859.683349609375, v_loss 1.1549522876739502 ,lr 0.01
INFO:root:epoch 0, Episode 407, total_loss: 1739.47607421875, q_loss 1738.4090576171875, v_loss 1.067009687423706 ,lr 0.01
INFO:root:epoch 0, Episode 408, total_loss: 2466.987548828125, q_loss 2465.911865234375, v_loss 1.0756068229675293 ,lr 0.01
INFO:root:epoch 0, Episode 409, total_loss: 2068.3798828125, q_loss 2067.22412109375, v_loss 1.1556835174560547 ,lr 0.01
INFO:root:epoch 0, Episode 410, total_loss: 3026.92041015625, q_loss 3025.80517578125, v_loss 1.115333080291748 ,lr 0.01
INFO:root:epoch 0, Episode 411, total_loss: 2324.50537109375, q_loss 2323.423583984375, v_loss 1.0818812847137451 ,lr 0.01
INFO:root:epoch 0, Episode 412, total_loss: 1997.18505859375, q_loss 1996.0970458984375, v_loss 1.0880422592163086 ,lr 0.01
INFO:root:epoch 0, Episode 413, total_loss: 1682.1478271484375, q_loss 1681.0435791015625, v_loss 1.1042211055755615 ,lr 0.01
INFO:root:epoch 0, Episode 414, total_loss: 1429.47412109375, q_loss 1428.3975830078125, v_loss 1.0765701532363892 ,lr 0.01
INFO:root:epoch 0, Episode 415, total_loss: 2272.572998046875, q_loss 2271.417724609375, v_loss 1.1552770137786865 ,lr 0.01
INFO:root:epoch 0, Episode 416, total_loss: 2166.562255859375, q_loss 2165.47705078125, v_loss 1.0851571559906006 ,lr 0.01
INFO:root:epoch 0, Episode 417, total_loss: 2084.72509765625, q_loss 2083.632568359375, v_loss 1.0925092697143555 ,lr 0.01
INFO:root:epoch 0, Episode 418, total_loss: 2349.443603515625, q_loss 2348.330322265625, v_loss 1.113335132598877 ,lr 0.01
INFO:root:epoch 0, Episode 419, total_loss: 1675.6646728515625, q_loss 1673.6156005859375, v_loss 2.049044609069824 ,lr 0.01
INFO:root:epoch 0, Episode 420, total_loss: 2829.3642578125, q_loss 2828.283935546875, v_loss 1.0802301168441772 ,lr 0.01
INFO:root:epoch 0, Episode 421, total_loss: 1641.806396484375, q_loss 1640.7091064453125, v_loss 1.097285270690918 ,lr 0.01
INFO:root:epoch 0, Episode 422, total_loss: 1703.43896484375, q_loss 1702.3734130859375, v_loss 1.0655508041381836 ,lr 0.01
INFO:root:epoch 0, Episode 423, total_loss: 2244.4931640625, q_loss 2243.309326171875, v_loss 1.1838979721069336 ,lr 0.01
INFO:root:epoch 0, Episode 424, total_loss: 1931.8511962890625, q_loss 1930.730712890625, v_loss 1.1204785108566284 ,lr 0.01
INFO:root:epoch 0, Episode 425, total_loss: 1633.1949462890625, q_loss 1632.148193359375, v_loss 1.0467867851257324 ,lr 0.01
INFO:root:epoch 0, Episode 426, total_loss: 1495.7921142578125, q_loss 1494.7532958984375, v_loss 1.0388444662094116 ,lr 0.01
INFO:root:epoch 0, Episode 427, total_loss: 1648.94482421875, q_loss 1647.791748046875, v_loss 1.1531107425689697 ,lr 0.01
INFO:root:epoch 0, Episode 428, total_loss: 2041.32470703125, q_loss 2040.272216796875, v_loss 1.052443504333496 ,lr 0.01
INFO:root:epoch 0, Episode 429, total_loss: 1897.800537109375, q_loss 1896.744873046875, v_loss 1.0557008981704712 ,lr 0.01
INFO:root:epoch 0, Episode 430, total_loss: 2754.396728515625, q_loss 2753.2490234375, v_loss 1.147608995437622 ,lr 0.01
INFO:root:epoch 0, Episode 431, total_loss: 1634.3028564453125, q_loss 1633.264892578125, v_loss 1.0379645824432373 ,lr 0.01
INFO:root:epoch 0, Episode 432, total_loss: 4943.5888671875, q_loss 4942.486328125, v_loss 1.1027240753173828 ,lr 0.01
INFO:root:epoch 0, Episode 433, total_loss: 1441.811767578125, q_loss 1440.688232421875, v_loss 1.1235601902008057 ,lr 0.01
INFO:root:epoch 0, Episode 434, total_loss: 1446.861328125, q_loss 1445.7132568359375, v_loss 1.148057222366333 ,lr 0.01
INFO:root:epoch 0, Episode 435, total_loss: 2025.3775634765625, q_loss 2024.255859375, v_loss 1.121720790863037 ,lr 0.01
INFO:root:epoch 0, Episode 436, total_loss: 4951.00830078125, q_loss 4949.88525390625, v_loss 1.1230827569961548 ,lr 0.01
INFO:root:epoch 0, Episode 437, total_loss: 3974.079833984375, q_loss 3972.978515625, v_loss 1.1012731790542603 ,lr 0.01
INFO:root:epoch 0, Episode 438, total_loss: 3403.92529296875, q_loss 3402.810791015625, v_loss 1.1144222021102905 ,lr 0.01
INFO:root:epoch 0, Episode 439, total_loss: 1589.097412109375, q_loss 1588.0465087890625, v_loss 1.0508637428283691 ,lr 0.01
INFO:root:epoch 0, Episode 440, total_loss: 2397.876953125, q_loss 2396.82275390625, v_loss 1.054111361503601 ,lr 0.01
INFO:root:epoch 0, Episode 441, total_loss: 2450.945068359375, q_loss 2449.901611328125, v_loss 1.0433812141418457 ,lr 0.01
INFO:root:epoch 0, Episode 442, total_loss: 2778.01318359375, q_loss 2777.03076171875, v_loss 0.9824897050857544 ,lr 0.01
INFO:root:epoch 0, Episode 443, total_loss: 2187.2666015625, q_loss 2186.260498046875, v_loss 1.0060175657272339 ,lr 0.01
INFO:root:epoch 0, Episode 444, total_loss: 1555.6849365234375, q_loss 1554.727783203125, v_loss 0.9571899175643921 ,lr 0.01
INFO:root:epoch 0, Episode 445, total_loss: 2034.059326171875, q_loss 2033.0889892578125, v_loss 0.970359206199646 ,lr 0.01
INFO:root:epoch 0, Episode 446, total_loss: 3133.310791015625, q_loss 3132.3115234375, v_loss 0.9993886947631836 ,lr 0.01
INFO:root:epoch 0, Episode 447, total_loss: 1598.6827392578125, q_loss 1597.7142333984375, v_loss 0.9684687852859497 ,lr 0.01
INFO:root:epoch 0, Episode 448, total_loss: 1858.5213623046875, q_loss 1857.548095703125, v_loss 0.9733163118362427 ,lr 0.01
INFO:root:epoch 0, Episode 449, total_loss: 3098.22509765625, q_loss 3097.218505859375, v_loss 1.0065252780914307 ,lr 0.01
INFO:root:epoch 0, Episode 450, total_loss: 1590.63916015625, q_loss 1589.6781005859375, v_loss 0.9611133337020874 ,lr 0.01
INFO:root:val_loss 10.774292945861816
INFO:root:epoch 0, Episode 451, total_loss: 1745.049072265625, q_loss 1744.0455322265625, v_loss 1.003574013710022 ,lr 0.01
INFO:root:epoch 0, Episode 452, total_loss: 4035.288330078125, q_loss 4034.16552734375, v_loss 1.1227126121520996 ,lr 0.01
INFO:root:epoch 0, Episode 453, total_loss: 2160.2890625, q_loss 2159.2021484375, v_loss 1.0870251655578613 ,lr 0.01
INFO:root:epoch 0, Episode 454, total_loss: 2011.0458984375, q_loss 2009.951904296875, v_loss 1.0939364433288574 ,lr 0.01
INFO:root:epoch 0, Episode 455, total_loss: 1894.4771728515625, q_loss 1893.3826904296875, v_loss 1.094443440437317 ,lr 0.01
INFO:root:epoch 0, Episode 456, total_loss: 2191.55908203125, q_loss 2190.455078125, v_loss 1.1039903163909912 ,lr 0.01
INFO:root:epoch 0, Episode 457, total_loss: 2422.10595703125, q_loss 2420.996337890625, v_loss 1.109586238861084 ,lr 0.01
INFO:root:epoch 0, Episode 458, total_loss: 1578.057373046875, q_loss 1576.9503173828125, v_loss 1.1070594787597656 ,lr 0.01
INFO:root:epoch 0, Episode 459, total_loss: 1845.2408447265625, q_loss 1844.1279296875, v_loss 1.1129286289215088 ,lr 0.01
INFO:root:epoch 0, Episode 460, total_loss: 1334.87646484375, q_loss 1333.7698974609375, v_loss 1.1065785884857178 ,lr 0.01
INFO:root:epoch 0, Episode 461, total_loss: 2042.515380859375, q_loss 2041.4013671875, v_loss 1.1140618324279785 ,lr 0.01
INFO:root:epoch 0, Episode 462, total_loss: 2738.23046875, q_loss 2737.125244140625, v_loss 1.1051446199417114 ,lr 0.01
INFO:root:epoch 0, Episode 463, total_loss: 1290.96240234375, q_loss 1289.89208984375, v_loss 1.0702884197235107 ,lr 0.01
INFO:root:epoch 0, Episode 464, total_loss: 1552.4385986328125, q_loss 1551.3673095703125, v_loss 1.071312427520752 ,lr 0.01
INFO:root:epoch 0, Episode 465, total_loss: 2280.23974609375, q_loss 2279.1455078125, v_loss 1.0942472219467163 ,lr 0.01
INFO:root:epoch 0, Episode 466, total_loss: 2650.388671875, q_loss 2649.291015625, v_loss 1.0977532863616943 ,lr 0.01
INFO:root:epoch 0, Episode 467, total_loss: 2130.40771484375, q_loss 2129.3349609375, v_loss 1.0727739334106445 ,lr 0.01
INFO:root:epoch 0, Episode 468, total_loss: 2462.8837890625, q_loss 2461.808349609375, v_loss 1.0753512382507324 ,lr 0.01
INFO:root:epoch 0, Episode 469, total_loss: 1336.23828125, q_loss 1335.181884765625, v_loss 1.0563876628875732 ,lr 0.01
INFO:root:epoch 0, Episode 470, total_loss: 1640.0579833984375, q_loss 1638.996337890625, v_loss 1.061647653579712 ,lr 0.01
INFO:root:epoch 0, Episode 471, total_loss: 2163.730224609375, q_loss 2162.529052734375, v_loss 1.2010681629180908 ,lr 0.01
INFO:root:epoch 0, Episode 472, total_loss: 3828.113525390625, q_loss 3826.98486328125, v_loss 1.128549337387085 ,lr 0.01
INFO:root:epoch 0, Episode 473, total_loss: 1968.6700439453125, q_loss 1967.607177734375, v_loss 1.062839150428772 ,lr 0.01
INFO:root:epoch 0, Episode 474, total_loss: 3156.19775390625, q_loss 3155.1181640625, v_loss 1.0796828269958496 ,lr 0.01
INFO:root:epoch 0, Episode 475, total_loss: 1347.1251220703125, q_loss 1346.0399169921875, v_loss 1.0852229595184326 ,lr 0.01
INFO:root:epoch 0, Episode 476, total_loss: 2460.655517578125, q_loss 2459.539306640625, v_loss 1.1161856651306152 ,lr 0.01
INFO:root:epoch 0, Episode 477, total_loss: 2347.303955078125, q_loss 2346.206787109375, v_loss 1.0972299575805664 ,lr 0.01
INFO:root:epoch 0, Episode 478, total_loss: 3279.669189453125, q_loss 3278.547607421875, v_loss 1.1216316223144531 ,lr 0.01
INFO:root:epoch 0, Episode 479, total_loss: 2464.85791015625, q_loss 2463.749755859375, v_loss 1.1080389022827148 ,lr 0.01
INFO:root:epoch 0, Episode 480, total_loss: 1812.7867431640625, q_loss 1811.6866455078125, v_loss 1.1001582145690918 ,lr 0.01
INFO:root:epoch 0, Episode 481, total_loss: 3282.0673828125, q_loss 3280.968505859375, v_loss 1.0988041162490845 ,lr 0.01
INFO:root:epoch 0, Episode 482, total_loss: 2268.233642578125, q_loss 2267.137451171875, v_loss 1.096298336982727 ,lr 0.01
INFO:root:epoch 0, Episode 483, total_loss: 2274.325439453125, q_loss 2273.231689453125, v_loss 1.0937554836273193 ,lr 0.01
INFO:root:epoch 0, Episode 484, total_loss: 4906.44580078125, q_loss 4905.3525390625, v_loss 1.0933082103729248 ,lr 0.01
INFO:root:epoch 0, Episode 485, total_loss: 2027.4224853515625, q_loss 2026.336181640625, v_loss 1.0862760543823242 ,lr 0.01
INFO:root:epoch 0, Episode 486, total_loss: 1908.0941162109375, q_loss 1906.990966796875, v_loss 1.103177785873413 ,lr 0.01
INFO:root:epoch 0, Episode 487, total_loss: 2059.7392578125, q_loss 2058.639892578125, v_loss 1.0992814302444458 ,lr 0.01
INFO:root:epoch 0, Episode 488, total_loss: 1360.194091796875, q_loss 1359.0960693359375, v_loss 1.0980660915374756 ,lr 0.01
INFO:root:epoch 0, Episode 489, total_loss: 1641.80810546875, q_loss 1640.7093505859375, v_loss 1.098724365234375 ,lr 0.01
INFO:root:epoch 0, Episode 490, total_loss: 2261.2998046875, q_loss 2260.086669921875, v_loss 1.2131468057632446 ,lr 0.01
INFO:root:epoch 0, Episode 491, total_loss: 2185.833251953125, q_loss 2184.753173828125, v_loss 1.0801945924758911 ,lr 0.01
INFO:root:epoch 0, Episode 492, total_loss: 3566.4990234375, q_loss 3565.40673828125, v_loss 1.0923893451690674 ,lr 0.01
INFO:root:epoch 0, Episode 493, total_loss: 1871.7725830078125, q_loss 1870.6976318359375, v_loss 1.0749382972717285 ,lr 0.01
INFO:root:epoch 0, Episode 494, total_loss: 1102.3212890625, q_loss 1101.2401123046875, v_loss 1.0811893939971924 ,lr 0.01
INFO:root:epoch 0, Episode 495, total_loss: 1841.8115234375, q_loss 1840.734130859375, v_loss 1.0774116516113281 ,lr 0.01
INFO:root:epoch 0, Episode 496, total_loss: 4279.28173828125, q_loss 4278.2490234375, v_loss 1.0329540967941284 ,lr 0.01
INFO:root:epoch 0, Episode 497, total_loss: 2322.254638671875, q_loss 2321.173095703125, v_loss 1.0815424919128418 ,lr 0.01
INFO:root:epoch 0, Episode 498, total_loss: 1672.6343994140625, q_loss 1671.520263671875, v_loss 1.1141704320907593 ,lr 0.01
INFO:root:epoch 0, Episode 499, total_loss: 1811.6561279296875, q_loss 1810.5693359375, v_loss 1.0867555141448975 ,lr 0.01
INFO:root:epoch 1, Episode 0, total_loss: 2937.3212890625, q_loss 2936.212890625, v_loss 1.1083877086639404 ,lr 0.01
INFO:root:val_loss 10.121821403503418
INFO:root:epoch 1, Episode 1, total_loss: 1164.84423828125, q_loss 1163.7813720703125, v_loss 1.0628721714019775 ,lr 0.01
INFO:root:epoch 1, Episode 2, total_loss: 864.6044311523438, q_loss 863.5480346679688, v_loss 1.0563842058181763 ,lr 0.01
INFO:root:epoch 1, Episode 3, total_loss: 2788.498291015625, q_loss 2787.417724609375, v_loss 1.0805772542953491 ,lr 0.01
INFO:root:epoch 1, Episode 4, total_loss: 1921.5733642578125, q_loss 1920.53125, v_loss 1.0420860052108765 ,lr 0.01
INFO:root:epoch 1, Episode 5, total_loss: 2798.01220703125, q_loss 2796.961181640625, v_loss 1.050961971282959 ,lr 0.01
INFO:root:epoch 1, Episode 6, total_loss: 4174.3349609375, q_loss 4173.2314453125, v_loss 1.1035794019699097 ,lr 0.01
INFO:root:epoch 1, Episode 7, total_loss: 4869.708984375, q_loss 4868.6220703125, v_loss 1.0867629051208496 ,lr 0.01
INFO:root:epoch 1, Episode 8, total_loss: 2141.309326171875, q_loss 2140.21533203125, v_loss 1.0939226150512695 ,lr 0.01
INFO:root:epoch 1, Episode 9, total_loss: 3906.85546875, q_loss 3905.7890625, v_loss 1.0664269924163818 ,lr 0.01
INFO:root:epoch 1, Episode 10, total_loss: 2978.7548828125, q_loss 2977.693603515625, v_loss 1.0612767934799194 ,lr 0.01
INFO:root:epoch 1, Episode 11, total_loss: 1896.9598388671875, q_loss 1895.908447265625, v_loss 1.0514498949050903 ,lr 0.01
INFO:root:epoch 1, Episode 12, total_loss: 1751.662353515625, q_loss 1750.58154296875, v_loss 1.0808268785476685 ,lr 0.01
INFO:root:epoch 1, Episode 13, total_loss: 2151.345947265625, q_loss 2150.283447265625, v_loss 1.062579870223999 ,lr 0.01
INFO:root:epoch 1, Episode 14, total_loss: 1848.4310302734375, q_loss 1847.3818359375, v_loss 1.0491697788238525 ,lr 0.01
INFO:root:epoch 1, Episode 15, total_loss: 1671.2630615234375, q_loss 1670.2425537109375, v_loss 1.0205597877502441 ,lr 0.01
INFO:root:epoch 1, Episode 16, total_loss: 2850.419921875, q_loss 2849.3447265625, v_loss 1.0752191543579102 ,lr 0.01
INFO:root:epoch 1, Episode 17, total_loss: 2309.118408203125, q_loss 2308.10302734375, v_loss 1.015394926071167 ,lr 0.01
INFO:root:epoch 1, Episode 18, total_loss: 2903.462890625, q_loss 2902.407958984375, v_loss 1.0548115968704224 ,lr 0.01
INFO:root:epoch 1, Episode 19, total_loss: 1728.4656982421875, q_loss 1727.3758544921875, v_loss 1.0898041725158691 ,lr 0.01
INFO:root:epoch 1, Episode 20, total_loss: 1743.1417236328125, q_loss 1742.001953125, v_loss 1.1397535800933838 ,lr 0.01
INFO:root:epoch 1, Episode 21, total_loss: 2150.676513671875, q_loss 2149.5830078125, v_loss 1.093438744544983 ,lr 0.01
INFO:root:epoch 1, Episode 22, total_loss: 1789.94921875, q_loss 1788.8502197265625, v_loss 1.0990509986877441 ,lr 0.01
INFO:root:epoch 1, Episode 23, total_loss: 2208.111572265625, q_loss 2207.037841796875, v_loss 1.0736192464828491 ,lr 0.01
INFO:root:epoch 1, Episode 24, total_loss: 1568.2506103515625, q_loss 1567.187255859375, v_loss 1.0633184909820557 ,lr 0.01
INFO:root:epoch 1, Episode 25, total_loss: 1976.1610107421875, q_loss 1975.1165771484375, v_loss 1.0444353818893433 ,lr 0.01
INFO:root:epoch 1, Episode 26, total_loss: 1700.3026123046875, q_loss 1699.249267578125, v_loss 1.0533137321472168 ,lr 0.01
INFO:root:epoch 1, Episode 27, total_loss: 2811.097412109375, q_loss 2809.7724609375, v_loss 1.3248934745788574 ,lr 0.01
INFO:root:epoch 1, Episode 28, total_loss: 1598.782470703125, q_loss 1597.7357177734375, v_loss 1.0467373132705688 ,lr 0.01
INFO:root:epoch 1, Episode 29, total_loss: 3129.049072265625, q_loss 3127.977783203125, v_loss 1.0712531805038452 ,lr 0.01
INFO:root:epoch 1, Episode 30, total_loss: 1786.4405517578125, q_loss 1785.353515625, v_loss 1.0870323181152344 ,lr 0.01
INFO:root:epoch 1, Episode 31, total_loss: 3542.974365234375, q_loss 3541.927734375, v_loss 1.0466240644454956 ,lr 0.01
INFO:root:epoch 1, Episode 32, total_loss: 1870.0467529296875, q_loss 1868.9691162109375, v_loss 1.0776430368423462 ,lr 0.01
INFO:root:epoch 1, Episode 33, total_loss: 3463.43896484375, q_loss 3462.373291015625, v_loss 1.065733790397644 ,lr 0.01
INFO:root:epoch 1, Episode 34, total_loss: 2435.394775390625, q_loss 2434.3056640625, v_loss 1.0890711545944214 ,lr 0.01
INFO:root:epoch 1, Episode 35, total_loss: 4848.9228515625, q_loss 4847.85107421875, v_loss 1.0718120336532593 ,lr 0.01
INFO:root:epoch 1, Episode 36, total_loss: 1666.630859375, q_loss 1665.6077880859375, v_loss 1.0230951309204102 ,lr 0.01
INFO:root:epoch 1, Episode 37, total_loss: 1339.8416748046875, q_loss 1338.8443603515625, v_loss 0.9973034858703613 ,lr 0.01
INFO:root:epoch 1, Episode 38, total_loss: 2342.556640625, q_loss 2341.475341796875, v_loss 1.0812427997589111 ,lr 0.01
INFO:root:epoch 1, Episode 39, total_loss: 1588.0491943359375, q_loss 1586.9796142578125, v_loss 1.0695223808288574 ,lr 0.01
INFO:root:epoch 1, Episode 40, total_loss: 1796.0596923828125, q_loss 1795.05078125, v_loss 1.0089447498321533 ,lr 0.01
INFO:root:epoch 1, Episode 41, total_loss: 1702.3255615234375, q_loss 1701.2135009765625, v_loss 1.1120169162750244 ,lr 0.01
INFO:root:epoch 1, Episode 42, total_loss: 1420.1087646484375, q_loss 1419.1451416015625, v_loss 0.963670015335083 ,lr 0.01
INFO:root:epoch 1, Episode 43, total_loss: 1166.2449951171875, q_loss 1165.2088623046875, v_loss 1.0361902713775635 ,lr 0.01
INFO:root:epoch 1, Episode 44, total_loss: 2639.585205078125, q_loss 2638.46435546875, v_loss 1.1208105087280273 ,lr 0.01
INFO:root:epoch 1, Episode 45, total_loss: 3807.230224609375, q_loss 3806.300048828125, v_loss 0.9300916194915771 ,lr 0.01
INFO:root:epoch 1, Episode 46, total_loss: 1509.1268310546875, q_loss 1508.1148681640625, v_loss 1.0119969844818115 ,lr 0.01
INFO:root:epoch 1, Episode 47, total_loss: 1236.6143798828125, q_loss 1235.5399169921875, v_loss 1.0745124816894531 ,lr 0.01
INFO:root:epoch 1, Episode 48, total_loss: 2210.598388671875, q_loss 2209.49951171875, v_loss 1.0988759994506836 ,lr 0.01
INFO:root:epoch 1, Episode 49, total_loss: 1059.99072265625, q_loss 1058.9461669921875, v_loss 1.0445384979248047 ,lr 0.01
INFO:root:epoch 1, Episode 50, total_loss: 2202.77685546875, q_loss 2201.70751953125, v_loss 1.069305658340454 ,lr 0.01
INFO:root:val_loss 1961.9515380859375
INFO:root:epoch 1, Episode 51, total_loss: 2079.56103515625, q_loss 2078.510986328125, v_loss 1.0501078367233276 ,lr 0.01
INFO:root:epoch 1, Episode 52, total_loss: 1876.8740234375, q_loss 1875.6207275390625, v_loss 1.2532355785369873 ,lr 0.01
INFO:root:epoch 1, Episode 53, total_loss: 2766.14794921875, q_loss 2765.118408203125, v_loss 1.0296533107757568 ,lr 0.01
INFO:root:epoch 1, Episode 54, total_loss: 956.6544799804688, q_loss 955.6715698242188, v_loss 0.9828958511352539 ,lr 0.01
INFO:root:epoch 1, Episode 55, total_loss: 2019.0550537109375, q_loss 2017.998291015625, v_loss 1.056781530380249 ,lr 0.01
INFO:root:epoch 1, Episode 56, total_loss: 3334.123779296875, q_loss 3333.114013671875, v_loss 1.0097529888153076 ,lr 0.01
INFO:root:epoch 1, Episode 57, total_loss: 2150.219482421875, q_loss 2149.2294921875, v_loss 0.9900362491607666 ,lr 0.01
INFO:root:epoch 1, Episode 58, total_loss: 1572.54296875, q_loss 1571.481201171875, v_loss 1.0618070363998413 ,lr 0.01
INFO:root:epoch 1, Episode 59, total_loss: 1679.941650390625, q_loss 1678.8746337890625, v_loss 1.0669655799865723 ,lr 0.01
INFO:root:epoch 1, Episode 60, total_loss: 1855.3582763671875, q_loss 1854.261962890625, v_loss 1.0963530540466309 ,lr 0.01
INFO:root:epoch 1, Episode 61, total_loss: 1327.04150390625, q_loss 1325.958251953125, v_loss 1.0832037925720215 ,lr 0.01
INFO:root:epoch 1, Episode 62, total_loss: 2698.5732421875, q_loss 2697.555908203125, v_loss 1.0173258781433105 ,lr 0.01
INFO:root:epoch 1, Episode 63, total_loss: 1452.054443359375, q_loss 1450.9931640625, v_loss 1.0612764358520508 ,lr 0.01
INFO:root:epoch 1, Episode 64, total_loss: 1121.71484375, q_loss 1120.6744384765625, v_loss 1.0404469966888428 ,lr 0.01
INFO:root:epoch 1, Episode 65, total_loss: 1583.084716796875, q_loss 1582.0106201171875, v_loss 1.0740554332733154 ,lr 0.01
INFO:root:epoch 1, Episode 66, total_loss: 1972.0491943359375, q_loss 1970.8828125, v_loss 1.1664111614227295 ,lr 0.01
INFO:root:epoch 1, Episode 67, total_loss: 3434.82568359375, q_loss 3433.69287109375, v_loss 1.1328740119934082 ,lr 0.01
INFO:root:epoch 1, Episode 68, total_loss: 3195.383544921875, q_loss 3194.2255859375, v_loss 1.1580281257629395 ,lr 0.01
INFO:root:epoch 1, Episode 69, total_loss: 1377.7900390625, q_loss 1376.7452392578125, v_loss 1.0447545051574707 ,lr 0.01
INFO:root:epoch 1, Episode 70, total_loss: 1392.5035400390625, q_loss 1391.523193359375, v_loss 0.9803247451782227 ,lr 0.01
INFO:root:epoch 1, Episode 71, total_loss: 2982.66015625, q_loss 2981.611083984375, v_loss 1.0490989685058594 ,lr 0.01
INFO:root:epoch 1, Episode 72, total_loss: 2502.063720703125, q_loss 2500.96142578125, v_loss 1.1023736000061035 ,lr 0.01
INFO:root:epoch 1, Episode 73, total_loss: 2361.452880859375, q_loss 2360.474609375, v_loss 0.97831130027771 ,lr 0.01
INFO:root:epoch 1, Episode 74, total_loss: 1099.72607421875, q_loss 1098.731201171875, v_loss 0.9948239326477051 ,lr 0.01
INFO:root:epoch 1, Episode 75, total_loss: 2597.74951171875, q_loss 2596.65771484375, v_loss 1.0918660163879395 ,lr 0.01
INFO:root:epoch 1, Episode 76, total_loss: 2212.156982421875, q_loss 2211.13671875, v_loss 1.0202114582061768 ,lr 0.01
INFO:root:epoch 1, Episode 77, total_loss: 3305.331787109375, q_loss 3304.361572265625, v_loss 0.9702095985412598 ,lr 0.01
INFO:root:epoch 1, Episode 78, total_loss: 2051.34423828125, q_loss 2050.455322265625, v_loss 0.8889951705932617 ,lr 0.01
INFO:root:epoch 1, Episode 79, total_loss: 1604.432373046875, q_loss 1603.373779296875, v_loss 1.058645248413086 ,lr 0.01
INFO:root:epoch 1, Episode 80, total_loss: 2068.0380859375, q_loss 2067.0234375, v_loss 1.014754295349121 ,lr 0.01
INFO:root:epoch 1, Episode 81, total_loss: 1377.605712890625, q_loss 1376.3507080078125, v_loss 1.255059003829956 ,lr 0.01
INFO:root:epoch 1, Episode 82, total_loss: 3358.657958984375, q_loss 3357.828857421875, v_loss 0.8292050361633301 ,lr 0.01
INFO:root:epoch 1, Episode 83, total_loss: 880.53125, q_loss 879.4957885742188, v_loss 1.0354310274124146 ,lr 0.01
INFO:root:epoch 1, Episode 84, total_loss: 1492.3782958984375, q_loss 1491.39599609375, v_loss 0.9822759628295898 ,lr 0.01
INFO:root:epoch 1, Episode 85, total_loss: 2156.079833984375, q_loss 2155.12548828125, v_loss 0.9543716907501221 ,lr 0.01
INFO:root:epoch 1, Episode 86, total_loss: 3114.22119140625, q_loss 3113.16064453125, v_loss 1.0605368614196777 ,lr 0.01
INFO:root:epoch 1, Episode 87, total_loss: 1314.5426025390625, q_loss 1313.55615234375, v_loss 0.9864339828491211 ,lr 0.01
INFO:root:epoch 1, Episode 88, total_loss: 1245.4049072265625, q_loss 1244.3978271484375, v_loss 1.0071067810058594 ,lr 0.01
INFO:root:epoch 1, Episode 89, total_loss: 2602.782958984375, q_loss 2601.727294921875, v_loss 1.0555813312530518 ,lr 0.01
INFO:root:epoch 1, Episode 90, total_loss: 1558.407958984375, q_loss 1557.3184814453125, v_loss 1.0895318984985352 ,lr 0.01
INFO:root:epoch 1, Episode 91, total_loss: 3410.4140625, q_loss 3409.509033203125, v_loss 0.9050722122192383 ,lr 0.01
INFO:root:epoch 1, Episode 92, total_loss: 2052.7099609375, q_loss 2051.674072265625, v_loss 1.035872459411621 ,lr 0.01
INFO:root:epoch 1, Episode 93, total_loss: 1897.57568359375, q_loss 1896.529052734375, v_loss 1.0466265678405762 ,lr 0.01
INFO:root:epoch 1, Episode 94, total_loss: 1642.1748046875, q_loss 1641.1212158203125, v_loss 1.0536291599273682 ,lr 0.01
INFO:root:epoch 1, Episode 95, total_loss: 2290.782470703125, q_loss 2289.7509765625, v_loss 1.0315325260162354 ,lr 0.01
INFO:root:epoch 1, Episode 96, total_loss: 1890.9898681640625, q_loss 1890.0, v_loss 0.9898288249969482 ,lr 0.01
INFO:root:epoch 1, Episode 97, total_loss: 2245.240478515625, q_loss 2244.32666015625, v_loss 0.9138956069946289 ,lr 0.01
INFO:root:epoch 1, Episode 98, total_loss: 1698.764404296875, q_loss 1697.712158203125, v_loss 1.0522520542144775 ,lr 0.01
INFO:root:epoch 1, Episode 99, total_loss: 1677.3280029296875, q_loss 1676.29345703125, v_loss 1.0345630645751953 ,lr 0.01
INFO:root:epoch 1, Episode 100, total_loss: 3100.7978515625, q_loss 3099.8193359375, v_loss 0.9784622192382812 ,lr 0.01
INFO:root:val_loss 102.97074890136719
INFO:root:epoch 1, Episode 101, total_loss: 1458.3603515625, q_loss 1457.5203857421875, v_loss 0.8399519920349121 ,lr 0.01
INFO:root:epoch 1, Episode 102, total_loss: 1704.5787353515625, q_loss 1703.6705322265625, v_loss 0.9081788063049316 ,lr 0.01
INFO:root:epoch 1, Episode 103, total_loss: 3069.441162109375, q_loss 3068.219482421875, v_loss 1.2216134071350098 ,lr 0.01
INFO:root:epoch 1, Episode 104, total_loss: 1311.3955078125, q_loss 1310.41162109375, v_loss 0.9838557243347168 ,lr 0.01
INFO:root:epoch 1, Episode 105, total_loss: 1616.1177978515625, q_loss 1615.0789794921875, v_loss 1.038818359375 ,lr 0.01
INFO:root:epoch 1, Episode 106, total_loss: 2275.39013671875, q_loss 2274.272705078125, v_loss 1.1174678802490234 ,lr 0.01
INFO:root:epoch 1, Episode 107, total_loss: 898.3228149414062, q_loss 897.06201171875, v_loss 1.260793685913086 ,lr 0.01
INFO:root:epoch 1, Episode 108, total_loss: 1827.566650390625, q_loss 1826.3475341796875, v_loss 1.2191309928894043 ,lr 0.01
INFO:root:epoch 1, Episode 109, total_loss: 2012.27392578125, q_loss 2011.14404296875, v_loss 1.1299066543579102 ,lr 0.01
INFO:root:epoch 1, Episode 110, total_loss: 1992.0369873046875, q_loss 1990.965576171875, v_loss 1.0714702606201172 ,lr 0.01
INFO:root:epoch 1, Episode 111, total_loss: 1212.65380859375, q_loss 1211.66162109375, v_loss 0.9922032356262207 ,lr 0.01
INFO:root:epoch 1, Episode 112, total_loss: 1447.27490234375, q_loss 1446.317626953125, v_loss 0.9573030471801758 ,lr 0.01
INFO:root:epoch 1, Episode 113, total_loss: 1410.8592529296875, q_loss 1409.894287109375, v_loss 0.9649944305419922 ,lr 0.01
INFO:root:epoch 1, Episode 114, total_loss: 2033.44287109375, q_loss 2032.454345703125, v_loss 0.9885239601135254 ,lr 0.01
INFO:root:epoch 1, Episode 115, total_loss: 2134.3125, q_loss 2133.35498046875, v_loss 0.9574298858642578 ,lr 0.01
INFO:root:epoch 1, Episode 116, total_loss: 3329.377197265625, q_loss 3328.12939453125, v_loss 1.247696876525879 ,lr 0.01
INFO:root:epoch 1, Episode 117, total_loss: 1426.109130859375, q_loss 1425.1966552734375, v_loss 0.9124541282653809 ,lr 0.01
INFO:root:epoch 1, Episode 118, total_loss: 2127.99267578125, q_loss 2127.005615234375, v_loss 0.9869732856750488 ,lr 0.01
INFO:root:epoch 1, Episode 119, total_loss: 1204.98486328125, q_loss 1204.0106201171875, v_loss 0.9741945266723633 ,lr 0.01
INFO:root:epoch 1, Episode 120, total_loss: 1777.578125, q_loss 1776.461669921875, v_loss 1.116445541381836 ,lr 0.01
INFO:root:epoch 1, Episode 121, total_loss: 2732.579345703125, q_loss 2731.48291015625, v_loss 1.0963144302368164 ,lr 0.01
INFO:root:epoch 1, Episode 122, total_loss: 2302.994873046875, q_loss 2301.70166015625, v_loss 1.2932863235473633 ,lr 0.01
INFO:root:epoch 1, Episode 123, total_loss: 2698.294921875, q_loss 2697.201416015625, v_loss 1.0934457778930664 ,lr 0.01
INFO:root:epoch 1, Episode 124, total_loss: 1690.0267333984375, q_loss 1688.9052734375, v_loss 1.1214599609375 ,lr 0.01
INFO:root:epoch 1, Episode 125, total_loss: 1893.88623046875, q_loss 1892.6378173828125, v_loss 1.2484078407287598 ,lr 0.01
INFO:root:epoch 1, Episode 126, total_loss: 1013.6806640625, q_loss 1012.6804809570312, v_loss 1.0001945495605469 ,lr 0.01
INFO:root:epoch 1, Episode 127, total_loss: 1866.08642578125, q_loss 1865.0045166015625, v_loss 1.0819296836853027 ,lr 0.01
INFO:root:epoch 1, Episode 128, total_loss: 1930.8798828125, q_loss 1929.811279296875, v_loss 1.0686006546020508 ,lr 0.01
INFO:root:epoch 1, Episode 129, total_loss: 2044.3302001953125, q_loss 2043.188232421875, v_loss 1.1420254707336426 ,lr 0.01
INFO:root:epoch 1, Episode 130, total_loss: 3332.79541015625, q_loss 3331.510498046875, v_loss 1.2847952842712402 ,lr 0.01
INFO:root:epoch 1, Episode 131, total_loss: 1080.2506103515625, q_loss 1078.912109375, v_loss 1.3384699821472168 ,lr 0.01
INFO:root:epoch 1, Episode 132, total_loss: 1665.829833984375, q_loss 1664.480224609375, v_loss 1.34959077835083 ,lr 0.01
INFO:root:epoch 1, Episode 133, total_loss: 2528.359375, q_loss 2526.47802734375, v_loss 1.881424903869629 ,lr 0.01
INFO:root:epoch 1, Episode 134, total_loss: 2930.743896484375, q_loss 2929.3564453125, v_loss 1.3873844146728516 ,lr 0.01
INFO:root:epoch 1, Episode 135, total_loss: 1163.326171875, q_loss 1162.3394775390625, v_loss 0.9866828918457031 ,lr 0.01
INFO:root:epoch 1, Episode 136, total_loss: 1493.877685546875, q_loss 1492.9781494140625, v_loss 0.8995122909545898 ,lr 0.01
INFO:root:epoch 1, Episode 137, total_loss: 2364.243896484375, q_loss 2363.0068359375, v_loss 1.236989974975586 ,lr 0.01
INFO:root:epoch 1, Episode 138, total_loss: 1934.2030029296875, q_loss 1932.8726806640625, v_loss 1.3303041458129883 ,lr 0.01
INFO:root:epoch 1, Episode 139, total_loss: 1815.3380126953125, q_loss 1814.284423828125, v_loss 1.0536470413208008 ,lr 0.01
INFO:root:epoch 1, Episode 140, total_loss: 1890.677734375, q_loss 1889.6007080078125, v_loss 1.0770759582519531 ,lr 0.01
INFO:root:epoch 1, Episode 141, total_loss: 2645.11865234375, q_loss 2643.532958984375, v_loss 1.585585594177246 ,lr 0.01
INFO:root:epoch 1, Episode 142, total_loss: 1831.701171875, q_loss 1830.5054931640625, v_loss 1.195673942565918 ,lr 0.01
INFO:root:epoch 1, Episode 143, total_loss: 3446.495849609375, q_loss 3444.16650390625, v_loss 2.3293819427490234 ,lr 0.01
INFO:root:epoch 1, Episode 144, total_loss: 1540.1636962890625, q_loss 1537.9283447265625, v_loss 2.235405921936035 ,lr 0.01
INFO:root:epoch 1, Episode 145, total_loss: 1741.528076171875, q_loss 1738.7447509765625, v_loss 2.783329963684082 ,lr 0.01
INFO:root:epoch 1, Episode 146, total_loss: 1969.9019775390625, q_loss 1967.5821533203125, v_loss 2.319864273071289 ,lr 0.01
INFO:root:epoch 1, Episode 147, total_loss: 1357.4217529296875, q_loss 1355.4337158203125, v_loss 1.9879989624023438 ,lr 0.01
INFO:root:epoch 1, Episode 148, total_loss: 1386.51953125, q_loss 1385.1312255859375, v_loss 1.3883380889892578 ,lr 0.01
INFO:root:epoch 1, Episode 149, total_loss: 1743.2918701171875, q_loss 1742.06396484375, v_loss 1.227900505065918 ,lr 0.01
INFO:root:epoch 1, Episode 150, total_loss: 2018.572509765625, q_loss 2017.441162109375, v_loss 1.1312952041625977 ,lr 0.01
INFO:root:val_loss 113.59923553466797
INFO:root:epoch 1, Episode 151, total_loss: 1713.40869140625, q_loss 1712.179443359375, v_loss 1.2292289733886719 ,lr 0.01
INFO:root:epoch 1, Episode 152, total_loss: 2458.653076171875, q_loss 2456.793701171875, v_loss 1.8594284057617188 ,lr 0.01
INFO:root:epoch 1, Episode 153, total_loss: 3971.739013671875, q_loss 3970.099609375, v_loss 1.6393976211547852 ,lr 0.01
INFO:root:epoch 1, Episode 154, total_loss: 985.225341796875, q_loss 984.4341430664062, v_loss 0.7911930084228516 ,lr 0.01
INFO:root:epoch 1, Episode 155, total_loss: 1453.759033203125, q_loss 1452.75927734375, v_loss 0.9998092651367188 ,lr 0.01
INFO:root:epoch 1, Episode 156, total_loss: 2099.413330078125, q_loss 2098.2099609375, v_loss 1.2034082412719727 ,lr 0.01
INFO:root:epoch 1, Episode 157, total_loss: 1431.9844970703125, q_loss 1430.8758544921875, v_loss 1.108633041381836 ,lr 0.01
INFO:root:epoch 1, Episode 158, total_loss: 3474.517578125, q_loss 3473.044921875, v_loss 1.4727535247802734 ,lr 0.01
INFO:root:epoch 1, Episode 159, total_loss: 1680.5859375, q_loss 1679.2613525390625, v_loss 1.3245601654052734 ,lr 0.01
INFO:root:epoch 1, Episode 160, total_loss: 1964.971923828125, q_loss 1963.649169921875, v_loss 1.322723388671875 ,lr 0.01
INFO:root:epoch 1, Episode 161, total_loss: 2362.4755859375, q_loss 2361.17138671875, v_loss 1.3041324615478516 ,lr 0.01
INFO:root:epoch 1, Episode 162, total_loss: 1993.143798828125, q_loss 1992.0838623046875, v_loss 1.0599746704101562 ,lr 0.01
INFO:root:epoch 1, Episode 163, total_loss: 1619.188232421875, q_loss 1618.2598876953125, v_loss 0.9283199310302734 ,lr 0.01
INFO:root:epoch 1, Episode 164, total_loss: 1958.28271484375, q_loss 1957.3455810546875, v_loss 0.9371089935302734 ,lr 0.01
INFO:root:epoch 1, Episode 165, total_loss: 3339.079833984375, q_loss 3337.122802734375, v_loss 1.9571514129638672 ,lr 0.01
INFO:root:epoch 1, Episode 166, total_loss: 2086.496337890625, q_loss 2085.223876953125, v_loss 1.2724800109863281 ,lr 0.01
INFO:root:epoch 1, Episode 167, total_loss: 3020.545654296875, q_loss 3019.132568359375, v_loss 1.413034439086914 ,lr 0.01
INFO:root:epoch 1, Episode 168, total_loss: 1683.4176025390625, q_loss 1681.66845703125, v_loss 1.749185562133789 ,lr 0.01
INFO:root:epoch 1, Episode 169, total_loss: 1834.807861328125, q_loss 1833.0821533203125, v_loss 1.7257575988769531 ,lr 0.01
INFO:root:epoch 1, Episode 170, total_loss: 646.9854125976562, q_loss 646.0816650390625, v_loss 0.9037723541259766 ,lr 0.01
INFO:root:epoch 1, Episode 171, total_loss: 1764.8912353515625, q_loss 1763.8121337890625, v_loss 1.0791473388671875 ,lr 0.01
INFO:root:epoch 1, Episode 172, total_loss: 4028.681396484375, q_loss 4026.0234375, v_loss 2.6580352783203125 ,lr 0.01
INFO:root:epoch 1, Episode 173, total_loss: 1640.4058837890625, q_loss 1637.4805908203125, v_loss 2.9253196716308594 ,lr 0.01
INFO:root:epoch 1, Episode 174, total_loss: 1333.66064453125, q_loss 1330.2296142578125, v_loss 3.431072235107422 ,lr 0.01
INFO:root:epoch 1, Episode 175, total_loss: 3972.244384765625, q_loss 3966.535888671875, v_loss 5.7084197998046875 ,lr 0.01
INFO:root:epoch 1, Episode 176, total_loss: 1818.533447265625, q_loss 1817.0068359375, v_loss 1.5266094207763672 ,lr 0.01
INFO:root:epoch 1, Episode 177, total_loss: 2266.022216796875, q_loss 2263.155517578125, v_loss 2.8667774200439453 ,lr 0.01
INFO:root:epoch 1, Episode 178, total_loss: 1354.010986328125, q_loss 1352.42724609375, v_loss 1.5836830139160156 ,lr 0.01
INFO:root:epoch 1, Episode 179, total_loss: 2270.918701171875, q_loss 2268.2275390625, v_loss 2.691143035888672 ,lr 0.01
INFO:root:epoch 1, Episode 180, total_loss: 1372.95556640625, q_loss 1371.132568359375, v_loss 1.8230323791503906 ,lr 0.01
INFO:root:epoch 1, Episode 181, total_loss: 1738.835205078125, q_loss 1736.5472412109375, v_loss 2.28802490234375 ,lr 0.01
INFO:root:epoch 1, Episode 182, total_loss: 1717.1229248046875, q_loss 1715.2728271484375, v_loss 1.8501129150390625 ,lr 0.01
INFO:root:epoch 1, Episode 183, total_loss: 1711.988037109375, q_loss 1710.45361328125, v_loss 1.5344619750976562 ,lr 0.01
INFO:root:epoch 1, Episode 184, total_loss: 2644.365478515625, q_loss 2643.675537109375, v_loss 0.6899642944335938 ,lr 0.01
INFO:root:epoch 1, Episode 185, total_loss: 2523.7060546875, q_loss 2521.919189453125, v_loss 1.786813735961914 ,lr 0.01
INFO:root:epoch 1, Episode 186, total_loss: 2167.5205078125, q_loss 2165.428955078125, v_loss 2.0915603637695312 ,lr 0.01
INFO:root:epoch 1, Episode 187, total_loss: 1543.464599609375, q_loss 1542.03076171875, v_loss 1.4338741302490234 ,lr 0.01
INFO:root:epoch 1, Episode 188, total_loss: 2571.23828125, q_loss 2569.399169921875, v_loss 1.839141845703125 ,lr 0.01
INFO:root:epoch 1, Episode 189, total_loss: 2859.788818359375, q_loss 2858.345947265625, v_loss 1.4427528381347656 ,lr 0.01
INFO:root:epoch 1, Episode 190, total_loss: 1656.024658203125, q_loss 1654.4339599609375, v_loss 1.590707778930664 ,lr 0.01
INFO:root:epoch 1, Episode 191, total_loss: 2770.53857421875, q_loss 2768.74853515625, v_loss 1.7900009155273438 ,lr 0.01
INFO:root:epoch 1, Episode 192, total_loss: 1487.1444091796875, q_loss 1486.06201171875, v_loss 1.0823707580566406 ,lr 0.01
INFO:root:epoch 1, Episode 193, total_loss: 875.8629150390625, q_loss 874.9034423828125, v_loss 0.9594993591308594 ,lr 0.01
INFO:root:epoch 1, Episode 194, total_loss: 1631.9593505859375, q_loss 1630.267578125, v_loss 1.6917457580566406 ,lr 0.01
INFO:root:epoch 1, Episode 195, total_loss: 1884.591552734375, q_loss 1882.204833984375, v_loss 2.3866729736328125 ,lr 0.01
INFO:root:epoch 1, Episode 196, total_loss: 2252.565185546875, q_loss 2250.560546875, v_loss 2.004657745361328 ,lr 0.01
INFO:root:epoch 1, Episode 197, total_loss: 1490.513427734375, q_loss 1488.22998046875, v_loss 2.283458709716797 ,lr 0.01
INFO:root:epoch 1, Episode 198, total_loss: 3291.08837890625, q_loss 3285.40576171875, v_loss 5.682514190673828 ,lr 0.01
INFO:root:epoch 1, Episode 199, total_loss: 1688.7171630859375, q_loss 1685.3046875, v_loss 3.4124679565429688 ,lr 0.01
INFO:root:epoch 1, Episode 200, total_loss: 1467.1805419921875, q_loss 1464.544921875, v_loss 2.6356201171875 ,lr 0.01
INFO:root:val_loss 1209.6007080078125
INFO:root:epoch 1, Episode 201, total_loss: 2395.71044921875, q_loss 2390.71044921875, v_loss 5.000095367431641 ,lr 0.01
INFO:root:epoch 1, Episode 202, total_loss: 2112.668701171875, q_loss 2107.941162109375, v_loss 4.727603912353516 ,lr 0.01
INFO:root:epoch 1, Episode 203, total_loss: 2143.98974609375, q_loss 2138.077880859375, v_loss 5.911869049072266 ,lr 0.01
INFO:root:epoch 1, Episode 204, total_loss: 2415.07080078125, q_loss 2410.611083984375, v_loss 4.459827423095703 ,lr 0.01
INFO:root:epoch 1, Episode 205, total_loss: 1041.137451171875, q_loss 1039.7987060546875, v_loss 1.3387985229492188 ,lr 0.01
INFO:root:epoch 1, Episode 206, total_loss: 773.01953125, q_loss 771.4411010742188, v_loss 1.5784568786621094 ,lr 0.01
INFO:root:epoch 1, Episode 207, total_loss: 1499.0357666015625, q_loss 1495.65869140625, v_loss 3.377063751220703 ,lr 0.01
INFO:root:epoch 1, Episode 208, total_loss: 1431.66162109375, q_loss 1427.02587890625, v_loss 4.6356964111328125 ,lr 0.01
INFO:root:epoch 1, Episode 209, total_loss: 1493.899658203125, q_loss 1488.3232421875, v_loss 5.576438903808594 ,lr 0.01
INFO:root:epoch 1, Episode 210, total_loss: 3405.79296875, q_loss 3399.677001953125, v_loss 6.116058349609375 ,lr 0.01
INFO:root:epoch 1, Episode 211, total_loss: 1056.8994140625, q_loss 1055.3243408203125, v_loss 1.5751266479492188 ,lr 0.01
INFO:root:epoch 1, Episode 212, total_loss: 2186.4677734375, q_loss 2184.489501953125, v_loss 1.9782257080078125 ,lr 0.01
INFO:root:epoch 1, Episode 213, total_loss: 1616.4769287109375, q_loss 1614.4700927734375, v_loss 2.006824493408203 ,lr 0.01
INFO:root:epoch 1, Episode 214, total_loss: 2305.1904296875, q_loss 2300.2705078125, v_loss 4.9200286865234375 ,lr 0.01
INFO:root:epoch 1, Episode 215, total_loss: 1973.6705322265625, q_loss 1971.02978515625, v_loss 2.6407470703125 ,lr 0.01
INFO:root:epoch 1, Episode 216, total_loss: 1483.46923828125, q_loss 1480.576904296875, v_loss 2.892375946044922 ,lr 0.01
INFO:root:epoch 1, Episode 217, total_loss: 1700.3681640625, q_loss 1696.3704833984375, v_loss 3.9976272583007812 ,lr 0.01
INFO:root:epoch 1, Episode 218, total_loss: 2541.4921875, q_loss 2535.7890625, v_loss 5.70306396484375 ,lr 0.01
INFO:root:epoch 1, Episode 219, total_loss: 2643.60546875, q_loss 2637.52783203125, v_loss 6.077655792236328 ,lr 0.01
INFO:root:epoch 1, Episode 220, total_loss: 1339.480224609375, q_loss 1337.386962890625, v_loss 2.09320068359375 ,lr 0.01
INFO:root:epoch 1, Episode 221, total_loss: 1974.2451171875, q_loss 1972.5570068359375, v_loss 1.6881637573242188 ,lr 0.01
INFO:root:epoch 1, Episode 222, total_loss: 1463.5738525390625, q_loss 1461.3701171875, v_loss 2.2037887573242188 ,lr 0.01
INFO:root:epoch 1, Episode 223, total_loss: 2242.39208984375, q_loss 2239.6767578125, v_loss 2.7154502868652344 ,lr 0.01
INFO:root:epoch 1, Episode 224, total_loss: 3537.39501953125, q_loss 3533.71142578125, v_loss 3.6836700439453125 ,lr 0.01
INFO:root:epoch 1, Episode 225, total_loss: 1253.021240234375, q_loss 1247.1201171875, v_loss 5.9011688232421875 ,lr 0.01
INFO:root:epoch 1, Episode 226, total_loss: 1858.5035400390625, q_loss 1848.4586181640625, v_loss 10.044944763183594 ,lr 0.01
INFO:root:epoch 1, Episode 227, total_loss: 1715.248291015625, q_loss 1708.350341796875, v_loss 6.897907257080078 ,lr 0.01
INFO:root:epoch 1, Episode 228, total_loss: 1687.4595947265625, q_loss 1681.1614990234375, v_loss 6.298118591308594 ,lr 0.01
INFO:root:epoch 1, Episode 229, total_loss: 1869.2308349609375, q_loss 1867.3670654296875, v_loss 1.8638191223144531 ,lr 0.01
INFO:root:epoch 1, Episode 230, total_loss: 2803.5703125, q_loss 2797.572509765625, v_loss 5.997802734375 ,lr 0.01
INFO:root:epoch 1, Episode 231, total_loss: 2105.093017578125, q_loss 2100.31494140625, v_loss 4.778106689453125 ,lr 0.01
INFO:root:epoch 1, Episode 232, total_loss: 2721.607421875, q_loss 2718.465087890625, v_loss 3.1424560546875 ,lr 0.01
INFO:root:epoch 1, Episode 233, total_loss: 3157.254638671875, q_loss 3149.23583984375, v_loss 8.01885986328125 ,lr 0.01
INFO:root:epoch 1, Episode 234, total_loss: 1465.9134521484375, q_loss 1463.10009765625, v_loss 2.8133392333984375 ,lr 0.01
INFO:root:epoch 1, Episode 235, total_loss: 2981.80322265625, q_loss 2975.55908203125, v_loss 6.244232177734375 ,lr 0.01
INFO:root:epoch 1, Episode 236, total_loss: 2663.45361328125, q_loss 2661.292236328125, v_loss 2.16143798828125 ,lr 0.01
INFO:root:epoch 1, Episode 237, total_loss: 1503.540283203125, q_loss 1499.7940673828125, v_loss 3.7462310791015625 ,lr 0.01
INFO:root:epoch 1, Episode 238, total_loss: 1938.133056640625, q_loss 1932.8253173828125, v_loss 5.307792663574219 ,lr 0.01
INFO:root:epoch 1, Episode 239, total_loss: 1275.578369140625, q_loss 1271.38232421875, v_loss 4.1960601806640625 ,lr 0.01
INFO:root:epoch 1, Episode 240, total_loss: 1352.5968017578125, q_loss 1350.273681640625, v_loss 2.3230667114257812 ,lr 0.01
INFO:root:epoch 1, Episode 241, total_loss: 3323.635986328125, q_loss 3322.088623046875, v_loss 1.54736328125 ,lr 0.01
INFO:root:epoch 1, Episode 242, total_loss: 1480.9400634765625, q_loss 1478.5205078125, v_loss 2.4195938110351562 ,lr 0.01
INFO:root:epoch 1, Episode 243, total_loss: 1545.7027587890625, q_loss 1542.1446533203125, v_loss 3.5581588745117188 ,lr 0.01
INFO:root:epoch 1, Episode 244, total_loss: 1234.9359130859375, q_loss 1231.064453125, v_loss 3.8714218139648438 ,lr 0.01
INFO:root:epoch 1, Episode 245, total_loss: 1322.1348876953125, q_loss 1318.321044921875, v_loss 3.8138504028320312 ,lr 0.01
INFO:root:epoch 1, Episode 246, total_loss: 1605.302001953125, q_loss 1598.2386474609375, v_loss 7.063331604003906 ,lr 0.01
INFO:root:epoch 1, Episode 247, total_loss: 3145.271240234375, q_loss 3135.419921875, v_loss 9.851387023925781 ,lr 0.01
INFO:root:epoch 1, Episode 248, total_loss: 3816.844482421875, q_loss 3807.6923828125, v_loss 9.152000427246094 ,lr 0.01
INFO:root:epoch 1, Episode 249, total_loss: 1009.0918579101562, q_loss 1006.8096923828125, v_loss 2.28216552734375 ,lr 0.01
INFO:root:epoch 1, Episode 250, total_loss: 1372.4434814453125, q_loss 1370.8397216796875, v_loss 1.6037750244140625 ,lr 0.01
INFO:root:val_loss 195.19964599609375
INFO:root:epoch 1, Episode 251, total_loss: 1780.34423828125, q_loss 1768.1363525390625, v_loss 12.207893371582031 ,lr 0.01
INFO:root:epoch 1, Episode 252, total_loss: 1939.830078125, q_loss 1926.72802734375, v_loss 13.102066040039062 ,lr 0.01
INFO:root:epoch 1, Episode 253, total_loss: 1400.2493896484375, q_loss 1389.3389892578125, v_loss 10.910408020019531 ,lr 0.01
INFO:root:epoch 1, Episode 254, total_loss: 1083.381591796875, q_loss 1078.0042724609375, v_loss 5.377296447753906 ,lr 0.01
INFO:root:epoch 1, Episode 255, total_loss: 1466.8997802734375, q_loss 1464.8251953125, v_loss 2.0746078491210938 ,lr 0.01
INFO:root:epoch 1, Episode 256, total_loss: 2963.188720703125, q_loss 2959.1259765625, v_loss 4.062828063964844 ,lr 0.01
INFO:root:epoch 1, Episode 257, total_loss: 1289.595947265625, q_loss 1286.5589599609375, v_loss 3.0369796752929688 ,lr 0.01
INFO:root:epoch 1, Episode 258, total_loss: 1674.6204833984375, q_loss 1670.3060302734375, v_loss 4.314430236816406 ,lr 0.01
INFO:root:epoch 1, Episode 259, total_loss: 2089.7666015625, q_loss 2086.066162109375, v_loss 3.7004547119140625 ,lr 0.01
INFO:root:epoch 1, Episode 260, total_loss: 7996.78076171875, q_loss 7985.9208984375, v_loss 10.859939575195312 ,lr 0.01
INFO:root:epoch 1, Episode 261, total_loss: 1753.3228759765625, q_loss 1748.7933349609375, v_loss 4.529533386230469 ,lr 0.01
INFO:root:epoch 1, Episode 262, total_loss: 2477.741943359375, q_loss 2469.5048828125, v_loss 8.23699951171875 ,lr 0.01
INFO:root:epoch 1, Episode 263, total_loss: 2567.083740234375, q_loss 2557.81298828125, v_loss 9.270713806152344 ,lr 0.01
INFO:root:epoch 1, Episode 264, total_loss: 1873.5714111328125, q_loss 1861.366943359375, v_loss 12.204448699951172 ,lr 0.01
INFO:root:epoch 1, Episode 265, total_loss: 1253.8604736328125, q_loss 1245.2388916015625, v_loss 8.621532440185547 ,lr 0.01
INFO:root:epoch 1, Episode 266, total_loss: 2212.343017578125, q_loss 2205.93798828125, v_loss 6.404960632324219 ,lr 0.01
INFO:root:epoch 1, Episode 267, total_loss: 1721.7576904296875, q_loss 1719.2877197265625, v_loss 2.469970703125 ,lr 0.01
INFO:root:epoch 1, Episode 268, total_loss: 2162.39990234375, q_loss 2160.104736328125, v_loss 2.2952651977539062 ,lr 0.01
INFO:root:epoch 1, Episode 269, total_loss: 1713.61669921875, q_loss 1711.787841796875, v_loss 1.8288211822509766 ,lr 0.01
INFO:root:epoch 1, Episode 270, total_loss: 1587.7330322265625, q_loss 1586.4241943359375, v_loss 1.3087825775146484 ,lr 0.01
INFO:root:epoch 1, Episode 271, total_loss: 2910.866943359375, q_loss 2907.93603515625, v_loss 2.9310226440429688 ,lr 0.01
INFO:root:epoch 1, Episode 272, total_loss: 2562.2861328125, q_loss 2559.025634765625, v_loss 3.260438919067383 ,lr 0.01
INFO:root:epoch 1, Episode 273, total_loss: 3465.8154296875, q_loss 3462.21044921875, v_loss 3.6049880981445312 ,lr 0.01
INFO:root:epoch 1, Episode 274, total_loss: 1729.489501953125, q_loss 1727.654296875, v_loss 1.835195541381836 ,lr 0.01
INFO:root:epoch 1, Episode 275, total_loss: 2301.933837890625, q_loss 2299.6748046875, v_loss 2.259021759033203 ,lr 0.01
INFO:root:epoch 1, Episode 276, total_loss: 1797.0478515625, q_loss 1794.5736083984375, v_loss 2.474231719970703 ,lr 0.01
INFO:root:epoch 1, Episode 277, total_loss: 1837.668701171875, q_loss 1836.0836181640625, v_loss 1.5851421356201172 ,lr 0.01
INFO:root:epoch 1, Episode 278, total_loss: 2453.301513671875, q_loss 2451.181396484375, v_loss 2.120025634765625 ,lr 0.01
INFO:root:epoch 1, Episode 279, total_loss: 2230.742431640625, q_loss 2228.974365234375, v_loss 1.768136978149414 ,lr 0.01
INFO:root:epoch 1, Episode 280, total_loss: 1813.81005859375, q_loss 1812.3709716796875, v_loss 1.4391250610351562 ,lr 0.01
INFO:root:epoch 1, Episode 281, total_loss: 1901.0684814453125, q_loss 1899.5028076171875, v_loss 1.5656204223632812 ,lr 0.01
INFO:root:epoch 1, Episode 282, total_loss: 1770.7806396484375, q_loss 1769.616943359375, v_loss 1.1637229919433594 ,lr 0.01
INFO:root:epoch 1, Episode 283, total_loss: 842.14404296875, q_loss 841.0618896484375, v_loss 1.082162857055664 ,lr 0.01
INFO:root:epoch 1, Episode 284, total_loss: 5712.34619140625, q_loss 5711.134765625, v_loss 1.2114639282226562 ,lr 0.01
INFO:root:epoch 1, Episode 285, total_loss: 3567.1796875, q_loss 3563.17529296875, v_loss 4.004478454589844 ,lr 0.01
INFO:root:epoch 1, Episode 286, total_loss: 2046.933349609375, q_loss 2044.3797607421875, v_loss 2.553546905517578 ,lr 0.01
INFO:root:epoch 1, Episode 287, total_loss: 1175.8502197265625, q_loss 1172.9439697265625, v_loss 2.906238555908203 ,lr 0.01
INFO:root:epoch 1, Episode 288, total_loss: 1527.8424072265625, q_loss 1525.5723876953125, v_loss 2.269969940185547 ,lr 0.01
INFO:root:epoch 1, Episode 289, total_loss: 1264.2364501953125, q_loss 1261.7730712890625, v_loss 2.4633750915527344 ,lr 0.01
INFO:root:epoch 1, Episode 290, total_loss: 1539.9273681640625, q_loss 1537.479736328125, v_loss 2.4476051330566406 ,lr 0.01
INFO:root:epoch 1, Episode 291, total_loss: 1774.3702392578125, q_loss 1772.4027099609375, v_loss 1.9674758911132812 ,lr 0.01
INFO:root:epoch 1, Episode 292, total_loss: 1867.55126953125, q_loss 1865.8135986328125, v_loss 1.73773193359375 ,lr 0.01
INFO:root:epoch 1, Episode 293, total_loss: 3997.76708984375, q_loss 3991.09765625, v_loss 6.669490814208984 ,lr 0.01
INFO:root:epoch 1, Episode 294, total_loss: 1376.6541748046875, q_loss 1375.255859375, v_loss 1.3982887268066406 ,lr 0.01
INFO:root:epoch 1, Episode 295, total_loss: 2277.263916015625, q_loss 2274.4599609375, v_loss 2.8039703369140625 ,lr 0.01
INFO:root:epoch 1, Episode 296, total_loss: 1844.3807373046875, q_loss 1842.7996826171875, v_loss 1.5810928344726562 ,lr 0.01
INFO:root:epoch 1, Episode 297, total_loss: 1643.3162841796875, q_loss 1641.21142578125, v_loss 2.1048202514648438 ,lr 0.01
INFO:root:epoch 1, Episode 298, total_loss: 1724.578369140625, q_loss 1722.1783447265625, v_loss 2.400035858154297 ,lr 0.01
INFO:root:epoch 1, Episode 299, total_loss: 1282.0155029296875, q_loss 1279.596923828125, v_loss 2.4185791015625 ,lr 0.01
INFO:root:epoch 1, Episode 300, total_loss: 1304.143798828125, q_loss 1302.61083984375, v_loss 1.5329627990722656 ,lr 0.01
INFO:root:val_loss 210.040283203125
INFO:root:epoch 1, Episode 301, total_loss: 2944.00244140625, q_loss 2940.5107421875, v_loss 3.491790771484375 ,lr 0.01
INFO:root:epoch 1, Episode 302, total_loss: 1388.909912109375, q_loss 1387.314453125, v_loss 1.5955009460449219 ,lr 0.01
INFO:root:epoch 1, Episode 303, total_loss: 1712.053466796875, q_loss 1709.677001953125, v_loss 2.3764801025390625 ,lr 0.01
INFO:root:epoch 1, Episode 304, total_loss: 1245.82861328125, q_loss 1243.940185546875, v_loss 1.8884696960449219 ,lr 0.01
INFO:root:epoch 1, Episode 305, total_loss: 2022.9197998046875, q_loss 2019.9625244140625, v_loss 2.9573287963867188 ,lr 0.01
INFO:root:epoch 1, Episode 306, total_loss: 1901.4910888671875, q_loss 1898.64013671875, v_loss 2.850982666015625 ,lr 0.01
INFO:root:epoch 1, Episode 307, total_loss: 935.6781005859375, q_loss 934.1022338867188, v_loss 1.5758438110351562 ,lr 0.01
INFO:root:epoch 1, Episode 308, total_loss: 1673.47216796875, q_loss 1670.8740234375, v_loss 2.59814453125 ,lr 0.01
INFO:root:epoch 1, Episode 309, total_loss: 1881.394287109375, q_loss 1879.1170654296875, v_loss 2.2771835327148438 ,lr 0.01
INFO:root:epoch 1, Episode 310, total_loss: 2809.177001953125, q_loss 2807.6884765625, v_loss 1.4885406494140625 ,lr 0.01
INFO:root:epoch 1, Episode 311, total_loss: 1346.5692138671875, q_loss 1343.7982177734375, v_loss 2.771026611328125 ,lr 0.01
INFO:root:epoch 1, Episode 312, total_loss: 1980.72265625, q_loss 1976.4573974609375, v_loss 4.2653045654296875 ,lr 0.01
INFO:root:epoch 1, Episode 313, total_loss: 2043.6505126953125, q_loss 2040.7158203125, v_loss 2.9347076416015625 ,lr 0.01
INFO:root:epoch 1, Episode 314, total_loss: 1249.8902587890625, q_loss 1247.8521728515625, v_loss 2.0381088256835938 ,lr 0.01
INFO:root:epoch 1, Episode 315, total_loss: 1145.6298828125, q_loss 1143.0028076171875, v_loss 2.6270523071289062 ,lr 0.01
INFO:root:epoch 1, Episode 316, total_loss: 1957.3565673828125, q_loss 1954.031494140625, v_loss 3.325042724609375 ,lr 0.01
INFO:root:epoch 1, Episode 317, total_loss: 1373.6336669921875, q_loss 1371.59814453125, v_loss 2.0355148315429688 ,lr 0.01
INFO:root:epoch 1, Episode 318, total_loss: 1305.354736328125, q_loss 1303.797607421875, v_loss 1.5571060180664062 ,lr 0.01
INFO:root:epoch 1, Episode 319, total_loss: 1615.2625732421875, q_loss 1612.682373046875, v_loss 2.5802459716796875 ,lr 0.01
INFO:root:epoch 1, Episode 320, total_loss: 1394.088134765625, q_loss 1391.191650390625, v_loss 2.8964996337890625 ,lr 0.01
INFO:root:epoch 1, Episode 321, total_loss: 6394.35546875, q_loss 6375.6083984375, v_loss 18.747314453125 ,lr 0.01
INFO:root:epoch 1, Episode 322, total_loss: 2589.719482421875, q_loss 2583.760498046875, v_loss 5.958946228027344 ,lr 0.01
INFO:root:epoch 1, Episode 323, total_loss: 2219.91357421875, q_loss 2215.334228515625, v_loss 4.5792694091796875 ,lr 0.01
INFO:root:epoch 1, Episode 324, total_loss: 1906.7242431640625, q_loss 1903.6431884765625, v_loss 3.0810394287109375 ,lr 0.01
INFO:root:epoch 1, Episode 325, total_loss: 1817.8753662109375, q_loss 1813.643310546875, v_loss 4.232048034667969 ,lr 0.01
INFO:root:epoch 1, Episode 326, total_loss: 2528.148193359375, q_loss 2523.67822265625, v_loss 4.4699249267578125 ,lr 0.01
INFO:root:epoch 1, Episode 327, total_loss: 2413.353515625, q_loss 2409.212890625, v_loss 4.1405029296875 ,lr 0.01
INFO:root:epoch 1, Episode 328, total_loss: 1774.7183837890625, q_loss 1771.5377197265625, v_loss 3.1806488037109375 ,lr 0.01
INFO:root:epoch 1, Episode 329, total_loss: 3037.835693359375, q_loss 3033.532470703125, v_loss 4.30316162109375 ,lr 0.01
INFO:root:epoch 1, Episode 330, total_loss: 3534.697021484375, q_loss 3527.60400390625, v_loss 7.0929718017578125 ,lr 0.01
INFO:root:epoch 1, Episode 331, total_loss: 1232.6146240234375, q_loss 1229.7237548828125, v_loss 2.8909225463867188 ,lr 0.01
INFO:root:epoch 1, Episode 332, total_loss: 1500.169921875, q_loss 1496.40625, v_loss 3.7636871337890625 ,lr 0.01
INFO:root:epoch 1, Episode 333, total_loss: 1694.666259765625, q_loss 1689.3563232421875, v_loss 5.309906005859375 ,lr 0.01
INFO:root:epoch 1, Episode 334, total_loss: 1252.516845703125, q_loss 1248.6845703125, v_loss 3.8322219848632812 ,lr 0.01
INFO:root:epoch 1, Episode 335, total_loss: 1414.3201904296875, q_loss 1410.66748046875, v_loss 3.6526718139648438 ,lr 0.01
INFO:root:epoch 1, Episode 336, total_loss: 1240.359619140625, q_loss 1236.35546875, v_loss 4.0041351318359375 ,lr 0.01
INFO:root:epoch 1, Episode 337, total_loss: 958.80078125, q_loss 955.6146240234375, v_loss 3.186187744140625 ,lr 0.01
INFO:root:epoch 1, Episode 338, total_loss: 3260.7451171875, q_loss 3251.849853515625, v_loss 8.895225524902344 ,lr 0.01
INFO:root:epoch 1, Episode 339, total_loss: 1459.954345703125, q_loss 1454.33447265625, v_loss 5.619834899902344 ,lr 0.01
INFO:root:epoch 1, Episode 340, total_loss: 1405.592529296875, q_loss 1401.97119140625, v_loss 3.6212997436523438 ,lr 0.01
INFO:root:epoch 1, Episode 341, total_loss: 1849.4974365234375, q_loss 1844.2864990234375, v_loss 5.2109375 ,lr 0.01
INFO:root:epoch 1, Episode 342, total_loss: 2874.147216796875, q_loss 2859.4619140625, v_loss 14.685401916503906 ,lr 0.01
INFO:root:epoch 1, Episode 343, total_loss: 2113.24853515625, q_loss 2105.681396484375, v_loss 7.567253112792969 ,lr 0.01
INFO:root:epoch 1, Episode 344, total_loss: 1156.299560546875, q_loss 1151.6474609375, v_loss 4.6521453857421875 ,lr 0.01
INFO:root:epoch 1, Episode 345, total_loss: 1616.92041015625, q_loss 1611.83349609375, v_loss 5.086860656738281 ,lr 0.01
INFO:root:epoch 1, Episode 346, total_loss: 2336.698486328125, q_loss 2312.76708984375, v_loss 23.931411743164062 ,lr 0.01
INFO:root:epoch 1, Episode 347, total_loss: 1609.642822265625, q_loss 1603.1407470703125, v_loss 6.502037048339844 ,lr 0.01
INFO:root:epoch 1, Episode 348, total_loss: 1498.973388671875, q_loss 1492.9039306640625, v_loss 6.0694122314453125 ,lr 0.01
INFO:root:epoch 1, Episode 349, total_loss: 2559.841064453125, q_loss 2549.37060546875, v_loss 10.470527648925781 ,lr 0.01
INFO:root:epoch 1, Episode 350, total_loss: 1044.09716796875, q_loss 1040.501953125, v_loss 3.5952301025390625 ,lr 0.01
INFO:root:val_loss 157.8001251220703
INFO:root:epoch 1, Episode 351, total_loss: 1271.8050537109375, q_loss 1263.5640869140625, v_loss 8.240951538085938 ,lr 0.01
INFO:root:epoch 1, Episode 352, total_loss: 2920.314208984375, q_loss 2911.95703125, v_loss 8.357200622558594 ,lr 0.01
INFO:root:epoch 1, Episode 353, total_loss: 2237.29052734375, q_loss 2227.541259765625, v_loss 9.74920654296875 ,lr 0.01
INFO:root:epoch 1, Episode 354, total_loss: 1990.428955078125, q_loss 1984.3243408203125, v_loss 6.104591369628906 ,lr 0.01
INFO:root:epoch 1, Episode 355, total_loss: 3709.864990234375, q_loss 3704.47021484375, v_loss 5.394813537597656 ,lr 0.01
INFO:root:epoch 1, Episode 356, total_loss: 1988.850830078125, q_loss 1981.22021484375, v_loss 7.6306610107421875 ,lr 0.01
INFO:root:epoch 1, Episode 357, total_loss: 2413.133056640625, q_loss 2400.673095703125, v_loss 12.459983825683594 ,lr 0.01
INFO:root:epoch 1, Episode 358, total_loss: 1805.2900390625, q_loss 1794.41796875, v_loss 10.872108459472656 ,lr 0.01
INFO:root:epoch 1, Episode 359, total_loss: 1876.8157958984375, q_loss 1871.44580078125, v_loss 5.370033264160156 ,lr 0.01
INFO:root:epoch 1, Episode 360, total_loss: 896.76513671875, q_loss 892.6827392578125, v_loss 4.0823822021484375 ,lr 0.01
INFO:root:epoch 1, Episode 361, total_loss: 1131.033447265625, q_loss 1126.9539794921875, v_loss 4.079437255859375 ,lr 0.01
INFO:root:epoch 1, Episode 362, total_loss: 4030.193359375, q_loss 4011.51123046875, v_loss 18.682205200195312 ,lr 0.01
INFO:root:epoch 1, Episode 363, total_loss: 1568.375, q_loss 1563.84228515625, v_loss 4.532661437988281 ,lr 0.01
INFO:root:epoch 1, Episode 364, total_loss: 1442.3883056640625, q_loss 1438.146240234375, v_loss 4.2420196533203125 ,lr 0.01
INFO:root:epoch 1, Episode 365, total_loss: 3312.812744140625, q_loss 3302.335693359375, v_loss 10.477027893066406 ,lr 0.01
INFO:root:epoch 1, Episode 366, total_loss: 875.5152587890625, q_loss 869.99072265625, v_loss 5.524528503417969 ,lr 0.01
INFO:root:epoch 1, Episode 367, total_loss: 954.1182861328125, q_loss 950.1841430664062, v_loss 3.9341583251953125 ,lr 0.01
INFO:root:epoch 1, Episode 368, total_loss: 1685.2198486328125, q_loss 1681.7054443359375, v_loss 3.5143585205078125 ,lr 0.01
INFO:root:epoch 1, Episode 369, total_loss: 1402.774169921875, q_loss 1399.9617919921875, v_loss 2.8123779296875 ,lr 0.01
INFO:root:epoch 1, Episode 370, total_loss: 1317.984375, q_loss 1313.249267578125, v_loss 4.73504638671875 ,lr 0.01
INFO:root:epoch 1, Episode 371, total_loss: 2975.963623046875, q_loss 2966.466552734375, v_loss 9.496994018554688 ,lr 0.01
INFO:root:epoch 1, Episode 372, total_loss: 2286.532470703125, q_loss 2281.24267578125, v_loss 5.289825439453125 ,lr 0.01
INFO:root:epoch 1, Episode 373, total_loss: 1290.9215087890625, q_loss 1288.2022705078125, v_loss 2.71923828125 ,lr 0.01
INFO:root:epoch 1, Episode 374, total_loss: 2745.073486328125, q_loss 2740.52099609375, v_loss 4.552543640136719 ,lr 0.01
INFO:root:epoch 1, Episode 375, total_loss: 3333.8232421875, q_loss 3326.12158203125, v_loss 7.7015838623046875 ,lr 0.01
INFO:root:epoch 1, Episode 376, total_loss: 1879.4805908203125, q_loss 1876.434326171875, v_loss 3.046295166015625 ,lr 0.01
INFO:root:epoch 1, Episode 377, total_loss: 3533.00927734375, q_loss 3521.7216796875, v_loss 11.28753662109375 ,lr 0.01
INFO:root:epoch 1, Episode 378, total_loss: 1666.7734375, q_loss 1661.7008056640625, v_loss 5.07269287109375 ,lr 0.01
INFO:root:epoch 1, Episode 379, total_loss: 1506.81396484375, q_loss 1496.8486328125, v_loss 9.965347290039062 ,lr 0.01
INFO:root:epoch 1, Episode 380, total_loss: 2051.121337890625, q_loss 2040.724609375, v_loss 10.396621704101562 ,lr 0.01
INFO:root:epoch 1, Episode 381, total_loss: 1403.8177490234375, q_loss 1393.859619140625, v_loss 9.958145141601562 ,lr 0.01
INFO:root:epoch 1, Episode 382, total_loss: 1961.66357421875, q_loss 1953.159912109375, v_loss 8.50372314453125 ,lr 0.01
INFO:root:epoch 1, Episode 383, total_loss: 1732.327880859375, q_loss 1724.4810791015625, v_loss 7.8467559814453125 ,lr 0.01
INFO:root:epoch 1, Episode 384, total_loss: 1687.228759765625, q_loss 1678.1258544921875, v_loss 9.102890014648438 ,lr 0.01
INFO:root:epoch 1, Episode 385, total_loss: 1737.4288330078125, q_loss 1729.9490966796875, v_loss 7.4797515869140625 ,lr 0.01
INFO:root:epoch 1, Episode 386, total_loss: 802.1453857421875, q_loss 799.3240966796875, v_loss 2.8213043212890625 ,lr 0.01
INFO:root:epoch 1, Episode 387, total_loss: 1467.249755859375, q_loss 1463.71630859375, v_loss 3.533447265625 ,lr 0.01
INFO:root:epoch 1, Episode 388, total_loss: 1425.447998046875, q_loss 1421.3331298828125, v_loss 4.1148834228515625 ,lr 0.01
INFO:root:epoch 1, Episode 389, total_loss: 1411.40087890625, q_loss 1404.2000732421875, v_loss 7.2008514404296875 ,lr 0.01
INFO:root:epoch 1, Episode 390, total_loss: 1550.9803466796875, q_loss 1543.55322265625, v_loss 7.4271087646484375 ,lr 0.01
INFO:root:epoch 1, Episode 391, total_loss: 1410.3927001953125, q_loss 1401.4854736328125, v_loss 8.907241821289062 ,lr 0.01
INFO:root:epoch 1, Episode 392, total_loss: 1523.8919677734375, q_loss 1521.23486328125, v_loss 2.657073974609375 ,lr 0.01
INFO:root:epoch 1, Episode 393, total_loss: 1001.397705078125, q_loss 998.2679443359375, v_loss 3.1297454833984375 ,lr 0.01
INFO:root:epoch 1, Episode 394, total_loss: 1154.1258544921875, q_loss 1150.876953125, v_loss 3.248931884765625 ,lr 0.01
INFO:root:epoch 1, Episode 395, total_loss: 1448.96923828125, q_loss 1443.59716796875, v_loss 5.372039794921875 ,lr 0.01
INFO:root:epoch 1, Episode 396, total_loss: 1266.27978515625, q_loss 1262.209228515625, v_loss 4.070526123046875 ,lr 0.01
INFO:root:epoch 1, Episode 397, total_loss: 1337.294189453125, q_loss 1333.1824951171875, v_loss 4.111663818359375 ,lr 0.01
INFO:root:epoch 1, Episode 398, total_loss: 3311.198974609375, q_loss 3306.353271484375, v_loss 4.8455963134765625 ,lr 0.01
INFO:root:epoch 1, Episode 399, total_loss: 1068.857666015625, q_loss 1064.6220703125, v_loss 4.235595703125 ,lr 0.01
INFO:root:epoch 1, Episode 400, total_loss: 726.1361083984375, q_loss 723.7898559570312, v_loss 2.34625244140625 ,lr 0.01
INFO:root:val_loss 418.28692626953125
INFO:root:epoch 1, Episode 401, total_loss: 7505.81298828125, q_loss 7462.7958984375, v_loss 43.01702880859375 ,lr 0.01
INFO:root:epoch 1, Episode 402, total_loss: 1236.3536376953125, q_loss 1220.513427734375, v_loss 15.840179443359375 ,lr 0.01
INFO:root:epoch 1, Episode 403, total_loss: 1197.56494140625, q_loss 1179.640625, v_loss 17.92431640625 ,lr 0.01
INFO:root:epoch 1, Episode 404, total_loss: 3122.805908203125, q_loss 3104.478515625, v_loss 18.32745361328125 ,lr 0.01
INFO:root:epoch 1, Episode 405, total_loss: 4136.7021484375, q_loss 4119.30712890625, v_loss 17.395111083984375 ,lr 0.01
INFO:root:epoch 1, Episode 406, total_loss: 3150.7255859375, q_loss 3144.79052734375, v_loss 5.9351043701171875 ,lr 0.01
INFO:root:epoch 1, Episode 407, total_loss: 1475.4385986328125, q_loss 1469.336669921875, v_loss 6.101959228515625 ,lr 0.01
INFO:root:epoch 1, Episode 408, total_loss: 2241.97705078125, q_loss 2231.755126953125, v_loss 10.2218017578125 ,lr 0.01
INFO:root:epoch 1, Episode 409, total_loss: 2049.89599609375, q_loss 2042.182861328125, v_loss 7.71319580078125 ,lr 0.01
INFO:root:epoch 1, Episode 410, total_loss: 5214.31982421875, q_loss 5199.97412109375, v_loss 14.345588684082031 ,lr 0.01
INFO:root:epoch 1, Episode 411, total_loss: 2267.17041015625, q_loss 2259.597900390625, v_loss 7.572441101074219 ,lr 0.01
INFO:root:epoch 1, Episode 412, total_loss: 2014.889892578125, q_loss 2007.4031982421875, v_loss 7.486701965332031 ,lr 0.01
INFO:root:epoch 1, Episode 413, total_loss: 1412.7532958984375, q_loss 1409.5621337890625, v_loss 3.191162109375 ,lr 0.01
INFO:root:epoch 1, Episode 414, total_loss: 1247.35302734375, q_loss 1243.496337890625, v_loss 3.85675048828125 ,lr 0.01
INFO:root:epoch 1, Episode 415, total_loss: 2334.886962890625, q_loss 2330.55126953125, v_loss 4.335693359375 ,lr 0.01
INFO:root:epoch 1, Episode 416, total_loss: 1812.0633544921875, q_loss 1807.796142578125, v_loss 4.2671661376953125 ,lr 0.01
INFO:root:epoch 1, Episode 417, total_loss: 1758.2764892578125, q_loss 1753.4888916015625, v_loss 4.787628173828125 ,lr 0.01
INFO:root:epoch 1, Episode 418, total_loss: 1852.7176513671875, q_loss 1848.0770263671875, v_loss 4.640602111816406 ,lr 0.01
INFO:root:epoch 1, Episode 419, total_loss: 1746.9649658203125, q_loss 1733.2635498046875, v_loss 13.701393127441406 ,lr 0.01
INFO:root:epoch 1, Episode 420, total_loss: 2205.989013671875, q_loss 2195.132568359375, v_loss 10.856376647949219 ,lr 0.01
INFO:root:epoch 1, Episode 421, total_loss: 1455.24365234375, q_loss 1450.977294921875, v_loss 4.2663726806640625 ,lr 0.01
INFO:root:epoch 1, Episode 422, total_loss: 1406.0042724609375, q_loss 1401.18505859375, v_loss 4.8191986083984375 ,lr 0.01
INFO:root:epoch 1, Episode 423, total_loss: 2287.790771484375, q_loss 2280.251708984375, v_loss 7.539176940917969 ,lr 0.01
INFO:root:epoch 1, Episode 424, total_loss: 1730.7442626953125, q_loss 1724.8499755859375, v_loss 5.894340515136719 ,lr 0.01
INFO:root:epoch 1, Episode 425, total_loss: 1347.1300048828125, q_loss 1341.7142333984375, v_loss 5.415748596191406 ,lr 0.01
INFO:root:epoch 1, Episode 426, total_loss: 1322.082275390625, q_loss 1318.43896484375, v_loss 3.6432876586914062 ,lr 0.01
INFO:root:epoch 1, Episode 427, total_loss: 1540.9891357421875, q_loss 1536.284423828125, v_loss 4.704765319824219 ,lr 0.01
INFO:root:epoch 1, Episode 428, total_loss: 1722.4681396484375, q_loss 1717.1883544921875, v_loss 5.279808044433594 ,lr 0.01
INFO:root:epoch 1, Episode 429, total_loss: 1548.359130859375, q_loss 1543.4140625, v_loss 4.945121765136719 ,lr 0.01
INFO:root:epoch 1, Episode 430, total_loss: 2152.30078125, q_loss 2146.670166015625, v_loss 5.630714416503906 ,lr 0.01
INFO:root:epoch 1, Episode 431, total_loss: 1566.7239990234375, q_loss 1563.76953125, v_loss 2.9544296264648438 ,lr 0.01
INFO:root:epoch 1, Episode 432, total_loss: 5886.6162109375, q_loss 5865.41357421875, v_loss 21.2027587890625 ,lr 0.01
INFO:root:epoch 1, Episode 433, total_loss: 1158.6495361328125, q_loss 1155.6844482421875, v_loss 2.9651412963867188 ,lr 0.01
INFO:root:epoch 1, Episode 434, total_loss: 1404.0382080078125, q_loss 1395.614501953125, v_loss 8.423690795898438 ,lr 0.01
INFO:root:epoch 1, Episode 435, total_loss: 1761.3135986328125, q_loss 1755.146484375, v_loss 6.167083740234375 ,lr 0.01
INFO:root:epoch 1, Episode 436, total_loss: 4259.55712890625, q_loss 4247.4169921875, v_loss 12.140342712402344 ,lr 0.01
INFO:root:epoch 1, Episode 437, total_loss: 3577.42431640625, q_loss 3571.59716796875, v_loss 5.8272552490234375 ,lr 0.01
INFO:root:epoch 1, Episode 438, total_loss: 2618.957275390625, q_loss 2613.066162109375, v_loss 5.891151428222656 ,lr 0.01
INFO:root:epoch 1, Episode 439, total_loss: 1513.2603759765625, q_loss 1509.4832763671875, v_loss 3.7770843505859375 ,lr 0.01
INFO:root:epoch 1, Episode 440, total_loss: 2070.217529296875, q_loss 2064.212158203125, v_loss 6.005302429199219 ,lr 0.01
INFO:root:epoch 1, Episode 441, total_loss: 1989.2646484375, q_loss 1983.2254638671875, v_loss 6.0391387939453125 ,lr 0.01
INFO:root:epoch 1, Episode 442, total_loss: 2711.385498046875, q_loss 2706.407958984375, v_loss 4.977653503417969 ,lr 0.01
INFO:root:epoch 1, Episode 443, total_loss: 1691.04443359375, q_loss 1684.7960205078125, v_loss 6.2484130859375 ,lr 0.01
INFO:root:epoch 1, Episode 444, total_loss: 1376.5089111328125, q_loss 1372.35498046875, v_loss 4.1539154052734375 ,lr 0.01
INFO:root:epoch 1, Episode 445, total_loss: 1580.1861572265625, q_loss 1573.5513916015625, v_loss 6.634735107421875 ,lr 0.01
INFO:root:epoch 1, Episode 446, total_loss: 2486.734375, q_loss 2480.05224609375, v_loss 6.682029724121094 ,lr 0.01
INFO:root:epoch 1, Episode 447, total_loss: 1233.1947021484375, q_loss 1229.89453125, v_loss 3.3001708984375 ,lr 0.01
INFO:root:epoch 1, Episode 448, total_loss: 1601.6885986328125, q_loss 1596.042236328125, v_loss 5.646392822265625 ,lr 0.01
INFO:root:epoch 1, Episode 449, total_loss: 1847.5242919921875, q_loss 1837.9581298828125, v_loss 9.566131591796875 ,lr 0.01
INFO:root:epoch 1, Episode 450, total_loss: 1313.2518310546875, q_loss 1307.740234375, v_loss 5.5115814208984375 ,lr 0.01
INFO:root:val_loss 215.90301513671875
INFO:root:epoch 1, Episode 451, total_loss: 1317.493408203125, q_loss 1312.4951171875, v_loss 4.9983062744140625 ,lr 0.01
INFO:root:epoch 1, Episode 452, total_loss: 3004.156005859375, q_loss 2996.291259765625, v_loss 7.864860534667969 ,lr 0.01
INFO:root:epoch 1, Episode 453, total_loss: 1286.4468994140625, q_loss 1281.4659423828125, v_loss 4.9810028076171875 ,lr 0.01
INFO:root:epoch 1, Episode 454, total_loss: 1258.9405517578125, q_loss 1254.0992431640625, v_loss 4.84130859375 ,lr 0.01
INFO:root:epoch 1, Episode 455, total_loss: 1460.6661376953125, q_loss 1458.5518798828125, v_loss 2.1142196655273438 ,lr 0.01
INFO:root:epoch 1, Episode 456, total_loss: 1441.27685546875, q_loss 1437.8385009765625, v_loss 3.438385009765625 ,lr 0.01
INFO:root:epoch 1, Episode 457, total_loss: 2930.191162109375, q_loss 2927.292236328125, v_loss 2.89886474609375 ,lr 0.01
INFO:root:epoch 1, Episode 458, total_loss: 1181.05810546875, q_loss 1178.019775390625, v_loss 3.0382843017578125 ,lr 0.01
INFO:root:epoch 1, Episode 459, total_loss: 1451.953125, q_loss 1448.83349609375, v_loss 3.1196517944335938 ,lr 0.01
INFO:root:epoch 1, Episode 460, total_loss: 1010.34033203125, q_loss 1007.3056640625, v_loss 3.03466796875 ,lr 0.01
INFO:root:epoch 1, Episode 461, total_loss: 1443.1572265625, q_loss 1440.093017578125, v_loss 3.064239501953125 ,lr 0.01
INFO:root:epoch 1, Episode 462, total_loss: 1591.662841796875, q_loss 1581.4815673828125, v_loss 10.181243896484375 ,lr 0.01
INFO:root:epoch 1, Episode 463, total_loss: 945.635498046875, q_loss 942.3655395507812, v_loss 3.2699737548828125 ,lr 0.01
INFO:root:epoch 1, Episode 464, total_loss: 1105.4434814453125, q_loss 1101.671142578125, v_loss 3.772369384765625 ,lr 0.01
INFO:root:epoch 1, Episode 465, total_loss: 1387.3289794921875, q_loss 1382.9503173828125, v_loss 4.3786468505859375 ,lr 0.01
INFO:root:epoch 1, Episode 466, total_loss: 1813.6077880859375, q_loss 1810.13916015625, v_loss 3.4686431884765625 ,lr 0.01
INFO:root:epoch 1, Episode 467, total_loss: 1470.9580078125, q_loss 1466.8739013671875, v_loss 4.0841064453125 ,lr 0.01
INFO:root:epoch 1, Episode 468, total_loss: 1800.1048583984375, q_loss 1796.2174072265625, v_loss 3.887451171875 ,lr 0.01
INFO:root:epoch 1, Episode 469, total_loss: 1059.83056640625, q_loss 1056.5673828125, v_loss 3.26324462890625 ,lr 0.01
INFO:root:epoch 1, Episode 470, total_loss: 1069.495849609375, q_loss 1065.3367919921875, v_loss 4.15899658203125 ,lr 0.01
INFO:root:epoch 1, Episode 471, total_loss: 1697.5997314453125, q_loss 1691.83642578125, v_loss 5.7633056640625 ,lr 0.01
INFO:root:epoch 1, Episode 472, total_loss: 2618.94091796875, q_loss 2609.177978515625, v_loss 9.76287841796875 ,lr 0.01
INFO:root:epoch 1, Episode 473, total_loss: 1541.9296875, q_loss 1537.57373046875, v_loss 4.355987548828125 ,lr 0.01
INFO:root:epoch 1, Episode 474, total_loss: 1925.202392578125, q_loss 1917.0977783203125, v_loss 8.10455322265625 ,lr 0.01
INFO:root:epoch 1, Episode 475, total_loss: 1357.6263427734375, q_loss 1354.572998046875, v_loss 3.0532989501953125 ,lr 0.01
INFO:root:epoch 1, Episode 476, total_loss: 1387.7791748046875, q_loss 1381.182373046875, v_loss 6.596832275390625 ,lr 0.01
INFO:root:epoch 1, Episode 477, total_loss: 1583.2227783203125, q_loss 1577.4129638671875, v_loss 5.809814453125 ,lr 0.01
INFO:root:epoch 1, Episode 478, total_loss: 2244.420654296875, q_loss 2234.23193359375, v_loss 10.18865966796875 ,lr 0.01
INFO:root:epoch 1, Episode 479, total_loss: 1618.177001953125, q_loss 1611.2080078125, v_loss 6.968994140625 ,lr 0.01
INFO:root:epoch 1, Episode 480, total_loss: 907.8023681640625, q_loss 901.6957397460938, v_loss 6.10662841796875 ,lr 0.01
INFO:root:epoch 1, Episode 481, total_loss: 2536.11474609375, q_loss 2525.705322265625, v_loss 10.409439086914062 ,lr 0.01
INFO:root:epoch 1, Episode 482, total_loss: 1136.7449951171875, q_loss 1129.00390625, v_loss 7.7410888671875 ,lr 0.01
INFO:root:epoch 1, Episode 483, total_loss: 1694.835205078125, q_loss 1690.8187255859375, v_loss 4.01641845703125 ,lr 0.01
INFO:root:epoch 1, Episode 484, total_loss: 2334.69580078125, q_loss 2325.12353515625, v_loss 9.572296142578125 ,lr 0.01
INFO:root:epoch 1, Episode 485, total_loss: 1108.5511474609375, q_loss 1103.2816162109375, v_loss 5.269500732421875 ,lr 0.01
INFO:root:epoch 1, Episode 486, total_loss: 1528.1578369140625, q_loss 1525.3037109375, v_loss 2.854156494140625 ,lr 0.01
INFO:root:epoch 1, Episode 487, total_loss: 1347.5489501953125, q_loss 1343.3455810546875, v_loss 4.203369140625 ,lr 0.01
INFO:root:epoch 1, Episode 488, total_loss: 1004.2542114257812, q_loss 1001.958251953125, v_loss 2.2959442138671875 ,lr 0.01
INFO:root:epoch 1, Episode 489, total_loss: 1449.44384765625, q_loss 1442.772216796875, v_loss 6.6716156005859375 ,lr 0.01
INFO:root:epoch 1, Episode 490, total_loss: 3215.577392578125, q_loss 3209.703125, v_loss 5.8741912841796875 ,lr 0.01
INFO:root:epoch 1, Episode 491, total_loss: 1443.557373046875, q_loss 1434.1165771484375, v_loss 9.44085693359375 ,lr 0.01
INFO:root:epoch 1, Episode 492, total_loss: 2139.77783203125, q_loss 2132.313720703125, v_loss 7.4641265869140625 ,lr 0.01
INFO:root:epoch 1, Episode 493, total_loss: 1451.541259765625, q_loss 1448.0203857421875, v_loss 3.5208282470703125 ,lr 0.01
INFO:root:epoch 1, Episode 494, total_loss: 871.42431640625, q_loss 868.3689575195312, v_loss 3.055328369140625 ,lr 0.01
INFO:root:epoch 1, Episode 495, total_loss: 1671.8780517578125, q_loss 1669.1683349609375, v_loss 2.7097625732421875 ,lr 0.01
INFO:root:epoch 1, Episode 496, total_loss: 2011.694091796875, q_loss 1999.419677734375, v_loss 12.274383544921875 ,lr 0.01
INFO:root:epoch 1, Episode 497, total_loss: 2109.383056640625, q_loss 2104.74755859375, v_loss 4.635589599609375 ,lr 0.01
INFO:root:epoch 1, Episode 498, total_loss: 2822.503662109375, q_loss 2801.609375, v_loss 20.894302368164062 ,lr 0.01
INFO:root:epoch 1, Episode 499, total_loss: 1488.181884765625, q_loss 1481.3284912109375, v_loss 6.8533935546875 ,lr 0.01
INFO:root:epoch 2, Episode 0, total_loss: 1847.9490966796875, q_loss 1831.81640625, v_loss 16.132720947265625 ,lr 0.001
INFO:root:val_loss 288.0445556640625
INFO:root:epoch 2, Episode 1, total_loss: 880.5895385742188, q_loss 871.4597778320312, v_loss 9.129745483398438 ,lr 0.001
INFO:root:epoch 2, Episode 2, total_loss: 609.693359375, q_loss 599.7177124023438, v_loss 9.975662231445312 ,lr 0.001
INFO:root:epoch 2, Episode 3, total_loss: 1597.4085693359375, q_loss 1587.7857666015625, v_loss 9.622833251953125 ,lr 0.001
INFO:root:epoch 2, Episode 4, total_loss: 1948.8480224609375, q_loss 1939.2091064453125, v_loss 9.638900756835938 ,lr 0.001
INFO:root:epoch 2, Episode 5, total_loss: 2007.163330078125, q_loss 1995.7548828125, v_loss 11.40850830078125 ,lr 0.001
INFO:root:epoch 2, Episode 6, total_loss: 2821.496826171875, q_loss 2810.630615234375, v_loss 10.866180419921875 ,lr 0.001
INFO:root:epoch 2, Episode 7, total_loss: 2613.705810546875, q_loss 2580.419921875, v_loss 33.285888671875 ,lr 0.001
INFO:root:epoch 2, Episode 8, total_loss: 1398.618408203125, q_loss 1390.490234375, v_loss 8.128219604492188 ,lr 0.001
INFO:root:epoch 2, Episode 9, total_loss: 1706.046630859375, q_loss 1687.068603515625, v_loss 18.978057861328125 ,lr 0.001
INFO:root:epoch 2, Episode 10, total_loss: 2956.329833984375, q_loss 2937.430419921875, v_loss 18.899368286132812 ,lr 0.001
INFO:root:epoch 2, Episode 11, total_loss: 1221.8275146484375, q_loss 1218.8226318359375, v_loss 3.004913330078125 ,lr 0.001
INFO:root:epoch 2, Episode 12, total_loss: 1156.0814208984375, q_loss 1152.2100830078125, v_loss 3.871368408203125 ,lr 0.001
INFO:root:epoch 2, Episode 13, total_loss: 1663.2359619140625, q_loss 1656.896240234375, v_loss 6.3397674560546875 ,lr 0.001
INFO:root:epoch 2, Episode 14, total_loss: 1976.556884765625, q_loss 1972.62060546875, v_loss 3.936248779296875 ,lr 0.001
INFO:root:epoch 2, Episode 15, total_loss: 1569.849365234375, q_loss 1565.65869140625, v_loss 4.190643310546875 ,lr 0.001
INFO:root:epoch 2, Episode 16, total_loss: 2069.75732421875, q_loss 2058.404541015625, v_loss 11.352874755859375 ,lr 0.001
INFO:root:epoch 2, Episode 17, total_loss: 1791.2310791015625, q_loss 1782.34375, v_loss 8.887359619140625 ,lr 0.001
INFO:root:epoch 2, Episode 18, total_loss: 2152.306640625, q_loss 2145.384033203125, v_loss 6.9227142333984375 ,lr 0.001
INFO:root:epoch 2, Episode 19, total_loss: 1329.701171875, q_loss 1325.7437744140625, v_loss 3.95745849609375 ,lr 0.001
INFO:root:epoch 2, Episode 20, total_loss: 1644.184814453125, q_loss 1639.6644287109375, v_loss 4.52032470703125 ,lr 0.001
INFO:root:epoch 2, Episode 21, total_loss: 2026.6611328125, q_loss 2019.7137451171875, v_loss 6.9473419189453125 ,lr 0.001
INFO:root:epoch 2, Episode 22, total_loss: 2626.550048828125, q_loss 2621.154296875, v_loss 5.395751953125 ,lr 0.001
INFO:root:epoch 2, Episode 23, total_loss: 1573.348876953125, q_loss 1566.6461181640625, v_loss 6.7027130126953125 ,lr 0.001
INFO:root:epoch 2, Episode 24, total_loss: 1157.212890625, q_loss 1153.71337890625, v_loss 3.4994964599609375 ,lr 0.001
INFO:root:epoch 2, Episode 25, total_loss: 1301.229736328125, q_loss 1296.2796630859375, v_loss 4.950042724609375 ,lr 0.001
INFO:root:epoch 2, Episode 26, total_loss: 1289.233642578125, q_loss 1285.579833984375, v_loss 3.6538543701171875 ,lr 0.001
INFO:root:epoch 2, Episode 27, total_loss: 2642.9892578125, q_loss 2640.62060546875, v_loss 2.3686981201171875 ,lr 0.001
INFO:root:epoch 2, Episode 28, total_loss: 1017.66357421875, q_loss 1014.7876586914062, v_loss 2.8759307861328125 ,lr 0.001
INFO:root:epoch 2, Episode 29, total_loss: 1985.728759765625, q_loss 1979.7471923828125, v_loss 5.98162841796875 ,lr 0.001
INFO:root:epoch 2, Episode 30, total_loss: 1186.987060546875, q_loss 1184.193115234375, v_loss 2.79400634765625 ,lr 0.001
INFO:root:epoch 2, Episode 31, total_loss: 2390.71923828125, q_loss 2380.089599609375, v_loss 10.629531860351562 ,lr 0.001
INFO:root:epoch 2, Episode 32, total_loss: 1302.060791015625, q_loss 1298.9468994140625, v_loss 3.113861083984375 ,lr 0.001
INFO:root:epoch 2, Episode 33, total_loss: 2529.46240234375, q_loss 2521.8955078125, v_loss 7.5669708251953125 ,lr 0.001
INFO:root:epoch 2, Episode 34, total_loss: 1475.753662109375, q_loss 1471.6593017578125, v_loss 4.0943450927734375 ,lr 0.001
INFO:root:epoch 2, Episode 35, total_loss: 2547.218505859375, q_loss 2533.90234375, v_loss 13.316131591796875 ,lr 0.001
INFO:root:epoch 2, Episode 36, total_loss: 1198.796142578125, q_loss 1194.4403076171875, v_loss 4.35589599609375 ,lr 0.001
INFO:root:epoch 2, Episode 37, total_loss: 930.049560546875, q_loss 925.6470336914062, v_loss 4.4025115966796875 ,lr 0.001
INFO:root:epoch 2, Episode 38, total_loss: 1509.1640625, q_loss 1503.4603271484375, v_loss 5.7037811279296875 ,lr 0.001
INFO:root:epoch 2, Episode 39, total_loss: 1283.50390625, q_loss 1279.7725830078125, v_loss 3.7313079833984375 ,lr 0.001
INFO:root:epoch 2, Episode 40, total_loss: 1665.454833984375, q_loss 1655.278076171875, v_loss 10.17681884765625 ,lr 0.001
INFO:root:epoch 2, Episode 41, total_loss: 1299.2677001953125, q_loss 1293.596923828125, v_loss 5.6707763671875 ,lr 0.001
INFO:root:epoch 2, Episode 42, total_loss: 1119.2442626953125, q_loss 1114.6619873046875, v_loss 4.582305908203125 ,lr 0.001
INFO:root:epoch 2, Episode 43, total_loss: 1386.15185546875, q_loss 1383.525634765625, v_loss 2.626220703125 ,lr 0.001
INFO:root:epoch 2, Episode 44, total_loss: 1746.630126953125, q_loss 1737.2440185546875, v_loss 9.38616943359375 ,lr 0.001
INFO:root:epoch 2, Episode 45, total_loss: 2849.453857421875, q_loss 2839.958740234375, v_loss 9.495040893554688 ,lr 0.001
INFO:root:epoch 2, Episode 46, total_loss: 1036.24658203125, q_loss 1033.856201171875, v_loss 2.39044189453125 ,lr 0.001
INFO:root:epoch 2, Episode 47, total_loss: 962.8499755859375, q_loss 959.8318481445312, v_loss 3.018096923828125 ,lr 0.001
INFO:root:epoch 2, Episode 48, total_loss: 1419.4241943359375, q_loss 1414.057373046875, v_loss 5.366790771484375 ,lr 0.001
INFO:root:epoch 2, Episode 49, total_loss: 911.9640502929688, q_loss 909.3856811523438, v_loss 2.578369140625 ,lr 0.001
INFO:root:epoch 2, Episode 50, total_loss: 1266.4742431640625, q_loss 1260.9075927734375, v_loss 5.5666656494140625 ,lr 0.001
INFO:root:val_loss 1728.4725341796875
INFO:root:epoch 2, Episode 51, total_loss: 1242.2816162109375, q_loss 1237.89697265625, v_loss 4.384613037109375 ,lr 0.001
INFO:root:epoch 2, Episode 52, total_loss: 1326.2728271484375, q_loss 1321.9478759765625, v_loss 4.3249359130859375 ,lr 0.001
INFO:root:epoch 2, Episode 53, total_loss: 1741.462158203125, q_loss 1734.354248046875, v_loss 7.10784912109375 ,lr 0.001
INFO:root:epoch 2, Episode 54, total_loss: 815.94384765625, q_loss 812.360595703125, v_loss 3.583282470703125 ,lr 0.001
INFO:root:epoch 2, Episode 55, total_loss: 1406.3238525390625, q_loss 1402.7562255859375, v_loss 3.5676727294921875 ,lr 0.001
INFO:root:epoch 2, Episode 56, total_loss: 3629.88525390625, q_loss 3615.339599609375, v_loss 14.545684814453125 ,lr 0.001
INFO:root:epoch 2, Episode 57, total_loss: 1232.701416015625, q_loss 1224.3587646484375, v_loss 8.342605590820312 ,lr 0.001
INFO:root:epoch 2, Episode 58, total_loss: 1207.471923828125, q_loss 1204.1439208984375, v_loss 3.3280181884765625 ,lr 0.001
INFO:root:epoch 2, Episode 59, total_loss: 1061.93603515625, q_loss 1059.230712890625, v_loss 2.705322265625 ,lr 0.001
INFO:root:epoch 2, Episode 60, total_loss: 1382.8258056640625, q_loss 1379.787109375, v_loss 3.0386505126953125 ,lr 0.001
INFO:root:epoch 2, Episode 61, total_loss: 944.8103637695312, q_loss 940.9766235351562, v_loss 3.833740234375 ,lr 0.001
INFO:root:epoch 2, Episode 62, total_loss: 1339.578857421875, q_loss 1327.46875, v_loss 12.11004638671875 ,lr 0.001
INFO:root:epoch 2, Episode 63, total_loss: 1128.479248046875, q_loss 1125.635009765625, v_loss 2.8442535400390625 ,lr 0.001
INFO:root:epoch 2, Episode 64, total_loss: 851.762939453125, q_loss 849.3924560546875, v_loss 2.370513916015625 ,lr 0.001
INFO:root:epoch 2, Episode 65, total_loss: 1301.19091796875, q_loss 1298.5863037109375, v_loss 2.6046142578125 ,lr 0.001
INFO:root:epoch 2, Episode 66, total_loss: 1622.434326171875, q_loss 1619.0482177734375, v_loss 3.3860931396484375 ,lr 0.001
INFO:root:epoch 2, Episode 67, total_loss: 2715.56494140625, q_loss 2710.95361328125, v_loss 4.6112518310546875 ,lr 0.001
INFO:root:epoch 2, Episode 68, total_loss: 1762.152099609375, q_loss 1754.8759765625, v_loss 7.27618408203125 ,lr 0.001
INFO:root:epoch 2, Episode 69, total_loss: 1424.6993408203125, q_loss 1421.26123046875, v_loss 3.4380645751953125 ,lr 0.001
INFO:root:epoch 2, Episode 70, total_loss: 956.1522827148438, q_loss 952.9954223632812, v_loss 3.1568756103515625 ,lr 0.001
INFO:root:epoch 2, Episode 71, total_loss: 3971.286865234375, q_loss 3968.6220703125, v_loss 2.664703369140625 ,lr 0.001
INFO:root:epoch 2, Episode 72, total_loss: 1721.8126220703125, q_loss 1719.287841796875, v_loss 2.5248260498046875 ,lr 0.001
INFO:root:epoch 2, Episode 73, total_loss: 1001.7137451171875, q_loss 993.3546142578125, v_loss 8.359130859375 ,lr 0.001
INFO:root:epoch 2, Episode 74, total_loss: 773.6537475585938, q_loss 770.6564331054688, v_loss 2.997314453125 ,lr 0.001
INFO:root:epoch 2, Episode 75, total_loss: 1936.306640625, q_loss 1932.3526611328125, v_loss 3.95404052734375 ,lr 0.001
INFO:root:epoch 2, Episode 76, total_loss: 1536.0306396484375, q_loss 1532.7669677734375, v_loss 3.263702392578125 ,lr 0.001
INFO:root:epoch 2, Episode 77, total_loss: 1993.0948486328125, q_loss 1985.585693359375, v_loss 7.5091400146484375 ,lr 0.001
INFO:root:epoch 2, Episode 78, total_loss: 1468.43115234375, q_loss 1456.989501953125, v_loss 11.44158935546875 ,lr 0.001
INFO:root:epoch 2, Episode 79, total_loss: 1013.8023071289062, q_loss 1010.7542114257812, v_loss 3.0480804443359375 ,lr 0.001
INFO:root:epoch 2, Episode 80, total_loss: 1901.821044921875, q_loss 1893.55859375, v_loss 8.262451171875 ,lr 0.001
INFO:root:epoch 2, Episode 81, total_loss: 1269.968994140625, q_loss 1265.1474609375, v_loss 4.821533203125 ,lr 0.001
INFO:root:epoch 2, Episode 82, total_loss: 1937.484130859375, q_loss 1916.531494140625, v_loss 20.952606201171875 ,lr 0.001
INFO:root:epoch 2, Episode 83, total_loss: 699.8734741210938, q_loss 696.5791015625, v_loss 3.2943572998046875 ,lr 0.001
INFO:root:epoch 2, Episode 84, total_loss: 1251.7470703125, q_loss 1247.749267578125, v_loss 3.99774169921875 ,lr 0.001
INFO:root:epoch 2, Episode 85, total_loss: 1388.2281494140625, q_loss 1385.09814453125, v_loss 3.130035400390625 ,lr 0.001
INFO:root:epoch 2, Episode 86, total_loss: 3797.1533203125, q_loss 3791.17333984375, v_loss 5.980072021484375 ,lr 0.001
INFO:root:epoch 2, Episode 87, total_loss: 944.68798828125, q_loss 942.41650390625, v_loss 2.271453857421875 ,lr 0.001
INFO:root:epoch 2, Episode 88, total_loss: 849.0562744140625, q_loss 846.611083984375, v_loss 2.445220947265625 ,lr 0.001
INFO:root:epoch 2, Episode 89, total_loss: 3511.72314453125, q_loss 3509.628662109375, v_loss 2.094482421875 ,lr 0.001
INFO:root:epoch 2, Episode 90, total_loss: 1051.415771484375, q_loss 1049.2796630859375, v_loss 2.1361541748046875 ,lr 0.001
INFO:root:epoch 2, Episode 91, total_loss: 2346.86181640625, q_loss 2336.088623046875, v_loss 10.77313232421875 ,lr 0.001
INFO:root:epoch 2, Episode 92, total_loss: 1438.9415283203125, q_loss 1433.4947509765625, v_loss 5.4467315673828125 ,lr 0.001
INFO:root:epoch 2, Episode 93, total_loss: 1113.011962890625, q_loss 1109.558349609375, v_loss 3.45361328125 ,lr 0.001
INFO:root:epoch 2, Episode 94, total_loss: 1270.721923828125, q_loss 1267.832275390625, v_loss 2.8896331787109375 ,lr 0.001
INFO:root:epoch 2, Episode 95, total_loss: 1730.2325439453125, q_loss 1726.394775390625, v_loss 3.8377227783203125 ,lr 0.001
INFO:root:epoch 2, Episode 96, total_loss: 1219.063720703125, q_loss 1215.5675048828125, v_loss 3.4962310791015625 ,lr 0.001
INFO:root:epoch 2, Episode 97, total_loss: 1567.516357421875, q_loss 1549.489990234375, v_loss 18.026321411132812 ,lr 0.001
INFO:root:epoch 2, Episode 98, total_loss: 1133.4683837890625, q_loss 1130.26220703125, v_loss 3.206146240234375 ,lr 0.001
INFO:root:epoch 2, Episode 99, total_loss: 1091.0997314453125, q_loss 1088.7265625, v_loss 2.3731536865234375 ,lr 0.001
INFO:root:epoch 2, Episode 100, total_loss: 2135.52734375, q_loss 2130.975341796875, v_loss 4.55194091796875 ,lr 0.001
INFO:root:val_loss 763.1276245117188
INFO:root:epoch 2, Episode 101, total_loss: 1084.57080078125, q_loss 1081.9495849609375, v_loss 2.6212158203125 ,lr 0.001
INFO:root:epoch 2, Episode 102, total_loss: 1098.3184814453125, q_loss 1095.91552734375, v_loss 2.4029693603515625 ,lr 0.001
INFO:root:epoch 2, Episode 103, total_loss: 2308.57275390625, q_loss 2303.616455078125, v_loss 4.95635986328125 ,lr 0.001
INFO:root:epoch 2, Episode 104, total_loss: 947.9622802734375, q_loss 945.5281982421875, v_loss 2.434051513671875 ,lr 0.001
INFO:root:epoch 2, Episode 105, total_loss: 1421.893798828125, q_loss 1416.013671875, v_loss 5.8800811767578125 ,lr 0.001
INFO:root:epoch 2, Episode 106, total_loss: 1603.56591796875, q_loss 1599.480712890625, v_loss 4.085174560546875 ,lr 0.001
INFO:root:epoch 2, Episode 107, total_loss: 850.9191284179688, q_loss 848.2981567382812, v_loss 2.6209869384765625 ,lr 0.001
INFO:root:epoch 2, Episode 108, total_loss: 1148.4737548828125, q_loss 1144.658447265625, v_loss 3.8153533935546875 ,lr 0.001
INFO:root:epoch 2, Episode 109, total_loss: 1396.836181640625, q_loss 1393.72119140625, v_loss 3.115020751953125 ,lr 0.001
INFO:root:epoch 2, Episode 110, total_loss: 1471.81689453125, q_loss 1468.841064453125, v_loss 2.9758453369140625 ,lr 0.001
INFO:root:epoch 2, Episode 111, total_loss: 1075.19873046875, q_loss 1073.064208984375, v_loss 2.134552001953125 ,lr 0.001
INFO:root:epoch 2, Episode 112, total_loss: 1110.535400390625, q_loss 1108.4921875, v_loss 2.043243408203125 ,lr 0.001
INFO:root:epoch 2, Episode 113, total_loss: 1048.8646240234375, q_loss 1046.7996826171875, v_loss 2.0649261474609375 ,lr 0.001
INFO:root:epoch 2, Episode 114, total_loss: 1502.08740234375, q_loss 1498.239990234375, v_loss 3.8474273681640625 ,lr 0.001
INFO:root:epoch 2, Episode 115, total_loss: 1385.912841796875, q_loss 1380.006103515625, v_loss 5.9067535400390625 ,lr 0.001
INFO:root:epoch 2, Episode 116, total_loss: 2043.535400390625, q_loss 2034.338134765625, v_loss 9.197265625 ,lr 0.001
INFO:root:epoch 2, Episode 117, total_loss: 1022.8773193359375, q_loss 1020.387939453125, v_loss 2.4893646240234375 ,lr 0.001
INFO:root:epoch 2, Episode 118, total_loss: 1570.117919921875, q_loss 1567.171142578125, v_loss 2.9467620849609375 ,lr 0.001
INFO:root:epoch 2, Episode 119, total_loss: 1158.0562744140625, q_loss 1154.0311279296875, v_loss 4.0251312255859375 ,lr 0.001
INFO:root:epoch 2, Episode 120, total_loss: 1212.4466552734375, q_loss 1210.1480712890625, v_loss 2.298614501953125 ,lr 0.001
INFO:root:epoch 2, Episode 121, total_loss: 1820.2449951171875, q_loss 1813.5665283203125, v_loss 6.6784820556640625 ,lr 0.001
INFO:root:epoch 2, Episode 122, total_loss: 1532.28271484375, q_loss 1527.90869140625, v_loss 4.3740692138671875 ,lr 0.001
INFO:root:epoch 2, Episode 123, total_loss: 2076.4345703125, q_loss 2068.486572265625, v_loss 7.9479217529296875 ,lr 0.001
INFO:root:epoch 2, Episode 124, total_loss: 1141.243408203125, q_loss 1137.6314697265625, v_loss 3.6119537353515625 ,lr 0.001
INFO:root:epoch 2, Episode 125, total_loss: 1224.2242431640625, q_loss 1221.0927734375, v_loss 3.131500244140625 ,lr 0.001
INFO:root:epoch 2, Episode 126, total_loss: 706.6422119140625, q_loss 703.169677734375, v_loss 3.472564697265625 ,lr 0.001
INFO:root:epoch 2, Episode 127, total_loss: 1191.8778076171875, q_loss 1189.3646240234375, v_loss 2.5131988525390625 ,lr 0.001
INFO:root:epoch 2, Episode 128, total_loss: 1204.70947265625, q_loss 1201.7093505859375, v_loss 3.000152587890625 ,lr 0.001
INFO:root:epoch 2, Episode 129, total_loss: 1342.7467041015625, q_loss 1337.7344970703125, v_loss 5.012176513671875 ,lr 0.001
INFO:root:epoch 2, Episode 130, total_loss: 3729.121337890625, q_loss 3725.731689453125, v_loss 3.3895721435546875 ,lr 0.001
INFO:root:epoch 2, Episode 131, total_loss: 747.9993896484375, q_loss 743.8416748046875, v_loss 4.1577301025390625 ,lr 0.001
INFO:root:epoch 2, Episode 132, total_loss: 3776.11083984375, q_loss 3772.21533203125, v_loss 3.89544677734375 ,lr 0.001
INFO:root:epoch 2, Episode 133, total_loss: 1459.303466796875, q_loss 1447.1033935546875, v_loss 12.200027465820312 ,lr 0.001
INFO:root:epoch 2, Episode 134, total_loss: 2022.0711669921875, q_loss 2017.4530029296875, v_loss 4.618133544921875 ,lr 0.001
INFO:root:epoch 2, Episode 135, total_loss: 828.9221801757812, q_loss 827.3172607421875, v_loss 1.60491943359375 ,lr 0.001
INFO:root:epoch 2, Episode 136, total_loss: 1072.001953125, q_loss 1069.92626953125, v_loss 2.0757293701171875 ,lr 0.001
INFO:root:epoch 2, Episode 137, total_loss: 2002.841064453125, q_loss 1998.54638671875, v_loss 4.29473876953125 ,lr 0.001
INFO:root:epoch 2, Episode 138, total_loss: 1255.2889404296875, q_loss 1248.7161865234375, v_loss 6.5727691650390625 ,lr 0.001
INFO:root:epoch 2, Episode 139, total_loss: 1386.868896484375, q_loss 1384.28759765625, v_loss 2.581268310546875 ,lr 0.001
INFO:root:epoch 2, Episode 140, total_loss: 1319.4405517578125, q_loss 1316.5823974609375, v_loss 2.858154296875 ,lr 0.001
INFO:root:epoch 2, Episode 141, total_loss: 1592.7891845703125, q_loss 1588.0540771484375, v_loss 4.7351226806640625 ,lr 0.001
INFO:root:epoch 2, Episode 142, total_loss: 1430.6337890625, q_loss 1427.825439453125, v_loss 2.808319091796875 ,lr 0.001
INFO:root:epoch 2, Episode 143, total_loss: 2085.30810546875, q_loss 2074.057373046875, v_loss 11.2506103515625 ,lr 0.001
INFO:root:epoch 2, Episode 144, total_loss: 995.610595703125, q_loss 992.8745727539062, v_loss 2.736053466796875 ,lr 0.001
INFO:root:epoch 2, Episode 145, total_loss: 1944.28759765625, q_loss 1939.400390625, v_loss 4.88726806640625 ,lr 0.001
INFO:root:epoch 2, Episode 146, total_loss: 1478.929443359375, q_loss 1475.9884033203125, v_loss 2.9410552978515625 ,lr 0.001
INFO:root:epoch 2, Episode 147, total_loss: 1019.5396728515625, q_loss 1018.0133056640625, v_loss 1.5263519287109375 ,lr 0.001
INFO:root:epoch 2, Episode 148, total_loss: 971.5762939453125, q_loss 968.7350463867188, v_loss 2.8412628173828125 ,lr 0.001
INFO:root:epoch 2, Episode 149, total_loss: 1034.160888671875, q_loss 1031.07373046875, v_loss 3.087127685546875 ,lr 0.001
INFO:root:epoch 2, Episode 150, total_loss: 1317.13818359375, q_loss 1314.07080078125, v_loss 3.067413330078125 ,lr 0.001
INFO:root:val_loss 519.3447875976562
INFO:root:epoch 2, Episode 151, total_loss: 1130.68994140625, q_loss 1127.767333984375, v_loss 2.9225616455078125 ,lr 0.001
INFO:root:epoch 2, Episode 152, total_loss: 1617.818359375, q_loss 1613.902099609375, v_loss 3.916259765625 ,lr 0.001
INFO:root:epoch 2, Episode 153, total_loss: 2862.437255859375, q_loss 2860.135498046875, v_loss 2.3017730712890625 ,lr 0.001
INFO:root:epoch 2, Episode 154, total_loss: 783.2691650390625, q_loss 781.4954223632812, v_loss 1.7737579345703125 ,lr 0.001
INFO:root:epoch 2, Episode 155, total_loss: 1139.2457275390625, q_loss 1135.9217529296875, v_loss 3.323944091796875 ,lr 0.001
INFO:root:epoch 2, Episode 156, total_loss: 1521.416748046875, q_loss 1518.4952392578125, v_loss 2.9215087890625 ,lr 0.001
INFO:root:epoch 2, Episode 157, total_loss: 922.1904907226562, q_loss 918.6610107421875, v_loss 3.5294952392578125 ,lr 0.001
INFO:root:epoch 2, Episode 158, total_loss: 2669.495849609375, q_loss 2660.784912109375, v_loss 8.7109375 ,lr 0.001
INFO:root:epoch 2, Episode 159, total_loss: 1327.865478515625, q_loss 1323.451904296875, v_loss 4.4135894775390625 ,lr 0.001
INFO:root:epoch 2, Episode 160, total_loss: 1547.3804931640625, q_loss 1544.18212890625, v_loss 3.198333740234375 ,lr 0.001
INFO:root:epoch 2, Episode 161, total_loss: 1576.879150390625, q_loss 1572.0357666015625, v_loss 4.8434295654296875 ,lr 0.001
INFO:root:epoch 2, Episode 162, total_loss: 1367.82421875, q_loss 1364.869384765625, v_loss 2.95477294921875 ,lr 0.001
INFO:root:epoch 2, Episode 163, total_loss: 1333.595458984375, q_loss 1331.732666015625, v_loss 1.8627777099609375 ,lr 0.001
INFO:root:epoch 2, Episode 164, total_loss: 1760.240966796875, q_loss 1753.27294921875, v_loss 6.968017578125 ,lr 0.001
INFO:root:epoch 2, Episode 165, total_loss: 2023.1851806640625, q_loss 2015.497314453125, v_loss 7.687896728515625 ,lr 0.001
INFO:root:epoch 2, Episode 166, total_loss: 1432.57568359375, q_loss 1428.8802490234375, v_loss 3.6954498291015625 ,lr 0.001
INFO:root:epoch 2, Episode 167, total_loss: 3221.64697265625, q_loss 3217.68603515625, v_loss 3.960906982421875 ,lr 0.001
INFO:root:epoch 2, Episode 168, total_loss: 1379.7440185546875, q_loss 1377.3740234375, v_loss 2.370025634765625 ,lr 0.001
INFO:root:epoch 2, Episode 169, total_loss: 1120.047607421875, q_loss 1116.2078857421875, v_loss 3.8397674560546875 ,lr 0.001
INFO:root:epoch 2, Episode 170, total_loss: 582.3836669921875, q_loss 579.1654052734375, v_loss 3.218292236328125 ,lr 0.001
INFO:root:epoch 2, Episode 171, total_loss: 1154.22705078125, q_loss 1152.10546875, v_loss 2.1215667724609375 ,lr 0.001
INFO:root:epoch 2, Episode 172, total_loss: 2807.144287109375, q_loss 2789.51025390625, v_loss 17.634078979492188 ,lr 0.001
INFO:root:epoch 2, Episode 173, total_loss: 1220.701416015625, q_loss 1217.3001708984375, v_loss 3.4011993408203125 ,lr 0.001
INFO:root:epoch 2, Episode 174, total_loss: 862.417236328125, q_loss 858.1443481445312, v_loss 4.2729034423828125 ,lr 0.001
INFO:root:epoch 2, Episode 175, total_loss: 2574.617919921875, q_loss 2566.4619140625, v_loss 8.155899047851562 ,lr 0.001
INFO:root:epoch 2, Episode 176, total_loss: 1342.834228515625, q_loss 1335.4503173828125, v_loss 7.383941650390625 ,lr 0.001
INFO:root:epoch 2, Episode 177, total_loss: 1712.8477783203125, q_loss 1705.93310546875, v_loss 6.9146881103515625 ,lr 0.001
INFO:root:epoch 2, Episode 178, total_loss: 1020.8082275390625, q_loss 1018.8201904296875, v_loss 1.988037109375 ,lr 0.001
INFO:root:epoch 2, Episode 179, total_loss: 1637.0958251953125, q_loss 1633.8060302734375, v_loss 3.289794921875 ,lr 0.001
INFO:root:epoch 2, Episode 180, total_loss: 1018.7719116210938, q_loss 1017.0248413085938, v_loss 1.7470550537109375 ,lr 0.001
INFO:root:epoch 2, Episode 181, total_loss: 1140.3865966796875, q_loss 1138.06787109375, v_loss 2.3186798095703125 ,lr 0.001
INFO:root:epoch 2, Episode 182, total_loss: 1037.615234375, q_loss 1033.123046875, v_loss 4.4921875 ,lr 0.001
INFO:root:epoch 2, Episode 183, total_loss: 1231.44482421875, q_loss 1228.3399658203125, v_loss 3.104888916015625 ,lr 0.001
INFO:root:epoch 2, Episode 184, total_loss: 3873.830322265625, q_loss 3871.608154296875, v_loss 2.2220611572265625 ,lr 0.001
INFO:root:epoch 2, Episode 185, total_loss: 2385.610107421875, q_loss 2381.1875, v_loss 4.422607421875 ,lr 0.001
INFO:root:epoch 2, Episode 186, total_loss: 1483.0096435546875, q_loss 1477.4561767578125, v_loss 5.553436279296875 ,lr 0.001
INFO:root:epoch 2, Episode 187, total_loss: 1196.23828125, q_loss 1194.244384765625, v_loss 1.9938812255859375 ,lr 0.001
INFO:root:epoch 2, Episode 188, total_loss: 2217.636962890625, q_loss 2213.170654296875, v_loss 4.4663543701171875 ,lr 0.001
INFO:root:epoch 2, Episode 189, total_loss: 1964.54638671875, q_loss 1959.7685546875, v_loss 4.77777099609375 ,lr 0.001
INFO:root:epoch 2, Episode 190, total_loss: 1186.7044677734375, q_loss 1183.6976318359375, v_loss 3.0067901611328125 ,lr 0.001
INFO:root:epoch 2, Episode 191, total_loss: 2592.003662109375, q_loss 2588.1611328125, v_loss 3.842529296875 ,lr 0.001
INFO:root:epoch 2, Episode 192, total_loss: 1089.82763671875, q_loss 1087.4200439453125, v_loss 2.40765380859375 ,lr 0.001
INFO:root:epoch 2, Episode 193, total_loss: 813.6214599609375, q_loss 810.3131103515625, v_loss 3.308319091796875 ,lr 0.001
INFO:root:epoch 2, Episode 194, total_loss: 1179.10107421875, q_loss 1176.0096435546875, v_loss 3.09149169921875 ,lr 0.001
INFO:root:epoch 2, Episode 195, total_loss: 3590.403076171875, q_loss 3586.427978515625, v_loss 3.9751434326171875 ,lr 0.001
INFO:root:epoch 2, Episode 196, total_loss: 1707.245849609375, q_loss 1704.252197265625, v_loss 2.99359130859375 ,lr 0.001
INFO:root:epoch 2, Episode 197, total_loss: 1193.3555908203125, q_loss 1190.7366943359375, v_loss 2.6188812255859375 ,lr 0.001
INFO:root:epoch 2, Episode 198, total_loss: 2382.010986328125, q_loss 2357.77685546875, v_loss 24.234054565429688 ,lr 0.001
INFO:root:epoch 2, Episode 199, total_loss: 1240.9716796875, q_loss 1237.908447265625, v_loss 3.0632781982421875 ,lr 0.001
INFO:root:epoch 2, Episode 200, total_loss: 1198.3360595703125, q_loss 1195.268310546875, v_loss 3.0677032470703125 ,lr 0.001
INFO:root:val_loss 1203.1341552734375
INFO:root:epoch 2, Episode 201, total_loss: 1518.3948974609375, q_loss 1513.4718017578125, v_loss 4.923126220703125 ,lr 0.001
INFO:root:epoch 2, Episode 202, total_loss: 1514.861572265625, q_loss 1512.212158203125, v_loss 2.649444580078125 ,lr 0.001
INFO:root:epoch 2, Episode 203, total_loss: 1399.9923095703125, q_loss 1397.5855712890625, v_loss 2.4067230224609375 ,lr 0.001
INFO:root:epoch 2, Episode 204, total_loss: 3537.5830078125, q_loss 3532.897705078125, v_loss 4.6852264404296875 ,lr 0.001
INFO:root:epoch 2, Episode 205, total_loss: 854.0843505859375, q_loss 851.8040161132812, v_loss 2.280364990234375 ,lr 0.001
INFO:root:epoch 2, Episode 206, total_loss: 689.7197875976562, q_loss 687.559814453125, v_loss 2.15997314453125 ,lr 0.001
INFO:root:epoch 2, Episode 207, total_loss: 1091.726806640625, q_loss 1089.7232666015625, v_loss 2.00360107421875 ,lr 0.001
INFO:root:epoch 2, Episode 208, total_loss: 991.5808715820312, q_loss 989.0455932617188, v_loss 2.5352935791015625 ,lr 0.001
INFO:root:epoch 2, Episode 209, total_loss: 1037.9019775390625, q_loss 1034.4283447265625, v_loss 3.4736785888671875 ,lr 0.001
INFO:root:epoch 2, Episode 210, total_loss: 1983.7620849609375, q_loss 1972.1617431640625, v_loss 11.600372314453125 ,lr 0.001
INFO:root:epoch 2, Episode 211, total_loss: 836.7361450195312, q_loss 834.399169921875, v_loss 2.3369903564453125 ,lr 0.001
INFO:root:epoch 2, Episode 212, total_loss: 1609.4736328125, q_loss 1604.130615234375, v_loss 5.342987060546875 ,lr 0.001
INFO:root:epoch 2, Episode 213, total_loss: 1299.991943359375, q_loss 1297.284912109375, v_loss 2.7069854736328125 ,lr 0.001
INFO:root:epoch 2, Episode 214, total_loss: 1488.8021240234375, q_loss 1483.212158203125, v_loss 5.5899658203125 ,lr 0.001
INFO:root:epoch 2, Episode 215, total_loss: 1275.102294921875, q_loss 1266.069091796875, v_loss 9.033157348632812 ,lr 0.001
INFO:root:epoch 2, Episode 216, total_loss: 1426.4793701171875, q_loss 1422.4168701171875, v_loss 4.0625152587890625 ,lr 0.001
INFO:root:epoch 2, Episode 217, total_loss: 1136.82958984375, q_loss 1134.349853515625, v_loss 2.47979736328125 ,lr 0.001
INFO:root:epoch 2, Episode 218, total_loss: 2162.876953125, q_loss 2158.766357421875, v_loss 4.110626220703125 ,lr 0.001
INFO:root:epoch 2, Episode 219, total_loss: 1628.362548828125, q_loss 1622.0277099609375, v_loss 6.3348236083984375 ,lr 0.001
INFO:root:epoch 2, Episode 220, total_loss: 1043.2783203125, q_loss 1040.739501953125, v_loss 2.53887939453125 ,lr 0.001
INFO:root:epoch 2, Episode 221, total_loss: 1557.876708984375, q_loss 1555.6435546875, v_loss 2.233123779296875 ,lr 0.001
INFO:root:epoch 2, Episode 222, total_loss: 1358.34619140625, q_loss 1355.2271728515625, v_loss 3.11895751953125 ,lr 0.001
INFO:root:epoch 2, Episode 223, total_loss: 1826.086181640625, q_loss 1820.3521728515625, v_loss 5.7340240478515625 ,lr 0.001
INFO:root:epoch 2, Episode 224, total_loss: 2562.771484375, q_loss 2547.647216796875, v_loss 15.124298095703125 ,lr 0.001
INFO:root:epoch 2, Episode 225, total_loss: 974.050048828125, q_loss 971.7141723632812, v_loss 2.3358917236328125 ,lr 0.001
INFO:root:epoch 2, Episode 226, total_loss: 1720.97802734375, q_loss 1715.0244140625, v_loss 5.9535675048828125 ,lr 0.001
INFO:root:epoch 2, Episode 227, total_loss: 1266.8455810546875, q_loss 1264.78759765625, v_loss 2.0579681396484375 ,lr 0.001
INFO:root:epoch 2, Episode 228, total_loss: 1224.6678466796875, q_loss 1219.618896484375, v_loss 5.0489501953125 ,lr 0.001
INFO:root:epoch 2, Episode 229, total_loss: 1607.6888427734375, q_loss 1605.755615234375, v_loss 1.9332275390625 ,lr 0.001
INFO:root:epoch 2, Episode 230, total_loss: 1887.20556640625, q_loss 1882.146240234375, v_loss 5.059295654296875 ,lr 0.001
INFO:root:epoch 2, Episode 231, total_loss: 1511.31494140625, q_loss 1507.1473388671875, v_loss 4.1676483154296875 ,lr 0.001
INFO:root:epoch 2, Episode 232, total_loss: 3470.98583984375, q_loss 3468.87060546875, v_loss 2.1151885986328125 ,lr 0.001
INFO:root:epoch 2, Episode 233, total_loss: 1772.9869384765625, q_loss 1759.862548828125, v_loss 13.124343872070312 ,lr 0.001
INFO:root:epoch 2, Episode 234, total_loss: 1133.788330078125, q_loss 1131.250732421875, v_loss 2.537567138671875 ,lr 0.001
INFO:root:epoch 2, Episode 235, total_loss: 2943.96728515625, q_loss 2919.470458984375, v_loss 24.496932983398438 ,lr 0.001
INFO:root:epoch 2, Episode 236, total_loss: 2196.031494140625, q_loss 2191.01953125, v_loss 5.01202392578125 ,lr 0.001
INFO:root:epoch 2, Episode 237, total_loss: 1227.9661865234375, q_loss 1225.9735107421875, v_loss 1.9926300048828125 ,lr 0.001
INFO:root:epoch 2, Episode 238, total_loss: 1419.31787109375, q_loss 1416.8897705078125, v_loss 2.4280548095703125 ,lr 0.001
INFO:root:epoch 2, Episode 239, total_loss: 1132.7225341796875, q_loss 1130.7767333984375, v_loss 1.94580078125 ,lr 0.001
INFO:root:epoch 2, Episode 240, total_loss: 1147.5596923828125, q_loss 1145.19384765625, v_loss 2.365814208984375 ,lr 0.001
INFO:root:epoch 2, Episode 241, total_loss: 3454.49072265625, q_loss 3451.6064453125, v_loss 2.8843841552734375 ,lr 0.001
INFO:root:epoch 2, Episode 242, total_loss: 1190.4346923828125, q_loss 1187.7625732421875, v_loss 2.6720733642578125 ,lr 0.001
INFO:root:epoch 2, Episode 243, total_loss: 1216.206787109375, q_loss 1213.8004150390625, v_loss 2.4063720703125 ,lr 0.001
INFO:root:epoch 2, Episode 244, total_loss: 928.24658203125, q_loss 925.7520751953125, v_loss 2.494537353515625 ,lr 0.001
INFO:root:epoch 2, Episode 245, total_loss: 1185.6689453125, q_loss 1184.041259765625, v_loss 1.627716064453125 ,lr 0.001
INFO:root:epoch 2, Episode 246, total_loss: 1757.2293701171875, q_loss 1742.9937744140625, v_loss 14.235565185546875 ,lr 0.001
INFO:root:epoch 2, Episode 247, total_loss: 1870.316162109375, q_loss 1856.0738525390625, v_loss 14.242263793945312 ,lr 0.001
INFO:root:epoch 2, Episode 248, total_loss: 2914.044677734375, q_loss 2905.444580078125, v_loss 8.60015869140625 ,lr 0.001
INFO:root:epoch 2, Episode 249, total_loss: 901.5493774414062, q_loss 898.521484375, v_loss 3.02789306640625 ,lr 0.001
INFO:root:epoch 2, Episode 250, total_loss: 1181.7703857421875, q_loss 1178.9637451171875, v_loss 2.806671142578125 ,lr 0.001
INFO:root:val_loss 499.1777648925781
INFO:root:epoch 2, Episode 251, total_loss: 1106.5244140625, q_loss 1101.4989013671875, v_loss 5.0255126953125 ,lr 0.001
INFO:root:epoch 2, Episode 252, total_loss: 1145.166748046875, q_loss 1140.732421875, v_loss 4.4343719482421875 ,lr 0.001
INFO:root:epoch 2, Episode 253, total_loss: 1029.4730224609375, q_loss 1024.6630859375, v_loss 4.8099365234375 ,lr 0.001
INFO:root:epoch 2, Episode 254, total_loss: 911.8387451171875, q_loss 907.6693725585938, v_loss 4.16937255859375 ,lr 0.001
INFO:root:epoch 2, Episode 255, total_loss: 1253.9432373046875, q_loss 1249.6163330078125, v_loss 4.326934814453125 ,lr 0.001
INFO:root:epoch 2, Episode 256, total_loss: 2938.3564453125, q_loss 2933.854736328125, v_loss 4.501708984375 ,lr 0.001
INFO:root:epoch 2, Episode 257, total_loss: 1166.6663818359375, q_loss 1161.306640625, v_loss 5.3597259521484375 ,lr 0.001
INFO:root:epoch 2, Episode 258, total_loss: 1334.07373046875, q_loss 1325.004638671875, v_loss 9.069046020507812 ,lr 0.001
INFO:root:epoch 2, Episode 259, total_loss: 1492.0364990234375, q_loss 1484.8402099609375, v_loss 7.1962432861328125 ,lr 0.001
INFO:root:epoch 2, Episode 260, total_loss: 9461.0712890625, q_loss 9443.275390625, v_loss 17.796127319335938 ,lr 0.001
INFO:root:epoch 2, Episode 261, total_loss: 1333.884765625, q_loss 1330.521728515625, v_loss 3.363037109375 ,lr 0.001
INFO:root:epoch 2, Episode 262, total_loss: 1470.1220703125, q_loss 1465.177490234375, v_loss 4.944610595703125 ,lr 0.001
INFO:root:epoch 2, Episode 263, total_loss: 1474.17138671875, q_loss 1467.8721923828125, v_loss 6.2991790771484375 ,lr 0.001
INFO:root:epoch 2, Episode 264, total_loss: 1240.748291015625, q_loss 1231.8741455078125, v_loss 8.87420654296875 ,lr 0.001
INFO:root:epoch 2, Episode 265, total_loss: 913.0587768554688, q_loss 909.8995971679688, v_loss 3.1591949462890625 ,lr 0.001
INFO:root:epoch 2, Episode 266, total_loss: 1551.873291015625, q_loss 1546.7059326171875, v_loss 5.16741943359375 ,lr 0.001
INFO:root:epoch 2, Episode 267, total_loss: 1343.9959716796875, q_loss 1340.8817138671875, v_loss 3.114288330078125 ,lr 0.001
INFO:root:epoch 2, Episode 268, total_loss: 1731.02392578125, q_loss 1726.3177490234375, v_loss 4.70623779296875 ,lr 0.001
INFO:root:epoch 2, Episode 269, total_loss: 1375.398681640625, q_loss 1370.673095703125, v_loss 4.725616455078125 ,lr 0.001
INFO:root:epoch 2, Episode 270, total_loss: 1283.4810791015625, q_loss 1279.7701416015625, v_loss 3.7109375 ,lr 0.001
INFO:root:epoch 2, Episode 271, total_loss: 2432.36767578125, q_loss 2424.81982421875, v_loss 7.547943115234375 ,lr 0.001
INFO:root:epoch 2, Episode 272, total_loss: 1958.80029296875, q_loss 1946.830322265625, v_loss 11.970016479492188 ,lr 0.001
INFO:root:epoch 2, Episode 273, total_loss: 1810.919189453125, q_loss 1804.001220703125, v_loss 6.91802978515625 ,lr 0.001
INFO:root:epoch 2, Episode 274, total_loss: 1401.076904296875, q_loss 1396.5030517578125, v_loss 4.5738372802734375 ,lr 0.001
INFO:root:epoch 2, Episode 275, total_loss: 1451.931396484375, q_loss 1447.87890625, v_loss 4.052490234375 ,lr 0.001
INFO:root:epoch 2, Episode 276, total_loss: 1438.45751953125, q_loss 1428.721923828125, v_loss 9.735610961914062 ,lr 0.001
INFO:root:epoch 2, Episode 277, total_loss: 1368.4034423828125, q_loss 1364.9306640625, v_loss 3.4728240966796875 ,lr 0.001
INFO:root:epoch 2, Episode 278, total_loss: 1542.1324462890625, q_loss 1535.9627685546875, v_loss 6.1696929931640625 ,lr 0.001
INFO:root:epoch 2, Episode 279, total_loss: 1777.5523681640625, q_loss 1773.015625, v_loss 4.5366973876953125 ,lr 0.001
INFO:root:epoch 2, Episode 280, total_loss: 1298.209716796875, q_loss 1294.861328125, v_loss 3.3484344482421875 ,lr 0.001
INFO:root:epoch 2, Episode 281, total_loss: 1359.83837890625, q_loss 1356.248779296875, v_loss 3.5896453857421875 ,lr 0.001
INFO:root:epoch 2, Episode 282, total_loss: 1446.45849609375, q_loss 1443.7037353515625, v_loss 2.7547607421875 ,lr 0.001
INFO:root:epoch 2, Episode 283, total_loss: 779.2106323242188, q_loss 776.4268188476562, v_loss 2.7838134765625 ,lr 0.001
INFO:root:epoch 2, Episode 284, total_loss: 1226.1043701171875, q_loss 1222.228515625, v_loss 3.8758544921875 ,lr 0.001
INFO:root:epoch 2, Episode 285, total_loss: 3083.977294921875, q_loss 3070.849853515625, v_loss 13.12750244140625 ,lr 0.001
INFO:root:epoch 2, Episode 286, total_loss: 1706.361083984375, q_loss 1700.77978515625, v_loss 5.58135986328125 ,lr 0.001
INFO:root:epoch 2, Episode 287, total_loss: 975.2250366210938, q_loss 970.8436889648438, v_loss 4.3813323974609375 ,lr 0.001
INFO:root:epoch 2, Episode 288, total_loss: 1099.2666015625, q_loss 1096.22998046875, v_loss 3.036651611328125 ,lr 0.001
INFO:root:epoch 2, Episode 289, total_loss: 927.7479248046875, q_loss 925.1988525390625, v_loss 2.549102783203125 ,lr 0.001
INFO:root:epoch 2, Episode 290, total_loss: 1208.307861328125, q_loss 1204.5618896484375, v_loss 3.746002197265625 ,lr 0.001
INFO:root:epoch 2, Episode 291, total_loss: 1710.28759765625, q_loss 1706.4859619140625, v_loss 3.801666259765625 ,lr 0.001
INFO:root:epoch 2, Episode 292, total_loss: 1451.6376953125, q_loss 1447.111083984375, v_loss 4.5265960693359375 ,lr 0.001
INFO:root:epoch 2, Episode 293, total_loss: 2918.90869140625, q_loss 2901.875732421875, v_loss 17.032958984375 ,lr 0.001
INFO:root:epoch 2, Episode 294, total_loss: 1092.3724365234375, q_loss 1089.3682861328125, v_loss 3.0041351318359375 ,lr 0.001
INFO:root:epoch 2, Episode 295, total_loss: 1989.498779296875, q_loss 1982.96142578125, v_loss 6.537353515625 ,lr 0.001
INFO:root:epoch 2, Episode 296, total_loss: 1474.2982177734375, q_loss 1471.3966064453125, v_loss 2.9015960693359375 ,lr 0.001
INFO:root:epoch 2, Episode 297, total_loss: 1277.917724609375, q_loss 1275.059814453125, v_loss 2.85791015625 ,lr 0.001
INFO:root:epoch 2, Episode 298, total_loss: 1421.0770263671875, q_loss 1417.269775390625, v_loss 3.807220458984375 ,lr 0.001
INFO:root:epoch 2, Episode 299, total_loss: 981.4121704101562, q_loss 977.5224609375, v_loss 3.8896942138671875 ,lr 0.001
INFO:root:epoch 2, Episode 300, total_loss: 1083.01806640625, q_loss 1080.4766845703125, v_loss 2.54132080078125 ,lr 0.001
INFO:root:val_loss 469.78363037109375
INFO:root:epoch 2, Episode 301, total_loss: 2326.8515625, q_loss 2319.95947265625, v_loss 6.892120361328125 ,lr 0.001
INFO:root:epoch 2, Episode 302, total_loss: 1210.2923583984375, q_loss 1207.8548583984375, v_loss 2.4375 ,lr 0.001
INFO:root:epoch 2, Episode 303, total_loss: 1078.7188720703125, q_loss 1073.460693359375, v_loss 5.258148193359375 ,lr 0.001
INFO:root:epoch 2, Episode 304, total_loss: 1028.509033203125, q_loss 1024.8446044921875, v_loss 3.664398193359375 ,lr 0.001
INFO:root:epoch 2, Episode 305, total_loss: 1652.410400390625, q_loss 1648.20263671875, v_loss 4.207763671875 ,lr 0.001
INFO:root:epoch 2, Episode 306, total_loss: 1496.9200439453125, q_loss 1493.0194091796875, v_loss 3.9005889892578125 ,lr 0.001
INFO:root:epoch 2, Episode 307, total_loss: 814.5758056640625, q_loss 811.652099609375, v_loss 2.923736572265625 ,lr 0.001
INFO:root:epoch 2, Episode 308, total_loss: 1443.411376953125, q_loss 1437.9105224609375, v_loss 5.5009002685546875 ,lr 0.001
INFO:root:epoch 2, Episode 309, total_loss: 1263.3870849609375, q_loss 1259.7213134765625, v_loss 3.665771484375 ,lr 0.001
INFO:root:epoch 2, Episode 310, total_loss: 3489.578125, q_loss 3487.182373046875, v_loss 2.3957061767578125 ,lr 0.001
INFO:root:epoch 2, Episode 311, total_loss: 1094.7591552734375, q_loss 1091.4697265625, v_loss 3.2894439697265625 ,lr 0.001
INFO:root:epoch 2, Episode 312, total_loss: 1569.4315185546875, q_loss 1564.8543701171875, v_loss 4.5771026611328125 ,lr 0.001
INFO:root:epoch 2, Episode 313, total_loss: 1695.8275146484375, q_loss 1690.7823486328125, v_loss 5.045196533203125 ,lr 0.001
INFO:root:epoch 2, Episode 314, total_loss: 1106.4034423828125, q_loss 1102.9813232421875, v_loss 3.4221343994140625 ,lr 0.001
INFO:root:epoch 2, Episode 315, total_loss: 982.3356323242188, q_loss 978.927490234375, v_loss 3.4081268310546875 ,lr 0.001
INFO:root:epoch 2, Episode 316, total_loss: 1646.084228515625, q_loss 1641.6448974609375, v_loss 4.4393768310546875 ,lr 0.001
INFO:root:epoch 2, Episode 317, total_loss: 1142.69775390625, q_loss 1139.7623291015625, v_loss 2.93548583984375 ,lr 0.001
INFO:root:epoch 2, Episode 318, total_loss: 1012.0704956054688, q_loss 1009.602294921875, v_loss 2.4681854248046875 ,lr 0.001
INFO:root:epoch 2, Episode 319, total_loss: 1352.9547119140625, q_loss 1349.3201904296875, v_loss 3.634552001953125 ,lr 0.001
INFO:root:epoch 2, Episode 320, total_loss: 1031.772705078125, q_loss 1027.8070068359375, v_loss 3.965667724609375 ,lr 0.001
INFO:root:epoch 2, Episode 321, total_loss: 5429.76953125, q_loss 5387.7890625, v_loss 41.98069763183594 ,lr 0.001
INFO:root:epoch 2, Episode 322, total_loss: 2123.83984375, q_loss 2114.50634765625, v_loss 9.3333740234375 ,lr 0.001
INFO:root:epoch 2, Episode 323, total_loss: 1599.331787109375, q_loss 1594.520263671875, v_loss 4.811492919921875 ,lr 0.001
INFO:root:epoch 2, Episode 324, total_loss: 1196.0555419921875, q_loss 1193.353759765625, v_loss 2.7017364501953125 ,lr 0.001
INFO:root:epoch 2, Episode 325, total_loss: 1208.499267578125, q_loss 1204.507568359375, v_loss 3.99169921875 ,lr 0.001
INFO:root:epoch 2, Episode 326, total_loss: 1454.91845703125, q_loss 1445.907958984375, v_loss 9.010467529296875 ,lr 0.001
INFO:root:epoch 2, Episode 327, total_loss: 1806.90234375, q_loss 1802.7144775390625, v_loss 4.18780517578125 ,lr 0.001
INFO:root:epoch 2, Episode 328, total_loss: 1448.189697265625, q_loss 1445.5576171875, v_loss 2.632080078125 ,lr 0.001
INFO:root:epoch 2, Episode 329, total_loss: 1879.9169921875, q_loss 1874.830078125, v_loss 5.086944580078125 ,lr 0.001
INFO:root:epoch 2, Episode 330, total_loss: 1987.9949951171875, q_loss 1977.4146728515625, v_loss 10.580322265625 ,lr 0.001
INFO:root:epoch 2, Episode 331, total_loss: 1115.323486328125, q_loss 1111.862548828125, v_loss 3.4609527587890625 ,lr 0.001
INFO:root:epoch 2, Episode 332, total_loss: 1207.627685546875, q_loss 1204.114501953125, v_loss 3.5131378173828125 ,lr 0.001
INFO:root:epoch 2, Episode 333, total_loss: 1478.77001953125, q_loss 1470.9310302734375, v_loss 7.8389434814453125 ,lr 0.001
INFO:root:epoch 2, Episode 334, total_loss: 1122.838134765625, q_loss 1117.7913818359375, v_loss 5.0467376708984375 ,lr 0.001
INFO:root:epoch 2, Episode 335, total_loss: 1089.564697265625, q_loss 1087.039794921875, v_loss 2.5248870849609375 ,lr 0.001
INFO:root:epoch 2, Episode 336, total_loss: 1100.598876953125, q_loss 1097.9912109375, v_loss 2.60760498046875 ,lr 0.001
INFO:root:epoch 2, Episode 337, total_loss: 795.5349731445312, q_loss 793.71923828125, v_loss 1.8157196044921875 ,lr 0.001
INFO:root:epoch 2, Episode 338, total_loss: 1947.079833984375, q_loss 1941.40478515625, v_loss 5.6750335693359375 ,lr 0.001
INFO:root:epoch 2, Episode 339, total_loss: 1168.2943115234375, q_loss 1164.869384765625, v_loss 3.4249267578125 ,lr 0.001
INFO:root:epoch 2, Episode 340, total_loss: 1241.353759765625, q_loss 1238.941162109375, v_loss 2.4126434326171875 ,lr 0.001
INFO:root:epoch 2, Episode 341, total_loss: 1379.1298828125, q_loss 1374.626708984375, v_loss 4.50323486328125 ,lr 0.001
INFO:root:epoch 2, Episode 342, total_loss: 2056.849609375, q_loss 2045.3875732421875, v_loss 11.462081909179688 ,lr 0.001
INFO:root:epoch 2, Episode 343, total_loss: 1707.9644775390625, q_loss 1702.1627197265625, v_loss 5.8017120361328125 ,lr 0.001
INFO:root:epoch 2, Episode 344, total_loss: 1028.3140869140625, q_loss 1024.0943603515625, v_loss 4.2196807861328125 ,lr 0.001
INFO:root:epoch 2, Episode 345, total_loss: 1450.021484375, q_loss 1446.068603515625, v_loss 3.9528656005859375 ,lr 0.001
INFO:root:epoch 2, Episode 346, total_loss: 2271.738525390625, q_loss 2250.969970703125, v_loss 20.768600463867188 ,lr 0.001
INFO:root:epoch 2, Episode 347, total_loss: 1246.7626953125, q_loss 1240.1240234375, v_loss 6.638671875 ,lr 0.001
INFO:root:epoch 2, Episode 348, total_loss: 1197.36083984375, q_loss 1193.23974609375, v_loss 4.12103271484375 ,lr 0.001
INFO:root:epoch 2, Episode 349, total_loss: 1782.016357421875, q_loss 1776.8358154296875, v_loss 5.1804962158203125 ,lr 0.001
INFO:root:epoch 2, Episode 350, total_loss: 932.6817626953125, q_loss 930.9153442382812, v_loss 1.76641845703125 ,lr 0.001
INFO:root:val_loss 609.75439453125
INFO:root:epoch 2, Episode 351, total_loss: 1081.1976318359375, q_loss 1073.54296875, v_loss 7.6546478271484375 ,lr 0.001
INFO:root:epoch 2, Episode 352, total_loss: 2595.41943359375, q_loss 2586.943359375, v_loss 8.476181030273438 ,lr 0.001
INFO:root:epoch 2, Episode 353, total_loss: 1249.58984375, q_loss 1240.876953125, v_loss 8.712875366210938 ,lr 0.001
INFO:root:epoch 2, Episode 354, total_loss: 1409.8642578125, q_loss 1406.203125, v_loss 3.6610870361328125 ,lr 0.001
INFO:root:epoch 2, Episode 355, total_loss: 4623.91357421875, q_loss 4619.3662109375, v_loss 4.54736328125 ,lr 0.001
INFO:root:epoch 2, Episode 356, total_loss: 1423.1812744140625, q_loss 1419.208251953125, v_loss 3.9730072021484375 ,lr 0.001
INFO:root:epoch 2, Episode 357, total_loss: 2186.66650390625, q_loss 2175.74267578125, v_loss 10.923934936523438 ,lr 0.001
INFO:root:epoch 2, Episode 358, total_loss: 1265.1949462890625, q_loss 1259.3636474609375, v_loss 5.8313140869140625 ,lr 0.001
INFO:root:epoch 2, Episode 359, total_loss: 1738.6502685546875, q_loss 1733.562744140625, v_loss 5.087554931640625 ,lr 0.001
INFO:root:epoch 2, Episode 360, total_loss: 776.3003540039062, q_loss 768.799072265625, v_loss 7.5012969970703125 ,lr 0.001
INFO:root:epoch 2, Episode 361, total_loss: 1013.1087646484375, q_loss 1007.9270629882812, v_loss 5.1817169189453125 ,lr 0.001
INFO:root:epoch 2, Episode 362, total_loss: 2575.31005859375, q_loss 2564.594970703125, v_loss 10.715087890625 ,lr 0.001
INFO:root:epoch 2, Episode 363, total_loss: 1401.933349609375, q_loss 1397.759033203125, v_loss 4.174346923828125 ,lr 0.001
INFO:root:epoch 2, Episode 364, total_loss: 1351.114990234375, q_loss 1346.201171875, v_loss 4.913818359375 ,lr 0.001
INFO:root:epoch 2, Episode 365, total_loss: 2271.41796875, q_loss 2262.956787109375, v_loss 8.461166381835938 ,lr 0.001
INFO:root:epoch 2, Episode 366, total_loss: 795.7950439453125, q_loss 792.53173828125, v_loss 3.2632904052734375 ,lr 0.001
INFO:root:epoch 2, Episode 367, total_loss: 857.0641479492188, q_loss 854.3721923828125, v_loss 2.6919708251953125 ,lr 0.001
INFO:root:epoch 2, Episode 368, total_loss: 1487.7593994140625, q_loss 1485.1402587890625, v_loss 2.619140625 ,lr 0.001
INFO:root:epoch 2, Episode 369, total_loss: 1191.3106689453125, q_loss 1187.8690185546875, v_loss 3.441619873046875 ,lr 0.001
INFO:root:epoch 2, Episode 370, total_loss: 1302.4569091796875, q_loss 1295.4814453125, v_loss 6.9754638671875 ,lr 0.001
INFO:root:epoch 2, Episode 371, total_loss: 2705.626220703125, q_loss 2696.783203125, v_loss 8.842910766601562 ,lr 0.001
INFO:root:epoch 2, Episode 372, total_loss: 2086.294921875, q_loss 2079.802978515625, v_loss 6.49188232421875 ,lr 0.001
INFO:root:epoch 2, Episode 373, total_loss: 1200.7301025390625, q_loss 1197.2532958984375, v_loss 3.476806640625 ,lr 0.001
INFO:root:epoch 2, Episode 374, total_loss: 2910.774658203125, q_loss 2905.799072265625, v_loss 4.9755706787109375 ,lr 0.001
INFO:root:epoch 2, Episode 375, total_loss: 2791.222900390625, q_loss 2782.817138671875, v_loss 8.405807495117188 ,lr 0.001
INFO:root:epoch 2, Episode 376, total_loss: 1683.10595703125, q_loss 1680.16650390625, v_loss 2.9394378662109375 ,lr 0.001
INFO:root:epoch 2, Episode 377, total_loss: 2945.941650390625, q_loss 2933.927978515625, v_loss 12.013763427734375 ,lr 0.001
INFO:root:epoch 2, Episode 378, total_loss: 1467.3419189453125, q_loss 1463.5015869140625, v_loss 3.8403167724609375 ,lr 0.001
INFO:root:epoch 2, Episode 379, total_loss: 1217.031494140625, q_loss 1212.9088134765625, v_loss 4.122711181640625 ,lr 0.001
INFO:root:epoch 2, Episode 380, total_loss: 1891.981689453125, q_loss 1884.67431640625, v_loss 7.3073272705078125 ,lr 0.001
INFO:root:epoch 2, Episode 381, total_loss: 1294.213623046875, q_loss 1286.6834716796875, v_loss 7.53009033203125 ,lr 0.001
INFO:root:epoch 2, Episode 382, total_loss: 1650.0113525390625, q_loss 1644.0694580078125, v_loss 5.9419097900390625 ,lr 0.001
INFO:root:epoch 2, Episode 383, total_loss: 1156.521240234375, q_loss 1146.6783447265625, v_loss 9.84283447265625 ,lr 0.001
INFO:root:epoch 2, Episode 384, total_loss: 1414.03076171875, q_loss 1409.271240234375, v_loss 4.7595062255859375 ,lr 0.001
INFO:root:epoch 2, Episode 385, total_loss: 1380.616455078125, q_loss 1375.889892578125, v_loss 4.72650146484375 ,lr 0.001
INFO:root:epoch 2, Episode 386, total_loss: 756.2589111328125, q_loss 753.1637573242188, v_loss 3.0951385498046875 ,lr 0.001
INFO:root:epoch 2, Episode 387, total_loss: 1443.72900390625, q_loss 1439.5020751953125, v_loss 4.226898193359375 ,lr 0.001
INFO:root:epoch 2, Episode 388, total_loss: 2086.3291015625, q_loss 2083.244140625, v_loss 3.085052490234375 ,lr 0.001
INFO:root:epoch 2, Episode 389, total_loss: 1250.27978515625, q_loss 1247.731689453125, v_loss 2.5481109619140625 ,lr 0.001
INFO:root:epoch 2, Episode 390, total_loss: 1335.209228515625, q_loss 1331.4483642578125, v_loss 3.760894775390625 ,lr 0.001
INFO:root:epoch 2, Episode 391, total_loss: 1478.457275390625, q_loss 1471.0167236328125, v_loss 7.4405517578125 ,lr 0.001
INFO:root:epoch 2, Episode 392, total_loss: 1473.429931640625, q_loss 1470.818115234375, v_loss 2.6118621826171875 ,lr 0.001
INFO:root:epoch 2, Episode 393, total_loss: 985.727294921875, q_loss 981.7239379882812, v_loss 4.0033721923828125 ,lr 0.001
INFO:root:epoch 2, Episode 394, total_loss: 1052.3992919921875, q_loss 1049.448486328125, v_loss 2.9507904052734375 ,lr 0.001
INFO:root:epoch 2, Episode 395, total_loss: 1422.57373046875, q_loss 1418.879150390625, v_loss 3.6945343017578125 ,lr 0.001
INFO:root:epoch 2, Episode 396, total_loss: 1263.632568359375, q_loss 1260.7894287109375, v_loss 2.8431243896484375 ,lr 0.001
INFO:root:epoch 2, Episode 397, total_loss: 950.330078125, q_loss 945.6966552734375, v_loss 4.6334228515625 ,lr 0.001
INFO:root:epoch 2, Episode 398, total_loss: 3470.81982421875, q_loss 3466.732666015625, v_loss 4.087158203125 ,lr 0.001
INFO:root:epoch 2, Episode 399, total_loss: 1112.542236328125, q_loss 1109.3912353515625, v_loss 3.151031494140625 ,lr 0.001
INFO:root:epoch 2, Episode 400, total_loss: 763.1590576171875, q_loss 760.5469970703125, v_loss 2.612030029296875 ,lr 0.001
INFO:root:val_loss 563.2503051757812
INFO:root:epoch 2, Episode 401, total_loss: 4624.455078125, q_loss 4588.50634765625, v_loss 35.948944091796875 ,lr 0.001
INFO:root:epoch 2, Episode 402, total_loss: 922.5028686523438, q_loss 921.884521484375, v_loss 0.61834716796875 ,lr 0.001
INFO:root:epoch 2, Episode 403, total_loss: 723.7529907226562, q_loss 721.6934204101562, v_loss 2.0595550537109375 ,lr 0.001
INFO:root:epoch 2, Episode 404, total_loss: 1033.194580078125, q_loss 1028.399658203125, v_loss 4.794891357421875 ,lr 0.001
INFO:root:epoch 2, Episode 405, total_loss: 1562.2001953125, q_loss 1550.5765380859375, v_loss 11.623611450195312 ,lr 0.001
INFO:root:epoch 2, Episode 406, total_loss: 3234.40625, q_loss 3231.59619140625, v_loss 2.81011962890625 ,lr 0.001
INFO:root:epoch 2, Episode 407, total_loss: 1089.2586669921875, q_loss 1086.0203857421875, v_loss 3.23828125 ,lr 0.001
INFO:root:epoch 2, Episode 408, total_loss: 1480.67041015625, q_loss 1474.031982421875, v_loss 6.638458251953125 ,lr 0.001
INFO:root:epoch 2, Episode 409, total_loss: 1545.935546875, q_loss 1543.507080078125, v_loss 2.4284820556640625 ,lr 0.001
INFO:root:epoch 2, Episode 410, total_loss: 1510.5322265625, q_loss 1502.630615234375, v_loss 7.9015655517578125 ,lr 0.001
INFO:root:epoch 2, Episode 411, total_loss: 1704.9754638671875, q_loss 1699.578369140625, v_loss 5.3971099853515625 ,lr 0.001
INFO:root:epoch 2, Episode 412, total_loss: 2492.454833984375, q_loss 2476.7099609375, v_loss 15.744888305664062 ,lr 0.001
INFO:root:epoch 2, Episode 413, total_loss: 1112.796142578125, q_loss 1110.1036376953125, v_loss 2.6925048828125 ,lr 0.001
INFO:root:epoch 2, Episode 414, total_loss: 1002.938232421875, q_loss 1000.115966796875, v_loss 2.822265625 ,lr 0.001
INFO:root:epoch 2, Episode 415, total_loss: 1309.1953125, q_loss 1304.799072265625, v_loss 4.3962860107421875 ,lr 0.001
INFO:root:epoch 2, Episode 416, total_loss: 1403.007568359375, q_loss 1399.6375732421875, v_loss 3.370025634765625 ,lr 0.001
INFO:root:epoch 2, Episode 417, total_loss: 1370.16748046875, q_loss 1366.5631103515625, v_loss 3.60430908203125 ,lr 0.001
INFO:root:epoch 2, Episode 418, total_loss: 1405.7071533203125, q_loss 1400.5487060546875, v_loss 5.1584625244140625 ,lr 0.001
INFO:root:epoch 2, Episode 419, total_loss: 1577.82470703125, q_loss 1562.544921875, v_loss 15.27984619140625 ,lr 0.001
INFO:root:epoch 2, Episode 420, total_loss: 1750.5211181640625, q_loss 1737.4495849609375, v_loss 13.071502685546875 ,lr 0.001
INFO:root:epoch 2, Episode 421, total_loss: 1281.3697509765625, q_loss 1278.116943359375, v_loss 3.252777099609375 ,lr 0.001
INFO:root:epoch 2, Episode 422, total_loss: 1451.6331787109375, q_loss 1448.57861328125, v_loss 3.0546112060546875 ,lr 0.001
INFO:root:epoch 2, Episode 423, total_loss: 1393.02392578125, q_loss 1387.9324951171875, v_loss 5.09149169921875 ,lr 0.001
INFO:root:epoch 2, Episode 424, total_loss: 1177.428466796875, q_loss 1174.959228515625, v_loss 2.4691925048828125 ,lr 0.001
INFO:root:epoch 2, Episode 425, total_loss: 923.0927124023438, q_loss 920.2495727539062, v_loss 2.8431396484375 ,lr 0.001
INFO:root:epoch 2, Episode 426, total_loss: 1119.442626953125, q_loss 1117.67822265625, v_loss 1.76434326171875 ,lr 0.001
INFO:root:epoch 2, Episode 427, total_loss: 1156.9720458984375, q_loss 1154.7452392578125, v_loss 2.226806640625 ,lr 0.001
INFO:root:epoch 2, Episode 428, total_loss: 1153.3271484375, q_loss 1150.427490234375, v_loss 2.8996429443359375 ,lr 0.001
INFO:root:epoch 2, Episode 429, total_loss: 1380.9581298828125, q_loss 1376.8328857421875, v_loss 4.1251983642578125 ,lr 0.001
INFO:root:epoch 2, Episode 430, total_loss: 1501.375244140625, q_loss 1496.1336669921875, v_loss 5.2416229248046875 ,lr 0.001
INFO:root:epoch 2, Episode 431, total_loss: 1493.986328125, q_loss 1491.1717529296875, v_loss 2.81463623046875 ,lr 0.001
INFO:root:epoch 2, Episode 432, total_loss: 2991.047119140625, q_loss 2963.982421875, v_loss 27.064712524414062 ,lr 0.001
INFO:root:epoch 2, Episode 433, total_loss: 992.2896118164062, q_loss 990.2601318359375, v_loss 2.0294952392578125 ,lr 0.001
INFO:root:epoch 2, Episode 434, total_loss: 1026.7835693359375, q_loss 1022.6053466796875, v_loss 4.1782684326171875 ,lr 0.001
INFO:root:epoch 2, Episode 435, total_loss: 1333.9732666015625, q_loss 1329.8115234375, v_loss 4.1617584228515625 ,lr 0.001
INFO:root:epoch 2, Episode 436, total_loss: 3552.2109375, q_loss 3534.29736328125, v_loss 17.913543701171875 ,lr 0.001
INFO:root:epoch 2, Episode 437, total_loss: 2538.996826171875, q_loss 2534.09130859375, v_loss 4.9055938720703125 ,lr 0.001
INFO:root:epoch 2, Episode 438, total_loss: 1933.4063720703125, q_loss 1926.227294921875, v_loss 7.1790313720703125 ,lr 0.001
INFO:root:epoch 2, Episode 439, total_loss: 1431.0069580078125, q_loss 1428.3572998046875, v_loss 2.6496124267578125 ,lr 0.001
INFO:root:epoch 2, Episode 440, total_loss: 1516.5894775390625, q_loss 1513.015380859375, v_loss 3.5740814208984375 ,lr 0.001
INFO:root:epoch 2, Episode 441, total_loss: 1483.088623046875, q_loss 1479.446533203125, v_loss 3.64208984375 ,lr 0.001
INFO:root:epoch 2, Episode 442, total_loss: 3355.71337890625, q_loss 3353.06103515625, v_loss 2.6522674560546875 ,lr 0.001
INFO:root:epoch 2, Episode 443, total_loss: 1309.1466064453125, q_loss 1304.7760009765625, v_loss 4.3706512451171875 ,lr 0.001
INFO:root:epoch 2, Episode 444, total_loss: 1150.5458984375, q_loss 1147.7987060546875, v_loss 2.7471923828125 ,lr 0.001
INFO:root:epoch 2, Episode 445, total_loss: 1294.459228515625, q_loss 1288.4798583984375, v_loss 5.9794158935546875 ,lr 0.001
INFO:root:epoch 2, Episode 446, total_loss: 1969.80224609375, q_loss 1963.72900390625, v_loss 6.073211669921875 ,lr 0.001
INFO:root:epoch 2, Episode 447, total_loss: 1105.408447265625, q_loss 1102.4852294921875, v_loss 2.9232635498046875 ,lr 0.001
INFO:root:epoch 2, Episode 448, total_loss: 1553.82421875, q_loss 1547.4981689453125, v_loss 6.326019287109375 ,lr 0.001
INFO:root:epoch 2, Episode 449, total_loss: 1714.7939453125, q_loss 1703.691650390625, v_loss 11.10223388671875 ,lr 0.001
INFO:root:epoch 2, Episode 450, total_loss: 1130.961181640625, q_loss 1126.5614013671875, v_loss 4.3997802734375 ,lr 0.001
INFO:root:val_loss 502.5799255371094
INFO:root:epoch 2, Episode 451, total_loss: 1002.3956909179688, q_loss 998.000732421875, v_loss 4.39495849609375 ,lr 0.001
INFO:root:epoch 2, Episode 452, total_loss: 2901.092041015625, q_loss 2892.481689453125, v_loss 8.610397338867188 ,lr 0.001
INFO:root:epoch 2, Episode 453, total_loss: 1038.3251953125, q_loss 1033.2142333984375, v_loss 5.1109771728515625 ,lr 0.001
INFO:root:epoch 2, Episode 454, total_loss: 1110.6107177734375, q_loss 1105.0341796875, v_loss 5.5765838623046875 ,lr 0.001
INFO:root:epoch 2, Episode 455, total_loss: 1370.158447265625, q_loss 1367.5726318359375, v_loss 2.585845947265625 ,lr 0.001
INFO:root:epoch 2, Episode 456, total_loss: 1247.5643310546875, q_loss 1243.8656005859375, v_loss 3.698760986328125 ,lr 0.001
INFO:root:epoch 2, Episode 457, total_loss: 3291.179931640625, q_loss 3287.20947265625, v_loss 3.970489501953125 ,lr 0.001
INFO:root:epoch 2, Episode 458, total_loss: 1063.1114501953125, q_loss 1059.390869140625, v_loss 3.7206268310546875 ,lr 0.001
INFO:root:epoch 2, Episode 459, total_loss: 1349.8577880859375, q_loss 1344.82177734375, v_loss 5.0360565185546875 ,lr 0.001
INFO:root:epoch 2, Episode 460, total_loss: 983.9223022460938, q_loss 978.4456787109375, v_loss 5.4766082763671875 ,lr 0.001
INFO:root:epoch 2, Episode 461, total_loss: 1406.97705078125, q_loss 1400.27783203125, v_loss 6.6992034912109375 ,lr 0.001
INFO:root:epoch 2, Episode 462, total_loss: 1575.490966796875, q_loss 1561.2076416015625, v_loss 14.283355712890625 ,lr 0.001
INFO:root:epoch 2, Episode 463, total_loss: 1007.29443359375, q_loss 1001.323974609375, v_loss 5.970458984375 ,lr 0.001
INFO:root:epoch 2, Episode 464, total_loss: 1104.941162109375, q_loss 1099.183837890625, v_loss 5.7573394775390625 ,lr 0.001
INFO:root:epoch 2, Episode 465, total_loss: 1299.26123046875, q_loss 1293.89404296875, v_loss 5.36724853515625 ,lr 0.001
INFO:root:epoch 2, Episode 466, total_loss: 1627.74853515625, q_loss 1623.27880859375, v_loss 4.4697113037109375 ,lr 0.001
INFO:root:epoch 2, Episode 467, total_loss: 1489.1585693359375, q_loss 1484.46728515625, v_loss 4.691253662109375 ,lr 0.001
INFO:root:epoch 2, Episode 468, total_loss: 1709.7607421875, q_loss 1705.9210205078125, v_loss 3.8397064208984375 ,lr 0.001
INFO:root:epoch 2, Episode 469, total_loss: 1064.3179931640625, q_loss 1061.89111328125, v_loss 2.4268798828125 ,lr 0.001
INFO:root:epoch 2, Episode 470, total_loss: 967.6458740234375, q_loss 965.0043334960938, v_loss 2.641510009765625 ,lr 0.001
INFO:root:epoch 2, Episode 471, total_loss: 1521.094482421875, q_loss 1516.414306640625, v_loss 4.68017578125 ,lr 0.001
INFO:root:epoch 2, Episode 472, total_loss: 2763.142822265625, q_loss 2752.464111328125, v_loss 10.67864990234375 ,lr 0.001
INFO:root:epoch 2, Episode 473, total_loss: 1480.633544921875, q_loss 1476.95458984375, v_loss 3.678985595703125 ,lr 0.001
INFO:root:epoch 2, Episode 474, total_loss: 1692.1072998046875, q_loss 1684.8126220703125, v_loss 7.294647216796875 ,lr 0.001
INFO:root:epoch 2, Episode 475, total_loss: 1331.6136474609375, q_loss 1328.6075439453125, v_loss 3.006103515625 ,lr 0.001
INFO:root:epoch 2, Episode 476, total_loss: 1286.186279296875, q_loss 1280.242919921875, v_loss 5.9433135986328125 ,lr 0.001
INFO:root:epoch 2, Episode 477, total_loss: 1406.6685791015625, q_loss 1403.2945556640625, v_loss 3.3740234375 ,lr 0.001
INFO:root:epoch 2, Episode 478, total_loss: 1912.8487548828125, q_loss 1905.067626953125, v_loss 7.781158447265625 ,lr 0.001
INFO:root:epoch 2, Episode 479, total_loss: 1477.8612060546875, q_loss 1472.1656494140625, v_loss 5.6955108642578125 ,lr 0.001
INFO:root:epoch 2, Episode 480, total_loss: 919.5363159179688, q_loss 914.0236206054688, v_loss 5.5127105712890625 ,lr 0.001
INFO:root:epoch 2, Episode 481, total_loss: 2306.922607421875, q_loss 2296.385498046875, v_loss 10.537094116210938 ,lr 0.001
INFO:root:epoch 2, Episode 482, total_loss: 1197.83203125, q_loss 1190.1685791015625, v_loss 7.6634063720703125 ,lr 0.001
INFO:root:epoch 2, Episode 483, total_loss: 1492.2935791015625, q_loss 1489.0252685546875, v_loss 3.268341064453125 ,lr 0.001
INFO:root:epoch 2, Episode 484, total_loss: 2399.23388671875, q_loss 2387.334228515625, v_loss 11.899734497070312 ,lr 0.001
INFO:root:epoch 2, Episode 485, total_loss: 1073.1484375, q_loss 1067.6539306640625, v_loss 5.4944610595703125 ,lr 0.001
INFO:root:epoch 2, Episode 486, total_loss: 1443.356201171875, q_loss 1440.2620849609375, v_loss 3.094146728515625 ,lr 0.001
INFO:root:epoch 2, Episode 487, total_loss: 1364.9556884765625, q_loss 1360.603759765625, v_loss 4.3519744873046875 ,lr 0.001
INFO:root:epoch 2, Episode 488, total_loss: 972.7730102539062, q_loss 969.645751953125, v_loss 3.1272735595703125 ,lr 0.001
INFO:root:epoch 2, Episode 489, total_loss: 1260.346435546875, q_loss 1251.08203125, v_loss 9.264389038085938 ,lr 0.001
INFO:root:epoch 2, Episode 490, total_loss: 2322.901611328125, q_loss 2314.642333984375, v_loss 8.259185791015625 ,lr 0.001
INFO:root:epoch 2, Episode 491, total_loss: 1121.4439697265625, q_loss 1109.9127197265625, v_loss 11.531265258789062 ,lr 0.001
INFO:root:epoch 2, Episode 492, total_loss: 1935.9306640625, q_loss 1927.127685546875, v_loss 8.802978515625 ,lr 0.001
INFO:root:epoch 2, Episode 493, total_loss: 1431.3480224609375, q_loss 1427.4825439453125, v_loss 3.865478515625 ,lr 0.001
INFO:root:epoch 2, Episode 494, total_loss: 802.896240234375, q_loss 798.75830078125, v_loss 4.1379241943359375 ,lr 0.001
INFO:root:epoch 2, Episode 495, total_loss: 1643.3834228515625, q_loss 1640.1331787109375, v_loss 3.2502593994140625 ,lr 0.001
INFO:root:epoch 2, Episode 496, total_loss: 1729.450439453125, q_loss 1719.1290283203125, v_loss 10.3214111328125 ,lr 0.001
INFO:root:epoch 2, Episode 497, total_loss: 2144.940185546875, q_loss 2141.55859375, v_loss 3.3814849853515625 ,lr 0.001
INFO:root:epoch 2, Episode 498, total_loss: 2269.875244140625, q_loss 2256.195068359375, v_loss 13.680068969726562 ,lr 0.001
INFO:root:epoch 2, Episode 499, total_loss: 1293.2694091796875, q_loss 1291.782958984375, v_loss 1.4864654541015625 ,lr 0.001
INFO:root:epoch 3, Episode 0, total_loss: 1687.5360107421875, q_loss 1678.1910400390625, v_loss 9.344924926757812 ,lr 0.001
INFO:root:val_loss 458.48992919921875
INFO:root:epoch 3, Episode 1, total_loss: 854.7763671875, q_loss 851.7405395507812, v_loss 3.0358123779296875 ,lr 0.001
INFO:root:epoch 3, Episode 2, total_loss: 672.0321044921875, q_loss 668.0302734375, v_loss 4.001800537109375 ,lr 0.001
INFO:root:epoch 3, Episode 3, total_loss: 1308.829833984375, q_loss 1302.908935546875, v_loss 5.9208526611328125 ,lr 0.001
INFO:root:epoch 3, Episode 4, total_loss: 1880.9747314453125, q_loss 1874.7938232421875, v_loss 6.180938720703125 ,lr 0.001
INFO:root:epoch 3, Episode 5, total_loss: 1789.244140625, q_loss 1780.5885009765625, v_loss 8.6556396484375 ,lr 0.001
INFO:root:epoch 3, Episode 6, total_loss: 2457.31982421875, q_loss 2448.589111328125, v_loss 8.730621337890625 ,lr 0.001
INFO:root:epoch 3, Episode 7, total_loss: 2293.903076171875, q_loss 2265.60400390625, v_loss 28.29901123046875 ,lr 0.001
INFO:root:epoch 3, Episode 8, total_loss: 1336.263916015625, q_loss 1329.7138671875, v_loss 6.550079345703125 ,lr 0.001
INFO:root:epoch 3, Episode 9, total_loss: 1489.508056640625, q_loss 1473.0172119140625, v_loss 16.490875244140625 ,lr 0.001
INFO:root:epoch 3, Episode 10, total_loss: 2938.0009765625, q_loss 2921.741943359375, v_loss 16.259017944335938 ,lr 0.001
INFO:root:epoch 3, Episode 11, total_loss: 1177.4776611328125, q_loss 1174.779052734375, v_loss 2.6986236572265625 ,lr 0.001
INFO:root:epoch 3, Episode 12, total_loss: 1106.77880859375, q_loss 1103.44677734375, v_loss 3.332061767578125 ,lr 0.001
INFO:root:epoch 3, Episode 13, total_loss: 1667.7593994140625, q_loss 1662.4696044921875, v_loss 5.2897491455078125 ,lr 0.001
INFO:root:epoch 3, Episode 14, total_loss: 1191.027587890625, q_loss 1187.843017578125, v_loss 3.1845703125 ,lr 0.001
INFO:root:epoch 3, Episode 15, total_loss: 1470.515869140625, q_loss 1466.7801513671875, v_loss 3.7357177734375 ,lr 0.001
INFO:root:epoch 3, Episode 16, total_loss: 1850.467041015625, q_loss 1840.881591796875, v_loss 9.585479736328125 ,lr 0.001
INFO:root:epoch 3, Episode 17, total_loss: 1735.1361083984375, q_loss 1728.7926025390625, v_loss 6.3434906005859375 ,lr 0.001
INFO:root:epoch 3, Episode 18, total_loss: 1965.045166015625, q_loss 1959.5147705078125, v_loss 5.53033447265625 ,lr 0.001
INFO:root:epoch 3, Episode 19, total_loss: 1365.1878662109375, q_loss 1362.4512939453125, v_loss 2.736602783203125 ,lr 0.001
INFO:root:epoch 3, Episode 20, total_loss: 1250.59619140625, q_loss 1247.6728515625, v_loss 2.92327880859375 ,lr 0.001
INFO:root:epoch 3, Episode 21, total_loss: 1645.2886962890625, q_loss 1640.38330078125, v_loss 4.9054107666015625 ,lr 0.001
INFO:root:epoch 3, Episode 22, total_loss: 3046.18701171875, q_loss 3042.6435546875, v_loss 3.543487548828125 ,lr 0.001
INFO:root:epoch 3, Episode 23, total_loss: 1480.1815185546875, q_loss 1475.6968994140625, v_loss 4.4846649169921875 ,lr 0.001
INFO:root:epoch 3, Episode 24, total_loss: 1106.7833251953125, q_loss 1104.49169921875, v_loss 2.291656494140625 ,lr 0.001
INFO:root:epoch 3, Episode 25, total_loss: 1254.548828125, q_loss 1251.3076171875, v_loss 3.24114990234375 ,lr 0.001
INFO:root:epoch 3, Episode 26, total_loss: 1350.94482421875, q_loss 1347.46484375, v_loss 3.479949951171875 ,lr 0.001
INFO:root:epoch 3, Episode 27, total_loss: 2304.376220703125, q_loss 2302.810546875, v_loss 1.565673828125 ,lr 0.001
INFO:root:epoch 3, Episode 28, total_loss: 1028.221923828125, q_loss 1025.9658203125, v_loss 2.2560882568359375 ,lr 0.001
INFO:root:epoch 3, Episode 29, total_loss: 1812.3203125, q_loss 1807.5902099609375, v_loss 4.7301483154296875 ,lr 0.001
INFO:root:epoch 3, Episode 30, total_loss: 1144.31494140625, q_loss 1142.0926513671875, v_loss 2.2223052978515625 ,lr 0.001
INFO:root:epoch 3, Episode 31, total_loss: 2149.412109375, q_loss 2140.92822265625, v_loss 8.48382568359375 ,lr 0.001
INFO:root:epoch 3, Episode 32, total_loss: 1226.9178466796875, q_loss 1224.156982421875, v_loss 2.760894775390625 ,lr 0.001
INFO:root:epoch 3, Episode 33, total_loss: 2347.522705078125, q_loss 2340.9248046875, v_loss 6.59783935546875 ,lr 0.001
INFO:root:epoch 3, Episode 34, total_loss: 1429.132080078125, q_loss 1424.1683349609375, v_loss 4.96368408203125 ,lr 0.001
INFO:root:epoch 3, Episode 35, total_loss: 2267.156982421875, q_loss 2255.275146484375, v_loss 11.8818359375 ,lr 0.001
INFO:root:epoch 3, Episode 36, total_loss: 1197.4649658203125, q_loss 1192.878173828125, v_loss 4.5867767333984375 ,lr 0.001
INFO:root:epoch 3, Episode 37, total_loss: 942.7215576171875, q_loss 938.1948852539062, v_loss 4.5266876220703125 ,lr 0.001
INFO:root:epoch 3, Episode 38, total_loss: 1452.5509033203125, q_loss 1447.0621337890625, v_loss 5.488800048828125 ,lr 0.001
INFO:root:epoch 3, Episode 39, total_loss: 1274.7591552734375, q_loss 1271.6259765625, v_loss 3.1331329345703125 ,lr 0.001
INFO:root:epoch 3, Episode 40, total_loss: 1782.8941650390625, q_loss 1774.639404296875, v_loss 8.254776000976562 ,lr 0.001
INFO:root:epoch 3, Episode 41, total_loss: 1254.8499755859375, q_loss 1249.833251953125, v_loss 5.0167236328125 ,lr 0.001
INFO:root:epoch 3, Episode 42, total_loss: 1106.469970703125, q_loss 1103.0186767578125, v_loss 3.4513092041015625 ,lr 0.001
INFO:root:epoch 3, Episode 43, total_loss: 1520.8814697265625, q_loss 1518.5950927734375, v_loss 2.2863922119140625 ,lr 0.001
INFO:root:epoch 3, Episode 44, total_loss: 1665.9931640625, q_loss 1656.6669921875, v_loss 9.326217651367188 ,lr 0.001
INFO:root:epoch 3, Episode 45, total_loss: 2777.161376953125, q_loss 2767.30078125, v_loss 9.860595703125 ,lr 0.001
INFO:root:epoch 3, Episode 46, total_loss: 1030.2166748046875, q_loss 1027.619873046875, v_loss 2.596832275390625 ,lr 0.001
INFO:root:epoch 3, Episode 47, total_loss: 964.3209228515625, q_loss 961.2317504882812, v_loss 3.0891876220703125 ,lr 0.001
INFO:root:epoch 3, Episode 48, total_loss: 1363.2298583984375, q_loss 1358.044189453125, v_loss 5.1856536865234375 ,lr 0.001
INFO:root:epoch 3, Episode 49, total_loss: 959.6531372070312, q_loss 957.1817016601562, v_loss 2.4714202880859375 ,lr 0.001
INFO:root:epoch 3, Episode 50, total_loss: 1181.225341796875, q_loss 1176.125, v_loss 5.10028076171875 ,lr 0.001
INFO:root:val_loss 1714.4857177734375
INFO:root:epoch 3, Episode 51, total_loss: 1247.0902099609375, q_loss 1243.7279052734375, v_loss 3.3623504638671875 ,lr 0.001
INFO:root:epoch 3, Episode 52, total_loss: 1295.3980712890625, q_loss 1291.6990966796875, v_loss 3.6989898681640625 ,lr 0.001
INFO:root:epoch 3, Episode 53, total_loss: 1610.281982421875, q_loss 1604.7911376953125, v_loss 5.4908599853515625 ,lr 0.001
INFO:root:epoch 3, Episode 54, total_loss: 799.54052734375, q_loss 795.9267578125, v_loss 3.613800048828125 ,lr 0.001
INFO:root:epoch 3, Episode 55, total_loss: 1342.2197265625, q_loss 1339.5567626953125, v_loss 2.6630096435546875 ,lr 0.001
INFO:root:epoch 3, Episode 56, total_loss: 3645.3681640625, q_loss 3630.37890625, v_loss 14.989334106445312 ,lr 0.001
INFO:root:epoch 3, Episode 57, total_loss: 1206.0445556640625, q_loss 1197.001953125, v_loss 9.0426025390625 ,lr 0.001
INFO:root:epoch 3, Episode 58, total_loss: 1184.18603515625, q_loss 1180.2745361328125, v_loss 3.91156005859375 ,lr 0.001
INFO:root:epoch 3, Episode 59, total_loss: 1072.6478271484375, q_loss 1069.7017822265625, v_loss 2.946044921875 ,lr 0.001
INFO:root:epoch 3, Episode 60, total_loss: 1329.040283203125, q_loss 1325.868408203125, v_loss 3.17181396484375 ,lr 0.001
INFO:root:epoch 3, Episode 61, total_loss: 975.9349975585938, q_loss 970.6942749023438, v_loss 5.24072265625 ,lr 0.001
INFO:root:epoch 3, Episode 62, total_loss: 1237.879150390625, q_loss 1223.9652099609375, v_loss 13.913955688476562 ,lr 0.001
INFO:root:epoch 3, Episode 63, total_loss: 1132.5797119140625, q_loss 1128.732666015625, v_loss 3.8470916748046875 ,lr 0.001
INFO:root:epoch 3, Episode 64, total_loss: 835.9391479492188, q_loss 832.7557983398438, v_loss 3.1833648681640625 ,lr 0.001
INFO:root:epoch 3, Episode 65, total_loss: 1277.310302734375, q_loss 1273.7880859375, v_loss 3.5222320556640625 ,lr 0.001
INFO:root:epoch 3, Episode 66, total_loss: 1630.4300537109375, q_loss 1626.2034912109375, v_loss 4.2265625 ,lr 0.001
INFO:root:epoch 3, Episode 67, total_loss: 2690.1455078125, q_loss 2685.23095703125, v_loss 4.9146728515625 ,lr 0.001
INFO:root:epoch 3, Episode 68, total_loss: 1708.741943359375, q_loss 1700.723876953125, v_loss 8.01800537109375 ,lr 0.001
INFO:root:epoch 3, Episode 69, total_loss: 1489.5364990234375, q_loss 1485.9212646484375, v_loss 3.6152801513671875 ,lr 0.001
INFO:root:epoch 3, Episode 70, total_loss: 970.8787231445312, q_loss 967.5494384765625, v_loss 3.3292999267578125 ,lr 0.001
INFO:root:epoch 3, Episode 71, total_loss: 4101.0830078125, q_loss 4098.4912109375, v_loss 2.5919647216796875 ,lr 0.001
INFO:root:epoch 3, Episode 72, total_loss: 1695.7989501953125, q_loss 1693.5234375, v_loss 2.2754974365234375 ,lr 0.001
INFO:root:epoch 3, Episode 73, total_loss: 1039.8409423828125, q_loss 1031.1483154296875, v_loss 8.692642211914062 ,lr 0.001
INFO:root:epoch 3, Episode 74, total_loss: 755.2060546875, q_loss 752.7767333984375, v_loss 2.4293212890625 ,lr 0.001
INFO:root:epoch 3, Episode 75, total_loss: 1963.099609375, q_loss 1958.6099853515625, v_loss 4.48956298828125 ,lr 0.001
INFO:root:epoch 3, Episode 76, total_loss: 1508.837158203125, q_loss 1505.1834716796875, v_loss 3.6536712646484375 ,lr 0.001
INFO:root:epoch 3, Episode 77, total_loss: 2011.0440673828125, q_loss 2002.1422119140625, v_loss 8.90185546875 ,lr 0.001
INFO:root:epoch 3, Episode 78, total_loss: 1475.2423095703125, q_loss 1464.585693359375, v_loss 10.656646728515625 ,lr 0.001
INFO:root:epoch 3, Episode 79, total_loss: 995.1570434570312, q_loss 992.2064208984375, v_loss 2.95062255859375 ,lr 0.001
INFO:root:epoch 3, Episode 80, total_loss: 1953.57421875, q_loss 1945.4857177734375, v_loss 8.08843994140625 ,lr 0.001
INFO:root:epoch 3, Episode 81, total_loss: 1276.807373046875, q_loss 1271.9239501953125, v_loss 4.8834686279296875 ,lr 0.001
INFO:root:epoch 3, Episode 82, total_loss: 1904.7225341796875, q_loss 1881.09912109375, v_loss 23.623458862304688 ,lr 0.001
INFO:root:epoch 3, Episode 83, total_loss: 720.2670288085938, q_loss 716.6712646484375, v_loss 3.59576416015625 ,lr 0.001
INFO:root:epoch 3, Episode 84, total_loss: 1241.635009765625, q_loss 1236.978515625, v_loss 4.65643310546875 ,lr 0.001
INFO:root:epoch 3, Episode 85, total_loss: 1367.2705078125, q_loss 1363.7288818359375, v_loss 3.54168701171875 ,lr 0.001
INFO:root:epoch 3, Episode 86, total_loss: 3310.624267578125, q_loss 3303.639404296875, v_loss 6.9848785400390625 ,lr 0.001
INFO:root:epoch 3, Episode 87, total_loss: 935.1474609375, q_loss 932.2922973632812, v_loss 2.8551788330078125 ,lr 0.001
INFO:root:epoch 3, Episode 88, total_loss: 848.6648559570312, q_loss 845.5165405273438, v_loss 3.1483001708984375 ,lr 0.001
INFO:root:epoch 3, Episode 89, total_loss: 3575.673583984375, q_loss 3573.35009765625, v_loss 2.3234710693359375 ,lr 0.001
INFO:root:epoch 3, Episode 90, total_loss: 1031.023681640625, q_loss 1028.6258544921875, v_loss 2.3978118896484375 ,lr 0.001
INFO:root:epoch 3, Episode 91, total_loss: 2224.57470703125, q_loss 2212.572998046875, v_loss 12.001678466796875 ,lr 0.001
INFO:root:epoch 3, Episode 92, total_loss: 1438.771240234375, q_loss 1432.5745849609375, v_loss 6.196624755859375 ,lr 0.001
INFO:root:epoch 3, Episode 93, total_loss: 1122.80859375, q_loss 1119.0474853515625, v_loss 3.7611541748046875 ,lr 0.001
INFO:root:epoch 3, Episode 94, total_loss: 1239.9749755859375, q_loss 1236.905517578125, v_loss 3.0694122314453125 ,lr 0.001
INFO:root:epoch 3, Episode 95, total_loss: 1690.601806640625, q_loss 1686.83154296875, v_loss 3.770294189453125 ,lr 0.001
INFO:root:epoch 3, Episode 96, total_loss: 1178.841552734375, q_loss 1175.442138671875, v_loss 3.3994598388671875 ,lr 0.001
INFO:root:epoch 3, Episode 97, total_loss: 1526.136474609375, q_loss 1507.2449951171875, v_loss 18.89154052734375 ,lr 0.001
INFO:root:epoch 3, Episode 98, total_loss: 1093.9072265625, q_loss 1091.069580078125, v_loss 2.837677001953125 ,lr 0.001
INFO:root:epoch 3, Episode 99, total_loss: 1067.244140625, q_loss 1064.91015625, v_loss 2.3339691162109375 ,lr 0.001
INFO:root:epoch 3, Episode 100, total_loss: 2122.61962890625, q_loss 2117.71923828125, v_loss 4.900299072265625 ,lr 0.001
INFO:root:val_loss 892.1357421875
INFO:root:epoch 3, Episode 101, total_loss: 1075.201904296875, q_loss 1072.3760986328125, v_loss 2.8258514404296875 ,lr 0.001
INFO:root:epoch 3, Episode 102, total_loss: 1075.71044921875, q_loss 1072.8936767578125, v_loss 2.81683349609375 ,lr 0.001
INFO:root:epoch 3, Episode 103, total_loss: 2258.66796875, q_loss 2252.70849609375, v_loss 5.95953369140625 ,lr 0.001
INFO:root:epoch 3, Episode 104, total_loss: 961.7587280273438, q_loss 958.9964599609375, v_loss 2.76226806640625 ,lr 0.001
INFO:root:epoch 3, Episode 105, total_loss: 1403.2467041015625, q_loss 1396.994384765625, v_loss 6.2523193359375 ,lr 0.001
INFO:root:epoch 3, Episode 106, total_loss: 1557.4505615234375, q_loss 1553.2381591796875, v_loss 4.21240234375 ,lr 0.001
INFO:root:epoch 3, Episode 107, total_loss: 874.9214477539062, q_loss 871.88525390625, v_loss 3.0362091064453125 ,lr 0.001
INFO:root:epoch 3, Episode 108, total_loss: 1149.31005859375, q_loss 1145.0670166015625, v_loss 4.2430267333984375 ,lr 0.001
INFO:root:epoch 3, Episode 109, total_loss: 1367.3966064453125, q_loss 1364.23779296875, v_loss 3.1587982177734375 ,lr 0.001
INFO:root:epoch 3, Episode 110, total_loss: 1444.812255859375, q_loss 1441.4964599609375, v_loss 3.315826416015625 ,lr 0.001
INFO:root:epoch 3, Episode 111, total_loss: 1097.9769287109375, q_loss 1095.302978515625, v_loss 2.6739044189453125 ,lr 0.001
INFO:root:epoch 3, Episode 112, total_loss: 1079.6234130859375, q_loss 1077.10791015625, v_loss 2.5154571533203125 ,lr 0.001
INFO:root:epoch 3, Episode 113, total_loss: 1049.3404541015625, q_loss 1046.632080078125, v_loss 2.7083740234375 ,lr 0.001
INFO:root:epoch 3, Episode 114, total_loss: 1549.397705078125, q_loss 1544.6640625, v_loss 4.733612060546875 ,lr 0.001
INFO:root:epoch 3, Episode 115, total_loss: 1439.3226318359375, q_loss 1432.5859375, v_loss 6.7366790771484375 ,lr 0.001
INFO:root:epoch 3, Episode 116, total_loss: 2028.645263671875, q_loss 2017.926025390625, v_loss 10.719223022460938 ,lr 0.001
INFO:root:epoch 3, Episode 117, total_loss: 1019.1978149414062, q_loss 1016.954345703125, v_loss 2.2434844970703125 ,lr 0.001
INFO:root:epoch 3, Episode 118, total_loss: 1553.6383056640625, q_loss 1550.5986328125, v_loss 3.0396270751953125 ,lr 0.001
INFO:root:epoch 3, Episode 119, total_loss: 1208.1456298828125, q_loss 1204.930419921875, v_loss 3.215240478515625 ,lr 0.001
INFO:root:epoch 3, Episode 120, total_loss: 1225.158935546875, q_loss 1222.8944091796875, v_loss 2.26446533203125 ,lr 0.001
INFO:root:epoch 3, Episode 121, total_loss: 1792.5108642578125, q_loss 1785.410400390625, v_loss 7.1004638671875 ,lr 0.001
INFO:root:epoch 3, Episode 122, total_loss: 1520.98583984375, q_loss 1516.3885498046875, v_loss 4.59722900390625 ,lr 0.001
INFO:root:epoch 3, Episode 123, total_loss: 2134.296630859375, q_loss 2125.61181640625, v_loss 8.684768676757812 ,lr 0.001
INFO:root:epoch 3, Episode 124, total_loss: 1125.83447265625, q_loss 1122.0384521484375, v_loss 3.7959747314453125 ,lr 0.001
INFO:root:epoch 3, Episode 125, total_loss: 1194.9703369140625, q_loss 1191.2252197265625, v_loss 3.745086669921875 ,lr 0.001
INFO:root:epoch 3, Episode 126, total_loss: 721.2338256835938, q_loss 717.2208862304688, v_loss 4.012939453125 ,lr 0.001
INFO:root:epoch 3, Episode 127, total_loss: 1181.32763671875, q_loss 1178.3817138671875, v_loss 2.94598388671875 ,lr 0.001
INFO:root:epoch 3, Episode 128, total_loss: 1162.794921875, q_loss 1159.665283203125, v_loss 3.129638671875 ,lr 0.001
INFO:root:epoch 3, Episode 129, total_loss: 1319.06787109375, q_loss 1313.1641845703125, v_loss 5.9037017822265625 ,lr 0.001
INFO:root:epoch 3, Episode 130, total_loss: 3809.6787109375, q_loss 3805.67919921875, v_loss 3.9993896484375 ,lr 0.001
INFO:root:epoch 3, Episode 131, total_loss: 742.8109130859375, q_loss 738.068359375, v_loss 4.742523193359375 ,lr 0.001
INFO:root:epoch 3, Episode 132, total_loss: 4014.345703125, q_loss 4010.02880859375, v_loss 4.3169403076171875 ,lr 0.001
INFO:root:epoch 3, Episode 133, total_loss: 1429.9072265625, q_loss 1416.12939453125, v_loss 13.77783203125 ,lr 0.001
INFO:root:epoch 3, Episode 134, total_loss: 1947.060546875, q_loss 1941.9820556640625, v_loss 5.07855224609375 ,lr 0.001
INFO:root:epoch 3, Episode 135, total_loss: 828.3186645507812, q_loss 826.609619140625, v_loss 1.7090301513671875 ,lr 0.001
INFO:root:epoch 3, Episode 136, total_loss: 1071.7276611328125, q_loss 1069.4781494140625, v_loss 2.2494964599609375 ,lr 0.001
INFO:root:epoch 3, Episode 137, total_loss: 1988.3734130859375, q_loss 1983.7230224609375, v_loss 4.6503448486328125 ,lr 0.001
INFO:root:epoch 3, Episode 138, total_loss: 1259.4613037109375, q_loss 1252.282470703125, v_loss 7.1788482666015625 ,lr 0.001
INFO:root:epoch 3, Episode 139, total_loss: 1357.113525390625, q_loss 1354.18994140625, v_loss 2.9235992431640625 ,lr 0.001
INFO:root:epoch 3, Episode 140, total_loss: 1313.7379150390625, q_loss 1310.4696044921875, v_loss 3.2683258056640625 ,lr 0.001
INFO:root:epoch 3, Episode 141, total_loss: 1588.7164306640625, q_loss 1583.0390625, v_loss 5.6773681640625 ,lr 0.001
INFO:root:epoch 3, Episode 142, total_loss: 1412.7669677734375, q_loss 1409.608154296875, v_loss 3.1588592529296875 ,lr 0.001
INFO:root:epoch 3, Episode 143, total_loss: 2001.94677734375, q_loss 1989.8223876953125, v_loss 12.124404907226562 ,lr 0.001
INFO:root:epoch 3, Episode 144, total_loss: 992.695068359375, q_loss 989.6649780273438, v_loss 3.0301055908203125 ,lr 0.001
INFO:root:epoch 3, Episode 145, total_loss: 1912.9764404296875, q_loss 1907.8082275390625, v_loss 5.1682281494140625 ,lr 0.001
INFO:root:epoch 3, Episode 146, total_loss: 1468.47998046875, q_loss 1465.4072265625, v_loss 3.072784423828125 ,lr 0.001
INFO:root:epoch 3, Episode 147, total_loss: 1017.395751953125, q_loss 1015.7369995117188, v_loss 1.658721923828125 ,lr 0.001
INFO:root:epoch 3, Episode 148, total_loss: 961.4917602539062, q_loss 958.4661865234375, v_loss 3.0255889892578125 ,lr 0.001
INFO:root:epoch 3, Episode 149, total_loss: 1031.87744140625, q_loss 1028.38134765625, v_loss 3.4961090087890625 ,lr 0.001
INFO:root:epoch 3, Episode 150, total_loss: 1265.859130859375, q_loss 1262.415283203125, v_loss 3.443878173828125 ,lr 0.001
INFO:root:val_loss 539.5224609375
INFO:root:epoch 3, Episode 151, total_loss: 1133.873779296875, q_loss 1130.4036865234375, v_loss 3.470062255859375 ,lr 0.001
INFO:root:epoch 3, Episode 152, total_loss: 1613.9473876953125, q_loss 1609.1837158203125, v_loss 4.7636871337890625 ,lr 0.001
INFO:root:epoch 3, Episode 153, total_loss: 2822.35693359375, q_loss 2819.73291015625, v_loss 2.6241302490234375 ,lr 0.001
INFO:root:epoch 3, Episode 154, total_loss: 783.24462890625, q_loss 781.2225952148438, v_loss 2.022064208984375 ,lr 0.001
INFO:root:epoch 3, Episode 155, total_loss: 1124.947998046875, q_loss 1121.1082763671875, v_loss 3.839691162109375 ,lr 0.001
INFO:root:epoch 3, Episode 156, total_loss: 1502.4617919921875, q_loss 1499.0693359375, v_loss 3.3925018310546875 ,lr 0.001
INFO:root:epoch 3, Episode 157, total_loss: 900.7599487304688, q_loss 896.5159301757812, v_loss 4.2440032958984375 ,lr 0.001
INFO:root:epoch 3, Episode 158, total_loss: 2734.135498046875, q_loss 2723.477294921875, v_loss 10.658233642578125 ,lr 0.001
INFO:root:epoch 3, Episode 159, total_loss: 1306.2889404296875, q_loss 1301.1151123046875, v_loss 5.1738128662109375 ,lr 0.001
INFO:root:epoch 3, Episode 160, total_loss: 1546.655517578125, q_loss 1542.956298828125, v_loss 3.699188232421875 ,lr 0.001
INFO:root:epoch 3, Episode 161, total_loss: 1592.2896728515625, q_loss 1586.3895263671875, v_loss 5.900146484375 ,lr 0.001
INFO:root:epoch 3, Episode 162, total_loss: 1361.7529296875, q_loss 1358.3548583984375, v_loss 3.39813232421875 ,lr 0.001
INFO:root:epoch 3, Episode 163, total_loss: 1303.9041748046875, q_loss 1301.93896484375, v_loss 1.9651947021484375 ,lr 0.001
INFO:root:epoch 3, Episode 164, total_loss: 1799.111083984375, q_loss 1791.4471435546875, v_loss 7.66387939453125 ,lr 0.001
INFO:root:epoch 3, Episode 165, total_loss: 2015.4012451171875, q_loss 2006.2908935546875, v_loss 9.110366821289062 ,lr 0.001
INFO:root:epoch 3, Episode 166, total_loss: 1412.4857177734375, q_loss 1408.7020263671875, v_loss 3.7836456298828125 ,lr 0.001
INFO:root:epoch 3, Episode 167, total_loss: 3239.0498046875, q_loss 3234.98095703125, v_loss 4.06884765625 ,lr 0.001
INFO:root:epoch 3, Episode 168, total_loss: 1351.1392822265625, q_loss 1348.861328125, v_loss 2.2779083251953125 ,lr 0.001
INFO:root:epoch 3, Episode 169, total_loss: 1112.926513671875, q_loss 1108.9029541015625, v_loss 4.023590087890625 ,lr 0.001
INFO:root:epoch 3, Episode 170, total_loss: 603.320068359375, q_loss 599.80029296875, v_loss 3.519744873046875 ,lr 0.001
INFO:root:epoch 3, Episode 171, total_loss: 1158.3115234375, q_loss 1156.0177001953125, v_loss 2.29388427734375 ,lr 0.001
INFO:root:epoch 3, Episode 172, total_loss: 2754.0732421875, q_loss 2733.5615234375, v_loss 20.5115966796875 ,lr 0.001
INFO:root:epoch 3, Episode 173, total_loss: 1211.9312744140625, q_loss 1208.013671875, v_loss 3.9176025390625 ,lr 0.001
INFO:root:epoch 3, Episode 174, total_loss: 871.732421875, q_loss 866.6610107421875, v_loss 5.071380615234375 ,lr 0.001
INFO:root:epoch 3, Episode 175, total_loss: 2499.773193359375, q_loss 2491.269287109375, v_loss 8.503829956054688 ,lr 0.001
INFO:root:epoch 3, Episode 176, total_loss: 1329.2010498046875, q_loss 1320.7069091796875, v_loss 8.494110107421875 ,lr 0.001
INFO:root:epoch 3, Episode 177, total_loss: 1652.549560546875, q_loss 1645.1689453125, v_loss 7.3805999755859375 ,lr 0.001
INFO:root:epoch 3, Episode 178, total_loss: 1023.9590454101562, q_loss 1021.9408569335938, v_loss 2.0181884765625 ,lr 0.001
INFO:root:epoch 3, Episode 179, total_loss: 1616.710205078125, q_loss 1613.1519775390625, v_loss 3.5582275390625 ,lr 0.001
INFO:root:epoch 3, Episode 180, total_loss: 1016.8419189453125, q_loss 1015.0282592773438, v_loss 1.813629150390625 ,lr 0.001
INFO:root:epoch 3, Episode 181, total_loss: 1121.889892578125, q_loss 1119.32470703125, v_loss 2.565216064453125 ,lr 0.001
INFO:root:epoch 3, Episode 182, total_loss: 1027.8543701171875, q_loss 1022.9000244140625, v_loss 4.954376220703125 ,lr 0.001
INFO:root:epoch 3, Episode 183, total_loss: 1259.44873046875, q_loss 1256.0474853515625, v_loss 3.4012451171875 ,lr 0.001
INFO:root:epoch 3, Episode 184, total_loss: 3947.995361328125, q_loss 3945.516357421875, v_loss 2.479095458984375 ,lr 0.001
INFO:root:epoch 3, Episode 185, total_loss: 2407.244384765625, q_loss 2402.2333984375, v_loss 5.01104736328125 ,lr 0.001
INFO:root:epoch 3, Episode 186, total_loss: 1508.11083984375, q_loss 1502.0186767578125, v_loss 6.09210205078125 ,lr 0.001
INFO:root:epoch 3, Episode 187, total_loss: 1163.9195556640625, q_loss 1161.7886962890625, v_loss 2.130889892578125 ,lr 0.001
INFO:root:epoch 3, Episode 188, total_loss: 2182.20068359375, q_loss 2177.1953125, v_loss 5.0054779052734375 ,lr 0.001
INFO:root:epoch 3, Episode 189, total_loss: 1940.712158203125, q_loss 1935.511474609375, v_loss 5.200653076171875 ,lr 0.001
INFO:root:epoch 3, Episode 190, total_loss: 1160.6551513671875, q_loss 1157.57373046875, v_loss 3.0814056396484375 ,lr 0.001
INFO:root:epoch 3, Episode 191, total_loss: 2504.447998046875, q_loss 2500.212158203125, v_loss 4.2359466552734375 ,lr 0.001
INFO:root:epoch 3, Episode 192, total_loss: 1082.1341552734375, q_loss 1079.608642578125, v_loss 2.5254669189453125 ,lr 0.001
INFO:root:epoch 3, Episode 193, total_loss: 820.5457763671875, q_loss 817.1475830078125, v_loss 3.398223876953125 ,lr 0.001
INFO:root:epoch 3, Episode 194, total_loss: 1173.9688720703125, q_loss 1170.855712890625, v_loss 3.1131439208984375 ,lr 0.001
INFO:root:epoch 3, Episode 195, total_loss: 3675.822265625, q_loss 3671.661376953125, v_loss 4.1608123779296875 ,lr 0.001
INFO:root:epoch 3, Episode 196, total_loss: 1680.2388916015625, q_loss 1676.9732666015625, v_loss 3.2656707763671875 ,lr 0.001
INFO:root:epoch 3, Episode 197, total_loss: 1222.7314453125, q_loss 1219.9569091796875, v_loss 2.774505615234375 ,lr 0.001
INFO:root:epoch 3, Episode 198, total_loss: 2351.0458984375, q_loss 2323.35888671875, v_loss 27.68701171875 ,lr 0.001
INFO:root:epoch 3, Episode 199, total_loss: 1228.0655517578125, q_loss 1224.6329345703125, v_loss 3.4326019287109375 ,lr 0.001
INFO:root:epoch 3, Episode 200, total_loss: 1204.287109375, q_loss 1200.88916015625, v_loss 3.397918701171875 ,lr 0.001
INFO:root:val_loss 1196.854736328125
INFO:root:epoch 3, Episode 201, total_loss: 1471.5830078125, q_loss 1466.1531982421875, v_loss 5.4297637939453125 ,lr 0.001
INFO:root:epoch 3, Episode 202, total_loss: 1459.7808837890625, q_loss 1456.8172607421875, v_loss 2.963623046875 ,lr 0.001
INFO:root:epoch 3, Episode 203, total_loss: 1396.837158203125, q_loss 1394.0941162109375, v_loss 2.7429962158203125 ,lr 0.001
INFO:root:epoch 3, Episode 204, total_loss: 3615.0322265625, q_loss 3609.64306640625, v_loss 5.389190673828125 ,lr 0.001
INFO:root:epoch 3, Episode 205, total_loss: 848.5425415039062, q_loss 846.00048828125, v_loss 2.54205322265625 ,lr 0.001
INFO:root:epoch 3, Episode 206, total_loss: 693.8255615234375, q_loss 691.4567260742188, v_loss 2.368804931640625 ,lr 0.001
INFO:root:epoch 3, Episode 207, total_loss: 1081.187744140625, q_loss 1078.9193115234375, v_loss 2.26849365234375 ,lr 0.001
INFO:root:epoch 3, Episode 208, total_loss: 991.1450805664062, q_loss 988.2595825195312, v_loss 2.8855133056640625 ,lr 0.001
INFO:root:epoch 3, Episode 209, total_loss: 1030.0941162109375, q_loss 1026.19921875, v_loss 3.8949127197265625 ,lr 0.001
INFO:root:epoch 3, Episode 210, total_loss: 1880.289794921875, q_loss 1867.4195556640625, v_loss 12.870285034179688 ,lr 0.001
INFO:root:epoch 3, Episode 211, total_loss: 827.37841796875, q_loss 824.615966796875, v_loss 2.762420654296875 ,lr 0.001
INFO:root:epoch 3, Episode 212, total_loss: 1580.337890625, q_loss 1574.4053955078125, v_loss 5.93243408203125 ,lr 0.001
INFO:root:epoch 3, Episode 213, total_loss: 1290.736083984375, q_loss 1287.8370361328125, v_loss 2.8990631103515625 ,lr 0.001
INFO:root:epoch 3, Episode 214, total_loss: 1491.848388671875, q_loss 1485.5062255859375, v_loss 6.3421630859375 ,lr 0.001
INFO:root:epoch 3, Episode 215, total_loss: 1274.5263671875, q_loss 1264.40087890625, v_loss 10.125473022460938 ,lr 0.001
INFO:root:epoch 3, Episode 216, total_loss: 1376.8189697265625, q_loss 1372.99169921875, v_loss 3.827301025390625 ,lr 0.001
INFO:root:epoch 3, Episode 217, total_loss: 1110.4296875, q_loss 1108.0882568359375, v_loss 2.3413848876953125 ,lr 0.001
INFO:root:epoch 3, Episode 218, total_loss: 2114.1884765625, q_loss 2110.28564453125, v_loss 3.9027557373046875 ,lr 0.001
INFO:root:epoch 3, Episode 219, total_loss: 1571.95361328125, q_loss 1565.4249267578125, v_loss 6.52862548828125 ,lr 0.001
INFO:root:epoch 3, Episode 220, total_loss: 1054.9530029296875, q_loss 1052.1353759765625, v_loss 2.8176727294921875 ,lr 0.001
INFO:root:epoch 3, Episode 221, total_loss: 1533.2877197265625, q_loss 1530.95556640625, v_loss 2.3321075439453125 ,lr 0.001
INFO:root:epoch 3, Episode 222, total_loss: 1314.0093994140625, q_loss 1310.5823974609375, v_loss 3.427001953125 ,lr 0.001
INFO:root:epoch 3, Episode 223, total_loss: 1793.67138671875, q_loss 1787.4443359375, v_loss 6.22711181640625 ,lr 0.001
INFO:root:epoch 3, Episode 224, total_loss: 2498.776611328125, q_loss 2481.921630859375, v_loss 16.85504150390625 ,lr 0.001
INFO:root:epoch 3, Episode 225, total_loss: 977.7075805664062, q_loss 974.8850708007812, v_loss 2.822509765625 ,lr 0.001
INFO:root:epoch 3, Episode 226, total_loss: 1743.14794921875, q_loss 1736.0328369140625, v_loss 7.1150970458984375 ,lr 0.001
INFO:root:epoch 3, Episode 227, total_loss: 1273.3553466796875, q_loss 1271.0198974609375, v_loss 2.33544921875 ,lr 0.001
INFO:root:epoch 3, Episode 228, total_loss: 1234.947265625, q_loss 1229.5531005859375, v_loss 5.39422607421875 ,lr 0.001
INFO:root:epoch 3, Episode 229, total_loss: 1587.080810546875, q_loss 1585.238037109375, v_loss 1.842742919921875 ,lr 0.001
INFO:root:epoch 3, Episode 230, total_loss: 1870.4053955078125, q_loss 1864.9945068359375, v_loss 5.410919189453125 ,lr 0.001
INFO:root:epoch 3, Episode 231, total_loss: 1487.3455810546875, q_loss 1483.1083984375, v_loss 4.2371368408203125 ,lr 0.001
INFO:root:epoch 3, Episode 232, total_loss: 3514.773681640625, q_loss 3512.68701171875, v_loss 2.0865631103515625 ,lr 0.001
INFO:root:epoch 3, Episode 233, total_loss: 1706.662109375, q_loss 1692.239013671875, v_loss 14.423095703125 ,lr 0.001
INFO:root:epoch 3, Episode 234, total_loss: 1122.3585205078125, q_loss 1119.66748046875, v_loss 2.6909942626953125 ,lr 0.001
INFO:root:epoch 3, Episode 235, total_loss: 2990.8828125, q_loss 2963.05615234375, v_loss 27.82659912109375 ,lr 0.001
INFO:root:epoch 3, Episode 236, total_loss: 2204.090576171875, q_loss 2198.560546875, v_loss 5.530029296875 ,lr 0.001
INFO:root:epoch 3, Episode 237, total_loss: 1239.019775390625, q_loss 1236.8896484375, v_loss 2.130157470703125 ,lr 0.001
INFO:root:epoch 3, Episode 238, total_loss: 1395.04443359375, q_loss 1392.397216796875, v_loss 2.6472320556640625 ,lr 0.001
INFO:root:epoch 3, Episode 239, total_loss: 1110.6746826171875, q_loss 1108.5672607421875, v_loss 2.107421875 ,lr 0.001
INFO:root:epoch 3, Episode 240, total_loss: 1133.2957763671875, q_loss 1130.705810546875, v_loss 2.589996337890625 ,lr 0.001
INFO:root:epoch 3, Episode 241, total_loss: 3437.010986328125, q_loss 3433.93603515625, v_loss 3.074920654296875 ,lr 0.001
INFO:root:epoch 3, Episode 242, total_loss: 1176.8856201171875, q_loss 1173.971923828125, v_loss 2.9137115478515625 ,lr 0.001
INFO:root:epoch 3, Episode 243, total_loss: 1219.548583984375, q_loss 1216.8656005859375, v_loss 2.682952880859375 ,lr 0.001
INFO:root:epoch 3, Episode 244, total_loss: 925.3399658203125, q_loss 922.5648803710938, v_loss 2.775115966796875 ,lr 0.001
INFO:root:epoch 3, Episode 245, total_loss: 1177.9241943359375, q_loss 1176.123046875, v_loss 1.8011322021484375 ,lr 0.001
INFO:root:epoch 3, Episode 246, total_loss: 1762.131103515625, q_loss 1745.441650390625, v_loss 16.68951416015625 ,lr 0.001
INFO:root:epoch 3, Episode 247, total_loss: 1929.3446044921875, q_loss 1912.6568603515625, v_loss 16.687744140625 ,lr 0.001
INFO:root:epoch 3, Episode 248, total_loss: 2944.021484375, q_loss 2934.1767578125, v_loss 9.8447265625 ,lr 0.001
INFO:root:epoch 3, Episode 249, total_loss: 905.47509765625, q_loss 901.9921875, v_loss 3.4828948974609375 ,lr 0.001
INFO:root:epoch 3, Episode 250, total_loss: 1182.52783203125, q_loss 1179.27783203125, v_loss 3.2500457763671875 ,lr 0.001
INFO:root:val_loss 493.1621398925781
INFO:root:epoch 3, Episode 251, total_loss: 1118.9447021484375, q_loss 1113.29931640625, v_loss 5.6453704833984375 ,lr 0.001
INFO:root:epoch 3, Episode 252, total_loss: 1138.943603515625, q_loss 1134.1826171875, v_loss 4.76092529296875 ,lr 0.001
INFO:root:epoch 3, Episode 253, total_loss: 1015.0887451171875, q_loss 1009.8883666992188, v_loss 5.20037841796875 ,lr 0.001
INFO:root:epoch 3, Episode 254, total_loss: 904.8727416992188, q_loss 900.26416015625, v_loss 4.6085662841796875 ,lr 0.001
INFO:root:epoch 3, Episode 255, total_loss: 1237.4002685546875, q_loss 1232.7620849609375, v_loss 4.638153076171875 ,lr 0.001
INFO:root:epoch 3, Episode 256, total_loss: 2924.83154296875, q_loss 2919.745849609375, v_loss 5.0856781005859375 ,lr 0.001
INFO:root:epoch 3, Episode 257, total_loss: 1151.9849853515625, q_loss 1146.202880859375, v_loss 5.7821197509765625 ,lr 0.001
INFO:root:epoch 3, Episode 258, total_loss: 1329.717529296875, q_loss 1319.300537109375, v_loss 10.416976928710938 ,lr 0.001
INFO:root:epoch 3, Episode 259, total_loss: 1469.0704345703125, q_loss 1461.161865234375, v_loss 7.9085540771484375 ,lr 0.001
INFO:root:epoch 3, Episode 260, total_loss: 6038.68115234375, q_loss 6016.2919921875, v_loss 22.389251708984375 ,lr 0.001
INFO:root:epoch 3, Episode 261, total_loss: 1322.1729736328125, q_loss 1318.190673828125, v_loss 3.982330322265625 ,lr 0.001
INFO:root:epoch 3, Episode 262, total_loss: 1435.6845703125, q_loss 1430.08447265625, v_loss 5.600128173828125 ,lr 0.001
INFO:root:epoch 3, Episode 263, total_loss: 1468.5555419921875, q_loss 1461.7867431640625, v_loss 6.7688446044921875 ,lr 0.001
INFO:root:epoch 3, Episode 264, total_loss: 1237.8099365234375, q_loss 1228.0611572265625, v_loss 9.748764038085938 ,lr 0.001
INFO:root:epoch 3, Episode 265, total_loss: 894.9140625, q_loss 891.7174682617188, v_loss 3.1965789794921875 ,lr 0.001
INFO:root:epoch 3, Episode 266, total_loss: 1514.869384765625, q_loss 1509.8475341796875, v_loss 5.02178955078125 ,lr 0.001
INFO:root:epoch 3, Episode 267, total_loss: 1337.559814453125, q_loss 1334.2701416015625, v_loss 3.2896728515625 ,lr 0.001
INFO:root:epoch 3, Episode 268, total_loss: 1704.095947265625, q_loss 1699.196533203125, v_loss 4.899444580078125 ,lr 0.001
INFO:root:epoch 3, Episode 269, total_loss: 1309.767333984375, q_loss 1305.021484375, v_loss 4.7458953857421875 ,lr 0.001
INFO:root:epoch 3, Episode 270, total_loss: 1261.55859375, q_loss 1257.7012939453125, v_loss 3.8572845458984375 ,lr 0.001
INFO:root:epoch 3, Episode 271, total_loss: 2418.3447265625, q_loss 2410.489501953125, v_loss 7.8553314208984375 ,lr 0.001
INFO:root:epoch 3, Episode 272, total_loss: 1922.4163818359375, q_loss 1909.8553466796875, v_loss 12.561065673828125 ,lr 0.001
INFO:root:epoch 3, Episode 273, total_loss: 1773.058837890625, q_loss 1765.76171875, v_loss 7.29705810546875 ,lr 0.001
INFO:root:epoch 3, Episode 274, total_loss: 1393.953125, q_loss 1389.304931640625, v_loss 4.6481475830078125 ,lr 0.001
INFO:root:epoch 3, Episode 275, total_loss: 1432.6693115234375, q_loss 1428.5838623046875, v_loss 4.0854034423828125 ,lr 0.001
INFO:root:epoch 3, Episode 276, total_loss: 1365.4990234375, q_loss 1355.4232177734375, v_loss 10.075851440429688 ,lr 0.001
INFO:root:epoch 3, Episode 277, total_loss: 1339.26171875, q_loss 1335.7506103515625, v_loss 3.5111083984375 ,lr 0.001
INFO:root:epoch 3, Episode 278, total_loss: 1504.8978271484375, q_loss 1498.7410888671875, v_loss 6.156768798828125 ,lr 0.001
INFO:root:epoch 3, Episode 279, total_loss: 1742.5423583984375, q_loss 1737.7813720703125, v_loss 4.760986328125 ,lr 0.001
INFO:root:epoch 3, Episode 280, total_loss: 1261.8179931640625, q_loss 1258.2584228515625, v_loss 3.5595245361328125 ,lr 0.001
INFO:root:epoch 3, Episode 281, total_loss: 1324.0699462890625, q_loss 1320.412353515625, v_loss 3.657562255859375 ,lr 0.001
INFO:root:epoch 3, Episode 282, total_loss: 1442.8699951171875, q_loss 1440.0982666015625, v_loss 2.771728515625 ,lr 0.001
INFO:root:epoch 3, Episode 283, total_loss: 770.5049438476562, q_loss 767.6015014648438, v_loss 2.9034271240234375 ,lr 0.001
INFO:root:epoch 3, Episode 284, total_loss: 1110.6435546875, q_loss 1106.516845703125, v_loss 4.12677001953125 ,lr 0.001
INFO:root:epoch 3, Episode 285, total_loss: 3004.094970703125, q_loss 2990.442138671875, v_loss 13.652923583984375 ,lr 0.001
INFO:root:epoch 3, Episode 286, total_loss: 1722.761474609375, q_loss 1717.2225341796875, v_loss 5.53900146484375 ,lr 0.001
INFO:root:epoch 3, Episode 287, total_loss: 963.625732421875, q_loss 958.7950439453125, v_loss 4.8307037353515625 ,lr 0.001
INFO:root:epoch 3, Episode 288, total_loss: 1087.823486328125, q_loss 1084.4439697265625, v_loss 3.379547119140625 ,lr 0.001
INFO:root:epoch 3, Episode 289, total_loss: 911.7235717773438, q_loss 908.5629272460938, v_loss 3.1606292724609375 ,lr 0.001
INFO:root:epoch 3, Episode 290, total_loss: 1208.25439453125, q_loss 1203.8729248046875, v_loss 4.381439208984375 ,lr 0.001
INFO:root:epoch 3, Episode 291, total_loss: 1689.5074462890625, q_loss 1685.2515869140625, v_loss 4.2558441162109375 ,lr 0.001
INFO:root:epoch 3, Episode 292, total_loss: 1416.5352783203125, q_loss 1411.736572265625, v_loss 4.7986907958984375 ,lr 0.001
INFO:root:epoch 3, Episode 293, total_loss: 2794.384765625, q_loss 2776.094482421875, v_loss 18.290176391601562 ,lr 0.001
INFO:root:epoch 3, Episode 294, total_loss: 1070.75537109375, q_loss 1067.8118896484375, v_loss 2.9434814453125 ,lr 0.001
INFO:root:epoch 3, Episode 295, total_loss: 1994.551025390625, q_loss 1987.7733154296875, v_loss 6.777740478515625 ,lr 0.001
INFO:root:epoch 3, Episode 296, total_loss: 1456.8023681640625, q_loss 1453.7056884765625, v_loss 3.0966339111328125 ,lr 0.001
INFO:root:epoch 3, Episode 297, total_loss: 1262.308837890625, q_loss 1259.31787109375, v_loss 2.990936279296875 ,lr 0.001
INFO:root:epoch 3, Episode 298, total_loss: 1434.053955078125, q_loss 1429.9193115234375, v_loss 4.1346282958984375 ,lr 0.001
INFO:root:epoch 3, Episode 299, total_loss: 924.2352294921875, q_loss 920.102294921875, v_loss 4.1329498291015625 ,lr 0.001
INFO:root:epoch 3, Episode 300, total_loss: 1085.79345703125, q_loss 1083.1051025390625, v_loss 2.688385009765625 ,lr 0.001
INFO:root:val_loss 509.70556640625
INFO:root:epoch 3, Episode 301, total_loss: 2317.6669921875, q_loss 2309.9755859375, v_loss 7.6914215087890625 ,lr 0.001
INFO:root:epoch 3, Episode 302, total_loss: 1211.2596435546875, q_loss 1208.5389404296875, v_loss 2.720703125 ,lr 0.001
INFO:root:epoch 3, Episode 303, total_loss: 1092.8284912109375, q_loss 1087.4661865234375, v_loss 5.3623199462890625 ,lr 0.001
INFO:root:epoch 3, Episode 304, total_loss: 1038.22509765625, q_loss 1034.27197265625, v_loss 3.95306396484375 ,lr 0.001
INFO:root:epoch 3, Episode 305, total_loss: 1647.3382568359375, q_loss 1642.8145751953125, v_loss 4.5236968994140625 ,lr 0.001
INFO:root:epoch 3, Episode 306, total_loss: 1455.2708740234375, q_loss 1451.069580078125, v_loss 4.2013397216796875 ,lr 0.001
INFO:root:epoch 3, Episode 307, total_loss: 814.322509765625, q_loss 811.0228881835938, v_loss 3.29962158203125 ,lr 0.001
INFO:root:epoch 3, Episode 308, total_loss: 1425.78564453125, q_loss 1419.6595458984375, v_loss 6.126068115234375 ,lr 0.001
INFO:root:epoch 3, Episode 309, total_loss: 1234.531005859375, q_loss 1230.4588623046875, v_loss 4.07220458984375 ,lr 0.001
INFO:root:epoch 3, Episode 310, total_loss: 3535.61376953125, q_loss 3532.71923828125, v_loss 2.894561767578125 ,lr 0.001
INFO:root:epoch 3, Episode 311, total_loss: 1102.81689453125, q_loss 1098.6002197265625, v_loss 4.2167205810546875 ,lr 0.001
INFO:root:epoch 3, Episode 312, total_loss: 1589.1151123046875, q_loss 1583.2430419921875, v_loss 5.872100830078125 ,lr 0.001
INFO:root:epoch 3, Episode 313, total_loss: 1754.4317626953125, q_loss 1747.2474365234375, v_loss 7.1843414306640625 ,lr 0.001
INFO:root:epoch 3, Episode 314, total_loss: 1119.128662109375, q_loss 1113.7972412109375, v_loss 5.3314056396484375 ,lr 0.001
INFO:root:epoch 3, Episode 315, total_loss: 1003.2271728515625, q_loss 997.84716796875, v_loss 5.3799896240234375 ,lr 0.001
INFO:root:epoch 3, Episode 316, total_loss: 1685.8690185546875, q_loss 1679.96630859375, v_loss 5.9026641845703125 ,lr 0.001
INFO:root:epoch 3, Episode 317, total_loss: 1137.753662109375, q_loss 1133.7593994140625, v_loss 3.9942169189453125 ,lr 0.001
INFO:root:epoch 3, Episode 318, total_loss: 1023.5353393554688, q_loss 1020.494873046875, v_loss 3.0404815673828125 ,lr 0.001
INFO:root:epoch 3, Episode 319, total_loss: 1320.08203125, q_loss 1316.074951171875, v_loss 4.007110595703125 ,lr 0.001
INFO:root:epoch 3, Episode 320, total_loss: 1014.4910888671875, q_loss 1010.240478515625, v_loss 4.2506256103515625 ,lr 0.001
INFO:root:epoch 3, Episode 321, total_loss: 5488.71240234375, q_loss 5443.1005859375, v_loss 45.61201477050781 ,lr 0.001
INFO:root:epoch 3, Episode 322, total_loss: 2134.696044921875, q_loss 2124.142333984375, v_loss 10.553802490234375 ,lr 0.001
INFO:root:epoch 3, Episode 323, total_loss: 1614.29296875, q_loss 1608.781982421875, v_loss 5.5110015869140625 ,lr 0.001
INFO:root:epoch 3, Episode 324, total_loss: 1165.6082763671875, q_loss 1162.700439453125, v_loss 2.9078826904296875 ,lr 0.001
INFO:root:epoch 3, Episode 325, total_loss: 1197.896240234375, q_loss 1193.7423095703125, v_loss 4.1539459228515625 ,lr 0.001
INFO:root:epoch 3, Episode 326, total_loss: 1452.681396484375, q_loss 1443.056396484375, v_loss 9.625 ,lr 0.001
INFO:root:epoch 3, Episode 327, total_loss: 1764.0479736328125, q_loss 1759.2218017578125, v_loss 4.8261566162109375 ,lr 0.001
INFO:root:epoch 3, Episode 328, total_loss: 1427.6693115234375, q_loss 1424.79248046875, v_loss 2.8767852783203125 ,lr 0.001
INFO:root:epoch 3, Episode 329, total_loss: 1837.65185546875, q_loss 1831.98583984375, v_loss 5.6660003662109375 ,lr 0.001
INFO:root:epoch 3, Episode 330, total_loss: 1892.748046875, q_loss 1881.544921875, v_loss 11.203155517578125 ,lr 0.001
INFO:root:epoch 3, Episode 331, total_loss: 1099.550048828125, q_loss 1095.4931640625, v_loss 4.05694580078125 ,lr 0.001
INFO:root:epoch 3, Episode 332, total_loss: 1238.97216796875, q_loss 1234.580322265625, v_loss 4.3917999267578125 ,lr 0.001
INFO:root:epoch 3, Episode 333, total_loss: 1492.1954345703125, q_loss 1483.142333984375, v_loss 9.053115844726562 ,lr 0.001
INFO:root:epoch 3, Episode 334, total_loss: 1118.2138671875, q_loss 1112.72802734375, v_loss 5.4858245849609375 ,lr 0.001
INFO:root:epoch 3, Episode 335, total_loss: 1063.503662109375, q_loss 1061.017578125, v_loss 2.4860687255859375 ,lr 0.001
INFO:root:epoch 3, Episode 336, total_loss: 1103.2952880859375, q_loss 1100.5220947265625, v_loss 2.773193359375 ,lr 0.001
INFO:root:epoch 3, Episode 337, total_loss: 802.5026245117188, q_loss 800.5841674804688, v_loss 1.91845703125 ,lr 0.001
INFO:root:epoch 3, Episode 338, total_loss: 1871.5250244140625, q_loss 1865.6697998046875, v_loss 5.855194091796875 ,lr 0.001
INFO:root:epoch 3, Episode 339, total_loss: 1184.4163818359375, q_loss 1180.7392578125, v_loss 3.6771392822265625 ,lr 0.001
INFO:root:epoch 3, Episode 340, total_loss: 1245.6275634765625, q_loss 1243.0908203125, v_loss 2.5367279052734375 ,lr 0.001
INFO:root:epoch 3, Episode 341, total_loss: 1354.33203125, q_loss 1349.53857421875, v_loss 4.7934722900390625 ,lr 0.001
INFO:root:epoch 3, Episode 342, total_loss: 2025.3795166015625, q_loss 2013.0078125, v_loss 12.371658325195312 ,lr 0.001
INFO:root:epoch 3, Episode 343, total_loss: 1662.803955078125, q_loss 1656.4478759765625, v_loss 6.356109619140625 ,lr 0.001
INFO:root:epoch 3, Episode 344, total_loss: 978.9124755859375, q_loss 974.0620727539062, v_loss 4.8504180908203125 ,lr 0.001
INFO:root:epoch 3, Episode 345, total_loss: 1444.1239013671875, q_loss 1439.4940185546875, v_loss 4.6299285888671875 ,lr 0.001
INFO:root:epoch 3, Episode 346, total_loss: 2323.892333984375, q_loss 2300.167236328125, v_loss 23.725128173828125 ,lr 0.001
INFO:root:epoch 3, Episode 347, total_loss: 1204.310302734375, q_loss 1197.146240234375, v_loss 7.1640472412109375 ,lr 0.001
INFO:root:epoch 3, Episode 348, total_loss: 1166.84814453125, q_loss 1162.5408935546875, v_loss 4.3072509765625 ,lr 0.001
INFO:root:epoch 3, Episode 349, total_loss: 1743.714599609375, q_loss 1738.1600341796875, v_loss 5.554595947265625 ,lr 0.001
INFO:root:epoch 3, Episode 350, total_loss: 933.6494140625, q_loss 931.9256591796875, v_loss 1.723724365234375 ,lr 0.001
INFO:root:val_loss 652.3292236328125
INFO:root:epoch 3, Episode 351, total_loss: 1118.405517578125, q_loss 1110.48583984375, v_loss 7.9196624755859375 ,lr 0.001
INFO:root:epoch 3, Episode 352, total_loss: 2602.2470703125, q_loss 2592.111083984375, v_loss 10.136032104492188 ,lr 0.001
INFO:root:epoch 3, Episode 353, total_loss: 1189.06689453125, q_loss 1179.6763916015625, v_loss 9.3905029296875 ,lr 0.001
INFO:root:epoch 3, Episode 354, total_loss: 1398.2706298828125, q_loss 1394.54541015625, v_loss 3.7252044677734375 ,lr 0.001
INFO:root:epoch 3, Episode 355, total_loss: 4743.55712890625, q_loss 4738.5966796875, v_loss 4.96038818359375 ,lr 0.001
INFO:root:epoch 3, Episode 356, total_loss: 1402.3258056640625, q_loss 1397.536865234375, v_loss 4.788909912109375 ,lr 0.001
INFO:root:epoch 3, Episode 357, total_loss: 2206.8408203125, q_loss 2193.733642578125, v_loss 13.1072998046875 ,lr 0.001
INFO:root:epoch 3, Episode 358, total_loss: 1297.900390625, q_loss 1289.576904296875, v_loss 8.323486328125 ,lr 0.001
INFO:root:epoch 3, Episode 359, total_loss: 1799.426025390625, q_loss 1792.0413818359375, v_loss 7.384674072265625 ,lr 0.001
INFO:root:epoch 3, Episode 360, total_loss: 760.5647583007812, q_loss 749.07958984375, v_loss 11.485153198242188 ,lr 0.001
INFO:root:epoch 3, Episode 361, total_loss: 1057.1295166015625, q_loss 1048.2696533203125, v_loss 8.859893798828125 ,lr 0.001
INFO:root:epoch 3, Episode 362, total_loss: 2654.259033203125, q_loss 2640.738525390625, v_loss 13.520553588867188 ,lr 0.001
INFO:root:epoch 3, Episode 363, total_loss: 1461.09326171875, q_loss 1454.09130859375, v_loss 7.0019989013671875 ,lr 0.001
INFO:root:epoch 3, Episode 364, total_loss: 1402.5072021484375, q_loss 1395.24462890625, v_loss 7.262542724609375 ,lr 0.001
INFO:root:epoch 3, Episode 365, total_loss: 2271.890625, q_loss 2261.68896484375, v_loss 10.2017822265625 ,lr 0.001
INFO:root:epoch 3, Episode 366, total_loss: 799.9498901367188, q_loss 795.0, v_loss 4.9499053955078125 ,lr 0.001
INFO:root:epoch 3, Episode 367, total_loss: 861.3988037109375, q_loss 857.450927734375, v_loss 3.9478607177734375 ,lr 0.001
INFO:root:epoch 3, Episode 368, total_loss: 1480.8603515625, q_loss 1477.5430908203125, v_loss 3.3172454833984375 ,lr 0.001
INFO:root:epoch 3, Episode 369, total_loss: 1138.5709228515625, q_loss 1134.8226318359375, v_loss 3.7483062744140625 ,lr 0.001
INFO:root:epoch 3, Episode 370, total_loss: 1358.4268798828125, q_loss 1350.6317138671875, v_loss 7.7951812744140625 ,lr 0.001
INFO:root:epoch 3, Episode 371, total_loss: 2453.166015625, q_loss 2443.327880859375, v_loss 9.838134765625 ,lr 0.001
INFO:root:epoch 3, Episode 372, total_loss: 2107.412353515625, q_loss 2100.19287109375, v_loss 7.219390869140625 ,lr 0.001
INFO:root:epoch 3, Episode 373, total_loss: 1144.1492919921875, q_loss 1140.406982421875, v_loss 3.7422637939453125 ,lr 0.001
INFO:root:epoch 3, Episode 374, total_loss: 2906.115478515625, q_loss 2900.481689453125, v_loss 5.633880615234375 ,lr 0.001
INFO:root:epoch 3, Episode 375, total_loss: 2728.094482421875, q_loss 2718.505859375, v_loss 9.588531494140625 ,lr 0.001
INFO:root:epoch 3, Episode 376, total_loss: 1664.950927734375, q_loss 1661.6285400390625, v_loss 3.32232666015625 ,lr 0.001
INFO:root:epoch 3, Episode 377, total_loss: 2923.882568359375, q_loss 2910.0087890625, v_loss 13.873779296875 ,lr 0.001
INFO:root:epoch 3, Episode 378, total_loss: 1393.095458984375, q_loss 1389.4810791015625, v_loss 3.6143798828125 ,lr 0.001
INFO:root:epoch 3, Episode 379, total_loss: 1161.3988037109375, q_loss 1157.79296875, v_loss 3.6058807373046875 ,lr 0.001
INFO:root:epoch 3, Episode 380, total_loss: 1814.578125, q_loss 1807.023193359375, v_loss 7.5549468994140625 ,lr 0.001
INFO:root:epoch 3, Episode 381, total_loss: 1249.584228515625, q_loss 1242.018798828125, v_loss 7.565399169921875 ,lr 0.001
INFO:root:epoch 3, Episode 382, total_loss: 1603.69873046875, q_loss 1597.796875, v_loss 5.9019012451171875 ,lr 0.001
INFO:root:epoch 3, Episode 383, total_loss: 1127.1502685546875, q_loss 1116.721435546875, v_loss 10.428863525390625 ,lr 0.001
INFO:root:epoch 3, Episode 384, total_loss: 1384.8958740234375, q_loss 1379.8123779296875, v_loss 5.083465576171875 ,lr 0.001
INFO:root:epoch 3, Episode 385, total_loss: 1381.31689453125, q_loss 1376.0443115234375, v_loss 5.2725982666015625 ,lr 0.001
INFO:root:epoch 3, Episode 386, total_loss: 766.8768310546875, q_loss 763.635009765625, v_loss 3.2418212890625 ,lr 0.001
INFO:root:epoch 3, Episode 387, total_loss: 1377.084716796875, q_loss 1372.7388916015625, v_loss 4.3458404541015625 ,lr 0.001
INFO:root:epoch 3, Episode 388, total_loss: 1800.035400390625, q_loss 1796.847900390625, v_loss 3.18743896484375 ,lr 0.001
INFO:root:epoch 3, Episode 389, total_loss: 1231.278076171875, q_loss 1228.8070068359375, v_loss 2.4710540771484375 ,lr 0.001
INFO:root:epoch 3, Episode 390, total_loss: 1286.1102294921875, q_loss 1282.33837890625, v_loss 3.7718658447265625 ,lr 0.001
INFO:root:epoch 3, Episode 391, total_loss: 1467.55908203125, q_loss 1459.258056640625, v_loss 8.301040649414062 ,lr 0.001
INFO:root:epoch 3, Episode 392, total_loss: 1462.7471923828125, q_loss 1460.2249755859375, v_loss 2.5222625732421875 ,lr 0.001
INFO:root:epoch 3, Episode 393, total_loss: 950.6635131835938, q_loss 946.7106323242188, v_loss 3.9528961181640625 ,lr 0.001
INFO:root:epoch 3, Episode 394, total_loss: 1028.5289306640625, q_loss 1025.7801513671875, v_loss 2.7487640380859375 ,lr 0.001
INFO:root:epoch 3, Episode 395, total_loss: 1368.7254638671875, q_loss 1365.5438232421875, v_loss 3.181640625 ,lr 0.001
INFO:root:epoch 3, Episode 396, total_loss: 1247.8958740234375, q_loss 1245.4315185546875, v_loss 2.4643402099609375 ,lr 0.001
INFO:root:epoch 3, Episode 397, total_loss: 922.6593627929688, q_loss 917.9130859375, v_loss 4.7462615966796875 ,lr 0.001
INFO:root:epoch 3, Episode 398, total_loss: 3562.172119140625, q_loss 3558.32763671875, v_loss 3.8444061279296875 ,lr 0.001
INFO:root:epoch 3, Episode 399, total_loss: 1091.17578125, q_loss 1088.25244140625, v_loss 2.9232940673828125 ,lr 0.001
INFO:root:epoch 3, Episode 400, total_loss: 757.817626953125, q_loss 755.3157958984375, v_loss 2.501800537109375 ,lr 0.001
INFO:root:val_loss 662.3045654296875
INFO:root:epoch 3, Episode 401, total_loss: 4500.384765625, q_loss 4459.83349609375, v_loss 40.551513671875 ,lr 0.001
INFO:root:epoch 3, Episode 402, total_loss: 937.39453125, q_loss 936.8400268554688, v_loss 0.5545196533203125 ,lr 0.001
INFO:root:epoch 3, Episode 403, total_loss: 746.9176635742188, q_loss 744.8978881835938, v_loss 2.019775390625 ,lr 0.001
INFO:root:epoch 3, Episode 404, total_loss: 1059.29931640625, q_loss 1054.1429443359375, v_loss 5.1563262939453125 ,lr 0.001
INFO:root:epoch 3, Episode 405, total_loss: 1579.983642578125, q_loss 1567.3729248046875, v_loss 12.610763549804688 ,lr 0.001
INFO:root:epoch 3, Episode 406, total_loss: 3486.890625, q_loss 3484.180419921875, v_loss 2.710235595703125 ,lr 0.001
INFO:root:epoch 3, Episode 407, total_loss: 1117.2772216796875, q_loss 1113.9552001953125, v_loss 3.321990966796875 ,lr 0.001
INFO:root:epoch 3, Episode 408, total_loss: 1529.347412109375, q_loss 1522.3148193359375, v_loss 7.0326080322265625 ,lr 0.001
INFO:root:epoch 3, Episode 409, total_loss: 1565.1866455078125, q_loss 1562.7149658203125, v_loss 2.4716644287109375 ,lr 0.001
INFO:root:epoch 3, Episode 410, total_loss: 1439.2918701171875, q_loss 1431.2530517578125, v_loss 8.038818359375 ,lr 0.001
INFO:root:epoch 3, Episode 411, total_loss: 1672.115234375, q_loss 1666.1695556640625, v_loss 5.945648193359375 ,lr 0.001
INFO:root:epoch 3, Episode 412, total_loss: 2419.548095703125, q_loss 2401.783203125, v_loss 17.764862060546875 ,lr 0.001
INFO:root:epoch 3, Episode 413, total_loss: 1115.8193359375, q_loss 1112.815185546875, v_loss 3.004119873046875 ,lr 0.001
INFO:root:epoch 3, Episode 414, total_loss: 1013.8465576171875, q_loss 1010.80078125, v_loss 3.045745849609375 ,lr 0.001
INFO:root:epoch 3, Episode 415, total_loss: 1303.375, q_loss 1298.5946044921875, v_loss 4.780364990234375 ,lr 0.001
INFO:root:epoch 3, Episode 416, total_loss: 1412.253173828125, q_loss 1408.743896484375, v_loss 3.5093231201171875 ,lr 0.001
INFO:root:epoch 3, Episode 417, total_loss: 1346.17138671875, q_loss 1342.3323974609375, v_loss 3.839019775390625 ,lr 0.001
INFO:root:epoch 3, Episode 418, total_loss: 1414.7991943359375, q_loss 1409.2589111328125, v_loss 5.5402679443359375 ,lr 0.001
INFO:root:epoch 3, Episode 419, total_loss: 1440.681396484375, q_loss 1424.058349609375, v_loss 16.62310791015625 ,lr 0.001
INFO:root:epoch 3, Episode 420, total_loss: 1793.655517578125, q_loss 1779.465576171875, v_loss 14.189895629882812 ,lr 0.001
INFO:root:epoch 3, Episode 421, total_loss: 1301.307373046875, q_loss 1297.8536376953125, v_loss 3.45367431640625 ,lr 0.001
INFO:root:epoch 3, Episode 422, total_loss: 1328.8634033203125, q_loss 1325.35302734375, v_loss 3.5103302001953125 ,lr 0.001
INFO:root:epoch 3, Episode 423, total_loss: 1297.156005859375, q_loss 1291.7025146484375, v_loss 5.453521728515625 ,lr 0.001
INFO:root:epoch 3, Episode 424, total_loss: 1190.792724609375, q_loss 1188.0980224609375, v_loss 2.69476318359375 ,lr 0.001
INFO:root:epoch 3, Episode 425, total_loss: 917.245849609375, q_loss 914.0546875, v_loss 3.1911773681640625 ,lr 0.001
INFO:root:epoch 3, Episode 426, total_loss: 1107.974365234375, q_loss 1106.159423828125, v_loss 1.8149871826171875 ,lr 0.001
INFO:root:epoch 3, Episode 427, total_loss: 1120.668701171875, q_loss 1118.220458984375, v_loss 2.448211669921875 ,lr 0.001
INFO:root:epoch 3, Episode 428, total_loss: 1136.6195068359375, q_loss 1133.406494140625, v_loss 3.2130126953125 ,lr 0.001
INFO:root:epoch 3, Episode 429, total_loss: 1327.5933837890625, q_loss 1323.097412109375, v_loss 4.4959259033203125 ,lr 0.001
INFO:root:epoch 3, Episode 430, total_loss: 1424.4915771484375, q_loss 1418.9461669921875, v_loss 5.54541015625 ,lr 0.001
INFO:root:epoch 3, Episode 431, total_loss: 1462.04541015625, q_loss 1459.0087890625, v_loss 3.03668212890625 ,lr 0.001
INFO:root:epoch 3, Episode 432, total_loss: 3121.830078125, q_loss 3091.642578125, v_loss 30.187454223632812 ,lr 0.001
INFO:root:epoch 3, Episode 433, total_loss: 976.3087768554688, q_loss 974.1720581054688, v_loss 2.13671875 ,lr 0.001
INFO:root:epoch 3, Episode 434, total_loss: 1049.685791015625, q_loss 1045.1708984375, v_loss 4.514892578125 ,lr 0.001
INFO:root:epoch 3, Episode 435, total_loss: 1288.28564453125, q_loss 1284.304931640625, v_loss 3.98077392578125 ,lr 0.001
INFO:root:epoch 3, Episode 436, total_loss: 3436.545654296875, q_loss 3417.946044921875, v_loss 18.599716186523438 ,lr 0.001
INFO:root:epoch 3, Episode 437, total_loss: 2476.46240234375, q_loss 2471.156494140625, v_loss 5.3058319091796875 ,lr 0.001
INFO:root:epoch 3, Episode 438, total_loss: 1961.026123046875, q_loss 1952.7764892578125, v_loss 8.24969482421875 ,lr 0.001
INFO:root:epoch 3, Episode 439, total_loss: 1373.731201171875, q_loss 1370.515869140625, v_loss 3.215301513671875 ,lr 0.001
INFO:root:epoch 3, Episode 440, total_loss: 1462.7352294921875, q_loss 1459.233642578125, v_loss 3.5015411376953125 ,lr 0.001
INFO:root:epoch 3, Episode 441, total_loss: 1441.3331298828125, q_loss 1437.64794921875, v_loss 3.6851959228515625 ,lr 0.001
INFO:root:epoch 3, Episode 442, total_loss: 3444.544189453125, q_loss 3441.937744140625, v_loss 2.606475830078125 ,lr 0.001
INFO:root:epoch 3, Episode 443, total_loss: 1258.324951171875, q_loss 1253.784423828125, v_loss 4.5404815673828125 ,lr 0.001
INFO:root:epoch 3, Episode 444, total_loss: 1166.8134765625, q_loss 1163.9361572265625, v_loss 2.877349853515625 ,lr 0.001
INFO:root:epoch 3, Episode 445, total_loss: 1253.09375, q_loss 1246.6529541015625, v_loss 6.440826416015625 ,lr 0.001
INFO:root:epoch 3, Episode 446, total_loss: 1953.6712646484375, q_loss 1947.04931640625, v_loss 6.6219482421875 ,lr 0.001
INFO:root:epoch 3, Episode 447, total_loss: 1136.765625, q_loss 1133.4281005859375, v_loss 3.3375701904296875 ,lr 0.001
INFO:root:epoch 3, Episode 448, total_loss: 1571.3623046875, q_loss 1564.431640625, v_loss 6.930694580078125 ,lr 0.001
INFO:root:epoch 3, Episode 449, total_loss: 1766.687255859375, q_loss 1754.69677734375, v_loss 11.990447998046875 ,lr 0.001
INFO:root:epoch 3, Episode 450, total_loss: 1151.6854248046875, q_loss 1146.83642578125, v_loss 4.8490142822265625 ,lr 0.001
INFO:root:val_loss 542.1949462890625
INFO:root:epoch 3, Episode 451, total_loss: 1024.4532470703125, q_loss 1019.3306274414062, v_loss 5.1225738525390625 ,lr 0.001
INFO:root:epoch 3, Episode 452, total_loss: 2980.56103515625, q_loss 2970.861572265625, v_loss 9.6995849609375 ,lr 0.001
INFO:root:epoch 3, Episode 453, total_loss: 1039.948974609375, q_loss 1034.2579345703125, v_loss 5.6909942626953125 ,lr 0.001
INFO:root:epoch 3, Episode 454, total_loss: 1102.470703125, q_loss 1096.43310546875, v_loss 6.03759765625 ,lr 0.001
INFO:root:epoch 3, Episode 455, total_loss: 1350.1201171875, q_loss 1347.50634765625, v_loss 2.61376953125 ,lr 0.001
INFO:root:epoch 3, Episode 456, total_loss: 1227.23779296875, q_loss 1223.2471923828125, v_loss 3.9905853271484375 ,lr 0.001
INFO:root:epoch 3, Episode 457, total_loss: 3364.626708984375, q_loss 3360.529296875, v_loss 4.097320556640625 ,lr 0.001
INFO:root:epoch 3, Episode 458, total_loss: 1039.338623046875, q_loss 1035.1094970703125, v_loss 4.229156494140625 ,lr 0.001
INFO:root:epoch 3, Episode 459, total_loss: 1331.9818115234375, q_loss 1326.00439453125, v_loss 5.9774169921875 ,lr 0.001
INFO:root:epoch 3, Episode 460, total_loss: 982.807373046875, q_loss 976.0946044921875, v_loss 6.712799072265625 ,lr 0.001
INFO:root:epoch 3, Episode 461, total_loss: 1408.7772216796875, q_loss 1400.2647705078125, v_loss 8.512481689453125 ,lr 0.001
INFO:root:epoch 3, Episode 462, total_loss: 1605.9287109375, q_loss 1589.2652587890625, v_loss 16.663406372070312 ,lr 0.001
INFO:root:epoch 3, Episode 463, total_loss: 1012.636962890625, q_loss 1004.6808471679688, v_loss 7.956146240234375 ,lr 0.001
INFO:root:epoch 3, Episode 464, total_loss: 1097.780517578125, q_loss 1090.2012939453125, v_loss 7.57928466796875 ,lr 0.001
INFO:root:epoch 3, Episode 465, total_loss: 1276.7581787109375, q_loss 1270.0042724609375, v_loss 6.7539215087890625 ,lr 0.001
INFO:root:epoch 3, Episode 466, total_loss: 1605.5638427734375, q_loss 1600.083251953125, v_loss 5.4805755615234375 ,lr 0.001
INFO:root:epoch 3, Episode 467, total_loss: 1537.515869140625, q_loss 1531.735107421875, v_loss 5.780792236328125 ,lr 0.001
INFO:root:epoch 3, Episode 468, total_loss: 1672.8555908203125, q_loss 1668.5169677734375, v_loss 4.3385772705078125 ,lr 0.001
INFO:root:epoch 3, Episode 469, total_loss: 1073.4215087890625, q_loss 1070.8798828125, v_loss 2.5416107177734375 ,lr 0.001
INFO:root:epoch 3, Episode 470, total_loss: 949.2243041992188, q_loss 946.2622680664062, v_loss 2.9620361328125 ,lr 0.001
INFO:root:epoch 3, Episode 471, total_loss: 1529.8270263671875, q_loss 1524.2880859375, v_loss 5.5388946533203125 ,lr 0.001
INFO:root:epoch 3, Episode 472, total_loss: 2873.48046875, q_loss 2861.18408203125, v_loss 12.2965087890625 ,lr 0.001
INFO:root:epoch 3, Episode 473, total_loss: 1418.4039306640625, q_loss 1413.85400390625, v_loss 4.549896240234375 ,lr 0.001
INFO:root:epoch 3, Episode 474, total_loss: 1679.613037109375, q_loss 1670.7132568359375, v_loss 8.899810791015625 ,lr 0.001
INFO:root:epoch 3, Episode 475, total_loss: 1320.8182373046875, q_loss 1317.2069091796875, v_loss 3.611297607421875 ,lr 0.001
INFO:root:epoch 3, Episode 476, total_loss: 1265.891357421875, q_loss 1258.80078125, v_loss 7.0905914306640625 ,lr 0.001
INFO:root:epoch 3, Episode 477, total_loss: 1382.890625, q_loss 1379.2279052734375, v_loss 3.6626739501953125 ,lr 0.001
INFO:root:epoch 3, Episode 478, total_loss: 1925.5281982421875, q_loss 1916.74853515625, v_loss 8.779708862304688 ,lr 0.001
INFO:root:epoch 3, Episode 479, total_loss: 1415.9691162109375, q_loss 1409.0845947265625, v_loss 6.884552001953125 ,lr 0.001
INFO:root:epoch 3, Episode 480, total_loss: 982.5654907226562, q_loss 974.5258178710938, v_loss 8.039657592773438 ,lr 0.001
INFO:root:epoch 3, Episode 481, total_loss: 2283.45703125, q_loss 2268.723876953125, v_loss 14.733139038085938 ,lr 0.001
INFO:root:epoch 3, Episode 482, total_loss: 1229.0284423828125, q_loss 1216.9049072265625, v_loss 12.12353515625 ,lr 0.001
INFO:root:epoch 3, Episode 483, total_loss: 1540.9364013671875, q_loss 1534.029296875, v_loss 6.9070587158203125 ,lr 0.001
INFO:root:epoch 3, Episode 484, total_loss: 2416.659423828125, q_loss 2400.58349609375, v_loss 16.075958251953125 ,lr 0.001
INFO:root:epoch 3, Episode 485, total_loss: 1050.238525390625, q_loss 1042.179443359375, v_loss 8.059066772460938 ,lr 0.001
INFO:root:epoch 3, Episode 486, total_loss: 1437.18212890625, q_loss 1433.2740478515625, v_loss 3.90802001953125 ,lr 0.001
INFO:root:epoch 3, Episode 487, total_loss: 1304.529541015625, q_loss 1300.070556640625, v_loss 4.459014892578125 ,lr 0.001
INFO:root:epoch 3, Episode 488, total_loss: 980.7880249023438, q_loss 978.1743774414062, v_loss 2.6136322021484375 ,lr 0.001
INFO:root:epoch 3, Episode 489, total_loss: 1356.0572509765625, q_loss 1347.19677734375, v_loss 8.860504150390625 ,lr 0.001
INFO:root:epoch 3, Episode 490, total_loss: 2144.0888671875, q_loss 2135.677490234375, v_loss 8.411468505859375 ,lr 0.001
INFO:root:epoch 3, Episode 491, total_loss: 1152.50732421875, q_loss 1141.2840576171875, v_loss 11.223251342773438 ,lr 0.001
INFO:root:epoch 3, Episode 492, total_loss: 1833.5355224609375, q_loss 1825.02099609375, v_loss 8.514511108398438 ,lr 0.001
INFO:root:epoch 3, Episode 493, total_loss: 1368.8555908203125, q_loss 1365.375244140625, v_loss 3.4803009033203125 ,lr 0.001
INFO:root:epoch 3, Episode 494, total_loss: 835.3466186523438, q_loss 831.6597900390625, v_loss 3.6868133544921875 ,lr 0.001
INFO:root:epoch 3, Episode 495, total_loss: 1633.0078125, q_loss 1629.6123046875, v_loss 3.3954620361328125 ,lr 0.001
INFO:root:epoch 3, Episode 496, total_loss: 1613.9136962890625, q_loss 1603.56103515625, v_loss 10.352615356445312 ,lr 0.001
INFO:root:epoch 3, Episode 497, total_loss: 2116.25146484375, q_loss 2111.913330078125, v_loss 4.338104248046875 ,lr 0.001
INFO:root:epoch 3, Episode 498, total_loss: 2612.82080078125, q_loss 2597.951416015625, v_loss 14.8692626953125 ,lr 0.001
INFO:root:epoch 3, Episode 499, total_loss: 1262.1910400390625, q_loss 1258.2928466796875, v_loss 3.8982086181640625 ,lr 0.001
INFO:root:epoch 4, Episode 0, total_loss: 1909.1925048828125, q_loss 1896.8734130859375, v_loss 12.319046020507812 ,lr 0.00010000000000000002
INFO:root:val_loss 364.5389404296875
INFO:root:epoch 4, Episode 1, total_loss: 860.558349609375, q_loss 854.9971313476562, v_loss 5.5612030029296875 ,lr 0.00010000000000000002
INFO:root:epoch 4, Episode 2, total_loss: 674.783447265625, q_loss 668.766357421875, v_loss 6.01708984375 ,lr 0.00010000000000000002
INFO:root:epoch 4, Episode 3, total_loss: 1316.225830078125, q_loss 1309.327880859375, v_loss 6.89801025390625 ,lr 0.00010000000000000002
INFO:root:epoch 4, Episode 4, total_loss: 1922.278076171875, q_loss 1915.3546142578125, v_loss 6.9235076904296875 ,lr 0.00010000000000000002
INFO:root:epoch 4, Episode 5, total_loss: 1844.476806640625, q_loss 1834.1275634765625, v_loss 10.34930419921875 ,lr 0.00010000000000000002
INFO:root:epoch 4, Episode 6, total_loss: 2532.72216796875, q_loss 2522.745361328125, v_loss 9.976776123046875 ,lr 0.00010000000000000002
INFO:root:epoch 4, Episode 7, total_loss: 2449.917724609375, q_loss 2422.393310546875, v_loss 27.524429321289062 ,lr 0.00010000000000000002
INFO:root:epoch 4, Episode 8, total_loss: 1562.413330078125, q_loss 1552.881103515625, v_loss 9.53216552734375 ,lr 0.00010000000000000002
INFO:root:epoch 4, Episode 9, total_loss: 1670.6767578125, q_loss 1653.7845458984375, v_loss 16.892257690429688 ,lr 0.00010000000000000002
INFO:root:epoch 4, Episode 10, total_loss: 3366.331298828125, q_loss 3346.254638671875, v_loss 20.076644897460938 ,lr 0.00010000000000000002
INFO:root:epoch 4, Episode 11, total_loss: 1180.2939453125, q_loss 1175.072998046875, v_loss 5.220977783203125 ,lr 0.00010000000000000002
INFO:root:epoch 4, Episode 12, total_loss: 1120.44384765625, q_loss 1114.9501953125, v_loss 5.4936676025390625 ,lr 0.00010000000000000002
INFO:root:epoch 4, Episode 13, total_loss: 1651.570556640625, q_loss 1645.5128173828125, v_loss 6.0577392578125 ,lr 0.00010000000000000002
INFO:root:epoch 4, Episode 14, total_loss: 1303.2337646484375, q_loss 1298.3297119140625, v_loss 4.9040985107421875 ,lr 0.00010000000000000002
INFO:root:epoch 4, Episode 15, total_loss: 1272.97021484375, q_loss 1267.8095703125, v_loss 5.16058349609375 ,lr 0.00010000000000000002
INFO:root:epoch 4, Episode 16, total_loss: 1631.55224609375, q_loss 1624.3055419921875, v_loss 7.2467498779296875 ,lr 0.00010000000000000002
INFO:root:epoch 4, Episode 17, total_loss: 1579.9866943359375, q_loss 1573.743408203125, v_loss 6.2432861328125 ,lr 0.00010000000000000002
INFO:root:epoch 4, Episode 18, total_loss: 1878.9464111328125, q_loss 1872.8221435546875, v_loss 6.1243133544921875 ,lr 0.00010000000000000002
INFO:root:epoch 4, Episode 19, total_loss: 1248.748046875, q_loss 1244.9945068359375, v_loss 3.753509521484375 ,lr 0.00010000000000000002
INFO:root:epoch 4, Episode 20, total_loss: 1399.20849609375, q_loss 1395.0595703125, v_loss 4.1488800048828125 ,lr 0.00010000000000000002
INFO:root:epoch 4, Episode 21, total_loss: 1612.353515625, q_loss 1607.34033203125, v_loss 5.01318359375 ,lr 0.00010000000000000002
INFO:root:epoch 4, Episode 22, total_loss: 2954.077880859375, q_loss 2950.677978515625, v_loss 3.3998260498046875 ,lr 0.00010000000000000002
INFO:root:epoch 4, Episode 23, total_loss: 1305.5584716796875, q_loss 1301.5736083984375, v_loss 3.9848175048828125 ,lr 0.00010000000000000002
INFO:root:epoch 4, Episode 24, total_loss: 1138.7069091796875, q_loss 1134.806396484375, v_loss 3.9004669189453125 ,lr 0.00010000000000000002
INFO:root:epoch 4, Episode 25, total_loss: 1190.366455078125, q_loss 1186.91259765625, v_loss 3.453826904296875 ,lr 0.00010000000000000002
INFO:root:epoch 4, Episode 26, total_loss: 1264.1416015625, q_loss 1260.659912109375, v_loss 3.4816436767578125 ,lr 0.00010000000000000002
INFO:root:epoch 4, Episode 27, total_loss: 2172.8662109375, q_loss 2171.36083984375, v_loss 1.505462646484375 ,lr 0.00010000000000000002
INFO:root:epoch 4, Episode 28, total_loss: 1094.37060546875, q_loss 1090.820068359375, v_loss 3.550537109375 ,lr 0.00010000000000000002
INFO:root:epoch 4, Episode 29, total_loss: 1767.1707763671875, q_loss 1761.5572509765625, v_loss 5.6135101318359375 ,lr 0.00010000000000000002
INFO:root:epoch 4, Episode 30, total_loss: 1102.4715576171875, q_loss 1099.305908203125, v_loss 3.1656341552734375 ,lr 0.00010000000000000002
INFO:root:epoch 4, Episode 31, total_loss: 2024.1087646484375, q_loss 2015.9814453125, v_loss 8.127349853515625 ,lr 0.00010000000000000002
INFO:root:epoch 4, Episode 32, total_loss: 1172.384033203125, q_loss 1168.83203125, v_loss 3.55206298828125 ,lr 0.00010000000000000002
INFO:root:epoch 4, Episode 33, total_loss: 2232.807373046875, q_loss 2225.8583984375, v_loss 6.949005126953125 ,lr 0.00010000000000000002
INFO:root:epoch 4, Episode 34, total_loss: 1401.4481201171875, q_loss 1395.2481689453125, v_loss 6.199920654296875 ,lr 0.00010000000000000002
INFO:root:epoch 4, Episode 35, total_loss: 2156.3759765625, q_loss 2144.4326171875, v_loss 11.943374633789062 ,lr 0.00010000000000000002
INFO:root:epoch 4, Episode 36, total_loss: 1202.271484375, q_loss 1197.570556640625, v_loss 4.700927734375 ,lr 0.00010000000000000002
INFO:root:epoch 4, Episode 37, total_loss: 961.6900634765625, q_loss 956.8414306640625, v_loss 4.8486480712890625 ,lr 0.00010000000000000002
INFO:root:epoch 4, Episode 38, total_loss: 1455.754150390625, q_loss 1449.658203125, v_loss 6.095977783203125 ,lr 0.00010000000000000002
INFO:root:epoch 4, Episode 39, total_loss: 1273.9515380859375, q_loss 1270.374267578125, v_loss 3.5772857666015625 ,lr 0.00010000000000000002
INFO:root:epoch 4, Episode 40, total_loss: 1865.033203125, q_loss 1856.4866943359375, v_loss 8.546463012695312 ,lr 0.00010000000000000002
INFO:root:epoch 4, Episode 41, total_loss: 1270.23828125, q_loss 1264.281982421875, v_loss 5.9563446044921875 ,lr 0.00010000000000000002
INFO:root:epoch 4, Episode 42, total_loss: 1117.431640625, q_loss 1113.586181640625, v_loss 3.84539794921875 ,lr 0.00010000000000000002
INFO:root:epoch 4, Episode 43, total_loss: 1658.6558837890625, q_loss 1655.83837890625, v_loss 2.8174896240234375 ,lr 0.00010000000000000002
INFO:root:epoch 4, Episode 44, total_loss: 1611.877197265625, q_loss 1601.4361572265625, v_loss 10.440994262695312 ,lr 0.00010000000000000002
INFO:root:epoch 4, Episode 45, total_loss: 2618.732177734375, q_loss 2609.42626953125, v_loss 9.305984497070312 ,lr 0.00010000000000000002
INFO:root:epoch 4, Episode 46, total_loss: 1032.1591796875, q_loss 1029.0306396484375, v_loss 3.12860107421875 ,lr 0.00010000000000000002
INFO:root:epoch 4, Episode 47, total_loss: 973.58447265625, q_loss 969.5988159179688, v_loss 3.985687255859375 ,lr 0.00010000000000000002
INFO:root:epoch 4, Episode 48, total_loss: 1382.3280029296875, q_loss 1376.501708984375, v_loss 5.8263092041015625 ,lr 0.00010000000000000002
INFO:root:epoch 4, Episode 49, total_loss: 985.7548217773438, q_loss 982.8218994140625, v_loss 2.9329376220703125 ,lr 0.00010000000000000002
INFO:root:epoch 4, Episode 50, total_loss: 1140.5863037109375, q_loss 1134.8033447265625, v_loss 5.782989501953125 ,lr 0.00010000000000000002
INFO:root:val_loss 1722.426513671875
INFO:root:epoch 4, Episode 51, total_loss: 1238.821044921875, q_loss 1234.439697265625, v_loss 4.3813629150390625 ,lr 0.00010000000000000002
INFO:root:epoch 4, Episode 52, total_loss: 1262.200927734375, q_loss 1257.7891845703125, v_loss 4.4117431640625 ,lr 0.00010000000000000002
INFO:root:epoch 4, Episode 53, total_loss: 1586.9462890625, q_loss 1580.6817626953125, v_loss 6.2645416259765625 ,lr 0.00010000000000000002
INFO:root:epoch 4, Episode 54, total_loss: 795.1172485351562, q_loss 791.4457397460938, v_loss 3.6715087890625 ,lr 0.00010000000000000002
INFO:root:epoch 4, Episode 55, total_loss: 1316.16845703125, q_loss 1312.431640625, v_loss 3.736846923828125 ,lr 0.00010000000000000002
INFO:root:epoch 4, Episode 56, total_loss: 3866.8837890625, q_loss 3851.56494140625, v_loss 15.318878173828125 ,lr 0.00010000000000000002
INFO:root:epoch 4, Episode 57, total_loss: 1149.9923095703125, q_loss 1140.4666748046875, v_loss 9.525604248046875 ,lr 0.00010000000000000002
INFO:root:epoch 4, Episode 58, total_loss: 1150.2073974609375, q_loss 1146.06982421875, v_loss 4.137542724609375 ,lr 0.00010000000000000002
INFO:root:epoch 4, Episode 59, total_loss: 1039.7269287109375, q_loss 1036.4134521484375, v_loss 3.313507080078125 ,lr 0.00010000000000000002
INFO:root:epoch 4, Episode 60, total_loss: 1275.7630615234375, q_loss 1272.37060546875, v_loss 3.3924102783203125 ,lr 0.00010000000000000002
INFO:root:epoch 4, Episode 61, total_loss: 1003.8612060546875, q_loss 999.7332153320312, v_loss 4.1279754638671875 ,lr 0.00010000000000000002
INFO:root:epoch 4, Episode 62, total_loss: 1448.4188232421875, q_loss 1435.0718994140625, v_loss 13.346893310546875 ,lr 0.00010000000000000002
INFO:root:epoch 4, Episode 63, total_loss: 1107.5438232421875, q_loss 1104.5657958984375, v_loss 2.97802734375 ,lr 0.00010000000000000002
INFO:root:epoch 4, Episode 64, total_loss: 907.3236083984375, q_loss 903.6011352539062, v_loss 3.72247314453125 ,lr 0.00010000000000000002
INFO:root:epoch 4, Episode 65, total_loss: 1251.5115966796875, q_loss 1248.1263427734375, v_loss 3.38525390625 ,lr 0.00010000000000000002
INFO:root:epoch 4, Episode 66, total_loss: 1599.298828125, q_loss 1594.715576171875, v_loss 4.5832061767578125 ,lr 0.00010000000000000002
INFO:root:epoch 4, Episode 67, total_loss: 2616.75390625, q_loss 2610.13427734375, v_loss 6.6196136474609375 ,lr 0.00010000000000000002
INFO:root:epoch 4, Episode 68, total_loss: 1889.629150390625, q_loss 1878.6478271484375, v_loss 10.981353759765625 ,lr 0.00010000000000000002
INFO:root:epoch 4, Episode 69, total_loss: 1484.508544921875, q_loss 1479.6495361328125, v_loss 4.8590087890625 ,lr 0.00010000000000000002
INFO:root:epoch 4, Episode 70, total_loss: 992.8381958007812, q_loss 988.3069458007812, v_loss 4.53125 ,lr 0.00010000000000000002
INFO:root:epoch 4, Episode 71, total_loss: 4160.95068359375, q_loss 4157.490234375, v_loss 3.46063232421875 ,lr 0.00010000000000000002
INFO:root:epoch 4, Episode 72, total_loss: 1634.6591796875, q_loss 1632.1297607421875, v_loss 2.5294036865234375 ,lr 0.00010000000000000002
INFO:root:epoch 4, Episode 73, total_loss: 974.74267578125, q_loss 964.82275390625, v_loss 9.919891357421875 ,lr 0.00010000000000000002
INFO:root:epoch 4, Episode 74, total_loss: 799.8430786132812, q_loss 796.6925048828125, v_loss 3.1505889892578125 ,lr 0.00010000000000000002
INFO:root:epoch 4, Episode 75, total_loss: 1798.607666015625, q_loss 1794.5550537109375, v_loss 4.0526123046875 ,lr 0.00010000000000000002
INFO:root:epoch 4, Episode 76, total_loss: 1499.709228515625, q_loss 1495.283935546875, v_loss 4.4252777099609375 ,lr 0.00010000000000000002
INFO:root:epoch 4, Episode 77, total_loss: 2074.58447265625, q_loss 2063.852294921875, v_loss 10.732192993164062 ,lr 0.00010000000000000002
INFO:root:epoch 4, Episode 78, total_loss: 1451.451904296875, q_loss 1439.1502685546875, v_loss 12.301620483398438 ,lr 0.00010000000000000002
INFO:root:epoch 4, Episode 79, total_loss: 1021.6039428710938, q_loss 1017.4119873046875, v_loss 4.1919403076171875 ,lr 0.00010000000000000002
INFO:root:epoch 4, Episode 80, total_loss: 2162.77099609375, q_loss 2153.74169921875, v_loss 9.029296875 ,lr 0.00010000000000000002
INFO:root:epoch 4, Episode 81, total_loss: 1325.3101806640625, q_loss 1320.4281005859375, v_loss 4.8820343017578125 ,lr 0.00010000000000000002
INFO:root:epoch 4, Episode 82, total_loss: 1718.394775390625, q_loss 1695.05859375, v_loss 23.336212158203125 ,lr 0.00010000000000000002
INFO:root:epoch 4, Episode 83, total_loss: 750.8622436523438, q_loss 747.8229370117188, v_loss 3.0392913818359375 ,lr 0.00010000000000000002
INFO:root:epoch 4, Episode 84, total_loss: 1237.495361328125, q_loss 1233.3173828125, v_loss 4.177947998046875 ,lr 0.00010000000000000002
INFO:root:epoch 4, Episode 85, total_loss: 1418.390869140625, q_loss 1413.510986328125, v_loss 4.8798828125 ,lr 0.00010000000000000002
INFO:root:epoch 4, Episode 86, total_loss: 3043.343017578125, q_loss 3036.66064453125, v_loss 6.6822662353515625 ,lr 0.00010000000000000002
INFO:root:epoch 4, Episode 87, total_loss: 924.3538818359375, q_loss 921.4754028320312, v_loss 2.87847900390625 ,lr 0.00010000000000000002
INFO:root:epoch 4, Episode 88, total_loss: 854.943603515625, q_loss 852.2565307617188, v_loss 2.6870574951171875 ,lr 0.00010000000000000002
INFO:root:epoch 4, Episode 89, total_loss: 3683.22119140625, q_loss 3680.173583984375, v_loss 3.04754638671875 ,lr 0.00010000000000000002
INFO:root:epoch 4, Episode 90, total_loss: 1010.8031005859375, q_loss 1007.8051147460938, v_loss 2.99798583984375 ,lr 0.00010000000000000002
INFO:root:epoch 4, Episode 91, total_loss: 2193.0966796875, q_loss 2181.89501953125, v_loss 11.201766967773438 ,lr 0.00010000000000000002
INFO:root:epoch 4, Episode 92, total_loss: 1430.9505615234375, q_loss 1425.3646240234375, v_loss 5.5858917236328125 ,lr 0.00010000000000000002
INFO:root:epoch 4, Episode 93, total_loss: 1083.467529296875, q_loss 1079.1436767578125, v_loss 4.3238372802734375 ,lr 0.00010000000000000002
INFO:root:epoch 4, Episode 94, total_loss: 1265.829345703125, q_loss 1262.40673828125, v_loss 3.422607421875 ,lr 0.00010000000000000002
INFO:root:epoch 4, Episode 95, total_loss: 1686.2503662109375, q_loss 1682.2366943359375, v_loss 4.013641357421875 ,lr 0.00010000000000000002
INFO:root:epoch 4, Episode 96, total_loss: 1115.94775390625, q_loss 1112.7452392578125, v_loss 3.20257568359375 ,lr 0.00010000000000000002
INFO:root:epoch 4, Episode 97, total_loss: 1479.237548828125, q_loss 1461.6630859375, v_loss 17.574432373046875 ,lr 0.00010000000000000002
INFO:root:epoch 4, Episode 98, total_loss: 1086.462646484375, q_loss 1082.9683837890625, v_loss 3.494293212890625 ,lr 0.00010000000000000002
INFO:root:epoch 4, Episode 99, total_loss: 1037.8592529296875, q_loss 1035.2530517578125, v_loss 2.606170654296875 ,lr 0.00010000000000000002
INFO:root:epoch 4, Episode 100, total_loss: 2076.668212890625, q_loss 2070.858154296875, v_loss 5.81011962890625 ,lr 0.00010000000000000002
INFO:root:val_loss 906.1531982421875
INFO:root:epoch 4, Episode 101, total_loss: 1071.036865234375, q_loss 1067.805908203125, v_loss 3.23089599609375 ,lr 0.00010000000000000002
INFO:root:epoch 4, Episode 102, total_loss: 1026.4542236328125, q_loss 1023.3257446289062, v_loss 3.1284332275390625 ,lr 0.00010000000000000002
INFO:root:epoch 4, Episode 103, total_loss: 2097.248779296875, q_loss 2091.536865234375, v_loss 5.71197509765625 ,lr 0.00010000000000000002
INFO:root:epoch 4, Episode 104, total_loss: 987.1185913085938, q_loss 984.1697998046875, v_loss 2.9488067626953125 ,lr 0.00010000000000000002
INFO:root:epoch 4, Episode 105, total_loss: 1367.00341796875, q_loss 1360.929443359375, v_loss 6.0739288330078125 ,lr 0.00010000000000000002
INFO:root:epoch 4, Episode 106, total_loss: 1451.8138427734375, q_loss 1448.3294677734375, v_loss 3.4844207763671875 ,lr 0.00010000000000000002
INFO:root:epoch 4, Episode 107, total_loss: 885.1598510742188, q_loss 881.5745239257812, v_loss 3.5853424072265625 ,lr 0.00010000000000000002
INFO:root:epoch 4, Episode 108, total_loss: 1125.48291015625, q_loss 1120.8216552734375, v_loss 4.66119384765625 ,lr 0.00010000000000000002
INFO:root:epoch 4, Episode 109, total_loss: 1295.402099609375, q_loss 1291.935302734375, v_loss 3.466827392578125 ,lr 0.00010000000000000002
INFO:root:epoch 4, Episode 110, total_loss: 1394.6787109375, q_loss 1390.8717041015625, v_loss 3.8069610595703125 ,lr 0.00010000000000000002
INFO:root:epoch 4, Episode 111, total_loss: 1085.1754150390625, q_loss 1082.192626953125, v_loss 2.9827423095703125 ,lr 0.00010000000000000002
INFO:root:epoch 4, Episode 112, total_loss: 1059.27294921875, q_loss 1056.9072265625, v_loss 2.36566162109375 ,lr 0.00010000000000000002
INFO:root:epoch 4, Episode 113, total_loss: 1017.6527709960938, q_loss 1015.3408813476562, v_loss 2.3118743896484375 ,lr 0.00010000000000000002
INFO:root:epoch 4, Episode 114, total_loss: 1471.047119140625, q_loss 1466.23046875, v_loss 4.816650390625 ,lr 0.00010000000000000002
INFO:root:epoch 4, Episode 115, total_loss: 1395.0567626953125, q_loss 1388.333984375, v_loss 6.7227935791015625 ,lr 0.00010000000000000002
INFO:root:epoch 4, Episode 116, total_loss: 2074.9443359375, q_loss 2062.477783203125, v_loss 12.466522216796875 ,lr 0.00010000000000000002
INFO:root:epoch 4, Episode 117, total_loss: 1008.0864868164062, q_loss 1005.64501953125, v_loss 2.44146728515625 ,lr 0.00010000000000000002
INFO:root:epoch 4, Episode 118, total_loss: 1574.9906005859375, q_loss 1571.248046875, v_loss 3.742584228515625 ,lr 0.00010000000000000002
INFO:root:epoch 4, Episode 119, total_loss: 1216.8524169921875, q_loss 1213.2967529296875, v_loss 3.5557098388671875 ,lr 0.00010000000000000002
INFO:root:epoch 4, Episode 120, total_loss: 1213.8814697265625, q_loss 1211.2996826171875, v_loss 2.581817626953125 ,lr 0.00010000000000000002
INFO:root:epoch 4, Episode 121, total_loss: 1768.5740966796875, q_loss 1759.7901611328125, v_loss 8.783935546875 ,lr 0.00010000000000000002
INFO:root:epoch 4, Episode 122, total_loss: 1476.6597900390625, q_loss 1472.24853515625, v_loss 4.411224365234375 ,lr 0.00010000000000000002
INFO:root:epoch 4, Episode 123, total_loss: 1891.6376953125, q_loss 1881.0638427734375, v_loss 10.573883056640625 ,lr 0.00010000000000000002
INFO:root:epoch 4, Episode 124, total_loss: 1087.716552734375, q_loss 1084.0972900390625, v_loss 3.619293212890625 ,lr 0.00010000000000000002
INFO:root:epoch 4, Episode 125, total_loss: 1129.751220703125, q_loss 1126.2869873046875, v_loss 3.4641876220703125 ,lr 0.00010000000000000002
INFO:root:epoch 4, Episode 126, total_loss: 729.87646484375, q_loss 726.0438842773438, v_loss 3.83258056640625 ,lr 0.00010000000000000002
INFO:root:epoch 4, Episode 127, total_loss: 1136.8570556640625, q_loss 1133.689697265625, v_loss 3.167388916015625 ,lr 0.00010000000000000002
INFO:root:epoch 4, Episode 128, total_loss: 1188.8916015625, q_loss 1184.762939453125, v_loss 4.12872314453125 ,lr 0.00010000000000000002
INFO:root:epoch 4, Episode 129, total_loss: 1326.14501953125, q_loss 1319.4481201171875, v_loss 6.6968536376953125 ,lr 0.00010000000000000002
INFO:root:epoch 4, Episode 130, total_loss: 3840.3955078125, q_loss 3836.289306640625, v_loss 4.1061859130859375 ,lr 0.00010000000000000002
INFO:root:epoch 4, Episode 131, total_loss: 720.6115112304688, q_loss 714.9992065429688, v_loss 5.6123046875 ,lr 0.00010000000000000002
INFO:root:epoch 4, Episode 132, total_loss: 4276.78125, q_loss 4271.9560546875, v_loss 4.825439453125 ,lr 0.00010000000000000002
INFO:root:epoch 4, Episode 133, total_loss: 1419.8243408203125, q_loss 1405.076416015625, v_loss 14.747894287109375 ,lr 0.00010000000000000002
INFO:root:epoch 4, Episode 134, total_loss: 1849.090087890625, q_loss 1843.2489013671875, v_loss 5.8411865234375 ,lr 0.00010000000000000002
INFO:root:epoch 4, Episode 135, total_loss: 853.0184326171875, q_loss 850.7175903320312, v_loss 2.3008270263671875 ,lr 0.00010000000000000002
INFO:root:epoch 4, Episode 136, total_loss: 1053.003173828125, q_loss 1050.3792724609375, v_loss 2.6239166259765625 ,lr 0.00010000000000000002
INFO:root:epoch 4, Episode 137, total_loss: 1953.529541015625, q_loss 1948.470703125, v_loss 5.0588226318359375 ,lr 0.00010000000000000002
INFO:root:epoch 4, Episode 138, total_loss: 1359.1666259765625, q_loss 1350.98095703125, v_loss 8.185699462890625 ,lr 0.00010000000000000002
INFO:root:epoch 4, Episode 139, total_loss: 1311.36474609375, q_loss 1308.4315185546875, v_loss 2.9332427978515625 ,lr 0.00010000000000000002
INFO:root:epoch 4, Episode 140, total_loss: 1281.6756591796875, q_loss 1278.580078125, v_loss 3.0955352783203125 ,lr 0.00010000000000000002
INFO:root:epoch 4, Episode 141, total_loss: 1583.436767578125, q_loss 1577.3289794921875, v_loss 6.107757568359375 ,lr 0.00010000000000000002
INFO:root:epoch 4, Episode 142, total_loss: 1387.2236328125, q_loss 1384.0950927734375, v_loss 3.128570556640625 ,lr 0.00010000000000000002
INFO:root:epoch 4, Episode 143, total_loss: 1911.5762939453125, q_loss 1898.54736328125, v_loss 13.028976440429688 ,lr 0.00010000000000000002
INFO:root:epoch 4, Episode 144, total_loss: 975.060791015625, q_loss 971.5426635742188, v_loss 3.5181121826171875 ,lr 0.00010000000000000002
INFO:root:epoch 4, Episode 145, total_loss: 1925.1229248046875, q_loss 1919.47314453125, v_loss 5.649749755859375 ,lr 0.00010000000000000002
INFO:root:epoch 4, Episode 146, total_loss: 1385.402587890625, q_loss 1381.7677001953125, v_loss 3.6349029541015625 ,lr 0.00010000000000000002
INFO:root:epoch 4, Episode 147, total_loss: 1030.7911376953125, q_loss 1028.76611328125, v_loss 2.0250091552734375 ,lr 0.00010000000000000002
INFO:root:epoch 4, Episode 148, total_loss: 934.8773193359375, q_loss 931.296630859375, v_loss 3.580718994140625 ,lr 0.00010000000000000002
INFO:root:epoch 4, Episode 149, total_loss: 1059.734375, q_loss 1055.857421875, v_loss 3.876922607421875 ,lr 0.00010000000000000002
INFO:root:epoch 4, Episode 150, total_loss: 1202.5970458984375, q_loss 1198.97998046875, v_loss 3.6170806884765625 ,lr 0.00010000000000000002
INFO:root:val_loss 586.3980712890625
INFO:root:epoch 4, Episode 151, total_loss: 1090.9425048828125, q_loss 1087.3333740234375, v_loss 3.6091461181640625 ,lr 0.00010000000000000002
INFO:root:epoch 4, Episode 152, total_loss: 1506.6610107421875, q_loss 1502.6937255859375, v_loss 3.967315673828125 ,lr 0.00010000000000000002
INFO:root:epoch 4, Episode 153, total_loss: 2739.701416015625, q_loss 2736.85693359375, v_loss 2.84454345703125 ,lr 0.00010000000000000002
INFO:root:epoch 4, Episode 154, total_loss: 819.91552734375, q_loss 817.5145263671875, v_loss 2.4009857177734375 ,lr 0.00010000000000000002
INFO:root:epoch 4, Episode 155, total_loss: 1153.842529296875, q_loss 1149.281494140625, v_loss 4.5609893798828125 ,lr 0.00010000000000000002
INFO:root:epoch 4, Episode 156, total_loss: 1466.505615234375, q_loss 1462.8553466796875, v_loss 3.65020751953125 ,lr 0.00010000000000000002
INFO:root:epoch 4, Episode 157, total_loss: 841.6544799804688, q_loss 837.512451171875, v_loss 4.1420440673828125 ,lr 0.00010000000000000002
INFO:root:epoch 4, Episode 158, total_loss: 2528.838134765625, q_loss 2519.4765625, v_loss 9.361541748046875 ,lr 0.00010000000000000002
INFO:root:epoch 4, Episode 159, total_loss: 1317.691162109375, q_loss 1312.4266357421875, v_loss 5.2645111083984375 ,lr 0.00010000000000000002
INFO:root:epoch 4, Episode 160, total_loss: 1532.4310302734375, q_loss 1528.639404296875, v_loss 3.791595458984375 ,lr 0.00010000000000000002
INFO:root:epoch 4, Episode 161, total_loss: 1509.6287841796875, q_loss 1503.9761962890625, v_loss 5.6526336669921875 ,lr 0.00010000000000000002
INFO:root:epoch 4, Episode 162, total_loss: 1338.9129638671875, q_loss 1335.25390625, v_loss 3.6590118408203125 ,lr 0.00010000000000000002
INFO:root:epoch 4, Episode 163, total_loss: 1304.415283203125, q_loss 1302.268310546875, v_loss 2.146942138671875 ,lr 0.00010000000000000002
INFO:root:epoch 4, Episode 164, total_loss: 1781.878173828125, q_loss 1773.016357421875, v_loss 8.86181640625 ,lr 0.00010000000000000002
INFO:root:epoch 4, Episode 165, total_loss: 1900.7088623046875, q_loss 1891.1004638671875, v_loss 9.608352661132812 ,lr 0.00010000000000000002
INFO:root:epoch 4, Episode 166, total_loss: 1309.6451416015625, q_loss 1305.4342041015625, v_loss 4.210906982421875 ,lr 0.00010000000000000002
INFO:root:epoch 4, Episode 167, total_loss: 3303.44970703125, q_loss 3299.03466796875, v_loss 4.4149322509765625 ,lr 0.00010000000000000002
INFO:root:epoch 4, Episode 168, total_loss: 1351.4591064453125, q_loss 1349.0885009765625, v_loss 2.3705596923828125 ,lr 0.00010000000000000002
INFO:root:epoch 4, Episode 169, total_loss: 1092.702880859375, q_loss 1088.462646484375, v_loss 4.240264892578125 ,lr 0.00010000000000000002
INFO:root:epoch 4, Episode 170, total_loss: 654.7182006835938, q_loss 651.230224609375, v_loss 3.4879608154296875 ,lr 0.00010000000000000002
INFO:root:epoch 4, Episode 171, total_loss: 1148.171630859375, q_loss 1146.0611572265625, v_loss 2.110443115234375 ,lr 0.00010000000000000002
INFO:root:epoch 4, Episode 172, total_loss: 2584.04541015625, q_loss 2561.570068359375, v_loss 22.475372314453125 ,lr 0.00010000000000000002
INFO:root:epoch 4, Episode 173, total_loss: 1194.1063232421875, q_loss 1190.35400390625, v_loss 3.7522735595703125 ,lr 0.00010000000000000002
INFO:root:epoch 4, Episode 174, total_loss: 934.7418212890625, q_loss 929.287109375, v_loss 5.4547271728515625 ,lr 0.00010000000000000002
INFO:root:epoch 4, Episode 175, total_loss: 2373.4521484375, q_loss 2364.799072265625, v_loss 8.653045654296875 ,lr 0.00010000000000000002
INFO:root:epoch 4, Episode 176, total_loss: 1294.70068359375, q_loss 1285.1112060546875, v_loss 9.589462280273438 ,lr 0.00010000000000000002
INFO:root:epoch 4, Episode 177, total_loss: 1854.14501953125, q_loss 1846.17431640625, v_loss 7.970703125 ,lr 0.00010000000000000002
INFO:root:epoch 4, Episode 178, total_loss: 1017.22119140625, q_loss 1014.981689453125, v_loss 2.2394866943359375 ,lr 0.00010000000000000002
INFO:root:epoch 4, Episode 179, total_loss: 1417.379638671875, q_loss 1413.445068359375, v_loss 3.93463134765625 ,lr 0.00010000000000000002
INFO:root:epoch 4, Episode 180, total_loss: 1015.2401733398438, q_loss 1013.1558837890625, v_loss 2.0843048095703125 ,lr 0.00010000000000000002
INFO:root:epoch 4, Episode 181, total_loss: 1089.432373046875, q_loss 1086.5802001953125, v_loss 2.85211181640625 ,lr 0.00010000000000000002
INFO:root:epoch 4, Episode 182, total_loss: 994.7775268554688, q_loss 989.2593994140625, v_loss 5.5181427001953125 ,lr 0.00010000000000000002
INFO:root:epoch 4, Episode 183, total_loss: 1195.357421875, q_loss 1191.4600830078125, v_loss 3.897308349609375 ,lr 0.00010000000000000002
INFO:root:epoch 4, Episode 184, total_loss: 4043.775634765625, q_loss 4040.919921875, v_loss 2.855621337890625 ,lr 0.00010000000000000002
INFO:root:epoch 4, Episode 185, total_loss: 2347.082275390625, q_loss 2341.98876953125, v_loss 5.0933990478515625 ,lr 0.00010000000000000002
INFO:root:epoch 4, Episode 186, total_loss: 1349.3304443359375, q_loss 1342.824951171875, v_loss 6.5055084228515625 ,lr 0.00010000000000000002
INFO:root:epoch 4, Episode 187, total_loss: 1205.543701171875, q_loss 1203.3037109375, v_loss 2.2399749755859375 ,lr 0.00010000000000000002
INFO:root:epoch 4, Episode 188, total_loss: 2288.7158203125, q_loss 2283.086669921875, v_loss 5.6291351318359375 ,lr 0.00010000000000000002
INFO:root:epoch 4, Episode 189, total_loss: 1926.1712646484375, q_loss 1920.73046875, v_loss 5.440765380859375 ,lr 0.00010000000000000002
INFO:root:epoch 4, Episode 190, total_loss: 1117.31591796875, q_loss 1114.3369140625, v_loss 2.9790496826171875 ,lr 0.00010000000000000002
INFO:root:epoch 4, Episode 191, total_loss: 2420.311767578125, q_loss 2415.79248046875, v_loss 4.519378662109375 ,lr 0.00010000000000000002
INFO:root:epoch 4, Episode 192, total_loss: 1079.6334228515625, q_loss 1077.009521484375, v_loss 2.6239013671875 ,lr 0.00010000000000000002
INFO:root:epoch 4, Episode 193, total_loss: 844.9931640625, q_loss 841.4724731445312, v_loss 3.520721435546875 ,lr 0.00010000000000000002
INFO:root:epoch 4, Episode 194, total_loss: 1128.2889404296875, q_loss 1125.1082763671875, v_loss 3.1806640625 ,lr 0.00010000000000000002
INFO:root:epoch 4, Episode 195, total_loss: 4078.15185546875, q_loss 4073.82177734375, v_loss 4.330108642578125 ,lr 0.00010000000000000002
INFO:root:epoch 4, Episode 196, total_loss: 1654.2864990234375, q_loss 1650.625732421875, v_loss 3.660736083984375 ,lr 0.00010000000000000002
INFO:root:epoch 4, Episode 197, total_loss: 1222.385498046875, q_loss 1219.4915771484375, v_loss 2.8938751220703125 ,lr 0.00010000000000000002
INFO:root:epoch 4, Episode 198, total_loss: 2296.0283203125, q_loss 2265.792724609375, v_loss 30.2357177734375 ,lr 0.00010000000000000002
INFO:root:epoch 4, Episode 199, total_loss: 1212.795654296875, q_loss 1209.4793701171875, v_loss 3.3163299560546875 ,lr 0.00010000000000000002
INFO:root:epoch 4, Episode 200, total_loss: 1180.66064453125, q_loss 1176.9742431640625, v_loss 3.6864013671875 ,lr 0.00010000000000000002
INFO:root:val_loss 1250.205322265625
INFO:root:epoch 4, Episode 201, total_loss: 1404.018310546875, q_loss 1397.971923828125, v_loss 6.046417236328125 ,lr 0.00010000000000000002
INFO:root:epoch 4, Episode 202, total_loss: 1394.26513671875, q_loss 1391.29541015625, v_loss 2.969696044921875 ,lr 0.00010000000000000002
INFO:root:epoch 4, Episode 203, total_loss: 1347.9564208984375, q_loss 1345.4393310546875, v_loss 2.5171051025390625 ,lr 0.00010000000000000002
INFO:root:epoch 4, Episode 204, total_loss: 4089.370849609375, q_loss 4083.946044921875, v_loss 5.42486572265625 ,lr 0.00010000000000000002
INFO:root:epoch 4, Episode 205, total_loss: 848.64501953125, q_loss 845.8673095703125, v_loss 2.777740478515625 ,lr 0.00010000000000000002
INFO:root:epoch 4, Episode 206, total_loss: 740.5560302734375, q_loss 737.8631591796875, v_loss 2.6928863525390625 ,lr 0.00010000000000000002
INFO:root:epoch 4, Episode 207, total_loss: 1057.3099365234375, q_loss 1055.03076171875, v_loss 2.279144287109375 ,lr 0.00010000000000000002
INFO:root:epoch 4, Episode 208, total_loss: 977.6585083007812, q_loss 974.7003784179688, v_loss 2.9581451416015625 ,lr 0.00010000000000000002
INFO:root:epoch 4, Episode 209, total_loss: 1036.307861328125, q_loss 1032.415771484375, v_loss 3.8921356201171875 ,lr 0.00010000000000000002
INFO:root:epoch 4, Episode 210, total_loss: 1713.509765625, q_loss 1699.698486328125, v_loss 13.811248779296875 ,lr 0.00010000000000000002
INFO:root:epoch 4, Episode 211, total_loss: 836.0269165039062, q_loss 833.8062133789062, v_loss 2.220703125 ,lr 0.00010000000000000002
INFO:root:epoch 4, Episode 212, total_loss: 1501.2987060546875, q_loss 1495.4598388671875, v_loss 5.838897705078125 ,lr 0.00010000000000000002
INFO:root:epoch 4, Episode 213, total_loss: 1258.25634765625, q_loss 1255.9945068359375, v_loss 2.2618408203125 ,lr 0.00010000000000000002
INFO:root:epoch 4, Episode 214, total_loss: 1400.421875, q_loss 1393.990234375, v_loss 6.4316864013671875 ,lr 0.00010000000000000002
INFO:root:epoch 4, Episode 215, total_loss: 1161.6083984375, q_loss 1150.8472900390625, v_loss 10.761138916015625 ,lr 0.00010000000000000002
INFO:root:epoch 4, Episode 216, total_loss: 1384.3350830078125, q_loss 1380.59375, v_loss 3.7413177490234375 ,lr 0.00010000000000000002
INFO:root:epoch 4, Episode 217, total_loss: 1072.9891357421875, q_loss 1070.5025634765625, v_loss 2.4865264892578125 ,lr 0.00010000000000000002
INFO:root:epoch 4, Episode 218, total_loss: 2113.538330078125, q_loss 2109.17724609375, v_loss 4.36114501953125 ,lr 0.00010000000000000002
INFO:root:epoch 4, Episode 219, total_loss: 1494.8924560546875, q_loss 1487.7091064453125, v_loss 7.183380126953125 ,lr 0.00010000000000000002
INFO:root:epoch 4, Episode 220, total_loss: 1039.6849365234375, q_loss 1036.56884765625, v_loss 3.1161041259765625 ,lr 0.00010000000000000002
INFO:root:epoch 4, Episode 221, total_loss: 1490.0196533203125, q_loss 1487.2786865234375, v_loss 2.7410125732421875 ,lr 0.00010000000000000002
INFO:root:epoch 4, Episode 222, total_loss: 1328.275146484375, q_loss 1324.4765625, v_loss 3.7986297607421875 ,lr 0.00010000000000000002
INFO:root:epoch 4, Episode 223, total_loss: 1737.42333984375, q_loss 1730.5235595703125, v_loss 6.8997650146484375 ,lr 0.00010000000000000002
INFO:root:epoch 4, Episode 224, total_loss: 2318.24169921875, q_loss 2299.5244140625, v_loss 18.717254638671875 ,lr 0.00010000000000000002
INFO:root:epoch 4, Episode 225, total_loss: 966.4827880859375, q_loss 963.4679565429688, v_loss 3.0148162841796875 ,lr 0.00010000000000000002
INFO:root:epoch 4, Episode 226, total_loss: 1701.625732421875, q_loss 1693.9931640625, v_loss 7.6325225830078125 ,lr 0.00010000000000000002
INFO:root:epoch 4, Episode 227, total_loss: 1251.0355224609375, q_loss 1248.5950927734375, v_loss 2.4404144287109375 ,lr 0.00010000000000000002
INFO:root:epoch 4, Episode 228, total_loss: 1220.6318359375, q_loss 1214.9232177734375, v_loss 5.708587646484375 ,lr 0.00010000000000000002
INFO:root:epoch 4, Episode 229, total_loss: 1568.5126953125, q_loss 1566.52099609375, v_loss 1.99169921875 ,lr 0.00010000000000000002
INFO:root:epoch 4, Episode 230, total_loss: 1763.73388671875, q_loss 1757.9473876953125, v_loss 5.7864990234375 ,lr 0.00010000000000000002
INFO:root:epoch 4, Episode 231, total_loss: 1427.0299072265625, q_loss 1422.337646484375, v_loss 4.6922760009765625 ,lr 0.00010000000000000002
INFO:root:epoch 4, Episode 232, total_loss: 3660.2177734375, q_loss 3657.83544921875, v_loss 2.382354736328125 ,lr 0.00010000000000000002
INFO:root:epoch 4, Episode 233, total_loss: 1579.603515625, q_loss 1563.8284912109375, v_loss 15.77496337890625 ,lr 0.00010000000000000002
INFO:root:epoch 4, Episode 234, total_loss: 1119.0408935546875, q_loss 1116.009033203125, v_loss 3.0319061279296875 ,lr 0.00010000000000000002
INFO:root:epoch 4, Episode 235, total_loss: 2881.3828125, q_loss 2850.781005859375, v_loss 30.601882934570312 ,lr 0.00010000000000000002
INFO:root:epoch 4, Episode 236, total_loss: 2141.008056640625, q_loss 2134.942626953125, v_loss 6.0653533935546875 ,lr 0.00010000000000000002
INFO:root:epoch 4, Episode 237, total_loss: 1234.012939453125, q_loss 1231.5855712890625, v_loss 2.427337646484375 ,lr 0.00010000000000000002
INFO:root:epoch 4, Episode 238, total_loss: 1383.2877197265625, q_loss 1380.475830078125, v_loss 2.8118896484375 ,lr 0.00010000000000000002
INFO:root:epoch 4, Episode 239, total_loss: 1107.4056396484375, q_loss 1105.10986328125, v_loss 2.2957611083984375 ,lr 0.00010000000000000002
INFO:root:epoch 4, Episode 240, total_loss: 1117.833251953125, q_loss 1115.0482177734375, v_loss 2.7850494384765625 ,lr 0.00010000000000000002
INFO:root:epoch 4, Episode 241, total_loss: 3495.619140625, q_loss 3492.6337890625, v_loss 2.9853057861328125 ,lr 0.00010000000000000002
INFO:root:epoch 4, Episode 242, total_loss: 1185.6170654296875, q_loss 1182.5731201171875, v_loss 3.0439910888671875 ,lr 0.00010000000000000002
INFO:root:epoch 4, Episode 243, total_loss: 1200.9200439453125, q_loss 1198.2254638671875, v_loss 2.6945953369140625 ,lr 0.00010000000000000002
INFO:root:epoch 4, Episode 244, total_loss: 924.3338623046875, q_loss 921.305419921875, v_loss 3.0284423828125 ,lr 0.00010000000000000002
INFO:root:epoch 4, Episode 245, total_loss: 1183.6246337890625, q_loss 1181.8408203125, v_loss 1.7838592529296875 ,lr 0.00010000000000000002
INFO:root:epoch 4, Episode 246, total_loss: 1756.51904296875, q_loss 1738.0537109375, v_loss 18.46533203125 ,lr 0.00010000000000000002
INFO:root:epoch 4, Episode 247, total_loss: 1795.602294921875, q_loss 1776.9881591796875, v_loss 18.614181518554688 ,lr 0.00010000000000000002
INFO:root:epoch 4, Episode 248, total_loss: 2936.43212890625, q_loss 2925.462890625, v_loss 10.969146728515625 ,lr 0.00010000000000000002
INFO:root:epoch 4, Episode 249, total_loss: 913.9070434570312, q_loss 910.2875366210938, v_loss 3.6194915771484375 ,lr 0.00010000000000000002
INFO:root:epoch 4, Episode 250, total_loss: 1154.5504150390625, q_loss 1151.4757080078125, v_loss 3.0746917724609375 ,lr 0.00010000000000000002
INFO:root:val_loss 606.9710693359375
INFO:root:epoch 4, Episode 251, total_loss: 1072.5108642578125, q_loss 1068.354736328125, v_loss 4.1561279296875 ,lr 0.00010000000000000002
INFO:root:epoch 4, Episode 252, total_loss: 1056.8861083984375, q_loss 1054.1805419921875, v_loss 2.7055816650390625 ,lr 0.00010000000000000002
INFO:root:epoch 4, Episode 253, total_loss: 979.4180908203125, q_loss 976.5628662109375, v_loss 2.8552093505859375 ,lr 0.00010000000000000002
INFO:root:epoch 4, Episode 254, total_loss: 921.322998046875, q_loss 918.6661987304688, v_loss 2.656768798828125 ,lr 0.00010000000000000002
INFO:root:epoch 4, Episode 255, total_loss: 1114.06787109375, q_loss 1111.560546875, v_loss 2.507293701171875 ,lr 0.00010000000000000002
INFO:root:epoch 4, Episode 256, total_loss: 3098.921630859375, q_loss 3095.1875, v_loss 3.7342071533203125 ,lr 0.00010000000000000002
INFO:root:epoch 4, Episode 257, total_loss: 1118.312744140625, q_loss 1115.2320556640625, v_loss 3.0806427001953125 ,lr 0.00010000000000000002
INFO:root:epoch 4, Episode 258, total_loss: 1207.92138671875, q_loss 1199.587158203125, v_loss 8.334197998046875 ,lr 0.00010000000000000002
INFO:root:epoch 4, Episode 259, total_loss: 1286.1221923828125, q_loss 1280.9114990234375, v_loss 5.2107391357421875 ,lr 0.00010000000000000002
INFO:root:epoch 4, Episode 260, total_loss: 4637.54248046875, q_loss 4616.1748046875, v_loss 21.36773681640625 ,lr 0.00010000000000000002
INFO:root:epoch 4, Episode 261, total_loss: 1258.728271484375, q_loss 1255.6839599609375, v_loss 3.044342041015625 ,lr 0.00010000000000000002
INFO:root:epoch 4, Episode 262, total_loss: 1374.3511962890625, q_loss 1368.612548828125, v_loss 5.7386932373046875 ,lr 0.00010000000000000002
INFO:root:epoch 4, Episode 263, total_loss: 1405.4725341796875, q_loss 1398.5089111328125, v_loss 6.9636383056640625 ,lr 0.00010000000000000002
INFO:root:epoch 4, Episode 264, total_loss: 1192.8074951171875, q_loss 1181.6629638671875, v_loss 11.144561767578125 ,lr 0.00010000000000000002
INFO:root:epoch 4, Episode 265, total_loss: 865.4232788085938, q_loss 862.0934448242188, v_loss 3.3298187255859375 ,lr 0.00010000000000000002
INFO:root:epoch 4, Episode 266, total_loss: 1331.0643310546875, q_loss 1326.485595703125, v_loss 4.5786895751953125 ,lr 0.00010000000000000002
INFO:root:epoch 4, Episode 267, total_loss: 1315.3896484375, q_loss 1311.5277099609375, v_loss 3.861968994140625 ,lr 0.00010000000000000002
INFO:root:epoch 4, Episode 268, total_loss: 1686.20556640625, q_loss 1681.244140625, v_loss 4.9614105224609375 ,lr 0.00010000000000000002
INFO:root:epoch 4, Episode 269, total_loss: 1274.6912841796875, q_loss 1270.46142578125, v_loss 4.2298583984375 ,lr 0.00010000000000000002
INFO:root:epoch 4, Episode 270, total_loss: 1208.2982177734375, q_loss 1204.7069091796875, v_loss 3.591339111328125 ,lr 0.00010000000000000002
INFO:root:epoch 4, Episode 271, total_loss: 2489.875244140625, q_loss 2482.736572265625, v_loss 7.1385955810546875 ,lr 0.00010000000000000002
INFO:root:epoch 4, Episode 272, total_loss: 1551.81787109375, q_loss 1541.63671875, v_loss 10.181167602539062 ,lr 0.00010000000000000002
INFO:root:epoch 4, Episode 273, total_loss: 1686.88134765625, q_loss 1679.94140625, v_loss 6.9398956298828125 ,lr 0.00010000000000000002
INFO:root:epoch 4, Episode 274, total_loss: 1306.1893310546875, q_loss 1302.8048095703125, v_loss 3.3845367431640625 ,lr 0.00010000000000000002
INFO:root:epoch 4, Episode 275, total_loss: 1382.259765625, q_loss 1378.1541748046875, v_loss 4.105621337890625 ,lr 0.00010000000000000002
INFO:root:epoch 4, Episode 276, total_loss: 1237.677001953125, q_loss 1228.0416259765625, v_loss 9.635391235351562 ,lr 0.00010000000000000002
INFO:root:epoch 4, Episode 277, total_loss: 1304.02001953125, q_loss 1301.17041015625, v_loss 2.849609375 ,lr 0.00010000000000000002
INFO:root:epoch 4, Episode 278, total_loss: 1511.5020751953125, q_loss 1505.357177734375, v_loss 6.144927978515625 ,lr 0.00010000000000000002
INFO:root:epoch 4, Episode 279, total_loss: 1731.7508544921875, q_loss 1727.390380859375, v_loss 4.3604888916015625 ,lr 0.00010000000000000002
INFO:root:epoch 4, Episode 280, total_loss: 1197.5408935546875, q_loss 1193.9503173828125, v_loss 3.590576171875 ,lr 0.00010000000000000002
INFO:root:epoch 4, Episode 281, total_loss: 1240.3031005859375, q_loss 1236.7559814453125, v_loss 3.5470733642578125 ,lr 0.00010000000000000002
INFO:root:epoch 4, Episode 282, total_loss: 1412.8480224609375, q_loss 1410.0992431640625, v_loss 2.7488250732421875 ,lr 0.00010000000000000002
INFO:root:epoch 4, Episode 283, total_loss: 824.0643920898438, q_loss 821.2531127929688, v_loss 2.8112945556640625 ,lr 0.00010000000000000002
INFO:root:epoch 4, Episode 284, total_loss: 1100.919921875, q_loss 1097.0760498046875, v_loss 3.843902587890625 ,lr 0.00010000000000000002
INFO:root:epoch 4, Episode 285, total_loss: 2866.931884765625, q_loss 2853.26025390625, v_loss 13.67156982421875 ,lr 0.00010000000000000002
INFO:root:epoch 4, Episode 286, total_loss: 1520.514404296875, q_loss 1515.6376953125, v_loss 4.876739501953125 ,lr 0.00010000000000000002
INFO:root:epoch 4, Episode 287, total_loss: 990.9613037109375, q_loss 985.8499145507812, v_loss 5.111419677734375 ,lr 0.00010000000000000002
INFO:root:epoch 4, Episode 288, total_loss: 1032.3712158203125, q_loss 1029.61181640625, v_loss 2.7593994140625 ,lr 0.00010000000000000002
INFO:root:epoch 4, Episode 289, total_loss: 900.00244140625, q_loss 897.5916137695312, v_loss 2.410797119140625 ,lr 0.00010000000000000002
INFO:root:epoch 4, Episode 290, total_loss: 1202.2822265625, q_loss 1198.6663818359375, v_loss 3.6158599853515625 ,lr 0.00010000000000000002
INFO:root:epoch 4, Episode 291, total_loss: 1724.0260009765625, q_loss 1720.7955322265625, v_loss 3.23046875 ,lr 0.00010000000000000002
INFO:root:epoch 4, Episode 292, total_loss: 1321.570068359375, q_loss 1317.7738037109375, v_loss 3.7962188720703125 ,lr 0.00010000000000000002
INFO:root:epoch 4, Episode 293, total_loss: 2581.853759765625, q_loss 2563.15283203125, v_loss 18.700820922851562 ,lr 0.00010000000000000002
INFO:root:epoch 4, Episode 294, total_loss: 1058.5223388671875, q_loss 1055.7257080078125, v_loss 2.796661376953125 ,lr 0.00010000000000000002
INFO:root:epoch 4, Episode 295, total_loss: 1986.6026611328125, q_loss 1980.026123046875, v_loss 6.5765533447265625 ,lr 0.00010000000000000002
INFO:root:epoch 4, Episode 296, total_loss: 1375.671630859375, q_loss 1372.8677978515625, v_loss 2.8038177490234375 ,lr 0.00010000000000000002
INFO:root:epoch 4, Episode 297, total_loss: 1229.2247314453125, q_loss 1226.5179443359375, v_loss 2.7067413330078125 ,lr 0.00010000000000000002
INFO:root:epoch 4, Episode 298, total_loss: 1331.9920654296875, q_loss 1327.9456787109375, v_loss 4.0463409423828125 ,lr 0.00010000000000000002
INFO:root:epoch 4, Episode 299, total_loss: 903.6144409179688, q_loss 899.594970703125, v_loss 4.0194854736328125 ,lr 0.00010000000000000002
INFO:root:epoch 4, Episode 300, total_loss: 1057.741943359375, q_loss 1054.932373046875, v_loss 2.80950927734375 ,lr 0.00010000000000000002
INFO:root:val_loss 646.3854370117188
INFO:root:epoch 4, Episode 301, total_loss: 2260.0673828125, q_loss 2252.806640625, v_loss 7.26068115234375 ,lr 0.00010000000000000002
INFO:root:epoch 4, Episode 302, total_loss: 1217.5771484375, q_loss 1214.919921875, v_loss 2.657196044921875 ,lr 0.00010000000000000002
INFO:root:epoch 4, Episode 303, total_loss: 986.3596801757812, q_loss 980.3275756835938, v_loss 6.0321044921875 ,lr 0.00010000000000000002
INFO:root:epoch 4, Episode 304, total_loss: 983.1368408203125, q_loss 979.022216796875, v_loss 4.114654541015625 ,lr 0.00010000000000000002
INFO:root:epoch 4, Episode 305, total_loss: 1581.272705078125, q_loss 1576.7349853515625, v_loss 4.5376739501953125 ,lr 0.00010000000000000002
INFO:root:epoch 4, Episode 306, total_loss: 1405.791748046875, q_loss 1401.7396240234375, v_loss 4.05218505859375 ,lr 0.00010000000000000002
INFO:root:epoch 4, Episode 307, total_loss: 819.658447265625, q_loss 816.8165893554688, v_loss 2.841888427734375 ,lr 0.00010000000000000002
INFO:root:epoch 4, Episode 308, total_loss: 1465.7130126953125, q_loss 1460.1429443359375, v_loss 5.570098876953125 ,lr 0.00010000000000000002
INFO:root:epoch 4, Episode 309, total_loss: 1167.26123046875, q_loss 1163.607177734375, v_loss 3.6540679931640625 ,lr 0.00010000000000000002
INFO:root:epoch 4, Episode 310, total_loss: 3742.55078125, q_loss 3740.207275390625, v_loss 2.3436126708984375 ,lr 0.00010000000000000002
INFO:root:epoch 4, Episode 311, total_loss: 1058.285400390625, q_loss 1055.4691162109375, v_loss 2.8162384033203125 ,lr 0.00010000000000000002
INFO:root:epoch 4, Episode 312, total_loss: 1442.3660888671875, q_loss 1438.022705078125, v_loss 4.3433990478515625 ,lr 0.00010000000000000002
INFO:root:epoch 4, Episode 313, total_loss: 1591.03271484375, q_loss 1585.75, v_loss 5.2826995849609375 ,lr 0.00010000000000000002
INFO:root:epoch 4, Episode 314, total_loss: 1106.99267578125, q_loss 1103.5953369140625, v_loss 3.39739990234375 ,lr 0.00010000000000000002
INFO:root:epoch 4, Episode 315, total_loss: 970.9174194335938, q_loss 967.4443359375, v_loss 3.47308349609375 ,lr 0.00010000000000000002
INFO:root:epoch 4, Episode 316, total_loss: 1552.468017578125, q_loss 1547.896240234375, v_loss 4.57177734375 ,lr 0.00010000000000000002
INFO:root:epoch 4, Episode 317, total_loss: 1092.192138671875, q_loss 1089.025634765625, v_loss 3.1665496826171875 ,lr 0.00010000000000000002
INFO:root:epoch 4, Episode 318, total_loss: 1017.9533081054688, q_loss 1015.1614379882812, v_loss 2.7918701171875 ,lr 0.00010000000000000002
INFO:root:epoch 4, Episode 319, total_loss: 1284.5069580078125, q_loss 1280.62939453125, v_loss 3.877532958984375 ,lr 0.00010000000000000002
INFO:root:epoch 4, Episode 320, total_loss: 1007.1897583007812, q_loss 1002.8402099609375, v_loss 4.3495330810546875 ,lr 0.00010000000000000002
INFO:root:epoch 4, Episode 321, total_loss: 5394.623046875, q_loss 5349.052734375, v_loss 45.57041931152344 ,lr 0.00010000000000000002
INFO:root:epoch 4, Episode 322, total_loss: 2056.418212890625, q_loss 2046.3753662109375, v_loss 10.042892456054688 ,lr 0.00010000000000000002
INFO:root:epoch 4, Episode 323, total_loss: 1450.61865234375, q_loss 1445.4049072265625, v_loss 5.2137298583984375 ,lr 0.00010000000000000002
INFO:root:epoch 4, Episode 324, total_loss: 1141.4464111328125, q_loss 1138.3895263671875, v_loss 3.0568695068359375 ,lr 0.00010000000000000002
INFO:root:epoch 4, Episode 325, total_loss: 1134.262451171875, q_loss 1129.8363037109375, v_loss 4.4261016845703125 ,lr 0.00010000000000000002
INFO:root:epoch 4, Episode 326, total_loss: 1284.654052734375, q_loss 1274.994140625, v_loss 9.659866333007812 ,lr 0.00010000000000000002
INFO:root:epoch 4, Episode 327, total_loss: 1730.240966796875, q_loss 1725.6854248046875, v_loss 4.55548095703125 ,lr 0.00010000000000000002
INFO:root:epoch 4, Episode 328, total_loss: 1418.5074462890625, q_loss 1415.557861328125, v_loss 2.949554443359375 ,lr 0.00010000000000000002
INFO:root:epoch 4, Episode 329, total_loss: 1716.01513671875, q_loss 1710.215576171875, v_loss 5.7995452880859375 ,lr 0.00010000000000000002
INFO:root:epoch 4, Episode 330, total_loss: 1667.618896484375, q_loss 1656.4010009765625, v_loss 11.217880249023438 ,lr 0.00010000000000000002
INFO:root:epoch 4, Episode 331, total_loss: 1146.14892578125, q_loss 1142.2764892578125, v_loss 3.87249755859375 ,lr 0.00010000000000000002
INFO:root:epoch 4, Episode 332, total_loss: 1252.2637939453125, q_loss 1247.667724609375, v_loss 4.596038818359375 ,lr 0.00010000000000000002
INFO:root:epoch 4, Episode 333, total_loss: 1348.7010498046875, q_loss 1340.170654296875, v_loss 8.530441284179688 ,lr 0.00010000000000000002
INFO:root:epoch 4, Episode 334, total_loss: 1044.968994140625, q_loss 1040.0048828125, v_loss 4.9640655517578125 ,lr 0.00010000000000000002
INFO:root:epoch 4, Episode 335, total_loss: 1044.5638427734375, q_loss 1042.248291015625, v_loss 2.3155670166015625 ,lr 0.00010000000000000002
INFO:root:epoch 4, Episode 336, total_loss: 1062.92041015625, q_loss 1060.181396484375, v_loss 2.73907470703125 ,lr 0.00010000000000000002
INFO:root:epoch 4, Episode 337, total_loss: 803.8140258789062, q_loss 801.7930297851562, v_loss 2.0210113525390625 ,lr 0.00010000000000000002
INFO:root:epoch 4, Episode 338, total_loss: 1754.142333984375, q_loss 1748.2049560546875, v_loss 5.9373779296875 ,lr 0.00010000000000000002
INFO:root:epoch 4, Episode 339, total_loss: 1076.427490234375, q_loss 1072.814697265625, v_loss 3.6127471923828125 ,lr 0.00010000000000000002
INFO:root:epoch 4, Episode 340, total_loss: 1217.4774169921875, q_loss 1214.91455078125, v_loss 2.5628814697265625 ,lr 0.00010000000000000002
INFO:root:epoch 4, Episode 341, total_loss: 1285.2445068359375, q_loss 1280.483642578125, v_loss 4.7608642578125 ,lr 0.00010000000000000002
INFO:root:epoch 4, Episode 342, total_loss: 1842.8447265625, q_loss 1830.453125, v_loss 12.391555786132812 ,lr 0.00010000000000000002
INFO:root:epoch 4, Episode 343, total_loss: 1582.2215576171875, q_loss 1575.8394775390625, v_loss 6.3821258544921875 ,lr 0.00010000000000000002
INFO:root:epoch 4, Episode 344, total_loss: 965.982421875, q_loss 961.4680786132812, v_loss 4.5143585205078125 ,lr 0.00010000000000000002
INFO:root:epoch 4, Episode 345, total_loss: 1426.3736572265625, q_loss 1422.12353515625, v_loss 4.250152587890625 ,lr 0.00010000000000000002
INFO:root:epoch 4, Episode 346, total_loss: 2241.1953125, q_loss 2218.139892578125, v_loss 23.055389404296875 ,lr 0.00010000000000000002
INFO:root:epoch 4, Episode 347, total_loss: 1181.3095703125, q_loss 1174.1435546875, v_loss 7.165985107421875 ,lr 0.00010000000000000002
INFO:root:epoch 4, Episode 348, total_loss: 1153.077392578125, q_loss 1148.8226318359375, v_loss 4.254730224609375 ,lr 0.00010000000000000002
INFO:root:epoch 4, Episode 349, total_loss: 1697.06689453125, q_loss 1691.8565673828125, v_loss 5.21026611328125 ,lr 0.00010000000000000002
INFO:root:epoch 4, Episode 350, total_loss: 945.4970703125, q_loss 943.7999267578125, v_loss 1.697174072265625 ,lr 0.00010000000000000002
INFO:root:val_loss 776.2568359375
INFO:root:epoch 4, Episode 351, total_loss: 1137.6197509765625, q_loss 1129.3037109375, v_loss 8.3160400390625 ,lr 0.00010000000000000002
INFO:root:epoch 4, Episode 352, total_loss: 2472.28955078125, q_loss 2462.68798828125, v_loss 9.601547241210938 ,lr 0.00010000000000000002
INFO:root:epoch 4, Episode 353, total_loss: 1084.5465087890625, q_loss 1075.1669921875, v_loss 9.379547119140625 ,lr 0.00010000000000000002
INFO:root:epoch 4, Episode 354, total_loss: 1347.9176025390625, q_loss 1344.44873046875, v_loss 3.468841552734375 ,lr 0.00010000000000000002
INFO:root:epoch 4, Episode 355, total_loss: 4826.2470703125, q_loss 4821.8486328125, v_loss 4.3985137939453125 ,lr 0.00010000000000000002
INFO:root:epoch 4, Episode 356, total_loss: 1307.423828125, q_loss 1304.0621337890625, v_loss 3.36163330078125 ,lr 0.00010000000000000002
INFO:root:epoch 4, Episode 357, total_loss: 2267.986083984375, q_loss 2257.1259765625, v_loss 10.860076904296875 ,lr 0.00010000000000000002
INFO:root:epoch 4, Episode 358, total_loss: 1172.0162353515625, q_loss 1168.2081298828125, v_loss 3.8081207275390625 ,lr 0.00010000000000000002
INFO:root:epoch 4, Episode 359, total_loss: 1602.64306640625, q_loss 1599.7757568359375, v_loss 2.8672943115234375 ,lr 0.00010000000000000002
INFO:root:epoch 4, Episode 360, total_loss: 854.7488403320312, q_loss 850.1400756835938, v_loss 4.6087799072265625 ,lr 0.00010000000000000002
INFO:root:epoch 4, Episode 361, total_loss: 987.2672119140625, q_loss 984.7984619140625, v_loss 2.46875 ,lr 0.00010000000000000002
INFO:root:epoch 4, Episode 362, total_loss: 2379.973388671875, q_loss 2368.8974609375, v_loss 11.075820922851562 ,lr 0.00010000000000000002
INFO:root:epoch 4, Episode 363, total_loss: 1335.9569091796875, q_loss 1333.41650390625, v_loss 2.5403594970703125 ,lr 0.00010000000000000002
INFO:root:epoch 4, Episode 364, total_loss: 1345.5848388671875, q_loss 1342.0316162109375, v_loss 3.55322265625 ,lr 0.00010000000000000002
INFO:root:epoch 4, Episode 365, total_loss: 2128.251220703125, q_loss 2119.134765625, v_loss 9.116470336914062 ,lr 0.00010000000000000002
INFO:root:epoch 4, Episode 366, total_loss: 774.16455078125, q_loss 771.2706298828125, v_loss 2.893890380859375 ,lr 0.00010000000000000002
INFO:root:epoch 4, Episode 367, total_loss: 903.5817260742188, q_loss 900.6121826171875, v_loss 2.96954345703125 ,lr 0.00010000000000000002
INFO:root:epoch 4, Episode 368, total_loss: 1425.12255859375, q_loss 1422.2000732421875, v_loss 2.922454833984375 ,lr 0.00010000000000000002
INFO:root:epoch 4, Episode 369, total_loss: 1142.7744140625, q_loss 1139.3148193359375, v_loss 3.4596405029296875 ,lr 0.00010000000000000002
INFO:root:epoch 4, Episode 370, total_loss: 1164.1390380859375, q_loss 1156.2672119140625, v_loss 7.871795654296875 ,lr 0.00010000000000000002
INFO:root:epoch 4, Episode 371, total_loss: 2474.758544921875, q_loss 2464.315185546875, v_loss 10.443450927734375 ,lr 0.00010000000000000002
INFO:root:epoch 4, Episode 372, total_loss: 1961.8502197265625, q_loss 1955.5108642578125, v_loss 6.339385986328125 ,lr 0.00010000000000000002
INFO:root:epoch 4, Episode 373, total_loss: 1056.89599609375, q_loss 1053.617431640625, v_loss 3.2785797119140625 ,lr 0.00010000000000000002
INFO:root:epoch 4, Episode 374, total_loss: 2928.294677734375, q_loss 2923.022216796875, v_loss 5.2725372314453125 ,lr 0.00010000000000000002
INFO:root:epoch 4, Episode 375, total_loss: 2535.0263671875, q_loss 2525.752197265625, v_loss 9.274261474609375 ,lr 0.00010000000000000002
INFO:root:epoch 4, Episode 376, total_loss: 1582.5791015625, q_loss 1579.6474609375, v_loss 2.9316253662109375 ,lr 0.00010000000000000002
INFO:root:epoch 4, Episode 377, total_loss: 2821.6962890625, q_loss 2807.39892578125, v_loss 14.297317504882812 ,lr 0.00010000000000000002
INFO:root:epoch 4, Episode 378, total_loss: 1359.5469970703125, q_loss 1356.2322998046875, v_loss 3.314697265625 ,lr 0.00010000000000000002
INFO:root:epoch 4, Episode 379, total_loss: 1143.830810546875, q_loss 1141.323486328125, v_loss 2.5073394775390625 ,lr 0.00010000000000000002
INFO:root:epoch 4, Episode 380, total_loss: 1808.034912109375, q_loss 1801.4036865234375, v_loss 6.6312713623046875 ,lr 0.00010000000000000002
INFO:root:epoch 4, Episode 381, total_loss: 1168.83984375, q_loss 1163.69140625, v_loss 5.14837646484375 ,lr 0.00010000000000000002
INFO:root:epoch 4, Episode 382, total_loss: 1418.8006591796875, q_loss 1415.6005859375, v_loss 3.200042724609375 ,lr 0.00010000000000000002
INFO:root:epoch 4, Episode 383, total_loss: 1112.026123046875, q_loss 1104.3411865234375, v_loss 7.68487548828125 ,lr 0.00010000000000000002
INFO:root:epoch 4, Episode 384, total_loss: 1325.2130126953125, q_loss 1321.6700439453125, v_loss 3.5429534912109375 ,lr 0.00010000000000000002
INFO:root:epoch 4, Episode 385, total_loss: 1328.83935546875, q_loss 1324.801513671875, v_loss 4.03778076171875 ,lr 0.00010000000000000002
INFO:root:epoch 4, Episode 386, total_loss: 785.0590209960938, q_loss 782.3668212890625, v_loss 2.6922149658203125 ,lr 0.00010000000000000002
INFO:root:epoch 4, Episode 387, total_loss: 1360.2857666015625, q_loss 1356.084716796875, v_loss 4.2010498046875 ,lr 0.00010000000000000002
INFO:root:epoch 4, Episode 388, total_loss: 1693.2742919921875, q_loss 1689.9569091796875, v_loss 3.3173370361328125 ,lr 0.00010000000000000002
INFO:root:epoch 4, Episode 389, total_loss: 1226.76708984375, q_loss 1224.0311279296875, v_loss 2.7359619140625 ,lr 0.00010000000000000002
INFO:root:epoch 4, Episode 390, total_loss: 1280.4378662109375, q_loss 1276.173583984375, v_loss 4.2643280029296875 ,lr 0.00010000000000000002
INFO:root:epoch 4, Episode 391, total_loss: 1418.3033447265625, q_loss 1408.6666259765625, v_loss 9.636749267578125 ,lr 0.00010000000000000002
INFO:root:epoch 4, Episode 392, total_loss: 1444.2945556640625, q_loss 1441.3221435546875, v_loss 2.9724273681640625 ,lr 0.00010000000000000002
INFO:root:epoch 4, Episode 393, total_loss: 900.311767578125, q_loss 896.0076293945312, v_loss 4.3041534423828125 ,lr 0.00010000000000000002
INFO:root:epoch 4, Episode 394, total_loss: 1058.497802734375, q_loss 1055.4710693359375, v_loss 3.026763916015625 ,lr 0.00010000000000000002
INFO:root:epoch 4, Episode 395, total_loss: 1362.6619873046875, q_loss 1359.7911376953125, v_loss 2.8708038330078125 ,lr 0.00010000000000000002
INFO:root:epoch 4, Episode 396, total_loss: 1227.545166015625, q_loss 1225.24609375, v_loss 2.299041748046875 ,lr 0.00010000000000000002
INFO:root:epoch 4, Episode 397, total_loss: 926.537353515625, q_loss 920.9652099609375, v_loss 5.5721588134765625 ,lr 0.00010000000000000002
INFO:root:epoch 4, Episode 398, total_loss: 3471.1650390625, q_loss 3467.3134765625, v_loss 3.8515625 ,lr 0.00010000000000000002
INFO:root:epoch 4, Episode 399, total_loss: 1071.5355224609375, q_loss 1068.603759765625, v_loss 2.931793212890625 ,lr 0.00010000000000000002
INFO:root:epoch 4, Episode 400, total_loss: 725.205810546875, q_loss 722.6381225585938, v_loss 2.567657470703125 ,lr 0.00010000000000000002
INFO:root:val_loss 616.217529296875
INFO:root:epoch 4, Episode 401, total_loss: 4575.68359375, q_loss 4530.4267578125, v_loss 45.256927490234375 ,lr 0.00010000000000000002
INFO:root:epoch 4, Episode 402, total_loss: 940.072021484375, q_loss 939.0584716796875, v_loss 1.013519287109375 ,lr 0.00010000000000000002
INFO:root:epoch 4, Episode 403, total_loss: 756.6616821289062, q_loss 754.3615112304688, v_loss 2.3001861572265625 ,lr 0.00010000000000000002
INFO:root:epoch 4, Episode 404, total_loss: 993.2711791992188, q_loss 987.6075439453125, v_loss 5.6636199951171875 ,lr 0.00010000000000000002
INFO:root:epoch 4, Episode 405, total_loss: 1505.4847412109375, q_loss 1491.9298095703125, v_loss 13.554962158203125 ,lr 0.00010000000000000002
INFO:root:epoch 4, Episode 406, total_loss: 3235.140625, q_loss 3232.421142578125, v_loss 2.719390869140625 ,lr 0.00010000000000000002
INFO:root:epoch 4, Episode 407, total_loss: 1080.1962890625, q_loss 1076.6064453125, v_loss 3.5898590087890625 ,lr 0.00010000000000000002
INFO:root:epoch 4, Episode 408, total_loss: 1464.4642333984375, q_loss 1457.1312255859375, v_loss 7.3329925537109375 ,lr 0.00010000000000000002
INFO:root:epoch 4, Episode 409, total_loss: 1496.9530029296875, q_loss 1494.3275146484375, v_loss 2.625518798828125 ,lr 0.00010000000000000002
INFO:root:epoch 4, Episode 410, total_loss: 1288.30859375, q_loss 1280.215087890625, v_loss 8.093551635742188 ,lr 0.00010000000000000002
INFO:root:epoch 4, Episode 411, total_loss: 1676.7275390625, q_loss 1670.4796142578125, v_loss 6.247955322265625 ,lr 0.00010000000000000002
INFO:root:epoch 4, Episode 412, total_loss: 2913.98388671875, q_loss 2895.4921875, v_loss 18.4918212890625 ,lr 0.00010000000000000002
INFO:root:epoch 4, Episode 413, total_loss: 1075.5718994140625, q_loss 1072.5380859375, v_loss 3.0337677001953125 ,lr 0.00010000000000000002
INFO:root:epoch 4, Episode 414, total_loss: 982.6048583984375, q_loss 979.6259155273438, v_loss 2.97894287109375 ,lr 0.00010000000000000002
INFO:root:epoch 4, Episode 415, total_loss: 1282.74658203125, q_loss 1278.2574462890625, v_loss 4.489166259765625 ,lr 0.00010000000000000002
INFO:root:epoch 4, Episode 416, total_loss: 1385.561767578125, q_loss 1382.6982421875, v_loss 2.863555908203125 ,lr 0.00010000000000000002
INFO:root:epoch 4, Episode 417, total_loss: 1304.473876953125, q_loss 1301.1519775390625, v_loss 3.321868896484375 ,lr 0.00010000000000000002
INFO:root:epoch 4, Episode 418, total_loss: 1330.929931640625, q_loss 1325.7440185546875, v_loss 5.1858673095703125 ,lr 0.00010000000000000002
INFO:root:epoch 4, Episode 419, total_loss: 1594.4127197265625, q_loss 1578.278076171875, v_loss 16.134689331054688 ,lr 0.00010000000000000002
INFO:root:epoch 4, Episode 420, total_loss: 1685.679443359375, q_loss 1671.919677734375, v_loss 13.759765625 ,lr 0.00010000000000000002
INFO:root:epoch 4, Episode 421, total_loss: 1222.42822265625, q_loss 1219.1446533203125, v_loss 3.2835540771484375 ,lr 0.00010000000000000002
INFO:root:epoch 4, Episode 422, total_loss: 1244.90185546875, q_loss 1241.2803955078125, v_loss 3.6214141845703125 ,lr 0.00010000000000000002
INFO:root:epoch 4, Episode 423, total_loss: 1362.1202392578125, q_loss 1356.521728515625, v_loss 5.5985107421875 ,lr 0.00010000000000000002
INFO:root:epoch 4, Episode 424, total_loss: 1161.3670654296875, q_loss 1158.5947265625, v_loss 2.772308349609375 ,lr 0.00010000000000000002
INFO:root:epoch 4, Episode 425, total_loss: 906.09912109375, q_loss 902.7880859375, v_loss 3.311004638671875 ,lr 0.00010000000000000002
INFO:root:epoch 4, Episode 426, total_loss: 1086.666015625, q_loss 1084.57421875, v_loss 2.091796875 ,lr 0.00010000000000000002
INFO:root:epoch 4, Episode 427, total_loss: 1172.5643310546875, q_loss 1170.2008056640625, v_loss 2.3634796142578125 ,lr 0.00010000000000000002
INFO:root:epoch 4, Episode 428, total_loss: 1090.709228515625, q_loss 1087.8564453125, v_loss 2.852783203125 ,lr 0.00010000000000000002
INFO:root:epoch 4, Episode 429, total_loss: 1278.7535400390625, q_loss 1273.991455078125, v_loss 4.7620697021484375 ,lr 0.00010000000000000002
INFO:root:epoch 4, Episode 430, total_loss: 1507.9554443359375, q_loss 1503.25634765625, v_loss 4.699066162109375 ,lr 0.00010000000000000002
INFO:root:epoch 4, Episode 431, total_loss: 1498.9930419921875, q_loss 1496.076171875, v_loss 2.9168701171875 ,lr 0.00010000000000000002
INFO:root:epoch 4, Episode 432, total_loss: 2994.193359375, q_loss 2963.4482421875, v_loss 30.745208740234375 ,lr 0.00010000000000000002
INFO:root:epoch 4, Episode 433, total_loss: 1022.549072265625, q_loss 1020.6110229492188, v_loss 1.938079833984375 ,lr 0.00010000000000000002
INFO:root:epoch 4, Episode 434, total_loss: 1003.9630126953125, q_loss 999.412841796875, v_loss 4.5501861572265625 ,lr 0.00010000000000000002
INFO:root:epoch 4, Episode 435, total_loss: 1253.5511474609375, q_loss 1250.14404296875, v_loss 3.407073974609375 ,lr 0.00010000000000000002
INFO:root:epoch 4, Episode 436, total_loss: 2968.931884765625, q_loss 2952.66650390625, v_loss 16.265472412109375 ,lr 0.00010000000000000002
INFO:root:epoch 4, Episode 437, total_loss: 2453.69091796875, q_loss 2449.556640625, v_loss 4.1341552734375 ,lr 0.00010000000000000002
INFO:root:epoch 4, Episode 438, total_loss: 1786.602783203125, q_loss 1778.61669921875, v_loss 7.986114501953125 ,lr 0.00010000000000000002
INFO:root:epoch 4, Episode 439, total_loss: 1408.3685302734375, q_loss 1405.6009521484375, v_loss 2.7675933837890625 ,lr 0.00010000000000000002
INFO:root:epoch 4, Episode 440, total_loss: 1422.29345703125, q_loss 1418.9407958984375, v_loss 3.3527069091796875 ,lr 0.00010000000000000002
INFO:root:epoch 4, Episode 441, total_loss: 1407.718505859375, q_loss 1403.8162841796875, v_loss 3.9021759033203125 ,lr 0.00010000000000000002
INFO:root:epoch 4, Episode 442, total_loss: 3601.90380859375, q_loss 3599.289794921875, v_loss 2.6141357421875 ,lr 0.00010000000000000002
INFO:root:epoch 4, Episode 443, total_loss: 1238.2767333984375, q_loss 1233.7755126953125, v_loss 4.5012664794921875 ,lr 0.00010000000000000002
INFO:root:epoch 4, Episode 444, total_loss: 1084.33642578125, q_loss 1081.3897705078125, v_loss 2.9466552734375 ,lr 0.00010000000000000002
INFO:root:epoch 4, Episode 445, total_loss: 1268.38330078125, q_loss 1262.0662841796875, v_loss 6.3170623779296875 ,lr 0.00010000000000000002
INFO:root:epoch 4, Episode 446, total_loss: 1811.9710693359375, q_loss 1806.294189453125, v_loss 5.6768798828125 ,lr 0.00010000000000000002
INFO:root:epoch 4, Episode 447, total_loss: 1079.169921875, q_loss 1077.1959228515625, v_loss 1.97406005859375 ,lr 0.00010000000000000002
INFO:root:epoch 4, Episode 448, total_loss: 1579.499267578125, q_loss 1573.15771484375, v_loss 6.3415069580078125 ,lr 0.00010000000000000002
INFO:root:epoch 4, Episode 449, total_loss: 1658.251953125, q_loss 1646.180419921875, v_loss 12.07159423828125 ,lr 0.00010000000000000002
INFO:root:epoch 4, Episode 450, total_loss: 1105.9915771484375, q_loss 1102.0758056640625, v_loss 3.915740966796875 ,lr 0.00010000000000000002
INFO:root:val_loss 637.7578125
INFO:root:epoch 4, Episode 451, total_loss: 1025.6038818359375, q_loss 1021.8694458007812, v_loss 3.7344818115234375 ,lr 0.00010000000000000002
INFO:root:epoch 4, Episode 452, total_loss: 2779.94189453125, q_loss 2770.82421875, v_loss 9.11761474609375 ,lr 0.00010000000000000002
INFO:root:epoch 4, Episode 453, total_loss: 987.6900634765625, q_loss 983.0890502929688, v_loss 4.6010284423828125 ,lr 0.00010000000000000002
INFO:root:epoch 4, Episode 454, total_loss: 1148.5203857421875, q_loss 1143.53173828125, v_loss 4.988677978515625 ,lr 0.00010000000000000002
INFO:root:epoch 4, Episode 455, total_loss: 1313.5147705078125, q_loss 1311.35546875, v_loss 2.159271240234375 ,lr 0.00010000000000000002
INFO:root:epoch 4, Episode 456, total_loss: 1215.634033203125, q_loss 1212.79443359375, v_loss 2.83953857421875 ,lr 0.00010000000000000002
INFO:root:epoch 4, Episode 457, total_loss: 3579.49462890625, q_loss 3576.42431640625, v_loss 3.0703887939453125 ,lr 0.00010000000000000002
INFO:root:epoch 4, Episode 458, total_loss: 1047.582763671875, q_loss 1045.0362548828125, v_loss 2.54656982421875 ,lr 0.00010000000000000002
INFO:root:epoch 4, Episode 459, total_loss: 1325.8924560546875, q_loss 1323.2672119140625, v_loss 2.625274658203125 ,lr 0.00010000000000000002
INFO:root:epoch 4, Episode 460, total_loss: 984.1815795898438, q_loss 981.4710693359375, v_loss 2.71051025390625 ,lr 0.00010000000000000002
INFO:root:epoch 4, Episode 461, total_loss: 1211.9383544921875, q_loss 1208.861083984375, v_loss 3.0773162841796875 ,lr 0.00010000000000000002
INFO:root:epoch 4, Episode 462, total_loss: 1401.281982421875, q_loss 1390.3238525390625, v_loss 10.958145141601562 ,lr 0.00010000000000000002
INFO:root:epoch 4, Episode 463, total_loss: 966.2977294921875, q_loss 963.4474487304688, v_loss 2.8502655029296875 ,lr 0.00010000000000000002
INFO:root:epoch 4, Episode 464, total_loss: 1056.3741455078125, q_loss 1053.241943359375, v_loss 3.1321868896484375 ,lr 0.00010000000000000002
INFO:root:epoch 4, Episode 465, total_loss: 1246.514404296875, q_loss 1242.3834228515625, v_loss 4.1310272216796875 ,lr 0.00010000000000000002
INFO:root:epoch 4, Episode 466, total_loss: 1532.847900390625, q_loss 1529.28271484375, v_loss 3.5652008056640625 ,lr 0.00010000000000000002
INFO:root:epoch 4, Episode 467, total_loss: 1463.505615234375, q_loss 1459.486572265625, v_loss 4.01910400390625 ,lr 0.00010000000000000002
INFO:root:epoch 4, Episode 468, total_loss: 1665.2291259765625, q_loss 1661.2611083984375, v_loss 3.9680328369140625 ,lr 0.00010000000000000002
INFO:root:epoch 4, Episode 469, total_loss: 1056.50341796875, q_loss 1053.5693359375, v_loss 2.93414306640625 ,lr 0.00010000000000000002
INFO:root:epoch 4, Episode 470, total_loss: 964.6708984375, q_loss 961.5835571289062, v_loss 3.0873260498046875 ,lr 0.00010000000000000002
INFO:root:epoch 4, Episode 471, total_loss: 1491.6251220703125, q_loss 1486.728759765625, v_loss 4.8963165283203125 ,lr 0.00010000000000000002
INFO:root:epoch 4, Episode 472, total_loss: 2744.963623046875, q_loss 2733.983642578125, v_loss 10.98004150390625 ,lr 0.00010000000000000002
INFO:root:epoch 4, Episode 473, total_loss: 1279.6513671875, q_loss 1275.44775390625, v_loss 4.20361328125 ,lr 0.00010000000000000002
INFO:root:epoch 4, Episode 474, total_loss: 1555.730224609375, q_loss 1548.026123046875, v_loss 7.704071044921875 ,lr 0.00010000000000000002
INFO:root:epoch 4, Episode 475, total_loss: 1250.323486328125, q_loss 1246.6593017578125, v_loss 3.66412353515625 ,lr 0.00010000000000000002
INFO:root:epoch 4, Episode 476, total_loss: 1286.7890625, q_loss 1280.181640625, v_loss 6.6074676513671875 ,lr 0.00010000000000000002
INFO:root:epoch 4, Episode 477, total_loss: 1358.0997314453125, q_loss 1354.9031982421875, v_loss 3.1964874267578125 ,lr 0.00010000000000000002
INFO:root:epoch 4, Episode 478, total_loss: 1784.0157470703125, q_loss 1776.97216796875, v_loss 7.043548583984375 ,lr 0.00010000000000000002
INFO:root:epoch 4, Episode 479, total_loss: 1416.1907958984375, q_loss 1410.6019287109375, v_loss 5.5889129638671875 ,lr 0.00010000000000000002
INFO:root:epoch 4, Episode 480, total_loss: 966.537841796875, q_loss 960.8201904296875, v_loss 5.7176513671875 ,lr 0.00010000000000000002
INFO:root:epoch 4, Episode 481, total_loss: 2188.88330078125, q_loss 2177.682373046875, v_loss 11.200942993164062 ,lr 0.00010000000000000002
INFO:root:epoch 4, Episode 482, total_loss: 1137.330810546875, q_loss 1129.2978515625, v_loss 8.032913208007812 ,lr 0.00010000000000000002
INFO:root:epoch 4, Episode 483, total_loss: 1434.239501953125, q_loss 1431.0068359375, v_loss 3.2326507568359375 ,lr 0.00010000000000000002
INFO:root:epoch 4, Episode 484, total_loss: 2174.275634765625, q_loss 2161.81640625, v_loss 12.459152221679688 ,lr 0.00010000000000000002
INFO:root:epoch 4, Episode 485, total_loss: 1037.8812255859375, q_loss 1031.4974365234375, v_loss 6.3838043212890625 ,lr 0.00010000000000000002
INFO:root:epoch 4, Episode 486, total_loss: 1403.41796875, q_loss 1400.0550537109375, v_loss 3.3629608154296875 ,lr 0.00010000000000000002
INFO:root:epoch 4, Episode 487, total_loss: 1283.7197265625, q_loss 1279.4217529296875, v_loss 4.2979736328125 ,lr 0.00010000000000000002
INFO:root:epoch 4, Episode 488, total_loss: 970.0487060546875, q_loss 967.4720458984375, v_loss 2.5766448974609375 ,lr 0.00010000000000000002
INFO:root:epoch 4, Episode 489, total_loss: 1270.301513671875, q_loss 1261.3763427734375, v_loss 8.92510986328125 ,lr 0.00010000000000000002
INFO:root:epoch 4, Episode 490, total_loss: 1924.92626953125, q_loss 1916.1375732421875, v_loss 8.78875732421875 ,lr 0.00010000000000000002
INFO:root:epoch 4, Episode 491, total_loss: 1045.7342529296875, q_loss 1034.4652099609375, v_loss 11.269088745117188 ,lr 0.00010000000000000002
INFO:root:epoch 4, Episode 492, total_loss: 1822.2952880859375, q_loss 1812.79443359375, v_loss 9.500885009765625 ,lr 0.00010000000000000002
INFO:root:epoch 4, Episode 493, total_loss: 1363.810791015625, q_loss 1360.3074951171875, v_loss 3.5033416748046875 ,lr 0.00010000000000000002
INFO:root:epoch 4, Episode 494, total_loss: 831.8745727539062, q_loss 828.0512084960938, v_loss 3.8233642578125 ,lr 0.00010000000000000002
INFO:root:epoch 4, Episode 495, total_loss: 1623.427001953125, q_loss 1620.06201171875, v_loss 3.364959716796875 ,lr 0.00010000000000000002
INFO:root:epoch 4, Episode 496, total_loss: 1764.75, q_loss 1752.2579345703125, v_loss 12.492080688476562 ,lr 0.00010000000000000002
INFO:root:epoch 4, Episode 497, total_loss: 2105.13818359375, q_loss 2101.328125, v_loss 3.8100738525390625 ,lr 0.00010000000000000002
INFO:root:epoch 4, Episode 498, total_loss: 1958.300537109375, q_loss 1941.729248046875, v_loss 16.5712890625 ,lr 0.00010000000000000002
INFO:root:epoch 4, Episode 499, total_loss: 1251.6502685546875, q_loss 1250.329833984375, v_loss 1.3204345703125 ,lr 0.00010000000000000002
