INFO:root:epoch 0, Episode 0, total_loss: 70561.7734375, q_loss 70315.4453125, v_loss 246.329833984375 ,lr 0.01
INFO:root:val_loss 12314434560.0
INFO:root:epoch 0, Episode 1, total_loss: 45395468.0, q_loss 45391416.0, v_loss 4052.53564453125 ,lr 0.01
INFO:root:epoch 0, Episode 2, total_loss: 1446859.5, q_loss 1445810.875, v_loss 1048.6729736328125 ,lr 0.01
INFO:root:epoch 0, Episode 3, total_loss: 1845332.125, q_loss 1845149.25, v_loss 182.87841796875 ,lr 0.01
INFO:root:epoch 0, Episode 4, total_loss: 171706464.0, q_loss 171693376.0, v_loss 13084.6396484375 ,lr 0.01
INFO:root:epoch 0, Episode 5, total_loss: 40069564.0, q_loss 40063476.0, v_loss 6088.13427734375 ,lr 0.01
INFO:root:epoch 0, Episode 6, total_loss: 858260.6875, q_loss 857323.8125, v_loss 936.8684692382812 ,lr 0.01
INFO:root:epoch 0, Episode 7, total_loss: 8220.1064453125, q_loss 8176.05126953125, v_loss 44.05511474609375 ,lr 0.01
INFO:root:epoch 0, Episode 8, total_loss: 1243.631591796875, q_loss 1223.7049560546875, v_loss 19.926589965820312 ,lr 0.01
INFO:root:epoch 0, Episode 9, total_loss: 2776.80322265625, q_loss 2768.876708984375, v_loss 7.9264912605285645 ,lr 0.01
INFO:root:epoch 0, Episode 10, total_loss: 192.82913208007812, q_loss 190.89175415039062, v_loss 1.9373785257339478 ,lr 0.01
INFO:root:val_loss 2675.415283203125
INFO:root:epoch 0, Episode 11, total_loss: 1726.3597412109375, q_loss 1716.6536865234375, v_loss 9.706098556518555 ,lr 0.01
INFO:root:epoch 0, Episode 12, total_loss: 518.1883544921875, q_loss 516.8001708984375, v_loss 1.3881555795669556 ,lr 0.01
INFO:root:epoch 0, Episode 13, total_loss: 444.0860290527344, q_loss 438.1236572265625, v_loss 5.962372779846191 ,lr 0.01
INFO:root:epoch 0, Episode 14, total_loss: 323.182861328125, q_loss 319.00299072265625, v_loss 4.179883003234863 ,lr 0.01
INFO:root:epoch 0, Episode 15, total_loss: 185.57028198242188, q_loss 183.2736358642578, v_loss 2.2966384887695312 ,lr 0.01
INFO:root:epoch 0, Episode 16, total_loss: 2549.7470703125, q_loss 2548.1689453125, v_loss 1.578147053718567 ,lr 0.01
INFO:root:epoch 0, Episode 17, total_loss: 561.3606567382812, q_loss 559.2130126953125, v_loss 2.1476221084594727 ,lr 0.01
INFO:root:epoch 0, Episode 18, total_loss: 543.1843872070312, q_loss 539.9888305664062, v_loss 3.195566177368164 ,lr 0.01
INFO:root:epoch 0, Episode 19, total_loss: 278.2228088378906, q_loss 276.9490051269531, v_loss 1.2738113403320312 ,lr 0.01
INFO:root:epoch 0, Episode 20, total_loss: 266.5305480957031, q_loss 264.30712890625, v_loss 2.2234082221984863 ,lr 0.01
INFO:root:val_loss 37.0872688293457
INFO:root:epoch 0, Episode 21, total_loss: 219.01890563964844, q_loss 217.40277099609375, v_loss 1.6161344051361084 ,lr 0.01
INFO:root:epoch 0, Episode 22, total_loss: 573.8875122070312, q_loss 569.4618530273438, v_loss 4.425653457641602 ,lr 0.01
INFO:root:epoch 0, Episode 23, total_loss: 472.13232421875, q_loss 469.46929931640625, v_loss 2.663020133972168 ,lr 0.01
INFO:root:epoch 0, Episode 24, total_loss: 393.1080322265625, q_loss 391.1286315917969, v_loss 1.9794028997421265 ,lr 0.01
INFO:root:epoch 0, Episode 25, total_loss: 1685.447021484375, q_loss 1684.2449951171875, v_loss 1.2020710706710815 ,lr 0.01
INFO:root:epoch 0, Episode 26, total_loss: 151.81849670410156, q_loss 150.6186981201172, v_loss 1.199794054031372 ,lr 0.01
INFO:root:epoch 0, Episode 27, total_loss: 364.7064208984375, q_loss 362.1365966796875, v_loss 2.5698139667510986 ,lr 0.01
INFO:root:epoch 0, Episode 28, total_loss: 168.38401794433594, q_loss 167.09423828125, v_loss 1.2897748947143555 ,lr 0.01
INFO:root:epoch 0, Episode 29, total_loss: 831.5047607421875, q_loss 830.3757934570312, v_loss 1.1289600133895874 ,lr 0.01
INFO:root:epoch 0, Episode 30, total_loss: 364.66827392578125, q_loss 361.999267578125, v_loss 2.6690104007720947 ,lr 0.01
INFO:root:val_loss 9.876516342163086
INFO:root:epoch 0, Episode 31, total_loss: 522.42236328125, q_loss 520.6922607421875, v_loss 1.7301299571990967 ,lr 0.01
INFO:root:epoch 0, Episode 32, total_loss: 203.9442901611328, q_loss 202.86048889160156, v_loss 1.083794355392456 ,lr 0.01
INFO:root:epoch 0, Episode 33, total_loss: 271.7676086425781, q_loss 270.6334228515625, v_loss 1.1341720819473267 ,lr 0.01
INFO:root:epoch 0, Episode 34, total_loss: 220.02731323242188, q_loss 218.86212158203125, v_loss 1.1651893854141235 ,lr 0.01
INFO:root:epoch 0, Episode 35, total_loss: 298.4444580078125, q_loss 297.2121276855469, v_loss 1.2323429584503174 ,lr 0.01
INFO:root:epoch 0, Episode 36, total_loss: 329.4969177246094, q_loss 328.38006591796875, v_loss 1.116848111152649 ,lr 0.01
INFO:root:epoch 0, Episode 37, total_loss: 857.9403076171875, q_loss 856.6962890625, v_loss 1.2439957857131958 ,lr 0.01
INFO:root:epoch 0, Episode 38, total_loss: 287.972900390625, q_loss 286.80816650390625, v_loss 1.164738655090332 ,lr 0.01
INFO:root:epoch 0, Episode 39, total_loss: 606.5790405273438, q_loss 605.5487670898438, v_loss 1.0302684307098389 ,lr 0.01
INFO:root:epoch 0, Episode 40, total_loss: 212.2877655029297, q_loss 211.18983459472656, v_loss 1.0979257822036743 ,lr 0.01
INFO:root:val_loss 7.4396843910217285
INFO:root:epoch 0, Episode 41, total_loss: 497.9776916503906, q_loss 496.9161682128906, v_loss 1.061510443687439 ,lr 0.01
INFO:root:epoch 0, Episode 42, total_loss: 4633.95361328125, q_loss 4633.421875, v_loss 0.531635046005249 ,lr 0.01
INFO:root:epoch 0, Episode 43, total_loss: 4880.7890625, q_loss 4878.40625, v_loss 2.3829472064971924 ,lr 0.01
INFO:root:epoch 0, Episode 44, total_loss: 220.5628662109375, q_loss 219.5211944580078, v_loss 1.0416710376739502 ,lr 0.01
INFO:root:epoch 0, Episode 45, total_loss: 690.8953247070312, q_loss 689.5635986328125, v_loss 1.3317320346832275 ,lr 0.01
INFO:root:epoch 0, Episode 46, total_loss: 373.7372131347656, q_loss 372.613525390625, v_loss 1.123687982559204 ,lr 0.01
INFO:root:epoch 0, Episode 47, total_loss: 313.4036560058594, q_loss 311.8232727050781, v_loss 1.580396294593811 ,lr 0.01
INFO:root:epoch 0, Episode 48, total_loss: 546.4758911132812, q_loss 545.3992919921875, v_loss 1.076585292816162 ,lr 0.01
INFO:root:epoch 0, Episode 49, total_loss: 222.09962463378906, q_loss 220.9949493408203, v_loss 1.104677677154541 ,lr 0.01
INFO:root:epoch 0, Episode 50, total_loss: 1536.466796875, q_loss 1535.4298095703125, v_loss 1.0370335578918457 ,lr 0.01
INFO:root:val_loss 1990.6080322265625
INFO:root:epoch 0, Episode 51, total_loss: 341.91851806640625, q_loss 340.8426818847656, v_loss 1.0758275985717773 ,lr 0.01
INFO:root:epoch 0, Episode 52, total_loss: 571.8157348632812, q_loss 570.7677001953125, v_loss 1.0480599403381348 ,lr 0.01
INFO:root:epoch 0, Episode 53, total_loss: 301.4524230957031, q_loss 300.3709716796875, v_loss 1.081451654434204 ,lr 0.01
INFO:root:epoch 0, Episode 54, total_loss: 680.6673583984375, q_loss 679.5574340820312, v_loss 1.1099474430084229 ,lr 0.01
INFO:root:epoch 0, Episode 55, total_loss: 381.0964660644531, q_loss 379.9973449707031, v_loss 1.0991171598434448 ,lr 0.01
INFO:root:epoch 0, Episode 56, total_loss: 682.46533203125, q_loss 681.3401489257812, v_loss 1.125156283378601 ,lr 0.01
INFO:root:epoch 0, Episode 57, total_loss: 1267.059326171875, q_loss 1265.932373046875, v_loss 1.126980185508728 ,lr 0.01
INFO:root:epoch 0, Episode 58, total_loss: 413.224365234375, q_loss 412.10443115234375, v_loss 1.1199331283569336 ,lr 0.01
INFO:root:epoch 0, Episode 59, total_loss: 308.32598876953125, q_loss 307.20281982421875, v_loss 1.1231552362442017 ,lr 0.01
INFO:root:epoch 0, Episode 60, total_loss: 304.1566162109375, q_loss 303.0411071777344, v_loss 1.1155120134353638 ,lr 0.01
INFO:root:val_loss 1810.5836181640625
INFO:root:epoch 0, Episode 61, total_loss: 171.91261291503906, q_loss 170.79632568359375, v_loss 1.1162859201431274 ,lr 0.01
INFO:root:epoch 0, Episode 62, total_loss: 1448.229736328125, q_loss 1447.1026611328125, v_loss 1.1270455121994019 ,lr 0.01
INFO:root:epoch 0, Episode 63, total_loss: 142.53062438964844, q_loss 141.32354736328125, v_loss 1.2070708274841309 ,lr 0.01
INFO:root:epoch 0, Episode 64, total_loss: 328.5520935058594, q_loss 327.4048156738281, v_loss 1.1472783088684082 ,lr 0.01
INFO:root:epoch 0, Episode 65, total_loss: 376.8432312011719, q_loss 375.54229736328125, v_loss 1.3009226322174072 ,lr 0.01
INFO:root:epoch 0, Episode 66, total_loss: 1271.0701904296875, q_loss 1269.92919921875, v_loss 1.1409786939620972 ,lr 0.01
INFO:root:epoch 0, Episode 67, total_loss: 237.267822265625, q_loss 236.06011962890625, v_loss 1.2077052593231201 ,lr 0.01
INFO:root:epoch 0, Episode 68, total_loss: 844.7943115234375, q_loss 843.6654052734375, v_loss 1.1288796663284302 ,lr 0.01
INFO:root:epoch 0, Episode 69, total_loss: 532.86865234375, q_loss 531.7701416015625, v_loss 1.0984830856323242 ,lr 0.01
INFO:root:epoch 0, Episode 70, total_loss: 1269.503173828125, q_loss 1267.9591064453125, v_loss 1.5441105365753174 ,lr 0.01
INFO:root:val_loss 72.76607513427734
INFO:root:epoch 0, Episode 71, total_loss: 731.680908203125, q_loss 730.5531616210938, v_loss 1.127748727798462 ,lr 0.01
INFO:root:epoch 0, Episode 72, total_loss: 390.93121337890625, q_loss 389.6374816894531, v_loss 1.2937289476394653 ,lr 0.01
INFO:root:epoch 0, Episode 73, total_loss: 624.9500732421875, q_loss 623.8240966796875, v_loss 1.1259725093841553 ,lr 0.01
INFO:root:epoch 0, Episode 74, total_loss: 369.3454895019531, q_loss 368.2204284667969, v_loss 1.1250734329223633 ,lr 0.01
INFO:root:epoch 0, Episode 75, total_loss: 1443.965087890625, q_loss 1442.8438720703125, v_loss 1.1212546825408936 ,lr 0.01
INFO:root:epoch 0, Episode 76, total_loss: 227.389404296875, q_loss 226.23133850097656, v_loss 1.1580661535263062 ,lr 0.01
INFO:root:epoch 0, Episode 77, total_loss: 862.3218994140625, q_loss 861.2011108398438, v_loss 1.1207901239395142 ,lr 0.01
INFO:root:epoch 0, Episode 78, total_loss: 380.3418273925781, q_loss 379.1846618652344, v_loss 1.1571707725524902 ,lr 0.01
INFO:root:epoch 0, Episode 79, total_loss: 243.8937225341797, q_loss 242.77377319335938, v_loss 1.1199533939361572 ,lr 0.01
INFO:root:epoch 0, Episode 80, total_loss: 1138.37109375, q_loss 1137.0123291015625, v_loss 1.3587687015533447 ,lr 0.01
INFO:root:val_loss 9.972150802612305
INFO:root:epoch 0, Episode 81, total_loss: 398.3432922363281, q_loss 397.220458984375, v_loss 1.122823715209961 ,lr 0.01
INFO:root:epoch 0, Episode 82, total_loss: 310.0975036621094, q_loss 308.9235534667969, v_loss 1.1739468574523926 ,lr 0.01
INFO:root:epoch 0, Episode 83, total_loss: 657.2395629882812, q_loss 655.9144287109375, v_loss 1.3251595497131348 ,lr 0.01
INFO:root:epoch 0, Episode 84, total_loss: 325.9398498535156, q_loss 324.82171630859375, v_loss 1.118148684501648 ,lr 0.01
INFO:root:epoch 0, Episode 85, total_loss: 1276.2423095703125, q_loss 1275.458740234375, v_loss 0.7836260795593262 ,lr 0.01
INFO:root:epoch 0, Episode 86, total_loss: 539.8452758789062, q_loss 538.6825561523438, v_loss 1.1627132892608643 ,lr 0.01
INFO:root:epoch 0, Episode 87, total_loss: 240.5694580078125, q_loss 239.44027709960938, v_loss 1.1291859149932861 ,lr 0.01
INFO:root:epoch 0, Episode 88, total_loss: 171.52996826171875, q_loss 170.4181365966797, v_loss 1.111838459968567 ,lr 0.01
INFO:root:epoch 0, Episode 89, total_loss: 638.7509765625, q_loss 637.6436157226562, v_loss 1.1073639392852783 ,lr 0.01
INFO:root:epoch 0, Episode 90, total_loss: 157.5102996826172, q_loss 156.40093994140625, v_loss 1.109357476234436 ,lr 0.01
INFO:root:val_loss 65.12479400634766
INFO:root:epoch 0, Episode 91, total_loss: 230.45126342773438, q_loss 229.34364318847656, v_loss 1.1076197624206543 ,lr 0.01
INFO:root:epoch 0, Episode 92, total_loss: 136.28846740722656, q_loss 135.1912841796875, v_loss 1.0971810817718506 ,lr 0.01
INFO:root:epoch 0, Episode 93, total_loss: 308.9213562011719, q_loss 307.8553771972656, v_loss 1.0659900903701782 ,lr 0.01
INFO:root:epoch 0, Episode 94, total_loss: 1683.640380859375, q_loss 1682.58740234375, v_loss 1.0529743432998657 ,lr 0.01
INFO:root:epoch 0, Episode 95, total_loss: 487.4617919921875, q_loss 486.3943176269531, v_loss 1.0674880743026733 ,lr 0.01
INFO:root:epoch 0, Episode 96, total_loss: 598.4696655273438, q_loss 597.3694458007812, v_loss 1.1002311706542969 ,lr 0.01
INFO:root:epoch 0, Episode 97, total_loss: 2674.014892578125, q_loss 2672.13134765625, v_loss 1.88351571559906 ,lr 0.01
INFO:root:epoch 0, Episode 98, total_loss: 361.1978759765625, q_loss 360.1087646484375, v_loss 1.089118480682373 ,lr 0.01
INFO:root:epoch 0, Episode 99, total_loss: 571.4987182617188, q_loss 570.3665771484375, v_loss 1.1321548223495483 ,lr 0.01
INFO:root:epoch 0, Episode 100, total_loss: 251.37132263183594, q_loss 250.25790405273438, v_loss 1.1134169101715088 ,lr 0.01
INFO:root:val_loss 9.271045684814453
INFO:root:epoch 0, Episode 101, total_loss: 308.4197998046875, q_loss 307.2983093261719, v_loss 1.1214781999588013 ,lr 0.01
INFO:root:epoch 0, Episode 102, total_loss: 1679.6484375, q_loss 1678.5335693359375, v_loss 1.1148303747177124 ,lr 0.01
INFO:root:epoch 0, Episode 103, total_loss: 356.5984802246094, q_loss 355.4775085449219, v_loss 1.1209615468978882 ,lr 0.01
INFO:root:epoch 0, Episode 104, total_loss: 2519.829345703125, q_loss 2518.70068359375, v_loss 1.1286498308181763 ,lr 0.01
INFO:root:epoch 0, Episode 105, total_loss: 217.2383270263672, q_loss 216.11727905273438, v_loss 1.1210490465164185 ,lr 0.01
INFO:root:epoch 0, Episode 106, total_loss: 489.3093566894531, q_loss 488.1938781738281, v_loss 1.1154816150665283 ,lr 0.01
INFO:root:epoch 0, Episode 107, total_loss: 409.5024719238281, q_loss 408.3783874511719, v_loss 1.1240789890289307 ,lr 0.01
INFO:root:epoch 0, Episode 108, total_loss: 1396.8319091796875, q_loss 1395.7177734375, v_loss 1.1141281127929688 ,lr 0.01
INFO:root:epoch 0, Episode 109, total_loss: 467.58306884765625, q_loss 466.46990966796875, v_loss 1.113154649734497 ,lr 0.01
INFO:root:epoch 0, Episode 110, total_loss: 846.3231201171875, q_loss 845.1981811523438, v_loss 1.1249659061431885 ,lr 0.01
INFO:root:val_loss 5.765364170074463
INFO:root:epoch 0, Episode 111, total_loss: 1336.8388671875, q_loss 1335.7236328125, v_loss 1.115258812904358 ,lr 0.01
INFO:root:epoch 0, Episode 112, total_loss: 231.4191131591797, q_loss 230.30409240722656, v_loss 1.1150269508361816 ,lr 0.01
INFO:root:epoch 0, Episode 113, total_loss: 145.38526916503906, q_loss 144.2688446044922, v_loss 1.1164251565933228 ,lr 0.01
INFO:root:epoch 0, Episode 114, total_loss: 571.1173095703125, q_loss 570.0093383789062, v_loss 1.1079580783843994 ,lr 0.01
INFO:root:epoch 0, Episode 115, total_loss: 242.203125, q_loss 241.0902557373047, v_loss 1.1128638982772827 ,lr 0.01
INFO:root:epoch 0, Episode 116, total_loss: 145.59657287597656, q_loss 144.4825439453125, v_loss 1.1140245199203491 ,lr 0.01
INFO:root:epoch 0, Episode 117, total_loss: 449.3551940917969, q_loss 448.2371520996094, v_loss 1.1180475950241089 ,lr 0.01
INFO:root:epoch 0, Episode 118, total_loss: 337.6985778808594, q_loss 336.5841064453125, v_loss 1.114476203918457 ,lr 0.01
INFO:root:epoch 0, Episode 119, total_loss: 146.68292236328125, q_loss 145.56785583496094, v_loss 1.115059733390808 ,lr 0.01
INFO:root:epoch 0, Episode 120, total_loss: 318.22662353515625, q_loss 317.11663818359375, v_loss 1.1099720001220703 ,lr 0.01
INFO:root:val_loss 9.224177360534668
INFO:root:epoch 0, Episode 121, total_loss: 213.52188110351562, q_loss 212.41184997558594, v_loss 1.1100279092788696 ,lr 0.01
INFO:root:epoch 0, Episode 122, total_loss: 147.08499145507812, q_loss 145.97640991210938, v_loss 1.1085880994796753 ,lr 0.01
INFO:root:epoch 0, Episode 123, total_loss: 370.926025390625, q_loss 369.81829833984375, v_loss 1.1077274084091187 ,lr 0.01
INFO:root:epoch 0, Episode 124, total_loss: 513.3771362304688, q_loss 512.2716674804688, v_loss 1.105493426322937 ,lr 0.01
INFO:root:epoch 0, Episode 125, total_loss: 159.05137634277344, q_loss 157.942626953125, v_loss 1.1087441444396973 ,lr 0.01
INFO:root:epoch 0, Episode 126, total_loss: 268.2294616699219, q_loss 267.1169738769531, v_loss 1.1124839782714844 ,lr 0.01
INFO:root:epoch 0, Episode 127, total_loss: 1440.3236083984375, q_loss 1439.2139892578125, v_loss 1.1095694303512573 ,lr 0.01
INFO:root:epoch 0, Episode 128, total_loss: 307.2983703613281, q_loss 306.19122314453125, v_loss 1.107148289680481 ,lr 0.01
INFO:root:epoch 0, Episode 129, total_loss: 568.659423828125, q_loss 567.5515747070312, v_loss 1.1078447103500366 ,lr 0.01
INFO:root:epoch 0, Episode 130, total_loss: 198.32025146484375, q_loss 197.2147979736328, v_loss 1.1054598093032837 ,lr 0.01
INFO:root:val_loss 542.2807006835938
INFO:root:epoch 0, Episode 131, total_loss: 274.6847839355469, q_loss 273.58294677734375, v_loss 1.1018284559249878 ,lr 0.01
INFO:root:epoch 0, Episode 132, total_loss: 414.6702880859375, q_loss 413.56396484375, v_loss 1.1063252687454224 ,lr 0.01
INFO:root:epoch 0, Episode 133, total_loss: 1012.28564453125, q_loss 1011.1812744140625, v_loss 1.104365587234497 ,lr 0.01
INFO:root:epoch 0, Episode 134, total_loss: 230.16224670410156, q_loss 229.062744140625, v_loss 1.0995091199874878 ,lr 0.01
INFO:root:epoch 0, Episode 135, total_loss: 229.3186492919922, q_loss 228.22654724121094, v_loss 1.0920945405960083 ,lr 0.01
INFO:root:epoch 0, Episode 136, total_loss: 1483.2908935546875, q_loss 1482.1893310546875, v_loss 1.1015623807907104 ,lr 0.01
INFO:root:epoch 0, Episode 137, total_loss: 324.2083435058594, q_loss 323.1072998046875, v_loss 1.1010483503341675 ,lr 0.01
INFO:root:epoch 0, Episode 138, total_loss: 333.1934814453125, q_loss 332.093017578125, v_loss 1.100454330444336 ,lr 0.01
INFO:root:epoch 0, Episode 139, total_loss: 170.9228973388672, q_loss 169.8192138671875, v_loss 1.1036856174468994 ,lr 0.01
INFO:root:epoch 0, Episode 140, total_loss: 909.4664916992188, q_loss 908.3643188476562, v_loss 1.1021983623504639 ,lr 0.01
INFO:root:val_loss 6.599271297454834
INFO:root:epoch 0, Episode 141, total_loss: 145.32081604003906, q_loss 144.22035217285156, v_loss 1.1004661321640015 ,lr 0.01
INFO:root:epoch 0, Episode 142, total_loss: 429.2457580566406, q_loss 428.1447448730469, v_loss 1.101006269454956 ,lr 0.01
INFO:root:epoch 0, Episode 143, total_loss: 1675.659423828125, q_loss 1674.56103515625, v_loss 1.0983397960662842 ,lr 0.01
INFO:root:epoch 0, Episode 144, total_loss: 1685.3746337890625, q_loss 1684.26171875, v_loss 1.1128895282745361 ,lr 0.01
INFO:root:epoch 0, Episode 145, total_loss: 137.96658325195312, q_loss 136.86607360839844, v_loss 1.100515365600586 ,lr 0.01
INFO:root:epoch 0, Episode 146, total_loss: 346.1585693359375, q_loss 345.03668212890625, v_loss 1.1218907833099365 ,lr 0.01
INFO:root:epoch 0, Episode 147, total_loss: 565.7124633789062, q_loss 564.6064453125, v_loss 1.1059941053390503 ,lr 0.01
INFO:root:epoch 0, Episode 148, total_loss: 237.5619354248047, q_loss 236.456298828125, v_loss 1.1056426763534546 ,lr 0.01
INFO:root:epoch 0, Episode 149, total_loss: 113.87091827392578, q_loss 112.76795959472656, v_loss 1.102960228919983 ,lr 0.01
INFO:root:epoch 0, Episode 150, total_loss: 639.006103515625, q_loss 637.9035034179688, v_loss 1.1025949716567993 ,lr 0.01
INFO:root:val_loss 91.10325622558594
INFO:root:epoch 0, Episode 151, total_loss: 467.4103088378906, q_loss 466.30633544921875, v_loss 1.103968620300293 ,lr 0.01
INFO:root:epoch 0, Episode 152, total_loss: 149.3634490966797, q_loss 148.2598419189453, v_loss 1.1035997867584229 ,lr 0.01
INFO:root:epoch 0, Episode 153, total_loss: 399.4315185546875, q_loss 398.3241271972656, v_loss 1.1073870658874512 ,lr 0.01
INFO:root:epoch 0, Episode 154, total_loss: 568.541015625, q_loss 567.4430541992188, v_loss 1.0979349613189697 ,lr 0.01
INFO:root:epoch 0, Episode 155, total_loss: 924.1498413085938, q_loss 923.0441284179688, v_loss 1.1056928634643555 ,lr 0.01
INFO:root:epoch 0, Episode 156, total_loss: 1398.6009521484375, q_loss 1397.494873046875, v_loss 1.106081485748291 ,lr 0.01
INFO:root:epoch 0, Episode 157, total_loss: 196.9036407470703, q_loss 195.79937744140625, v_loss 1.1042686700820923 ,lr 0.01
INFO:root:epoch 0, Episode 158, total_loss: 119.11492919921875, q_loss 118.00942993164062, v_loss 1.1054991483688354 ,lr 0.01
INFO:root:epoch 0, Episode 159, total_loss: 416.0389709472656, q_loss 414.93023681640625, v_loss 1.1087366342544556 ,lr 0.01
INFO:root:epoch 0, Episode 160, total_loss: 251.42138671875, q_loss 250.3154296875, v_loss 1.1059521436691284 ,lr 0.01
INFO:root:val_loss 7.269800186157227
INFO:root:epoch 0, Episode 161, total_loss: 288.8994445800781, q_loss 287.7928466796875, v_loss 1.1066093444824219 ,lr 0.01
INFO:root:epoch 0, Episode 162, total_loss: 245.32398986816406, q_loss 244.21600341796875, v_loss 1.1079803705215454 ,lr 0.01
INFO:root:epoch 0, Episode 163, total_loss: 428.2738952636719, q_loss 427.1673583984375, v_loss 1.106541633605957 ,lr 0.01
INFO:root:epoch 0, Episode 164, total_loss: 255.80628967285156, q_loss 254.6982879638672, v_loss 1.1080073118209839 ,lr 0.01
INFO:root:epoch 0, Episode 165, total_loss: 284.36468505859375, q_loss 283.25775146484375, v_loss 1.1069375276565552 ,lr 0.01
INFO:root:epoch 0, Episode 166, total_loss: 430.3069763183594, q_loss 429.20068359375, v_loss 1.1063004732131958 ,lr 0.01
INFO:root:epoch 0, Episode 167, total_loss: 1082.29833984375, q_loss 1081.19189453125, v_loss 1.1064338684082031 ,lr 0.01
INFO:root:epoch 0, Episode 168, total_loss: 1130.31640625, q_loss 1129.2183837890625, v_loss 1.0980461835861206 ,lr 0.01
INFO:root:epoch 0, Episode 169, total_loss: 205.8267059326172, q_loss 204.7205810546875, v_loss 1.1061209440231323 ,lr 0.01
INFO:root:epoch 0, Episode 170, total_loss: 1067.74609375, q_loss 1066.6397705078125, v_loss 1.1062681674957275 ,lr 0.01
INFO:root:val_loss 7.7519073486328125
INFO:root:epoch 0, Episode 171, total_loss: 398.021240234375, q_loss 396.915771484375, v_loss 1.1054680347442627 ,lr 0.01
INFO:root:epoch 0, Episode 172, total_loss: 335.5026550292969, q_loss 334.39776611328125, v_loss 1.1049007177352905 ,lr 0.01
INFO:root:epoch 0, Episode 173, total_loss: 273.67669677734375, q_loss 272.5726623535156, v_loss 1.104040265083313 ,lr 0.01
INFO:root:epoch 0, Episode 174, total_loss: 195.02764892578125, q_loss 193.92282104492188, v_loss 1.1048287153244019 ,lr 0.01
INFO:root:epoch 0, Episode 175, total_loss: 680.9679565429688, q_loss 679.8654174804688, v_loss 1.1025339365005493 ,lr 0.01
INFO:root:epoch 0, Episode 176, total_loss: 198.37429809570312, q_loss 197.27227783203125, v_loss 1.1020185947418213 ,lr 0.01
INFO:root:epoch 0, Episode 177, total_loss: 926.1062622070312, q_loss 924.9987182617188, v_loss 1.107516884803772 ,lr 0.01
INFO:root:epoch 0, Episode 178, total_loss: 540.14794921875, q_loss 539.0325317382812, v_loss 1.1154320240020752 ,lr 0.01
INFO:root:epoch 0, Episode 179, total_loss: 268.34197998046875, q_loss 267.2362060546875, v_loss 1.1057754755020142 ,lr 0.01
INFO:root:epoch 0, Episode 180, total_loss: 183.49465942382812, q_loss 182.38844299316406, v_loss 1.1062111854553223 ,lr 0.01
INFO:root:val_loss 6.029707908630371
INFO:root:epoch 0, Episode 181, total_loss: 3344.58251953125, q_loss 3343.47705078125, v_loss 1.1054884195327759 ,lr 0.01
INFO:root:epoch 0, Episode 182, total_loss: 637.67822265625, q_loss 636.5717163085938, v_loss 1.1064882278442383 ,lr 0.01
INFO:root:epoch 0, Episode 183, total_loss: 1263.6273193359375, q_loss 1262.5159912109375, v_loss 1.1113548278808594 ,lr 0.01
INFO:root:epoch 0, Episode 184, total_loss: 316.3456726074219, q_loss 315.2403564453125, v_loss 1.1053122282028198 ,lr 0.01
INFO:root:epoch 0, Episode 185, total_loss: 564.0341796875, q_loss 562.9385375976562, v_loss 1.095658302307129 ,lr 0.01
INFO:root:epoch 0, Episode 186, total_loss: 281.87640380859375, q_loss 280.7735900878906, v_loss 1.102824330329895 ,lr 0.01
INFO:root:epoch 0, Episode 187, total_loss: 269.1929626464844, q_loss 268.0916442871094, v_loss 1.1013176441192627 ,lr 0.01
INFO:root:epoch 0, Episode 188, total_loss: 132.49806213378906, q_loss 131.39541625976562, v_loss 1.1026499271392822 ,lr 0.01
INFO:root:epoch 0, Episode 189, total_loss: 1121.808349609375, q_loss 1120.7093505859375, v_loss 1.0989465713500977 ,lr 0.01
INFO:root:epoch 0, Episode 190, total_loss: 979.151611328125, q_loss 978.051513671875, v_loss 1.1000922918319702 ,lr 0.01
INFO:root:val_loss 64.4612045288086
INFO:root:epoch 0, Episode 191, total_loss: 222.5474395751953, q_loss 221.44625854492188, v_loss 1.1011781692504883 ,lr 0.01
INFO:root:epoch 0, Episode 192, total_loss: 490.2181396484375, q_loss 489.1194152832031, v_loss 1.098717212677002 ,lr 0.01
INFO:root:epoch 0, Episode 193, total_loss: 284.1905212402344, q_loss 283.09063720703125, v_loss 1.0998694896697998 ,lr 0.01
INFO:root:epoch 0, Episode 194, total_loss: 385.6130065917969, q_loss 384.51324462890625, v_loss 1.0997756719589233 ,lr 0.01
INFO:root:epoch 0, Episode 195, total_loss: 251.13540649414062, q_loss 250.03216552734375, v_loss 1.1032432317733765 ,lr 0.01
INFO:root:epoch 0, Episode 196, total_loss: 416.0172119140625, q_loss 414.91363525390625, v_loss 1.103572964668274 ,lr 0.01
INFO:root:epoch 0, Episode 197, total_loss: 1265.7335205078125, q_loss 1264.6279296875, v_loss 1.1056418418884277 ,lr 0.01
INFO:root:epoch 0, Episode 198, total_loss: 349.1576232910156, q_loss 348.0547790527344, v_loss 1.102859377861023 ,lr 0.01
INFO:root:epoch 0, Episode 199, total_loss: 536.66357421875, q_loss 535.56640625, v_loss 1.097188949584961 ,lr 0.01
INFO:root:epoch 0, Episode 200, total_loss: 400.9567565917969, q_loss 399.8529052734375, v_loss 1.1038588285446167 ,lr 0.01
INFO:root:val_loss 1133.2001953125
INFO:root:epoch 0, Episode 201, total_loss: 5003.72607421875, q_loss 5002.6318359375, v_loss 1.0940444469451904 ,lr 0.01
INFO:root:epoch 0, Episode 202, total_loss: 258.61456298828125, q_loss 257.5161437988281, v_loss 1.0984132289886475 ,lr 0.01
INFO:root:epoch 0, Episode 203, total_loss: 335.7724914550781, q_loss 334.67303466796875, v_loss 1.0994658470153809 ,lr 0.01
INFO:root:epoch 0, Episode 204, total_loss: 354.44940185546875, q_loss 353.3471984863281, v_loss 1.1021902561187744 ,lr 0.01
INFO:root:epoch 0, Episode 205, total_loss: 1017.974853515625, q_loss 1016.86376953125, v_loss 1.111067533493042 ,lr 0.01
INFO:root:epoch 0, Episode 206, total_loss: 604.3102416992188, q_loss 603.208251953125, v_loss 1.1019619703292847 ,lr 0.01
INFO:root:epoch 0, Episode 207, total_loss: 357.7169494628906, q_loss 356.61810302734375, v_loss 1.0988343954086304 ,lr 0.01
INFO:root:epoch 0, Episode 208, total_loss: 849.5186767578125, q_loss 848.4103393554688, v_loss 1.1083221435546875 ,lr 0.01
INFO:root:epoch 0, Episode 209, total_loss: 210.2393035888672, q_loss 209.13722229003906, v_loss 1.1020759344100952 ,lr 0.01
INFO:root:epoch 0, Episode 210, total_loss: 686.2720336914062, q_loss 685.1615600585938, v_loss 1.1104625463485718 ,lr 0.01
INFO:root:val_loss 9.488866806030273
INFO:root:epoch 0, Episode 211, total_loss: 540.9605712890625, q_loss 539.856201171875, v_loss 1.104352593421936 ,lr 0.01
INFO:root:epoch 0, Episode 212, total_loss: 372.2562255859375, q_loss 371.15350341796875, v_loss 1.1027203798294067 ,lr 0.01
INFO:root:epoch 0, Episode 213, total_loss: 1122.1112060546875, q_loss 1121.008056640625, v_loss 1.1031825542449951 ,lr 0.01
INFO:root:epoch 0, Episode 214, total_loss: 355.68035888671875, q_loss 354.57794189453125, v_loss 1.1024017333984375 ,lr 0.01
INFO:root:epoch 0, Episode 215, total_loss: 681.0128173828125, q_loss 679.909423828125, v_loss 1.1033843755722046 ,lr 0.01
INFO:root:epoch 0, Episode 216, total_loss: 415.1752014160156, q_loss 414.0721130371094, v_loss 1.1030949354171753 ,lr 0.01
INFO:root:epoch 0, Episode 217, total_loss: 217.69198608398438, q_loss 216.59173583984375, v_loss 1.1002497673034668 ,lr 0.01
INFO:root:epoch 0, Episode 218, total_loss: 257.927734375, q_loss 256.8196105957031, v_loss 1.1081092357635498 ,lr 0.01
INFO:root:epoch 0, Episode 219, total_loss: 264.6017761230469, q_loss 263.499755859375, v_loss 1.1020139455795288 ,lr 0.01
INFO:root:epoch 0, Episode 220, total_loss: 1440.0616455078125, q_loss 1438.9603271484375, v_loss 1.1013476848602295 ,lr 0.01
INFO:root:val_loss 63.715911865234375
INFO:root:epoch 0, Episode 221, total_loss: 2013.4599609375, q_loss 2012.3565673828125, v_loss 1.1034291982650757 ,lr 0.01
INFO:root:epoch 0, Episode 222, total_loss: 1207.753173828125, q_loss 1206.6497802734375, v_loss 1.103438377380371 ,lr 0.01
INFO:root:epoch 0, Episode 223, total_loss: 370.14556884765625, q_loss 369.0411071777344, v_loss 1.1044528484344482 ,lr 0.01
INFO:root:epoch 0, Episode 224, total_loss: 245.61907958984375, q_loss 244.5143585205078, v_loss 1.1047271490097046 ,lr 0.01
INFO:root:epoch 0, Episode 225, total_loss: 537.1998901367188, q_loss 536.0949096679688, v_loss 1.105008840560913 ,lr 0.01
INFO:root:epoch 0, Episode 226, total_loss: 235.840576171875, q_loss 234.73646545410156, v_loss 1.1041128635406494 ,lr 0.01
INFO:root:epoch 0, Episode 227, total_loss: 2510.120849609375, q_loss 2509.015625, v_loss 1.1052894592285156 ,lr 0.01
INFO:root:epoch 0, Episode 228, total_loss: 1319.719970703125, q_loss 1318.616455078125, v_loss 1.1035704612731934 ,lr 0.01
INFO:root:epoch 0, Episode 229, total_loss: 299.57916259765625, q_loss 298.47613525390625, v_loss 1.103027105331421 ,lr 0.01
INFO:root:epoch 0, Episode 230, total_loss: 2514.871826171875, q_loss 2513.770263671875, v_loss 1.1015704870224 ,lr 0.01
INFO:root:val_loss 2295.370849609375
INFO:root:epoch 0, Episode 231, total_loss: 1679.4630126953125, q_loss 1678.3651123046875, v_loss 1.097925066947937 ,lr 0.01
INFO:root:epoch 0, Episode 232, total_loss: 277.23876953125, q_loss 276.136962890625, v_loss 1.1017948389053345 ,lr 0.01
INFO:root:epoch 0, Episode 233, total_loss: 230.18954467773438, q_loss 229.0889129638672, v_loss 1.1006382703781128 ,lr 0.01
INFO:root:epoch 0, Episode 234, total_loss: 315.729736328125, q_loss 314.6280212402344, v_loss 1.101712703704834 ,lr 0.01
INFO:root:epoch 0, Episode 235, total_loss: 1445.557373046875, q_loss 1444.4561767578125, v_loss 1.101189136505127 ,lr 0.01
INFO:root:epoch 0, Episode 236, total_loss: 174.57595825195312, q_loss 173.47341918945312, v_loss 1.102543592453003 ,lr 0.01
INFO:root:epoch 0, Episode 237, total_loss: 1443.0028076171875, q_loss 1441.898193359375, v_loss 1.1046315431594849 ,lr 0.01
INFO:root:epoch 0, Episode 238, total_loss: 728.9537963867188, q_loss 727.8516845703125, v_loss 1.102085828781128 ,lr 0.01
INFO:root:epoch 0, Episode 239, total_loss: 383.0044860839844, q_loss 381.90185546875, v_loss 1.1026285886764526 ,lr 0.01
INFO:root:epoch 0, Episode 240, total_loss: 269.7662048339844, q_loss 268.6639099121094, v_loss 1.1022878885269165 ,lr 0.01
INFO:root:val_loss 165.913818359375
INFO:root:epoch 0, Episode 241, total_loss: 290.7698059082031, q_loss 289.6495666503906, v_loss 1.1202380657196045 ,lr 0.01
INFO:root:epoch 0, Episode 242, total_loss: 308.3339538574219, q_loss 307.2312316894531, v_loss 1.102716326713562 ,lr 0.01
INFO:root:epoch 0, Episode 243, total_loss: 189.21385192871094, q_loss 188.11279296875, v_loss 1.101057767868042 ,lr 0.01
INFO:root:epoch 0, Episode 244, total_loss: 1012.2197265625, q_loss 1011.1166381835938, v_loss 1.1031036376953125 ,lr 0.01
INFO:root:epoch 0, Episode 245, total_loss: 764.246826171875, q_loss 763.1434936523438, v_loss 1.1033117771148682 ,lr 0.01
INFO:root:epoch 0, Episode 246, total_loss: 1778.2928466796875, q_loss 1777.189208984375, v_loss 1.1036852598190308 ,lr 0.01
INFO:root:epoch 0, Episode 247, total_loss: 1127.5809326171875, q_loss 1126.4766845703125, v_loss 1.1042404174804688 ,lr 0.01
INFO:root:epoch 0, Episode 248, total_loss: 283.8862609863281, q_loss 282.7773132324219, v_loss 1.1089495420455933 ,lr 0.01
INFO:root:epoch 0, Episode 249, total_loss: 242.1105194091797, q_loss 240.9857635498047, v_loss 1.1247563362121582 ,lr 0.01
INFO:root:epoch 0, Episode 250, total_loss: 291.0196533203125, q_loss 289.9127502441406, v_loss 1.1068888902664185 ,lr 0.01
INFO:root:val_loss 62.25370407104492
INFO:root:epoch 0, Episode 251, total_loss: 125.59992980957031, q_loss 124.49070739746094, v_loss 1.109221339225769 ,lr 0.01
INFO:root:epoch 0, Episode 252, total_loss: 212.23068237304688, q_loss 211.12290954589844, v_loss 1.107774019241333 ,lr 0.01
INFO:root:epoch 0, Episode 253, total_loss: 348.54583740234375, q_loss 347.4338073730469, v_loss 1.112042784690857 ,lr 0.01
INFO:root:epoch 0, Episode 254, total_loss: 449.1751403808594, q_loss 448.06964111328125, v_loss 1.1054909229278564 ,lr 0.01
INFO:root:epoch 0, Episode 255, total_loss: 325.3016052246094, q_loss 324.19525146484375, v_loss 1.1063580513000488 ,lr 0.01
INFO:root:epoch 0, Episode 256, total_loss: 847.86328125, q_loss 846.758056640625, v_loss 1.1052138805389404 ,lr 0.01
INFO:root:epoch 0, Episode 257, total_loss: 445.13140869140625, q_loss 444.02581787109375, v_loss 1.1056047677993774 ,lr 0.01
INFO:root:epoch 0, Episode 258, total_loss: 490.1333312988281, q_loss 489.02685546875, v_loss 1.1064802408218384 ,lr 0.01
INFO:root:epoch 0, Episode 259, total_loss: 920.8748779296875, q_loss 919.7725830078125, v_loss 1.102302074432373 ,lr 0.01
INFO:root:epoch 0, Episode 260, total_loss: 567.5121459960938, q_loss 566.4109497070312, v_loss 1.1012195348739624 ,lr 0.01
INFO:root:val_loss 460.37860107421875
INFO:root:epoch 0, Episode 261, total_loss: 185.40493774414062, q_loss 184.30531311035156, v_loss 1.0996243953704834 ,lr 0.01
INFO:root:epoch 0, Episode 262, total_loss: 315.71380615234375, q_loss 314.6146240234375, v_loss 1.0991766452789307 ,lr 0.01
INFO:root:epoch 0, Episode 263, total_loss: 603.9031372070312, q_loss 602.8033447265625, v_loss 1.0998002290725708 ,lr 0.01
INFO:root:epoch 0, Episode 264, total_loss: 336.9364013671875, q_loss 335.8379821777344, v_loss 1.0984256267547607 ,lr 0.01
INFO:root:epoch 0, Episode 265, total_loss: 335.5477600097656, q_loss 334.4499816894531, v_loss 1.0977836847305298 ,lr 0.01
INFO:root:epoch 0, Episode 266, total_loss: 157.86460876464844, q_loss 156.7672576904297, v_loss 1.0973482131958008 ,lr 0.01
INFO:root:epoch 0, Episode 267, total_loss: 399.6089172363281, q_loss 398.5089111328125, v_loss 1.0999984741210938 ,lr 0.01
INFO:root:epoch 0, Episode 268, total_loss: 536.09033203125, q_loss 534.998779296875, v_loss 1.091536283493042 ,lr 0.01
INFO:root:epoch 0, Episode 269, total_loss: 285.00994873046875, q_loss 283.91033935546875, v_loss 1.0996090173721313 ,lr 0.01
INFO:root:epoch 0, Episode 270, total_loss: 1440.0025634765625, q_loss 1438.904541015625, v_loss 1.098012089729309 ,lr 0.01
INFO:root:val_loss 1676.6409912109375
INFO:root:epoch 0, Episode 271, total_loss: 142.21139526367188, q_loss 141.11241149902344, v_loss 1.0989834070205688 ,lr 0.01
INFO:root:epoch 0, Episode 272, total_loss: 139.18960571289062, q_loss 138.08985900878906, v_loss 1.0997483730316162 ,lr 0.01
INFO:root:epoch 0, Episode 273, total_loss: 308.7394714355469, q_loss 307.63916015625, v_loss 1.1003237962722778 ,lr 0.01
INFO:root:epoch 0, Episode 274, total_loss: 221.68186950683594, q_loss 220.58213806152344, v_loss 1.0997291803359985 ,lr 0.01
INFO:root:epoch 0, Episode 275, total_loss: 244.3389892578125, q_loss 243.23861694335938, v_loss 1.1003741025924683 ,lr 0.01
INFO:root:epoch 0, Episode 276, total_loss: 207.50967407226562, q_loss 206.40882873535156, v_loss 1.1008449792861938 ,lr 0.01
INFO:root:epoch 0, Episode 277, total_loss: 185.3784942626953, q_loss 184.27301025390625, v_loss 1.1054837703704834 ,lr 0.01
INFO:root:epoch 0, Episode 278, total_loss: 512.42236328125, q_loss 511.3243103027344, v_loss 1.098050594329834 ,lr 0.01
INFO:root:epoch 0, Episode 279, total_loss: 356.8251953125, q_loss 355.72271728515625, v_loss 1.1024664640426636 ,lr 0.01
INFO:root:epoch 0, Episode 280, total_loss: 327.7929992675781, q_loss 326.6903381347656, v_loss 1.1026673316955566 ,lr 0.01
INFO:root:val_loss 7.471137523651123
INFO:root:epoch 0, Episode 281, total_loss: 1238.8751220703125, q_loss 1237.773193359375, v_loss 1.1019599437713623 ,lr 0.01
INFO:root:epoch 0, Episode 282, total_loss: 386.33038330078125, q_loss 385.228271484375, v_loss 1.102125644683838 ,lr 0.01
INFO:root:epoch 0, Episode 283, total_loss: 685.1878662109375, q_loss 684.0787963867188, v_loss 1.1090413331985474 ,lr 0.01
INFO:root:epoch 0, Episode 284, total_loss: 370.065185546875, q_loss 368.9642028808594, v_loss 1.100995421409607 ,lr 0.01
INFO:root:epoch 0, Episode 285, total_loss: 368.9520263671875, q_loss 367.85150146484375, v_loss 1.1005175113677979 ,lr 0.01
INFO:root:epoch 0, Episode 286, total_loss: 333.75347900390625, q_loss 332.6529235839844, v_loss 1.100570559501648 ,lr 0.01
INFO:root:epoch 0, Episode 287, total_loss: 240.73072814941406, q_loss 239.62130737304688, v_loss 1.1094210147857666 ,lr 0.01
INFO:root:epoch 0, Episode 288, total_loss: 262.6376953125, q_loss 261.537353515625, v_loss 1.1003338098526 ,lr 0.01
INFO:root:epoch 0, Episode 289, total_loss: 242.0630340576172, q_loss 240.962158203125, v_loss 1.1008777618408203 ,lr 0.01
INFO:root:epoch 0, Episode 290, total_loss: 270.2789001464844, q_loss 269.1790771484375, v_loss 1.099836826324463 ,lr 0.01
INFO:root:val_loss 422.6761169433594
INFO:root:epoch 0, Episode 291, total_loss: 245.5577850341797, q_loss 244.45628356933594, v_loss 1.101508617401123 ,lr 0.01
INFO:root:epoch 0, Episode 292, total_loss: 151.2847137451172, q_loss 150.18377685546875, v_loss 1.100934386253357 ,lr 0.01
INFO:root:epoch 0, Episode 293, total_loss: 2164.419677734375, q_loss 2163.317138671875, v_loss 1.102447509765625 ,lr 0.01
INFO:root:epoch 0, Episode 294, total_loss: 154.57252502441406, q_loss 153.47122192382812, v_loss 1.1013073921203613 ,lr 0.01
INFO:root:epoch 0, Episode 295, total_loss: 296.5675048828125, q_loss 295.46539306640625, v_loss 1.1020965576171875 ,lr 0.01
INFO:root:epoch 0, Episode 296, total_loss: 332.5475158691406, q_loss 331.4459228515625, v_loss 1.101584553718567 ,lr 0.01
INFO:root:epoch 0, Episode 297, total_loss: 211.22352600097656, q_loss 210.12176513671875, v_loss 1.1017613410949707 ,lr 0.01
INFO:root:epoch 0, Episode 298, total_loss: 308.26116943359375, q_loss 307.16021728515625, v_loss 1.1009559631347656 ,lr 0.01
INFO:root:epoch 0, Episode 299, total_loss: 348.4674072265625, q_loss 347.3660888671875, v_loss 1.1013069152832031 ,lr 0.01
INFO:root:epoch 0, Episode 300, total_loss: 924.2025756835938, q_loss 923.1011352539062, v_loss 1.1014446020126343 ,lr 0.01
INFO:root:val_loss 80.28734588623047
INFO:root:epoch 0, Episode 301, total_loss: 1344.098876953125, q_loss 1342.9991455078125, v_loss 1.0997604131698608 ,lr 0.01
INFO:root:epoch 0, Episode 302, total_loss: 920.22265625, q_loss 919.1239013671875, v_loss 1.0987684726715088 ,lr 0.01
INFO:root:epoch 0, Episode 303, total_loss: 411.4510803222656, q_loss 410.35357666015625, v_loss 1.0975052118301392 ,lr 0.01
INFO:root:epoch 0, Episode 304, total_loss: 781.7875366210938, q_loss 780.671630859375, v_loss 1.1159303188323975 ,lr 0.01
INFO:root:epoch 0, Episode 305, total_loss: 686.7984619140625, q_loss 685.6956176757812, v_loss 1.1028386354446411 ,lr 0.01
INFO:root:epoch 0, Episode 306, total_loss: 881.4948120117188, q_loss 880.3923950195312, v_loss 1.1024320125579834 ,lr 0.01
INFO:root:epoch 0, Episode 307, total_loss: 270.51513671875, q_loss 269.41400146484375, v_loss 1.1011455059051514 ,lr 0.01
INFO:root:epoch 0, Episode 308, total_loss: 491.1318054199219, q_loss 490.0304260253906, v_loss 1.1013880968093872 ,lr 0.01
INFO:root:epoch 0, Episode 309, total_loss: 413.0959167480469, q_loss 411.9956970214844, v_loss 1.1002123355865479 ,lr 0.01
INFO:root:epoch 0, Episode 310, total_loss: 220.568115234375, q_loss 219.4686279296875, v_loss 1.0994924306869507 ,lr 0.01
INFO:root:val_loss 2367.482666015625
INFO:root:epoch 0, Episode 311, total_loss: 412.8229064941406, q_loss 411.7232666015625, v_loss 1.0996249914169312 ,lr 0.01
INFO:root:epoch 0, Episode 312, total_loss: 1036.2545166015625, q_loss 1035.15380859375, v_loss 1.1007673740386963 ,lr 0.01
INFO:root:epoch 0, Episode 313, total_loss: 310.828857421875, q_loss 309.73028564453125, v_loss 1.0985722541809082 ,lr 0.01
INFO:root:epoch 0, Episode 314, total_loss: 173.28961181640625, q_loss 172.19210815429688, v_loss 1.097496509552002 ,lr 0.01
INFO:root:epoch 0, Episode 315, total_loss: 569.728759765625, q_loss 568.6301879882812, v_loss 1.0985671281814575 ,lr 0.01
INFO:root:epoch 0, Episode 316, total_loss: 1055.3001708984375, q_loss 1054.2044677734375, v_loss 1.0957521200180054 ,lr 0.01
INFO:root:epoch 0, Episode 317, total_loss: 922.6972045898438, q_loss 921.5986328125, v_loss 1.098543405532837 ,lr 0.01
INFO:root:epoch 0, Episode 318, total_loss: 414.469970703125, q_loss 413.3662414550781, v_loss 1.1037269830703735 ,lr 0.01
INFO:root:epoch 0, Episode 319, total_loss: 491.2923889160156, q_loss 490.1987609863281, v_loss 1.093615174293518 ,lr 0.01
INFO:root:epoch 0, Episode 320, total_loss: 677.2222900390625, q_loss 676.1251831054688, v_loss 1.0971078872680664 ,lr 0.01
INFO:root:val_loss 6.983828544616699
INFO:root:epoch 0, Episode 321, total_loss: 1378.043212890625, q_loss 1376.9090576171875, v_loss 1.134168028831482 ,lr 0.01
INFO:root:epoch 0, Episode 322, total_loss: 566.62744140625, q_loss 565.52587890625, v_loss 1.1015874147415161 ,lr 0.01
INFO:root:epoch 0, Episode 323, total_loss: 275.2358093261719, q_loss 274.1366882324219, v_loss 1.0991123914718628 ,lr 0.01
INFO:root:epoch 0, Episode 324, total_loss: 370.372314453125, q_loss 369.2729797363281, v_loss 1.0993479490280151 ,lr 0.01
INFO:root:epoch 0, Episode 325, total_loss: 565.7123413085938, q_loss 564.6145629882812, v_loss 1.0977892875671387 ,lr 0.01
INFO:root:epoch 0, Episode 326, total_loss: 127.72603607177734, q_loss 126.6280288696289, v_loss 1.0980093479156494 ,lr 0.01
INFO:root:epoch 0, Episode 327, total_loss: 221.25753784179688, q_loss 220.15960693359375, v_loss 1.0979324579238892 ,lr 0.01
INFO:root:epoch 0, Episode 328, total_loss: 224.07406616210938, q_loss 222.97705078125, v_loss 1.097019910812378 ,lr 0.01
INFO:root:epoch 0, Episode 329, total_loss: 449.4649658203125, q_loss 448.3663024902344, v_loss 1.0986610651016235 ,lr 0.01
INFO:root:epoch 0, Episode 330, total_loss: 212.28829956054688, q_loss 211.1908416748047, v_loss 1.097450613975525 ,lr 0.01
INFO:root:val_loss 61.440086364746094
INFO:root:epoch 0, Episode 331, total_loss: 236.27447509765625, q_loss 235.17567443847656, v_loss 1.0988036394119263 ,lr 0.01
INFO:root:epoch 0, Episode 332, total_loss: 393.82098388671875, q_loss 392.7242126464844, v_loss 1.09675931930542 ,lr 0.01
INFO:root:epoch 0, Episode 333, total_loss: 238.97657775878906, q_loss 237.87646484375, v_loss 1.1001057624816895 ,lr 0.01
INFO:root:epoch 0, Episode 334, total_loss: 156.90525817871094, q_loss 155.80674743652344, v_loss 1.0985149145126343 ,lr 0.01
INFO:root:epoch 0, Episode 335, total_loss: 340.9369812011719, q_loss 339.8379821777344, v_loss 1.0990139245986938 ,lr 0.01
INFO:root:epoch 0, Episode 336, total_loss: 356.2543640136719, q_loss 355.154052734375, v_loss 1.100324034690857 ,lr 0.01
INFO:root:epoch 0, Episode 337, total_loss: 728.5291137695312, q_loss 727.4281616210938, v_loss 1.1009716987609863 ,lr 0.01
INFO:root:epoch 0, Episode 338, total_loss: 724.959228515625, q_loss 723.8589477539062, v_loss 1.1002553701400757 ,lr 0.01
INFO:root:epoch 0, Episode 339, total_loss: 680.1380615234375, q_loss 679.04150390625, v_loss 1.0965327024459839 ,lr 0.01
INFO:root:epoch 0, Episode 340, total_loss: 309.5494079589844, q_loss 308.4308166503906, v_loss 1.1186009645462036 ,lr 0.01
INFO:root:val_loss 1955.4033203125
INFO:root:epoch 0, Episode 341, total_loss: 139.26336669921875, q_loss 138.16079711914062, v_loss 1.102570652961731 ,lr 0.01
INFO:root:epoch 0, Episode 342, total_loss: 324.2860412597656, q_loss 323.185791015625, v_loss 1.1002497673034668 ,lr 0.01
INFO:root:epoch 0, Episode 343, total_loss: 239.3249969482422, q_loss 238.2250213623047, v_loss 1.0999830961227417 ,lr 0.01
INFO:root:epoch 0, Episode 344, total_loss: 511.5954284667969, q_loss 510.4950256347656, v_loss 1.1003926992416382 ,lr 0.01
INFO:root:epoch 0, Episode 345, total_loss: 639.8688354492188, q_loss 638.7682495117188, v_loss 1.1005879640579224 ,lr 0.01
INFO:root:epoch 0, Episode 346, total_loss: 637.7632446289062, q_loss 636.661865234375, v_loss 1.1013553142547607 ,lr 0.01
INFO:root:epoch 0, Episode 347, total_loss: 567.7029418945312, q_loss 566.5999145507812, v_loss 1.1030389070510864 ,lr 0.01
INFO:root:epoch 0, Episode 348, total_loss: 145.17489624023438, q_loss 144.07456970214844, v_loss 1.1003226041793823 ,lr 0.01
INFO:root:epoch 0, Episode 349, total_loss: 337.9906005859375, q_loss 336.8914794921875, v_loss 1.0991160869598389 ,lr 0.01
INFO:root:epoch 0, Episode 350, total_loss: 372.0914001464844, q_loss 370.9864501953125, v_loss 1.1049526929855347 ,lr 0.01
INFO:root:val_loss 7.330154895782471
INFO:root:epoch 0, Episode 351, total_loss: 210.5373077392578, q_loss 209.438720703125, v_loss 1.0985811948776245 ,lr 0.01
INFO:root:epoch 0, Episode 352, total_loss: 680.9447021484375, q_loss 679.8447265625, v_loss 1.100003719329834 ,lr 0.01
INFO:root:epoch 0, Episode 353, total_loss: 382.9002990722656, q_loss 381.8033752441406, v_loss 1.0969091653823853 ,lr 0.01
INFO:root:epoch 0, Episode 354, total_loss: 240.2815704345703, q_loss 239.18231201171875, v_loss 1.099259853363037 ,lr 0.01
INFO:root:epoch 0, Episode 355, total_loss: 357.2143249511719, q_loss 356.1149597167969, v_loss 1.0993692874908447 ,lr 0.01
INFO:root:epoch 0, Episode 356, total_loss: 306.1494445800781, q_loss 305.0500793457031, v_loss 1.0993714332580566 ,lr 0.01
INFO:root:epoch 0, Episode 357, total_loss: 209.33583068847656, q_loss 208.2359161376953, v_loss 1.0999162197113037 ,lr 0.01
INFO:root:epoch 0, Episode 358, total_loss: 203.45448303222656, q_loss 202.354736328125, v_loss 1.0997540950775146 ,lr 0.01
INFO:root:epoch 1, Episode 0, total_loss: 215.7756805419922, q_loss 214.6756134033203, v_loss 1.1000659465789795 ,lr 0.01
INFO:root:epoch 1, Episode 1, total_loss: 3346.5927734375, q_loss 3345.49169921875, v_loss 1.1010186672210693 ,lr 0.01
INFO:root:val_loss 280.846435546875
INFO:root:epoch 1, Episode 2, total_loss: 599.37451171875, q_loss 598.2709350585938, v_loss 1.1035892963409424 ,lr 0.01
INFO:root:epoch 1, Episode 3, total_loss: 1332.986572265625, q_loss 1331.884033203125, v_loss 1.1024839878082275 ,lr 0.01
INFO:root:epoch 1, Episode 4, total_loss: 260.4305725097656, q_loss 259.3289489746094, v_loss 1.1016325950622559 ,lr 0.01
INFO:root:epoch 1, Episode 5, total_loss: 258.3933410644531, q_loss 257.29412841796875, v_loss 1.0992109775543213 ,lr 0.01
INFO:root:epoch 1, Episode 6, total_loss: 129.05181884765625, q_loss 127.95198059082031, v_loss 1.099837064743042 ,lr 0.01
INFO:root:epoch 1, Episode 7, total_loss: 121.50042724609375, q_loss 120.4013671875, v_loss 1.0990582704544067 ,lr 0.01
INFO:root:epoch 1, Episode 8, total_loss: 1044.2005615234375, q_loss 1043.099853515625, v_loss 1.100649118423462 ,lr 0.01
INFO:root:epoch 1, Episode 9, total_loss: 729.0255126953125, q_loss 727.926025390625, v_loss 1.0995161533355713 ,lr 0.01
INFO:root:epoch 1, Episode 10, total_loss: 181.35272216796875, q_loss 180.25579833984375, v_loss 1.0969297885894775 ,lr 0.01
INFO:root:epoch 1, Episode 11, total_loss: 846.2374267578125, q_loss 845.1344604492188, v_loss 1.102972388267517 ,lr 0.01
INFO:root:val_loss 170.36154174804688
INFO:root:epoch 1, Episode 12, total_loss: 513.416015625, q_loss 512.3185424804688, v_loss 1.09750235080719 ,lr 0.01
INFO:root:epoch 1, Episode 13, total_loss: 221.98927307128906, q_loss 220.89117431640625, v_loss 1.098099708557129 ,lr 0.01
INFO:root:epoch 1, Episode 14, total_loss: 213.7322235107422, q_loss 212.6337127685547, v_loss 1.0985082387924194 ,lr 0.01
INFO:root:epoch 1, Episode 15, total_loss: 161.81851196289062, q_loss 160.72129821777344, v_loss 1.0972106456756592 ,lr 0.01
INFO:root:epoch 1, Episode 16, total_loss: 2510.248291015625, q_loss 2509.148681640625, v_loss 1.0996805429458618 ,lr 0.01
INFO:root:epoch 1, Episode 17, total_loss: 542.9453125, q_loss 541.84423828125, v_loss 1.1010898351669312 ,lr 0.01
INFO:root:epoch 1, Episode 18, total_loss: 400.41510009765625, q_loss 399.31671142578125, v_loss 1.098402500152588 ,lr 0.01
INFO:root:epoch 1, Episode 19, total_loss: 277.38067626953125, q_loss 276.279052734375, v_loss 1.1016298532485962 ,lr 0.01
INFO:root:epoch 1, Episode 20, total_loss: 232.20652770996094, q_loss 231.10269165039062, v_loss 1.103837013244629 ,lr 0.01
INFO:root:epoch 1, Episode 21, total_loss: 239.48873901367188, q_loss 238.3872528076172, v_loss 1.1014832258224487 ,lr 0.01
INFO:root:val_loss 10.474845886230469
INFO:root:epoch 1, Episode 22, total_loss: 430.6363525390625, q_loss 429.5353698730469, v_loss 1.1009862422943115 ,lr 0.01
INFO:root:epoch 1, Episode 23, total_loss: 397.9523010253906, q_loss 396.85015869140625, v_loss 1.10215163230896 ,lr 0.01
INFO:root:epoch 1, Episode 24, total_loss: 189.7156524658203, q_loss 188.61524963378906, v_loss 1.1004014015197754 ,lr 0.01
INFO:root:epoch 1, Episode 25, total_loss: 1685.2083740234375, q_loss 1684.1072998046875, v_loss 1.1010292768478394 ,lr 0.01
INFO:root:epoch 1, Episode 26, total_loss: 151.71739196777344, q_loss 150.61756896972656, v_loss 1.099817156791687 ,lr 0.01
INFO:root:epoch 1, Episode 27, total_loss: 326.34991455078125, q_loss 325.249755859375, v_loss 1.1001451015472412 ,lr 0.01
INFO:root:epoch 1, Episode 28, total_loss: 161.6913299560547, q_loss 160.591552734375, v_loss 1.0997751951217651 ,lr 0.01
INFO:root:epoch 1, Episode 29, total_loss: 924.0450439453125, q_loss 922.9452514648438, v_loss 1.0998213291168213 ,lr 0.01
INFO:root:epoch 1, Episode 30, total_loss: 321.8934020996094, q_loss 320.7931823730469, v_loss 1.1002147197723389 ,lr 0.01
INFO:root:epoch 1, Episode 31, total_loss: 384.1417236328125, q_loss 383.041259765625, v_loss 1.1004626750946045 ,lr 0.01
INFO:root:val_loss 78.29330444335938
INFO:root:epoch 1, Episode 32, total_loss: 235.36358642578125, q_loss 234.26031494140625, v_loss 1.103273868560791 ,lr 0.01
INFO:root:epoch 1, Episode 33, total_loss: 270.1259460449219, q_loss 269.0247802734375, v_loss 1.1011590957641602 ,lr 0.01
INFO:root:epoch 1, Episode 34, total_loss: 210.8275604248047, q_loss 209.72679138183594, v_loss 1.100762128829956 ,lr 0.01
INFO:root:epoch 1, Episode 35, total_loss: 289.9673767089844, q_loss 288.8722229003906, v_loss 1.0951615571975708 ,lr 0.01
INFO:root:epoch 1, Episode 36, total_loss: 325.2760314941406, q_loss 324.171142578125, v_loss 1.1048898696899414 ,lr 0.01
INFO:root:epoch 1, Episode 37, total_loss: 844.6229248046875, q_loss 843.524658203125, v_loss 1.0982872247695923 ,lr 0.01
INFO:root:epoch 1, Episode 38, total_loss: 285.83721923828125, q_loss 284.73773193359375, v_loss 1.0994999408721924 ,lr 0.01
INFO:root:epoch 1, Episode 39, total_loss: 602.7550048828125, q_loss 601.6563110351562, v_loss 1.0986955165863037 ,lr 0.01
INFO:root:epoch 1, Episode 40, total_loss: 211.5779571533203, q_loss 210.47998046875, v_loss 1.097977876663208 ,lr 0.01
INFO:root:epoch 1, Episode 41, total_loss: 495.3046569824219, q_loss 494.2061462402344, v_loss 1.0985077619552612 ,lr 0.01
INFO:root:val_loss 5.936150074005127
INFO:root:epoch 1, Episode 42, total_loss: 4983.46533203125, q_loss 4982.43505859375, v_loss 1.0302811861038208 ,lr 0.01
INFO:root:epoch 1, Episode 43, total_loss: 4983.01611328125, q_loss 4981.94677734375, v_loss 1.0691415071487427 ,lr 0.01
INFO:root:epoch 1, Episode 44, total_loss: 216.4049072265625, q_loss 215.30380249023438, v_loss 1.1011054515838623 ,lr 0.01
INFO:root:epoch 1, Episode 45, total_loss: 652.3663330078125, q_loss 651.2612915039062, v_loss 1.1050342321395874 ,lr 0.01
INFO:root:epoch 1, Episode 46, total_loss: 291.046142578125, q_loss 289.9398193359375, v_loss 1.1063241958618164 ,lr 0.01
INFO:root:epoch 1, Episode 47, total_loss: 258.0736999511719, q_loss 256.9646911621094, v_loss 1.1090059280395508 ,lr 0.01
INFO:root:epoch 1, Episode 48, total_loss: 542.0723266601562, q_loss 540.9642333984375, v_loss 1.1081186532974243 ,lr 0.01
INFO:root:epoch 1, Episode 49, total_loss: 208.94387817382812, q_loss 207.8309326171875, v_loss 1.1129441261291504 ,lr 0.01
INFO:root:epoch 1, Episode 50, total_loss: 1015.5127563476562, q_loss 1014.4412231445312, v_loss 1.071522831916809 ,lr 0.01
INFO:root:epoch 1, Episode 51, total_loss: 325.1368408203125, q_loss 324.0160217285156, v_loss 1.1208317279815674 ,lr 0.01
INFO:root:val_loss 63.327205657958984
INFO:root:epoch 1, Episode 52, total_loss: 490.5476379394531, q_loss 489.4448547363281, v_loss 1.1027917861938477 ,lr 0.01
INFO:root:epoch 1, Episode 53, total_loss: 290.8338928222656, q_loss 289.72113037109375, v_loss 1.112758755683899 ,lr 0.01
INFO:root:epoch 1, Episode 54, total_loss: 679.6238403320312, q_loss 678.5123901367188, v_loss 1.1114658117294312 ,lr 0.01
INFO:root:epoch 1, Episode 55, total_loss: 368.2330017089844, q_loss 367.12713623046875, v_loss 1.1058508157730103 ,lr 0.01
INFO:root:epoch 1, Episode 56, total_loss: 682.8529663085938, q_loss 681.74560546875, v_loss 1.107353687286377 ,lr 0.01
INFO:root:epoch 1, Episode 57, total_loss: 1265.620361328125, q_loss 1264.512939453125, v_loss 1.107481837272644 ,lr 0.01
INFO:root:epoch 1, Episode 58, total_loss: 412.907470703125, q_loss 411.7957763671875, v_loss 1.1117007732391357 ,lr 0.01
INFO:root:epoch 1, Episode 59, total_loss: 308.52374267578125, q_loss 307.4151611328125, v_loss 1.1085727214813232 ,lr 0.01
INFO:root:epoch 1, Episode 60, total_loss: 306.7540588378906, q_loss 305.64337158203125, v_loss 1.1106725931167603 ,lr 0.01
INFO:root:epoch 1, Episode 61, total_loss: 168.04464721679688, q_loss 166.93325805664062, v_loss 1.1113853454589844 ,lr 0.01
INFO:root:val_loss 180.89739990234375
INFO:root:epoch 1, Episode 62, total_loss: 1448.8582763671875, q_loss 1447.7635498046875, v_loss 1.0947136878967285 ,lr 0.01
INFO:root:epoch 1, Episode 63, total_loss: 140.84432983398438, q_loss 139.7389373779297, v_loss 1.1053956747055054 ,lr 0.01
INFO:root:epoch 1, Episode 64, total_loss: 323.3808898925781, q_loss 322.2841796875, v_loss 1.096712350845337 ,lr 0.01
INFO:root:epoch 1, Episode 65, total_loss: 370.22784423828125, q_loss 369.1114501953125, v_loss 1.1163800954818726 ,lr 0.01
INFO:root:epoch 1, Episode 66, total_loss: 1270.8260498046875, q_loss 1269.71923828125, v_loss 1.1068233251571655 ,lr 0.01
INFO:root:epoch 1, Episode 67, total_loss: 235.48703002929688, q_loss 234.38623046875, v_loss 1.1008058786392212 ,lr 0.01
INFO:root:epoch 1, Episode 68, total_loss: 844.71484375, q_loss 843.61767578125, v_loss 1.0971704721450806 ,lr 0.01
INFO:root:epoch 1, Episode 69, total_loss: 491.9885559082031, q_loss 490.8905029296875, v_loss 1.0980461835861206 ,lr 0.01
INFO:root:epoch 1, Episode 70, total_loss: 1262.1905517578125, q_loss 1261.0152587890625, v_loss 1.1752386093139648 ,lr 0.01
INFO:root:epoch 1, Episode 71, total_loss: 731.6785888671875, q_loss 730.5787963867188, v_loss 1.0997761487960815 ,lr 0.01
INFO:root:val_loss 168.82386779785156
INFO:root:epoch 1, Episode 72, total_loss: 385.2703857421875, q_loss 384.1572265625, v_loss 1.1131713390350342 ,lr 0.01
INFO:root:epoch 1, Episode 73, total_loss: 572.7098999023438, q_loss 571.6174926757812, v_loss 1.0924270153045654 ,lr 0.01
INFO:root:epoch 1, Episode 74, total_loss: 369.3213806152344, q_loss 368.2257385253906, v_loss 1.0956366062164307 ,lr 0.01
INFO:root:epoch 1, Episode 75, total_loss: 1435.1358642578125, q_loss 1434.132080078125, v_loss 1.0037885904312134 ,lr 0.01
INFO:root:epoch 1, Episode 76, total_loss: 226.5968017578125, q_loss 225.50059509277344, v_loss 1.0962013006210327 ,lr 0.01
INFO:root:epoch 1, Episode 77, total_loss: 862.351806640625, q_loss 861.2576293945312, v_loss 1.094159483909607 ,lr 0.01
INFO:root:epoch 1, Episode 78, total_loss: 398.04742431640625, q_loss 396.95172119140625, v_loss 1.0957103967666626 ,lr 0.01
INFO:root:epoch 1, Episode 79, total_loss: 243.95367431640625, q_loss 242.85980224609375, v_loss 1.093870997428894 ,lr 0.01
INFO:root:epoch 1, Episode 80, total_loss: 1134.0430908203125, q_loss 1132.72509765625, v_loss 1.3179855346679688 ,lr 0.01
INFO:root:epoch 1, Episode 81, total_loss: 398.2109680175781, q_loss 397.1148681640625, v_loss 1.096110463142395 ,lr 0.01
INFO:root:val_loss 65.11898040771484
INFO:root:epoch 1, Episode 82, total_loss: 309.3709716796875, q_loss 308.27386474609375, v_loss 1.097118616104126 ,lr 0.01
INFO:root:epoch 1, Episode 83, total_loss: 675.4476318359375, q_loss 674.3760986328125, v_loss 1.0715080499649048 ,lr 0.01
INFO:root:epoch 1, Episode 84, total_loss: 325.8182373046875, q_loss 324.7196044921875, v_loss 1.0986452102661133 ,lr 0.01
INFO:root:epoch 1, Episode 85, total_loss: 1268.962890625, q_loss 1267.8165283203125, v_loss 1.1463987827301025 ,lr 0.01
INFO:root:epoch 1, Episode 86, total_loss: 538.0121459960938, q_loss 536.9190063476562, v_loss 1.0931119918823242 ,lr 0.01
INFO:root:epoch 1, Episode 87, total_loss: 240.05174255371094, q_loss 238.9475860595703, v_loss 1.1041489839553833 ,lr 0.01
INFO:root:epoch 1, Episode 88, total_loss: 171.54745483398438, q_loss 170.44561767578125, v_loss 1.1018368005752563 ,lr 0.01
INFO:root:epoch 1, Episode 89, total_loss: 638.841064453125, q_loss 637.7407836914062, v_loss 1.1002907752990723 ,lr 0.01
INFO:root:epoch 1, Episode 90, total_loss: 157.46888732910156, q_loss 156.3667755126953, v_loss 1.1021052598953247 ,lr 0.01
INFO:root:epoch 1, Episode 91, total_loss: 218.2139434814453, q_loss 217.11297607421875, v_loss 1.1009727716445923 ,lr 0.01
INFO:root:val_loss 6.049393653869629
INFO:root:epoch 1, Episode 92, total_loss: 136.19000244140625, q_loss 135.08987426757812, v_loss 1.100135087966919 ,lr 0.01
INFO:root:epoch 1, Episode 93, total_loss: 308.4579162597656, q_loss 307.3323974609375, v_loss 1.125519871711731 ,lr 0.01
INFO:root:epoch 1, Episode 94, total_loss: 1682.4229736328125, q_loss 1681.3203125, v_loss 1.1026227474212646 ,lr 0.01
INFO:root:epoch 1, Episode 95, total_loss: 487.662841796875, q_loss 486.5352478027344, v_loss 1.1275943517684937 ,lr 0.01
INFO:root:epoch 1, Episode 96, total_loss: 598.4129638671875, q_loss 597.315673828125, v_loss 1.0972965955734253 ,lr 0.01
INFO:root:epoch 1, Episode 97, total_loss: 2542.506103515625, q_loss 2541.34375, v_loss 1.1623467206954956 ,lr 0.01
INFO:root:epoch 1, Episode 98, total_loss: 360.28717041015625, q_loss 359.18389892578125, v_loss 1.1032637357711792 ,lr 0.01
INFO:root:epoch 1, Episode 99, total_loss: 570.7206420898438, q_loss 569.6262817382812, v_loss 1.0943586826324463 ,lr 0.01
INFO:root:epoch 1, Episode 100, total_loss: 251.30712890625, q_loss 250.2087860107422, v_loss 1.0983407497406006 ,lr 0.01
INFO:root:epoch 1, Episode 101, total_loss: 308.3722839355469, q_loss 307.2711486816406, v_loss 1.1011252403259277 ,lr 0.01
INFO:root:val_loss 9.849433898925781
INFO:root:epoch 1, Episode 102, total_loss: 1679.748291015625, q_loss 1678.651123046875, v_loss 1.0971390008926392 ,lr 0.01
INFO:root:epoch 1, Episode 103, total_loss: 357.1287536621094, q_loss 356.02862548828125, v_loss 1.1001181602478027 ,lr 0.01
INFO:root:epoch 1, Episode 104, total_loss: 2521.33349609375, q_loss 2520.230224609375, v_loss 1.1032655239105225 ,lr 0.01
INFO:root:epoch 1, Episode 105, total_loss: 217.21783447265625, q_loss 216.114013671875, v_loss 1.1038235425949097 ,lr 0.01
INFO:root:epoch 1, Episode 106, total_loss: 489.41326904296875, q_loss 488.3203125, v_loss 1.0929709672927856 ,lr 0.01
INFO:root:epoch 1, Episode 107, total_loss: 409.69012451171875, q_loss 408.5636291503906, v_loss 1.1264886856079102 ,lr 0.01
INFO:root:epoch 1, Episode 108, total_loss: 1396.8741455078125, q_loss 1395.7869873046875, v_loss 1.0871835947036743 ,lr 0.01
INFO:root:epoch 1, Episode 109, total_loss: 467.49700927734375, q_loss 466.408447265625, v_loss 1.0885528326034546 ,lr 0.01
INFO:root:epoch 1, Episode 110, total_loss: 847.1915893554688, q_loss 846.05908203125, v_loss 1.1324899196624756 ,lr 0.01
INFO:root:epoch 1, Episode 111, total_loss: 1337.1192626953125, q_loss 1336.03515625, v_loss 1.0840867757797241 ,lr 0.01
INFO:root:val_loss 875.093994140625
INFO:root:epoch 1, Episode 112, total_loss: 231.3224334716797, q_loss 230.2352294921875, v_loss 1.087202548980713 ,lr 0.01
INFO:root:epoch 1, Episode 113, total_loss: 145.45713806152344, q_loss 144.369140625, v_loss 1.088004231452942 ,lr 0.01
INFO:root:epoch 1, Episode 114, total_loss: 570.9418334960938, q_loss 569.8720703125, v_loss 1.0697884559631348 ,lr 0.01
INFO:root:epoch 1, Episode 115, total_loss: 242.23812866210938, q_loss 241.14695739746094, v_loss 1.0911712646484375 ,lr 0.01
INFO:root:epoch 1, Episode 116, total_loss: 145.65798950195312, q_loss 144.5760955810547, v_loss 1.0818934440612793 ,lr 0.01
INFO:root:epoch 1, Episode 117, total_loss: 449.2274169921875, q_loss 448.13134765625, v_loss 1.0960719585418701 ,lr 0.01
INFO:root:epoch 1, Episode 118, total_loss: 337.5509338378906, q_loss 336.460693359375, v_loss 1.0902334451675415 ,lr 0.01
INFO:root:epoch 1, Episode 119, total_loss: 146.54119873046875, q_loss 145.46165466308594, v_loss 1.079546570777893 ,lr 0.01
INFO:root:epoch 1, Episode 120, total_loss: 318.2117004394531, q_loss 317.11712646484375, v_loss 1.094583511352539 ,lr 0.01
INFO:root:epoch 1, Episode 121, total_loss: 213.49000549316406, q_loss 212.40304565429688, v_loss 1.086964726448059 ,lr 0.01
INFO:root:val_loss 11.132272720336914
INFO:root:epoch 1, Episode 122, total_loss: 147.19015502929688, q_loss 146.1073760986328, v_loss 1.08278489112854 ,lr 0.01
INFO:root:epoch 1, Episode 123, total_loss: 370.85601806640625, q_loss 369.7787780761719, v_loss 1.0772409439086914 ,lr 0.01
INFO:root:epoch 1, Episode 124, total_loss: 513.4047241210938, q_loss 512.3160400390625, v_loss 1.0887115001678467 ,lr 0.01
INFO:root:epoch 1, Episode 125, total_loss: 159.04693603515625, q_loss 157.9591522216797, v_loss 1.0877894163131714 ,lr 0.01
INFO:root:epoch 1, Episode 126, total_loss: 268.2442626953125, q_loss 267.14703369140625, v_loss 1.0972342491149902 ,lr 0.01
INFO:root:epoch 1, Episode 127, total_loss: 1440.279052734375, q_loss 1439.1785888671875, v_loss 1.1004056930541992 ,lr 0.01
INFO:root:epoch 1, Episode 128, total_loss: 307.24530029296875, q_loss 306.1600036621094, v_loss 1.085298776626587 ,lr 0.01
INFO:root:epoch 1, Episode 129, total_loss: 568.5740966796875, q_loss 567.4895629882812, v_loss 1.0845619440078735 ,lr 0.01
INFO:root:epoch 1, Episode 130, total_loss: 198.34475708007812, q_loss 197.25833129882812, v_loss 1.0864226818084717 ,lr 0.01
INFO:root:epoch 1, Episode 131, total_loss: 274.7964172363281, q_loss 273.7130126953125, v_loss 1.0834147930145264 ,lr 0.01
INFO:root:val_loss 3286.417236328125
INFO:root:epoch 1, Episode 132, total_loss: 414.8036193847656, q_loss 413.7146911621094, v_loss 1.088916301727295 ,lr 0.01
INFO:root:epoch 1, Episode 133, total_loss: 1012.169921875, q_loss 1011.0836181640625, v_loss 1.0862823724746704 ,lr 0.01
INFO:root:epoch 1, Episode 134, total_loss: 230.1637420654297, q_loss 229.07833862304688, v_loss 1.085410714149475 ,lr 0.01
INFO:root:epoch 1, Episode 135, total_loss: 229.43350219726562, q_loss 228.35513305664062, v_loss 1.078370451927185 ,lr 0.01
INFO:root:epoch 1, Episode 136, total_loss: 1483.5352783203125, q_loss 1482.4427490234375, v_loss 1.092509150505066 ,lr 0.01
INFO:root:epoch 1, Episode 137, total_loss: 324.1558532714844, q_loss 323.064208984375, v_loss 1.0916438102722168 ,lr 0.01
INFO:root:epoch 1, Episode 138, total_loss: 333.1314392089844, q_loss 332.0412292480469, v_loss 1.0902045965194702 ,lr 0.01
INFO:root:epoch 1, Episode 139, total_loss: 171.0319366455078, q_loss 169.9366912841797, v_loss 1.0952413082122803 ,lr 0.01
INFO:root:epoch 1, Episode 140, total_loss: 909.3893432617188, q_loss 908.29638671875, v_loss 1.0929813385009766 ,lr 0.01
INFO:root:epoch 1, Episode 141, total_loss: 145.28846740722656, q_loss 144.19354248046875, v_loss 1.0949186086654663 ,lr 0.01
INFO:root:val_loss 9930.6162109375
INFO:root:epoch 1, Episode 142, total_loss: 428.998046875, q_loss 427.9007568359375, v_loss 1.0972769260406494 ,lr 0.01
INFO:root:epoch 1, Episode 143, total_loss: 1675.5986328125, q_loss 1674.5008544921875, v_loss 1.0977450609207153 ,lr 0.01
INFO:root:epoch 1, Episode 144, total_loss: 1685.1197509765625, q_loss 1684.0247802734375, v_loss 1.0949727296829224 ,lr 0.01
INFO:root:epoch 1, Episode 145, total_loss: 137.9309844970703, q_loss 136.83377075195312, v_loss 1.0972098112106323 ,lr 0.01
INFO:root:epoch 1, Episode 146, total_loss: 346.3484802246094, q_loss 345.2013244628906, v_loss 1.1471656560897827 ,lr 0.01
INFO:root:epoch 1, Episode 147, total_loss: 565.7293090820312, q_loss 564.6289672851562, v_loss 1.100312352180481 ,lr 0.01
INFO:root:epoch 1, Episode 148, total_loss: 237.50515747070312, q_loss 236.40855407714844, v_loss 1.0966001749038696 ,lr 0.01
INFO:root:epoch 1, Episode 149, total_loss: 113.8292465209961, q_loss 112.73209381103516, v_loss 1.0971558094024658 ,lr 0.01
INFO:root:epoch 1, Episode 150, total_loss: 639.018798828125, q_loss 637.9118041992188, v_loss 1.1070243120193481 ,lr 0.01
INFO:root:epoch 1, Episode 151, total_loss: 467.3340759277344, q_loss 466.23687744140625, v_loss 1.0972063541412354 ,lr 0.01
INFO:root:val_loss 5.338136196136475
INFO:root:epoch 1, Episode 152, total_loss: 149.34518432617188, q_loss 148.24734497070312, v_loss 1.0978389978408813 ,lr 0.01
INFO:root:epoch 1, Episode 153, total_loss: 399.44097900390625, q_loss 398.3320007324219, v_loss 1.1089653968811035 ,lr 0.01
INFO:root:epoch 1, Episode 154, total_loss: 568.6712036132812, q_loss 567.5693359375, v_loss 1.1018729209899902 ,lr 0.01
INFO:root:epoch 1, Episode 155, total_loss: 924.07275390625, q_loss 922.97265625, v_loss 1.1000981330871582 ,lr 0.01
INFO:root:epoch 1, Episode 156, total_loss: 1398.7896728515625, q_loss 1397.6904296875, v_loss 1.099269986152649 ,lr 0.01
INFO:root:epoch 1, Episode 157, total_loss: 196.87828063964844, q_loss 195.77870178222656, v_loss 1.0995844602584839 ,lr 0.01
INFO:root:epoch 1, Episode 158, total_loss: 119.0778579711914, q_loss 117.97917938232422, v_loss 1.098675012588501 ,lr 0.01
INFO:root:epoch 1, Episode 159, total_loss: 415.91790771484375, q_loss 414.8181457519531, v_loss 1.0997506380081177 ,lr 0.01
INFO:root:epoch 1, Episode 160, total_loss: 251.3846893310547, q_loss 250.28558349609375, v_loss 1.0991015434265137 ,lr 0.01
INFO:root:epoch 1, Episode 161, total_loss: 288.8559265136719, q_loss 287.757080078125, v_loss 1.09883713722229 ,lr 0.01
INFO:root:val_loss 4.94375467300415
INFO:root:epoch 1, Episode 162, total_loss: 245.3579864501953, q_loss 244.25889587402344, v_loss 1.0990921258926392 ,lr 0.01
INFO:root:epoch 1, Episode 163, total_loss: 428.2345275878906, q_loss 427.13409423828125, v_loss 1.1004388332366943 ,lr 0.01
INFO:root:epoch 1, Episode 164, total_loss: 255.7835693359375, q_loss 254.6815185546875, v_loss 1.1020573377609253 ,lr 0.01
INFO:root:epoch 1, Episode 165, total_loss: 284.36090087890625, q_loss 283.2618103027344, v_loss 1.0990934371948242 ,lr 0.01
INFO:root:epoch 1, Episode 166, total_loss: 431.7740783691406, q_loss 430.6756591796875, v_loss 1.0984126329421997 ,lr 0.01
INFO:root:epoch 1, Episode 167, total_loss: 1082.3873291015625, q_loss 1081.2890625, v_loss 1.0982340574264526 ,lr 0.01
INFO:root:epoch 1, Episode 168, total_loss: 1130.3653564453125, q_loss 1129.280517578125, v_loss 1.0848804712295532 ,lr 0.01
INFO:root:epoch 1, Episode 169, total_loss: 205.80722045898438, q_loss 204.7095184326172, v_loss 1.0977085828781128 ,lr 0.01
INFO:root:epoch 1, Episode 170, total_loss: 1067.81201171875, q_loss 1066.71435546875, v_loss 1.0976485013961792 ,lr 0.01
INFO:root:epoch 1, Episode 171, total_loss: 397.9791259765625, q_loss 396.8829040527344, v_loss 1.0962269306182861 ,lr 0.01
INFO:root:val_loss 338.9689636230469
INFO:root:epoch 1, Episode 172, total_loss: 335.2561950683594, q_loss 334.1581115722656, v_loss 1.0980976819992065 ,lr 0.01
INFO:root:epoch 1, Episode 173, total_loss: 273.6731262207031, q_loss 272.578369140625, v_loss 1.0947543382644653 ,lr 0.01
INFO:root:epoch 1, Episode 174, total_loss: 194.88609313964844, q_loss 193.7897491455078, v_loss 1.096341609954834 ,lr 0.01
INFO:root:epoch 1, Episode 175, total_loss: 680.9873657226562, q_loss 679.8984985351562, v_loss 1.088863492012024 ,lr 0.01
INFO:root:epoch 1, Episode 176, total_loss: 198.3546600341797, q_loss 197.2633056640625, v_loss 1.0913604497909546 ,lr 0.01
INFO:root:epoch 1, Episode 177, total_loss: 926.0446166992188, q_loss 924.9442138671875, v_loss 1.1004241704940796 ,lr 0.01
INFO:root:epoch 1, Episode 178, total_loss: 540.2213745117188, q_loss 539.10009765625, v_loss 1.1212780475616455 ,lr 0.01
INFO:root:epoch 1, Episode 179, total_loss: 268.30523681640625, q_loss 267.2080993652344, v_loss 1.097151756286621 ,lr 0.01
INFO:root:epoch 1, Episode 180, total_loss: 183.4438934326172, q_loss 182.34634399414062, v_loss 1.097548007965088 ,lr 0.01
INFO:root:epoch 1, Episode 181, total_loss: 3344.506103515625, q_loss 3343.40283203125, v_loss 1.1033908128738403 ,lr 0.01
INFO:root:val_loss 7.016289710998535
INFO:root:epoch 1, Episode 182, total_loss: 637.7756958007812, q_loss 636.6726684570312, v_loss 1.1030102968215942 ,lr 0.01
INFO:root:epoch 1, Episode 183, total_loss: 1263.931884765625, q_loss 1262.8167724609375, v_loss 1.1151483058929443 ,lr 0.01
INFO:root:epoch 1, Episode 184, total_loss: 316.4635314941406, q_loss 315.3597106933594, v_loss 1.1038316488265991 ,lr 0.01
INFO:root:epoch 1, Episode 185, total_loss: 561.3406982421875, q_loss 560.2429809570312, v_loss 1.097699522972107 ,lr 0.01
INFO:root:epoch 1, Episode 186, total_loss: 282.0187072753906, q_loss 280.9120178222656, v_loss 1.1067036390304565 ,lr 0.01
INFO:root:epoch 1, Episode 187, total_loss: 269.3089904785156, q_loss 268.2037658691406, v_loss 1.105230689048767 ,lr 0.01
INFO:root:epoch 1, Episode 188, total_loss: 132.4894561767578, q_loss 131.38417053222656, v_loss 1.1052918434143066 ,lr 0.01
INFO:root:epoch 1, Episode 189, total_loss: 1122.013671875, q_loss 1120.909423828125, v_loss 1.1042124032974243 ,lr 0.01
INFO:root:epoch 1, Episode 190, total_loss: 979.1155395507812, q_loss 978.0127563476562, v_loss 1.1027528047561646 ,lr 0.01
INFO:root:epoch 1, Episode 191, total_loss: 222.48660278320312, q_loss 221.38619995117188, v_loss 1.1004036664962769 ,lr 0.01
INFO:root:val_loss 83.34941101074219
INFO:root:epoch 1, Episode 192, total_loss: 490.1767883300781, q_loss 489.0793762207031, v_loss 1.097406029701233 ,lr 0.01
INFO:root:epoch 1, Episode 193, total_loss: 287.63909912109375, q_loss 286.5445251464844, v_loss 1.0945653915405273 ,lr 0.01
INFO:root:epoch 1, Episode 194, total_loss: 386.4103088378906, q_loss 385.31390380859375, v_loss 1.0964159965515137 ,lr 0.01
INFO:root:epoch 1, Episode 195, total_loss: 251.06521606445312, q_loss 249.97250366210938, v_loss 1.0927090644836426 ,lr 0.01
INFO:root:epoch 1, Episode 196, total_loss: 415.959228515625, q_loss 414.8636169433594, v_loss 1.0956050157546997 ,lr 0.01
INFO:root:epoch 1, Episode 197, total_loss: 1265.5750732421875, q_loss 1264.480712890625, v_loss 1.0943554639816284 ,lr 0.01
INFO:root:epoch 1, Episode 198, total_loss: 349.58892822265625, q_loss 348.4956970214844, v_loss 1.093225359916687 ,lr 0.01
INFO:root:epoch 1, Episode 199, total_loss: 537.0960083007812, q_loss 536.00146484375, v_loss 1.0945380926132202 ,lr 0.01
INFO:root:epoch 1, Episode 200, total_loss: 400.91668701171875, q_loss 399.8226623535156, v_loss 1.094025731086731 ,lr 0.01
INFO:root:epoch 1, Episode 201, total_loss: 5003.2666015625, q_loss 5002.189453125, v_loss 1.0772746801376343 ,lr 0.01
INFO:root:val_loss 9.222095489501953
INFO:root:epoch 1, Episode 202, total_loss: 258.64208984375, q_loss 257.55047607421875, v_loss 1.0916081666946411 ,lr 0.01
INFO:root:epoch 1, Episode 203, total_loss: 335.7469482421875, q_loss 334.6607666015625, v_loss 1.086190938949585 ,lr 0.01
INFO:root:epoch 1, Episode 204, total_loss: 354.4475402832031, q_loss 353.3548889160156, v_loss 1.0926553010940552 ,lr 0.01
INFO:root:epoch 1, Episode 205, total_loss: 1017.8651733398438, q_loss 1016.7722778320312, v_loss 1.0928678512573242 ,lr 0.01
INFO:root:epoch 1, Episode 206, total_loss: 604.40234375, q_loss 603.3109130859375, v_loss 1.0914093255996704 ,lr 0.01
INFO:root:epoch 1, Episode 207, total_loss: 357.5060119628906, q_loss 356.4123229980469, v_loss 1.0936869382858276 ,lr 0.01
INFO:root:epoch 1, Episode 208, total_loss: 849.4239501953125, q_loss 848.33544921875, v_loss 1.0885215997695923 ,lr 0.01
INFO:root:epoch 1, Episode 209, total_loss: 210.3002166748047, q_loss 209.2134552001953, v_loss 1.0867550373077393 ,lr 0.01
INFO:root:epoch 1, Episode 210, total_loss: 686.346923828125, q_loss 685.252197265625, v_loss 1.0946975946426392 ,lr 0.01
INFO:root:epoch 1, Episode 211, total_loss: 540.8697509765625, q_loss 539.780517578125, v_loss 1.0892276763916016 ,lr 0.01
INFO:root:val_loss 61.54754638671875
INFO:root:epoch 1, Episode 212, total_loss: 372.3028564453125, q_loss 371.2082824707031, v_loss 1.094574213027954 ,lr 0.01
INFO:root:epoch 1, Episode 213, total_loss: 1121.95166015625, q_loss 1120.86962890625, v_loss 1.0820192098617554 ,lr 0.01
INFO:root:epoch 1, Episode 214, total_loss: 355.6223449707031, q_loss 354.53741455078125, v_loss 1.08494234085083 ,lr 0.01
INFO:root:epoch 1, Episode 215, total_loss: 680.9395751953125, q_loss 679.8491821289062, v_loss 1.0903674364089966 ,lr 0.01
INFO:root:epoch 1, Episode 216, total_loss: 415.1171569824219, q_loss 414.02642822265625, v_loss 1.0907365083694458 ,lr 0.01
INFO:root:epoch 1, Episode 217, total_loss: 217.8362274169922, q_loss 216.74436950683594, v_loss 1.0918605327606201 ,lr 0.01
INFO:root:epoch 1, Episode 218, total_loss: 257.9109191894531, q_loss 256.80670166015625, v_loss 1.1042265892028809 ,lr 0.01
INFO:root:epoch 1, Episode 219, total_loss: 264.57012939453125, q_loss 263.4765319824219, v_loss 1.0935957431793213 ,lr 0.01
INFO:root:epoch 1, Episode 220, total_loss: 1440.656494140625, q_loss 1439.5592041015625, v_loss 1.0972776412963867 ,lr 0.01
INFO:root:epoch 1, Episode 221, total_loss: 2013.5821533203125, q_loss 2012.4842529296875, v_loss 1.097921371459961 ,lr 0.01
INFO:root:val_loss 407.91357421875
INFO:root:epoch 1, Episode 222, total_loss: 1207.70556640625, q_loss 1206.6097412109375, v_loss 1.0957647562026978 ,lr 0.01
INFO:root:epoch 1, Episode 223, total_loss: 370.16827392578125, q_loss 369.0701599121094, v_loss 1.0980992317199707 ,lr 0.01
INFO:root:epoch 1, Episode 224, total_loss: 245.6320343017578, q_loss 244.53445434570312, v_loss 1.0975775718688965 ,lr 0.01
INFO:root:epoch 1, Episode 225, total_loss: 537.151611328125, q_loss 536.0548706054688, v_loss 1.0967249870300293 ,lr 0.01
INFO:root:epoch 1, Episode 226, total_loss: 235.89093017578125, q_loss 234.79147338867188, v_loss 1.0994516611099243 ,lr 0.01
INFO:root:epoch 1, Episode 227, total_loss: 2510.32080078125, q_loss 2509.218505859375, v_loss 1.1023550033569336 ,lr 0.01
INFO:root:epoch 1, Episode 228, total_loss: 1319.630859375, q_loss 1318.531982421875, v_loss 1.0988339185714722 ,lr 0.01
INFO:root:epoch 1, Episode 229, total_loss: 299.4988098144531, q_loss 298.4012451171875, v_loss 1.097553014755249 ,lr 0.01
INFO:root:epoch 1, Episode 230, total_loss: 2514.840087890625, q_loss 2513.737548828125, v_loss 1.102502465248108 ,lr 0.01
INFO:root:epoch 1, Episode 231, total_loss: 1678.9718017578125, q_loss 1677.87158203125, v_loss 1.100227952003479 ,lr 0.01
INFO:root:val_loss 238.5970916748047
INFO:root:epoch 1, Episode 232, total_loss: 277.18194580078125, q_loss 276.08636474609375, v_loss 1.0955663919448853 ,lr 0.01
INFO:root:epoch 1, Episode 233, total_loss: 230.2073516845703, q_loss 229.11192321777344, v_loss 1.0954211950302124 ,lr 0.01
INFO:root:epoch 1, Episode 234, total_loss: 315.6805419921875, q_loss 314.5857849121094, v_loss 1.0947502851486206 ,lr 0.01
INFO:root:epoch 1, Episode 235, total_loss: 1445.48193359375, q_loss 1444.3822021484375, v_loss 1.0997565984725952 ,lr 0.01
INFO:root:epoch 1, Episode 236, total_loss: 174.56222534179688, q_loss 173.46975708007812, v_loss 1.092469334602356 ,lr 0.01
INFO:root:epoch 1, Episode 237, total_loss: 1442.82470703125, q_loss 1441.730224609375, v_loss 1.0945181846618652 ,lr 0.01
INFO:root:epoch 1, Episode 238, total_loss: 729.5669555664062, q_loss 728.469970703125, v_loss 1.0969579219818115 ,lr 0.01
INFO:root:epoch 1, Episode 239, total_loss: 383.523193359375, q_loss 382.4279479980469, v_loss 1.0952537059783936 ,lr 0.01
INFO:root:epoch 1, Episode 240, total_loss: 269.7373962402344, q_loss 268.6407165527344, v_loss 1.0966870784759521 ,lr 0.01
INFO:root:epoch 1, Episode 241, total_loss: 290.9716491699219, q_loss 289.83056640625, v_loss 1.1410775184631348 ,lr 0.01
INFO:root:val_loss 9.27738094329834
INFO:root:epoch 1, Episode 242, total_loss: 308.2830505371094, q_loss 307.1848449707031, v_loss 1.0981923341751099 ,lr 0.01
INFO:root:epoch 1, Episode 243, total_loss: 188.6865997314453, q_loss 187.58888244628906, v_loss 1.0977236032485962 ,lr 0.01
INFO:root:epoch 1, Episode 244, total_loss: 1012.188720703125, q_loss 1011.08837890625, v_loss 1.1003221273422241 ,lr 0.01
INFO:root:epoch 1, Episode 245, total_loss: 764.2086791992188, q_loss 763.109130859375, v_loss 1.0995762348175049 ,lr 0.01
INFO:root:epoch 1, Episode 246, total_loss: 1778.2159423828125, q_loss 1777.114990234375, v_loss 1.1009353399276733 ,lr 0.01
INFO:root:epoch 1, Episode 247, total_loss: 1127.770751953125, q_loss 1126.6727294921875, v_loss 1.0980254411697388 ,lr 0.01
INFO:root:epoch 1, Episode 248, total_loss: 283.81817626953125, q_loss 282.7124328613281, v_loss 1.1057318449020386 ,lr 0.01
INFO:root:epoch 1, Episode 249, total_loss: 242.13462829589844, q_loss 241.0026092529297, v_loss 1.1320115327835083 ,lr 0.01
INFO:root:epoch 1, Episode 250, total_loss: 290.8675537109375, q_loss 289.7700500488281, v_loss 1.0975055694580078 ,lr 0.01
INFO:root:epoch 1, Episode 251, total_loss: 125.55277252197266, q_loss 124.45001220703125, v_loss 1.102759599685669 ,lr 0.01
INFO:root:val_loss 86.550048828125
INFO:root:epoch 1, Episode 252, total_loss: 212.1749267578125, q_loss 211.07681274414062, v_loss 1.0981134176254272 ,lr 0.01
INFO:root:epoch 1, Episode 253, total_loss: 348.41827392578125, q_loss 347.3085021972656, v_loss 1.109757423400879 ,lr 0.01
INFO:root:epoch 1, Episode 254, total_loss: 448.9631652832031, q_loss 447.86669921875, v_loss 1.0964661836624146 ,lr 0.01
INFO:root:epoch 1, Episode 255, total_loss: 325.1331481933594, q_loss 324.03759765625, v_loss 1.0955450534820557 ,lr 0.01
INFO:root:epoch 1, Episode 256, total_loss: 847.5936279296875, q_loss 846.496826171875, v_loss 1.0967779159545898 ,lr 0.01
INFO:root:epoch 1, Episode 257, total_loss: 445.0005187988281, q_loss 443.9060363769531, v_loss 1.0944749116897583 ,lr 0.01
INFO:root:epoch 1, Episode 258, total_loss: 490.169189453125, q_loss 489.06195068359375, v_loss 1.1072477102279663 ,lr 0.01
INFO:root:epoch 1, Episode 259, total_loss: 920.7694091796875, q_loss 919.6746826171875, v_loss 1.094744086265564 ,lr 0.01
INFO:root:epoch 1, Episode 260, total_loss: 567.4498901367188, q_loss 566.35498046875, v_loss 1.0949208736419678 ,lr 0.01
INFO:root:epoch 1, Episode 261, total_loss: 185.3650360107422, q_loss 184.26890563964844, v_loss 1.0961298942565918 ,lr 0.01
INFO:root:val_loss 10.34946060180664
INFO:root:epoch 1, Episode 262, total_loss: 315.66314697265625, q_loss 314.567138671875, v_loss 1.0960184335708618 ,lr 0.01
INFO:root:epoch 1, Episode 263, total_loss: 603.88330078125, q_loss 602.7821044921875, v_loss 1.1011992692947388 ,lr 0.01
INFO:root:epoch 1, Episode 264, total_loss: 336.7707214355469, q_loss 335.67327880859375, v_loss 1.0974385738372803 ,lr 0.01
INFO:root:epoch 1, Episode 265, total_loss: 335.51092529296875, q_loss 334.4106140136719, v_loss 1.10030198097229 ,lr 0.01
INFO:root:epoch 1, Episode 266, total_loss: 157.8336639404297, q_loss 156.73675537109375, v_loss 1.096911072731018 ,lr 0.01
INFO:root:epoch 1, Episode 267, total_loss: 399.4146728515625, q_loss 398.3196105957031, v_loss 1.0950722694396973 ,lr 0.01
INFO:root:epoch 1, Episode 268, total_loss: 536.0551147460938, q_loss 534.9573974609375, v_loss 1.0977098941802979 ,lr 0.01
INFO:root:epoch 1, Episode 269, total_loss: 284.9010009765625, q_loss 283.804931640625, v_loss 1.0960623025894165 ,lr 0.01
INFO:root:epoch 1, Episode 270, total_loss: 1439.8785400390625, q_loss 1438.7808837890625, v_loss 1.0976470708847046 ,lr 0.01
INFO:root:epoch 1, Episode 271, total_loss: 142.18246459960938, q_loss 141.0885467529297, v_loss 1.0939216613769531 ,lr 0.01
INFO:root:val_loss 711.124755859375
INFO:root:epoch 1, Episode 272, total_loss: 139.17015075683594, q_loss 138.0752716064453, v_loss 1.0948724746704102 ,lr 0.01
INFO:root:epoch 1, Episode 273, total_loss: 308.6875305175781, q_loss 307.5904846191406, v_loss 1.0970574617385864 ,lr 0.01
INFO:root:epoch 1, Episode 274, total_loss: 221.6847686767578, q_loss 220.58999633789062, v_loss 1.0947703123092651 ,lr 0.01
INFO:root:epoch 1, Episode 275, total_loss: 244.30287170410156, q_loss 243.20639038085938, v_loss 1.0964844226837158 ,lr 0.01
INFO:root:epoch 1, Episode 276, total_loss: 207.51754760742188, q_loss 206.42086791992188, v_loss 1.0966830253601074 ,lr 0.01
INFO:root:epoch 1, Episode 277, total_loss: 185.40414428710938, q_loss 184.2986297607422, v_loss 1.105510950088501 ,lr 0.01
INFO:root:epoch 1, Episode 278, total_loss: 512.3160400390625, q_loss 511.224609375, v_loss 1.0914232730865479 ,lr 0.01
INFO:root:epoch 1, Episode 279, total_loss: 356.7260437011719, q_loss 355.6256408691406, v_loss 1.100393533706665 ,lr 0.01
INFO:root:epoch 1, Episode 280, total_loss: 327.7412414550781, q_loss 326.64202880859375, v_loss 1.0992265939712524 ,lr 0.01
INFO:root:epoch 1, Episode 281, total_loss: 1238.7955322265625, q_loss 1237.696533203125, v_loss 1.0989623069763184 ,lr 0.01
INFO:root:val_loss 1234.469482421875
INFO:root:epoch 1, Episode 282, total_loss: 386.3143615722656, q_loss 385.21527099609375, v_loss 1.099100112915039 ,lr 0.01
INFO:root:epoch 1, Episode 283, total_loss: 685.42822265625, q_loss 684.3125, v_loss 1.1157208681106567 ,lr 0.01
INFO:root:epoch 1, Episode 284, total_loss: 369.9253234863281, q_loss 368.8268127441406, v_loss 1.0985002517700195 ,lr 0.01
INFO:root:epoch 1, Episode 285, total_loss: 368.9002990722656, q_loss 367.80157470703125, v_loss 1.0987143516540527 ,lr 0.01
INFO:root:epoch 1, Episode 286, total_loss: 333.72265625, q_loss 332.6249084472656, v_loss 1.0977580547332764 ,lr 0.01
INFO:root:epoch 1, Episode 287, total_loss: 240.8087615966797, q_loss 239.68885803222656, v_loss 1.1198973655700684 ,lr 0.01
INFO:root:epoch 1, Episode 288, total_loss: 262.55303955078125, q_loss 261.45574951171875, v_loss 1.0973021984100342 ,lr 0.01
INFO:root:epoch 1, Episode 289, total_loss: 241.9996337890625, q_loss 240.9009552001953, v_loss 1.0986775159835815 ,lr 0.01
INFO:root:epoch 1, Episode 290, total_loss: 270.2672119140625, q_loss 269.1658935546875, v_loss 1.1013063192367554 ,lr 0.01
INFO:root:epoch 1, Episode 291, total_loss: 245.54067993164062, q_loss 244.44285583496094, v_loss 1.0978305339813232 ,lr 0.01
INFO:root:val_loss 117.29808807373047
INFO:root:epoch 1, Episode 292, total_loss: 151.23805236816406, q_loss 150.13986206054688, v_loss 1.0981950759887695 ,lr 0.01
INFO:root:epoch 1, Episode 293, total_loss: 2164.723388671875, q_loss 2163.621826171875, v_loss 1.1016509532928467 ,lr 0.01
INFO:root:epoch 1, Episode 294, total_loss: 154.6189422607422, q_loss 153.51974487304688, v_loss 1.099204659461975 ,lr 0.01
INFO:root:epoch 1, Episode 295, total_loss: 296.528564453125, q_loss 295.430419921875, v_loss 1.0981333255767822 ,lr 0.01
INFO:root:epoch 1, Episode 296, total_loss: 332.4854431152344, q_loss 331.3863525390625, v_loss 1.0990902185440063 ,lr 0.01
INFO:root:epoch 1, Episode 297, total_loss: 211.1884307861328, q_loss 210.0885467529297, v_loss 1.0998873710632324 ,lr 0.01
INFO:root:epoch 1, Episode 298, total_loss: 308.20257568359375, q_loss 307.1046447753906, v_loss 1.0979456901550293 ,lr 0.01
INFO:root:epoch 1, Episode 299, total_loss: 348.387939453125, q_loss 347.2898864746094, v_loss 1.0980433225631714 ,lr 0.01
INFO:root:epoch 1, Episode 300, total_loss: 924.0916748046875, q_loss 922.9921264648438, v_loss 1.0995261669158936 ,lr 0.01
INFO:root:epoch 1, Episode 301, total_loss: 1344.043701171875, q_loss 1342.94482421875, v_loss 1.0988709926605225 ,lr 0.01
INFO:root:val_loss 80.05265045166016
INFO:root:epoch 1, Episode 302, total_loss: 918.5988159179688, q_loss 917.498046875, v_loss 1.1007866859436035 ,lr 0.01
INFO:root:epoch 1, Episode 303, total_loss: 411.44384765625, q_loss 410.3512268066406, v_loss 1.0926299095153809 ,lr 0.01
INFO:root:epoch 1, Episode 304, total_loss: 781.7802124023438, q_loss 780.64208984375, v_loss 1.1381378173828125 ,lr 0.01
INFO:root:epoch 1, Episode 305, total_loss: 686.6961059570312, q_loss 685.5957641601562, v_loss 1.1003438234329224 ,lr 0.01
INFO:root:epoch 1, Episode 306, total_loss: 881.350830078125, q_loss 880.2510986328125, v_loss 1.0997135639190674 ,lr 0.01
INFO:root:epoch 1, Episode 307, total_loss: 270.4643859863281, q_loss 269.36669921875, v_loss 1.097680687904358 ,lr 0.01
INFO:root:epoch 1, Episode 308, total_loss: 491.0572204589844, q_loss 489.9600524902344, v_loss 1.0971786975860596 ,lr 0.01
INFO:root:epoch 1, Episode 309, total_loss: 413.0320739746094, q_loss 411.9361877441406, v_loss 1.095897912979126 ,lr 0.01
INFO:root:epoch 1, Episode 310, total_loss: 220.52159118652344, q_loss 219.42724609375, v_loss 1.094339370727539 ,lr 0.01
INFO:root:epoch 1, Episode 311, total_loss: 412.7620849609375, q_loss 411.66741943359375, v_loss 1.0946534872055054 ,lr 0.01
INFO:root:val_loss 1438.2445068359375
INFO:root:epoch 1, Episode 312, total_loss: 1036.24267578125, q_loss 1035.146484375, v_loss 1.0962258577346802 ,lr 0.01
INFO:root:epoch 1, Episode 313, total_loss: 310.8114013671875, q_loss 309.7188415527344, v_loss 1.092551827430725 ,lr 0.01
INFO:root:epoch 1, Episode 314, total_loss: 173.28965759277344, q_loss 172.1991729736328, v_loss 1.0904901027679443 ,lr 0.01
INFO:root:epoch 1, Episode 315, total_loss: 569.7442626953125, q_loss 568.6514892578125, v_loss 1.0927724838256836 ,lr 0.01
INFO:root:epoch 1, Episode 316, total_loss: 1055.1710205078125, q_loss 1054.08349609375, v_loss 1.0874903202056885 ,lr 0.01
INFO:root:epoch 1, Episode 317, total_loss: 922.8500366210938, q_loss 921.7578125, v_loss 1.09225332736969 ,lr 0.01
INFO:root:epoch 1, Episode 318, total_loss: 414.5205078125, q_loss 413.4192199707031, v_loss 1.101302146911621 ,lr 0.01
INFO:root:epoch 1, Episode 319, total_loss: 491.2598571777344, q_loss 490.17559814453125, v_loss 1.0842477083206177 ,lr 0.01
INFO:root:epoch 1, Episode 320, total_loss: 677.0741577148438, q_loss 675.9830932617188, v_loss 1.0910751819610596 ,lr 0.01
INFO:root:epoch 1, Episode 321, total_loss: 1378.4952392578125, q_loss 1377.3084716796875, v_loss 1.1867225170135498 ,lr 0.01
INFO:root:val_loss 7.022838115692139
INFO:root:epoch 1, Episode 322, total_loss: 566.68505859375, q_loss 565.5841064453125, v_loss 1.1009706258773804 ,lr 0.01
INFO:root:epoch 1, Episode 323, total_loss: 275.2516174316406, q_loss 274.1536865234375, v_loss 1.0979186296463013 ,lr 0.01
INFO:root:epoch 1, Episode 324, total_loss: 370.3975524902344, q_loss 369.2986755371094, v_loss 1.098891019821167 ,lr 0.01
INFO:root:epoch 1, Episode 325, total_loss: 565.6571655273438, q_loss 564.5584106445312, v_loss 1.0987731218338013 ,lr 0.01
INFO:root:epoch 1, Episode 326, total_loss: 127.7434310913086, q_loss 126.64434051513672, v_loss 1.0990902185440063 ,lr 0.01
INFO:root:epoch 1, Episode 327, total_loss: 221.2130126953125, q_loss 220.1133270263672, v_loss 1.0996845960617065 ,lr 0.01
INFO:root:epoch 1, Episode 328, total_loss: 224.11175537109375, q_loss 223.01235961914062, v_loss 1.0993977785110474 ,lr 0.01
INFO:root:epoch 1, Episode 329, total_loss: 450.0787658691406, q_loss 448.9768371582031, v_loss 1.101929783821106 ,lr 0.01
INFO:root:epoch 1, Episode 330, total_loss: 212.22579956054688, q_loss 211.12632751464844, v_loss 1.0994644165039062 ,lr 0.01
INFO:root:epoch 1, Episode 331, total_loss: 236.26087951660156, q_loss 235.1619873046875, v_loss 1.098885178565979 ,lr 0.01
INFO:root:val_loss 7.130956649780273
INFO:root:epoch 1, Episode 332, total_loss: 393.750244140625, q_loss 392.65478515625, v_loss 1.0954475402832031 ,lr 0.01
INFO:root:epoch 1, Episode 333, total_loss: 238.93533325195312, q_loss 237.83538818359375, v_loss 1.099937915802002 ,lr 0.01
INFO:root:epoch 1, Episode 334, total_loss: 156.8546142578125, q_loss 155.7594451904297, v_loss 1.0951648950576782 ,lr 0.01
INFO:root:epoch 1, Episode 335, total_loss: 340.86370849609375, q_loss 339.7680358886719, v_loss 1.0956809520721436 ,lr 0.01
INFO:root:epoch 1, Episode 336, total_loss: 356.2107238769531, q_loss 355.1116027832031, v_loss 1.0991116762161255 ,lr 0.01
INFO:root:epoch 1, Episode 337, total_loss: 728.4820556640625, q_loss 727.3861083984375, v_loss 1.0959172248840332 ,lr 0.01
INFO:root:epoch 1, Episode 338, total_loss: 724.8580322265625, q_loss 723.7625122070312, v_loss 1.095548152923584 ,lr 0.01
INFO:root:epoch 1, Episode 339, total_loss: 674.3106079101562, q_loss 673.2322387695312, v_loss 1.0783566236495972 ,lr 0.01
INFO:root:epoch 1, Episode 340, total_loss: 309.654296875, q_loss 308.5224304199219, v_loss 1.131864309310913 ,lr 0.01
INFO:root:epoch 1, Episode 341, total_loss: 139.23638916015625, q_loss 138.1368408203125, v_loss 1.099543809890747 ,lr 0.01
INFO:root:val_loss 674.9169311523438
INFO:root:epoch 1, Episode 342, total_loss: 324.2274475097656, q_loss 323.12982177734375, v_loss 1.0976399183273315 ,lr 0.01
INFO:root:epoch 1, Episode 343, total_loss: 239.2910614013672, q_loss 238.19192504882812, v_loss 1.0991426706314087 ,lr 0.01
INFO:root:epoch 1, Episode 344, total_loss: 511.5530700683594, q_loss 510.45391845703125, v_loss 1.099165439605713 ,lr 0.01
INFO:root:epoch 1, Episode 345, total_loss: 639.7186889648438, q_loss 638.6146850585938, v_loss 1.1040101051330566 ,lr 0.01
INFO:root:epoch 1, Episode 346, total_loss: 637.7040405273438, q_loss 636.6038208007812, v_loss 1.1002448797225952 ,lr 0.01
INFO:root:epoch 1, Episode 347, total_loss: 567.6181640625, q_loss 566.5172119140625, v_loss 1.1009726524353027 ,lr 0.01
INFO:root:epoch 1, Episode 348, total_loss: 145.12985229492188, q_loss 144.0309600830078, v_loss 1.098887324333191 ,lr 0.01
INFO:root:epoch 1, Episode 349, total_loss: 338.0455017089844, q_loss 336.9490966796875, v_loss 1.0963985919952393 ,lr 0.01
INFO:root:epoch 1, Episode 350, total_loss: 371.96844482421875, q_loss 370.85699462890625, v_loss 1.111463189125061 ,lr 0.01
INFO:root:epoch 1, Episode 351, total_loss: 210.51300048828125, q_loss 209.41818237304688, v_loss 1.094819188117981 ,lr 0.01
INFO:root:val_loss 5.490290641784668
INFO:root:epoch 1, Episode 352, total_loss: 680.1371459960938, q_loss 679.0379638671875, v_loss 1.0991896390914917 ,lr 0.01
INFO:root:epoch 1, Episode 353, total_loss: 383.91900634765625, q_loss 382.829345703125, v_loss 1.089674711227417 ,lr 0.01
INFO:root:epoch 1, Episode 354, total_loss: 240.2335662841797, q_loss 239.13943481445312, v_loss 1.0941309928894043 ,lr 0.01
INFO:root:epoch 1, Episode 355, total_loss: 357.1441345214844, q_loss 356.049560546875, v_loss 1.0945830345153809 ,lr 0.01
INFO:root:epoch 1, Episode 356, total_loss: 306.0882873535156, q_loss 304.9953918457031, v_loss 1.0928940773010254 ,lr 0.01
INFO:root:epoch 1, Episode 357, total_loss: 209.32659912109375, q_loss 208.23268127441406, v_loss 1.0939249992370605 ,lr 0.01
INFO:root:epoch 1, Episode 358, total_loss: 203.40036010742188, q_loss 202.30856323242188, v_loss 1.0917996168136597 ,lr 0.01
INFO:root:epoch 2, Episode 0, total_loss: 215.72177124023438, q_loss 214.62965393066406, v_loss 1.0921138525009155 ,lr 0.001
INFO:root:epoch 2, Episode 1, total_loss: 3346.3857421875, q_loss 3345.286376953125, v_loss 1.0994738340377808 ,lr 0.001
INFO:root:epoch 2, Episode 2, total_loss: 598.5194702148438, q_loss 597.4220581054688, v_loss 1.0974417924880981 ,lr 0.001
INFO:root:val_loss 131.0625762939453
INFO:root:epoch 2, Episode 3, total_loss: 1332.7913818359375, q_loss 1331.7003173828125, v_loss 1.0910111665725708 ,lr 0.001
INFO:root:epoch 2, Episode 4, total_loss: 260.3768310546875, q_loss 259.2839050292969, v_loss 1.0929242372512817 ,lr 0.001
INFO:root:epoch 2, Episode 5, total_loss: 258.5234680175781, q_loss 257.4304504394531, v_loss 1.0930269956588745 ,lr 0.001
INFO:root:epoch 2, Episode 6, total_loss: 129.05381774902344, q_loss 127.95870971679688, v_loss 1.095109224319458 ,lr 0.001
INFO:root:epoch 2, Episode 7, total_loss: 121.46150970458984, q_loss 120.3682861328125, v_loss 1.0932201147079468 ,lr 0.001
INFO:root:epoch 2, Episode 8, total_loss: 1044.1280517578125, q_loss 1043.0318603515625, v_loss 1.096150279045105 ,lr 0.001
INFO:root:epoch 2, Episode 9, total_loss: 729.0713500976562, q_loss 727.9762573242188, v_loss 1.095115065574646 ,lr 0.001
INFO:root:epoch 2, Episode 10, total_loss: 181.3008575439453, q_loss 180.20762634277344, v_loss 1.0932337045669556 ,lr 0.001
INFO:root:epoch 2, Episode 11, total_loss: 846.101318359375, q_loss 844.9965209960938, v_loss 1.1047954559326172 ,lr 0.001
INFO:root:epoch 2, Episode 12, total_loss: 513.4155883789062, q_loss 512.3209838867188, v_loss 1.0946125984191895 ,lr 0.001
INFO:root:val_loss 6.946404457092285
INFO:root:epoch 2, Episode 13, total_loss: 221.91212463378906, q_loss 220.81625366210938, v_loss 1.0958704948425293 ,lr 0.001
INFO:root:epoch 2, Episode 14, total_loss: 213.710693359375, q_loss 212.616455078125, v_loss 1.0942370891571045 ,lr 0.001
INFO:root:epoch 2, Episode 15, total_loss: 161.77557373046875, q_loss 160.6820526123047, v_loss 1.0935194492340088 ,lr 0.001
INFO:root:epoch 2, Episode 16, total_loss: 2509.906982421875, q_loss 2508.81396484375, v_loss 1.0929934978485107 ,lr 0.001
INFO:root:epoch 2, Episode 17, total_loss: 542.853759765625, q_loss 541.75830078125, v_loss 1.0954431295394897 ,lr 0.001
INFO:root:epoch 2, Episode 18, total_loss: 401.1476745605469, q_loss 400.0458679199219, v_loss 1.1017942428588867 ,lr 0.001
INFO:root:epoch 2, Episode 19, total_loss: 277.3133850097656, q_loss 276.217041015625, v_loss 1.0963389873504639 ,lr 0.001
INFO:root:epoch 2, Episode 20, total_loss: 232.1360626220703, q_loss 231.03952026367188, v_loss 1.0965441465377808 ,lr 0.001
INFO:root:epoch 2, Episode 21, total_loss: 238.77731323242188, q_loss 237.68319702148438, v_loss 1.0941143035888672 ,lr 0.001
INFO:root:epoch 2, Episode 22, total_loss: 430.54400634765625, q_loss 429.4502868652344, v_loss 1.0937087535858154 ,lr 0.001
INFO:root:val_loss 93.36701202392578
INFO:root:epoch 2, Episode 23, total_loss: 398.0584716796875, q_loss 396.95611572265625, v_loss 1.1023483276367188 ,lr 0.001
INFO:root:epoch 2, Episode 24, total_loss: 189.68101501464844, q_loss 188.58517456054688, v_loss 1.0958393812179565 ,lr 0.001
INFO:root:epoch 2, Episode 25, total_loss: 1684.9820556640625, q_loss 1683.887451171875, v_loss 1.094609022140503 ,lr 0.001
INFO:root:epoch 2, Episode 26, total_loss: 151.6631317138672, q_loss 150.5680694580078, v_loss 1.0950593948364258 ,lr 0.001
INFO:root:epoch 2, Episode 27, total_loss: 326.29913330078125, q_loss 325.20159912109375, v_loss 1.0975393056869507 ,lr 0.001
INFO:root:epoch 2, Episode 28, total_loss: 161.6841278076172, q_loss 160.58822631835938, v_loss 1.095901370048523 ,lr 0.001
INFO:root:epoch 2, Episode 29, total_loss: 922.1775512695312, q_loss 921.0858764648438, v_loss 1.0916959047317505 ,lr 0.001
INFO:root:epoch 2, Episode 30, total_loss: 321.8539733886719, q_loss 320.75604248046875, v_loss 1.0979284048080444 ,lr 0.001
INFO:root:epoch 2, Episode 31, total_loss: 384.225830078125, q_loss 383.125, v_loss 1.1008226871490479 ,lr 0.001
INFO:root:epoch 2, Episode 32, total_loss: 232.36965942382812, q_loss 231.26947021484375, v_loss 1.1001838445663452 ,lr 0.001
INFO:root:val_loss 9.48476791381836
INFO:root:epoch 2, Episode 33, total_loss: 270.0600280761719, q_loss 268.9629211425781, v_loss 1.0970995426177979 ,lr 0.001
INFO:root:epoch 2, Episode 34, total_loss: 211.5095977783203, q_loss 210.41412353515625, v_loss 1.0954784154891968 ,lr 0.001
INFO:root:epoch 2, Episode 35, total_loss: 289.95159912109375, q_loss 288.8602600097656, v_loss 1.0913417339324951 ,lr 0.001
INFO:root:epoch 2, Episode 36, total_loss: 325.2684326171875, q_loss 324.1622009277344, v_loss 1.1062273979187012 ,lr 0.001
INFO:root:epoch 2, Episode 37, total_loss: 844.5438842773438, q_loss 843.4451904296875, v_loss 1.098668098449707 ,lr 0.001
INFO:root:epoch 2, Episode 38, total_loss: 285.7236022949219, q_loss 284.6264953613281, v_loss 1.0971182584762573 ,lr 0.001
INFO:root:epoch 2, Episode 39, total_loss: 602.579833984375, q_loss 601.4813842773438, v_loss 1.098436713218689 ,lr 0.001
INFO:root:epoch 2, Episode 40, total_loss: 211.5279083251953, q_loss 210.43202209472656, v_loss 1.0958865880966187 ,lr 0.001
INFO:root:epoch 2, Episode 41, total_loss: 495.2164306640625, q_loss 494.12158203125, v_loss 1.0948632955551147 ,lr 0.001
INFO:root:epoch 2, Episode 42, total_loss: 4940.2490234375, q_loss 4939.220703125, v_loss 1.028318166732788 ,lr 0.001
INFO:root:val_loss 6313.7705078125
INFO:root:epoch 2, Episode 43, total_loss: 4857.5341796875, q_loss 4856.67529296875, v_loss 0.8590864539146423 ,lr 0.001
INFO:root:epoch 2, Episode 44, total_loss: 216.2919158935547, q_loss 215.19174194335938, v_loss 1.1001743078231812 ,lr 0.001
INFO:root:epoch 2, Episode 45, total_loss: 652.0244750976562, q_loss 650.9274291992188, v_loss 1.0970455408096313 ,lr 0.001
INFO:root:epoch 2, Episode 46, total_loss: 292.61407470703125, q_loss 291.5162658691406, v_loss 1.0978150367736816 ,lr 0.001
INFO:root:epoch 2, Episode 47, total_loss: 257.7996826171875, q_loss 256.70281982421875, v_loss 1.0968666076660156 ,lr 0.001
INFO:root:epoch 2, Episode 48, total_loss: 541.9307250976562, q_loss 540.8333740234375, v_loss 1.0973249673843384 ,lr 0.001
INFO:root:epoch 2, Episode 49, total_loss: 208.58172607421875, q_loss 207.4843292236328, v_loss 1.0973917245864868 ,lr 0.001
INFO:root:epoch 2, Episode 50, total_loss: 1015.4472045898438, q_loss 1014.37353515625, v_loss 1.0736571550369263 ,lr 0.001
INFO:root:epoch 2, Episode 51, total_loss: 324.95355224609375, q_loss 323.84283447265625, v_loss 1.1107313632965088 ,lr 0.001
INFO:root:epoch 2, Episode 52, total_loss: 490.22808837890625, q_loss 489.11590576171875, v_loss 1.1121689081192017 ,lr 0.001
INFO:root:val_loss 798.2286376953125
INFO:root:epoch 2, Episode 53, total_loss: 290.6350402832031, q_loss 289.5377502441406, v_loss 1.0972914695739746 ,lr 0.001
INFO:root:epoch 2, Episode 54, total_loss: 679.458984375, q_loss 678.35986328125, v_loss 1.0991452932357788 ,lr 0.001
INFO:root:epoch 2, Episode 55, total_loss: 367.95550537109375, q_loss 366.8578796386719, v_loss 1.097628116607666 ,lr 0.001
INFO:root:epoch 2, Episode 56, total_loss: 682.1986083984375, q_loss 681.0994262695312, v_loss 1.0992012023925781 ,lr 0.001
INFO:root:epoch 2, Episode 57, total_loss: 1265.305908203125, q_loss 1264.20751953125, v_loss 1.0983396768569946 ,lr 0.001
INFO:root:epoch 2, Episode 58, total_loss: 412.71099853515625, q_loss 411.6122131347656, v_loss 1.0987783670425415 ,lr 0.001
INFO:root:epoch 2, Episode 59, total_loss: 308.1727600097656, q_loss 307.0741271972656, v_loss 1.0986398458480835 ,lr 0.001
INFO:root:epoch 2, Episode 60, total_loss: 306.51263427734375, q_loss 305.4139709472656, v_loss 1.0986775159835815 ,lr 0.001
INFO:root:epoch 2, Episode 61, total_loss: 167.8388671875, q_loss 166.73968505859375, v_loss 1.0991878509521484 ,lr 0.001
INFO:root:epoch 2, Episode 62, total_loss: 1448.0242919921875, q_loss 1446.9251708984375, v_loss 1.0991110801696777 ,lr 0.001
INFO:root:val_loss 8.146692276000977
INFO:root:epoch 2, Episode 63, total_loss: 140.67698669433594, q_loss 139.5803985595703, v_loss 1.0965849161148071 ,lr 0.001
INFO:root:epoch 2, Episode 64, total_loss: 323.357666015625, q_loss 322.2742919921875, v_loss 1.0833650827407837 ,lr 0.001
INFO:root:epoch 2, Episode 65, total_loss: 370.294921875, q_loss 369.1717834472656, v_loss 1.1231428384780884 ,lr 0.001
INFO:root:epoch 2, Episode 66, total_loss: 1270.2276611328125, q_loss 1269.1290283203125, v_loss 1.098593831062317 ,lr 0.001
INFO:root:epoch 2, Episode 67, total_loss: 235.4828338623047, q_loss 234.37606811523438, v_loss 1.106772780418396 ,lr 0.001
INFO:root:epoch 2, Episode 68, total_loss: 844.3976440429688, q_loss 843.2987060546875, v_loss 1.0989265441894531 ,lr 0.001
INFO:root:epoch 2, Episode 69, total_loss: 491.9031677246094, q_loss 490.80389404296875, v_loss 1.0992772579193115 ,lr 0.001
INFO:root:epoch 2, Episode 70, total_loss: 1261.978515625, q_loss 1260.761962890625, v_loss 1.2165201902389526 ,lr 0.001
INFO:root:epoch 2, Episode 71, total_loss: 731.537841796875, q_loss 730.4386596679688, v_loss 1.0991997718811035 ,lr 0.001
INFO:root:epoch 2, Episode 72, total_loss: 385.1288757324219, q_loss 384.0254211425781, v_loss 1.103463888168335 ,lr 0.001
INFO:root:val_loss 1607.7734375
INFO:root:epoch 2, Episode 73, total_loss: 573.8960571289062, q_loss 572.7976684570312, v_loss 1.0983644723892212 ,lr 0.001
INFO:root:epoch 2, Episode 74, total_loss: 369.2470397949219, q_loss 368.1484680175781, v_loss 1.0985641479492188 ,lr 0.001
INFO:root:epoch 2, Episode 75, total_loss: 1436.0936279296875, q_loss 1434.9268798828125, v_loss 1.1667406558990479 ,lr 0.001
INFO:root:epoch 2, Episode 76, total_loss: 226.5186767578125, q_loss 225.42018127441406, v_loss 1.0985021591186523 ,lr 0.001
INFO:root:epoch 2, Episode 77, total_loss: 862.1613159179688, q_loss 861.0631103515625, v_loss 1.09818434715271 ,lr 0.001
INFO:root:epoch 2, Episode 78, total_loss: 397.76007080078125, q_loss 396.6615905761719, v_loss 1.0984705686569214 ,lr 0.001
INFO:root:epoch 2, Episode 79, total_loss: 243.8074951171875, q_loss 242.7093505859375, v_loss 1.0981379747390747 ,lr 0.001
INFO:root:epoch 2, Episode 80, total_loss: 1131.0738525390625, q_loss 1129.9371337890625, v_loss 1.1367777585983276 ,lr 0.001
INFO:root:epoch 2, Episode 81, total_loss: 398.1353454589844, q_loss 397.0367736816406, v_loss 1.098583459854126 ,lr 0.001
INFO:root:epoch 2, Episode 82, total_loss: 309.2618408203125, q_loss 308.1614074707031, v_loss 1.1004304885864258 ,lr 0.001
INFO:root:val_loss 7.188838958740234
INFO:root:epoch 2, Episode 83, total_loss: 675.7265625, q_loss 674.6331176757812, v_loss 1.0934721231460571 ,lr 0.001
INFO:root:epoch 2, Episode 84, total_loss: 325.7586669921875, q_loss 324.66021728515625, v_loss 1.0984374284744263 ,lr 0.001
INFO:root:epoch 2, Episode 85, total_loss: 1268.9158935546875, q_loss 1267.7939453125, v_loss 1.1219854354858398 ,lr 0.001
INFO:root:epoch 2, Episode 86, total_loss: 537.9805297851562, q_loss 536.8776245117188, v_loss 1.1029106378555298 ,lr 0.001
INFO:root:epoch 2, Episode 87, total_loss: 239.9815673828125, q_loss 238.87713623046875, v_loss 1.1044334173202515 ,lr 0.001
INFO:root:epoch 2, Episode 88, total_loss: 171.44857788085938, q_loss 170.3502960205078, v_loss 1.0982755422592163 ,lr 0.001
INFO:root:epoch 2, Episode 89, total_loss: 638.6327514648438, q_loss 637.5350952148438, v_loss 1.0976603031158447 ,lr 0.001
INFO:root:epoch 2, Episode 90, total_loss: 157.38983154296875, q_loss 156.2916717529297, v_loss 1.0981559753417969 ,lr 0.001
INFO:root:epoch 2, Episode 91, total_loss: 218.1180877685547, q_loss 217.02005004882812, v_loss 1.0980302095413208 ,lr 0.001
INFO:root:epoch 2, Episode 92, total_loss: 136.1223602294922, q_loss 135.024169921875, v_loss 1.0981874465942383 ,lr 0.001
INFO:root:val_loss 604.2631225585938
INFO:root:epoch 2, Episode 93, total_loss: 308.3681640625, q_loss 307.24237060546875, v_loss 1.1257798671722412 ,lr 0.001
INFO:root:epoch 2, Episode 94, total_loss: 1682.17529296875, q_loss 1681.0750732421875, v_loss 1.100188970565796 ,lr 0.001
INFO:root:epoch 2, Episode 95, total_loss: 487.5358581542969, q_loss 486.41082763671875, v_loss 1.125025987625122 ,lr 0.001
INFO:root:epoch 2, Episode 96, total_loss: 598.3411865234375, q_loss 597.242919921875, v_loss 1.0982706546783447 ,lr 0.001
INFO:root:epoch 2, Episode 97, total_loss: 2569.7880859375, q_loss 2568.6796875, v_loss 1.108492374420166 ,lr 0.001
INFO:root:epoch 2, Episode 98, total_loss: 360.26776123046875, q_loss 359.1549987792969, v_loss 1.1127653121948242 ,lr 0.001
INFO:root:epoch 2, Episode 99, total_loss: 570.6698608398438, q_loss 569.5717163085938, v_loss 1.0981509685516357 ,lr 0.001
INFO:root:epoch 2, Episode 100, total_loss: 251.25384521484375, q_loss 250.155517578125, v_loss 1.0983328819274902 ,lr 0.001
INFO:root:epoch 2, Episode 101, total_loss: 308.2654113769531, q_loss 307.1677551269531, v_loss 1.097646951675415 ,lr 0.001
INFO:root:epoch 2, Episode 102, total_loss: 1679.3978271484375, q_loss 1678.298828125, v_loss 1.098974585533142 ,lr 0.001
INFO:root:val_loss 2917.13037109375
INFO:root:epoch 2, Episode 103, total_loss: 355.90740966796875, q_loss 354.8070373535156, v_loss 1.100374460220337 ,lr 0.001
INFO:root:epoch 2, Episode 104, total_loss: 2517.829345703125, q_loss 2516.719970703125, v_loss 1.109339714050293 ,lr 0.001
INFO:root:epoch 2, Episode 105, total_loss: 217.1414031982422, q_loss 216.03431701660156, v_loss 1.1070852279663086 ,lr 0.001
INFO:root:epoch 2, Episode 106, total_loss: 489.10772705078125, q_loss 488.0093688964844, v_loss 1.0983678102493286 ,lr 0.001
INFO:root:epoch 2, Episode 107, total_loss: 409.58721923828125, q_loss 408.4658203125, v_loss 1.121412754058838 ,lr 0.001
INFO:root:epoch 2, Episode 108, total_loss: 1397.3336181640625, q_loss 1396.236083984375, v_loss 1.0975735187530518 ,lr 0.001
INFO:root:epoch 2, Episode 109, total_loss: 467.4041748046875, q_loss 466.30609130859375, v_loss 1.0980743169784546 ,lr 0.001
INFO:root:epoch 2, Episode 110, total_loss: 846.4364624023438, q_loss 845.308837890625, v_loss 1.1276185512542725 ,lr 0.001
INFO:root:epoch 2, Episode 111, total_loss: 1337.4757080078125, q_loss 1336.37890625, v_loss 1.0967953205108643 ,lr 0.001
INFO:root:epoch 2, Episode 112, total_loss: 231.2161102294922, q_loss 230.1193389892578, v_loss 1.0967731475830078 ,lr 0.001
INFO:root:val_loss 760.5264892578125
INFO:root:epoch 2, Episode 113, total_loss: 145.25128173828125, q_loss 144.1521759033203, v_loss 1.0991004705429077 ,lr 0.001
INFO:root:epoch 2, Episode 114, total_loss: 570.8695678710938, q_loss 569.7914428710938, v_loss 1.0781104564666748 ,lr 0.001
INFO:root:epoch 2, Episode 115, total_loss: 241.92835998535156, q_loss 240.8299560546875, v_loss 1.0984076261520386 ,lr 0.001
INFO:root:epoch 2, Episode 116, total_loss: 145.4728240966797, q_loss 144.3749542236328, v_loss 1.0978623628616333 ,lr 0.001
INFO:root:epoch 2, Episode 117, total_loss: 449.28179931640625, q_loss 448.1781311035156, v_loss 1.1036603450775146 ,lr 0.001
INFO:root:epoch 2, Episode 118, total_loss: 337.489990234375, q_loss 336.3846130371094, v_loss 1.1053918600082397 ,lr 0.001
INFO:root:epoch 2, Episode 119, total_loss: 146.4860076904297, q_loss 145.38929748535156, v_loss 1.0967161655426025 ,lr 0.001
INFO:root:epoch 2, Episode 120, total_loss: 318.1383972167969, q_loss 317.0373840332031, v_loss 1.1010050773620605 ,lr 0.001
INFO:root:epoch 2, Episode 121, total_loss: 213.4404296875, q_loss 212.33755493164062, v_loss 1.102878212928772 ,lr 0.001
INFO:root:epoch 2, Episode 122, total_loss: 147.012939453125, q_loss 145.91549682617188, v_loss 1.0974432229995728 ,lr 0.001
INFO:root:val_loss 74.23603057861328
INFO:root:epoch 2, Episode 123, total_loss: 370.80169677734375, q_loss 369.7182922363281, v_loss 1.0834014415740967 ,lr 0.001
INFO:root:epoch 2, Episode 124, total_loss: 513.2769775390625, q_loss 512.1782836914062, v_loss 1.0986682176589966 ,lr 0.001
INFO:root:epoch 2, Episode 125, total_loss: 158.9449920654297, q_loss 157.8476104736328, v_loss 1.0973808765411377 ,lr 0.001
INFO:root:epoch 2, Episode 126, total_loss: 268.1325378417969, q_loss 267.029296875, v_loss 1.1032474040985107 ,lr 0.001
INFO:root:epoch 2, Episode 127, total_loss: 1440.0955810546875, q_loss 1438.98974609375, v_loss 1.105797529220581 ,lr 0.001
INFO:root:epoch 2, Episode 128, total_loss: 307.156494140625, q_loss 306.05767822265625, v_loss 1.0988194942474365 ,lr 0.001
INFO:root:epoch 2, Episode 129, total_loss: 568.4585571289062, q_loss 567.3626098632812, v_loss 1.0959537029266357 ,lr 0.001
INFO:root:epoch 2, Episode 130, total_loss: 198.2972412109375, q_loss 197.1974334716797, v_loss 1.0998070240020752 ,lr 0.001
INFO:root:epoch 2, Episode 131, total_loss: 274.54522705078125, q_loss 273.4486389160156, v_loss 1.0965917110443115 ,lr 0.001
INFO:root:epoch 2, Episode 132, total_loss: 414.2663879394531, q_loss 413.1685485839844, v_loss 1.0978474617004395 ,lr 0.001
INFO:root:val_loss 76.223876953125
INFO:root:epoch 2, Episode 133, total_loss: 1012.1383666992188, q_loss 1011.0401611328125, v_loss 1.0982308387756348 ,lr 0.001
INFO:root:epoch 2, Episode 134, total_loss: 230.12496948242188, q_loss 229.032470703125, v_loss 1.0925042629241943 ,lr 0.001
INFO:root:epoch 2, Episode 135, total_loss: 229.34996032714844, q_loss 228.26132202148438, v_loss 1.0886415243148804 ,lr 0.001
INFO:root:epoch 2, Episode 136, total_loss: 1483.8426513671875, q_loss 1482.744873046875, v_loss 1.0977773666381836 ,lr 0.001
INFO:root:epoch 2, Episode 137, total_loss: 324.10650634765625, q_loss 323.00927734375, v_loss 1.0972206592559814 ,lr 0.001
INFO:root:epoch 2, Episode 138, total_loss: 333.0934753417969, q_loss 331.9966125488281, v_loss 1.0968652963638306 ,lr 0.001
INFO:root:epoch 2, Episode 139, total_loss: 171.91429138183594, q_loss 170.81617736816406, v_loss 1.0981090068817139 ,lr 0.001
INFO:root:epoch 2, Episode 140, total_loss: 909.277587890625, q_loss 908.1802978515625, v_loss 1.0972763299942017 ,lr 0.001
INFO:root:epoch 2, Episode 141, total_loss: 145.25979614257812, q_loss 144.16087341308594, v_loss 1.0989179611206055 ,lr 0.001
INFO:root:epoch 2, Episode 142, total_loss: 428.913330078125, q_loss 427.815185546875, v_loss 1.0981478691101074 ,lr 0.001
INFO:root:val_loss 7.945730686187744
INFO:root:epoch 2, Episode 143, total_loss: 1675.4383544921875, q_loss 1674.3427734375, v_loss 1.0955514907836914 ,lr 0.001
INFO:root:epoch 2, Episode 144, total_loss: 1684.96435546875, q_loss 1683.8680419921875, v_loss 1.0962778329849243 ,lr 0.001
INFO:root:epoch 2, Episode 145, total_loss: 137.8628387451172, q_loss 136.7667236328125, v_loss 1.096108317375183 ,lr 0.001
INFO:root:epoch 2, Episode 146, total_loss: 346.21728515625, q_loss 345.08990478515625, v_loss 1.1273778676986694 ,lr 0.001
INFO:root:epoch 2, Episode 147, total_loss: 565.758544921875, q_loss 564.6533813476562, v_loss 1.1051393747329712 ,lr 0.001
INFO:root:epoch 2, Episode 148, total_loss: 237.48458862304688, q_loss 236.38772583007812, v_loss 1.0968576669692993 ,lr 0.001
INFO:root:epoch 2, Episode 149, total_loss: 113.79277038574219, q_loss 112.69629669189453, v_loss 1.0964771509170532 ,lr 0.001
INFO:root:epoch 2, Episode 150, total_loss: 638.8338623046875, q_loss 637.7240600585938, v_loss 1.1097941398620605 ,lr 0.001
INFO:root:epoch 2, Episode 151, total_loss: 467.1954650878906, q_loss 466.0969543457031, v_loss 1.0985100269317627 ,lr 0.001
INFO:root:epoch 2, Episode 152, total_loss: 149.3474578857422, q_loss 148.25144958496094, v_loss 1.0960129499435425 ,lr 0.001
INFO:root:val_loss 6.788111686706543
INFO:root:epoch 2, Episode 153, total_loss: 399.2322692871094, q_loss 398.1339416503906, v_loss 1.098331332206726 ,lr 0.001
INFO:root:epoch 2, Episode 154, total_loss: 568.7473754882812, q_loss 567.6539916992188, v_loss 1.093361258506775 ,lr 0.001
INFO:root:epoch 2, Episode 155, total_loss: 923.987548828125, q_loss 922.8895263671875, v_loss 1.0980477333068848 ,lr 0.001
INFO:root:epoch 2, Episode 156, total_loss: 1398.9306640625, q_loss 1397.8348388671875, v_loss 1.0958119630813599 ,lr 0.001
INFO:root:epoch 2, Episode 157, total_loss: 196.88685607910156, q_loss 195.7911376953125, v_loss 1.0957175493240356 ,lr 0.001
INFO:root:epoch 2, Episode 158, total_loss: 119.0654525756836, q_loss 117.96961975097656, v_loss 1.0958331823349 ,lr 0.001
INFO:root:epoch 2, Episode 159, total_loss: 415.8642272949219, q_loss 414.7679138183594, v_loss 1.0963077545166016 ,lr 0.001
INFO:root:epoch 2, Episode 160, total_loss: 251.3924102783203, q_loss 250.29647827148438, v_loss 1.095925211906433 ,lr 0.001
INFO:root:epoch 2, Episode 161, total_loss: 288.8089294433594, q_loss 287.71417236328125, v_loss 1.0947667360305786 ,lr 0.001
INFO:root:epoch 2, Episode 162, total_loss: 245.32110595703125, q_loss 244.2251739501953, v_loss 1.0959277153015137 ,lr 0.001
INFO:root:val_loss 131.42478942871094
INFO:root:epoch 2, Episode 163, total_loss: 428.2023620605469, q_loss 427.1036071777344, v_loss 1.0987638235092163 ,lr 0.001
INFO:root:epoch 2, Episode 164, total_loss: 255.7224884033203, q_loss 254.6255645751953, v_loss 1.0969195365905762 ,lr 0.001
INFO:root:epoch 2, Episode 165, total_loss: 284.3075256347656, q_loss 283.2106018066406, v_loss 1.0969276428222656 ,lr 0.001
INFO:root:epoch 2, Episode 166, total_loss: 433.64202880859375, q_loss 432.5455322265625, v_loss 1.0964889526367188 ,lr 0.001
INFO:root:epoch 2, Episode 167, total_loss: 1082.50048828125, q_loss 1081.4044189453125, v_loss 1.0960934162139893 ,lr 0.001
INFO:root:epoch 2, Episode 168, total_loss: 1130.707275390625, q_loss 1129.605224609375, v_loss 1.102038860321045 ,lr 0.001
INFO:root:epoch 2, Episode 169, total_loss: 205.78555297851562, q_loss 204.6893310546875, v_loss 1.0962250232696533 ,lr 0.001
INFO:root:epoch 2, Episode 170, total_loss: 1067.9339599609375, q_loss 1066.8380126953125, v_loss 1.0959951877593994 ,lr 0.001
INFO:root:epoch 2, Episode 171, total_loss: 398.02838134765625, q_loss 396.9318542480469, v_loss 1.0965423583984375 ,lr 0.001
INFO:root:epoch 2, Episode 172, total_loss: 331.6718444824219, q_loss 330.574462890625, v_loss 1.0973697900772095 ,lr 0.001
INFO:root:val_loss 213.94717407226562
INFO:root:epoch 2, Episode 173, total_loss: 273.62030029296875, q_loss 272.5254211425781, v_loss 1.0948667526245117 ,lr 0.001
INFO:root:epoch 2, Episode 174, total_loss: 193.87203979492188, q_loss 192.77365112304688, v_loss 1.0983961820602417 ,lr 0.001
INFO:root:epoch 2, Episode 175, total_loss: 680.8987426757812, q_loss 679.8184814453125, v_loss 1.080278754234314 ,lr 0.001
INFO:root:epoch 2, Episode 176, total_loss: 198.36575317382812, q_loss 197.27635192871094, v_loss 1.0894008874893188 ,lr 0.001
INFO:root:epoch 2, Episode 177, total_loss: 925.9505615234375, q_loss 924.8509521484375, v_loss 1.0995897054672241 ,lr 0.001
INFO:root:epoch 2, Episode 178, total_loss: 540.0723876953125, q_loss 538.9548950195312, v_loss 1.1175200939178467 ,lr 0.001
INFO:root:epoch 2, Episode 179, total_loss: 268.26434326171875, q_loss 267.1693115234375, v_loss 1.095017671585083 ,lr 0.001
INFO:root:epoch 2, Episode 180, total_loss: 183.32546997070312, q_loss 182.2310028076172, v_loss 1.0944676399230957 ,lr 0.001
INFO:root:epoch 2, Episode 181, total_loss: 3344.575927734375, q_loss 3343.47802734375, v_loss 1.0978848934173584 ,lr 0.001
INFO:root:epoch 2, Episode 182, total_loss: 637.534912109375, q_loss 636.4380493164062, v_loss 1.0968899726867676 ,lr 0.001
INFO:root:val_loss 529.3477172851562
INFO:root:epoch 2, Episode 183, total_loss: 1263.35400390625, q_loss 1262.268310546875, v_loss 1.085641860961914 ,lr 0.001
INFO:root:epoch 2, Episode 184, total_loss: 316.2259826660156, q_loss 315.1301574707031, v_loss 1.095839023590088 ,lr 0.001
INFO:root:epoch 2, Episode 185, total_loss: 561.1881713867188, q_loss 560.0972900390625, v_loss 1.0909112691879272 ,lr 0.001
INFO:root:epoch 2, Episode 186, total_loss: 281.80035400390625, q_loss 280.7036437988281, v_loss 1.096696376800537 ,lr 0.001
INFO:root:epoch 2, Episode 187, total_loss: 269.117919921875, q_loss 268.019775390625, v_loss 1.0981435775756836 ,lr 0.001
INFO:root:epoch 2, Episode 188, total_loss: 132.38134765625, q_loss 131.28353881835938, v_loss 1.0978083610534668 ,lr 0.001
INFO:root:epoch 2, Episode 189, total_loss: 1121.6336669921875, q_loss 1120.535400390625, v_loss 1.0983264446258545 ,lr 0.001
INFO:root:epoch 2, Episode 190, total_loss: 978.92578125, q_loss 977.8280029296875, v_loss 1.097765326499939 ,lr 0.001
INFO:root:epoch 2, Episode 191, total_loss: 222.4393768310547, q_loss 221.339599609375, v_loss 1.09978449344635 ,lr 0.001
INFO:root:epoch 2, Episode 192, total_loss: 490.1316833496094, q_loss 489.0332946777344, v_loss 1.0983830690383911 ,lr 0.001
INFO:root:val_loss 7.883462905883789
INFO:root:epoch 2, Episode 193, total_loss: 287.1565246582031, q_loss 286.057373046875, v_loss 1.0991384983062744 ,lr 0.001
INFO:root:epoch 2, Episode 194, total_loss: 389.7157287597656, q_loss 388.6165466308594, v_loss 1.0991706848144531 ,lr 0.001
INFO:root:epoch 2, Episode 195, total_loss: 251.01242065429688, q_loss 249.9132080078125, v_loss 1.0992202758789062 ,lr 0.001
INFO:root:epoch 2, Episode 196, total_loss: 415.8710021972656, q_loss 414.7724609375, v_loss 1.0985314846038818 ,lr 0.001
INFO:root:epoch 2, Episode 197, total_loss: 1265.752197265625, q_loss 1264.6466064453125, v_loss 1.1056311130523682 ,lr 0.001
INFO:root:epoch 2, Episode 198, total_loss: 349.6298828125, q_loss 348.5309143066406, v_loss 1.0989742279052734 ,lr 0.001
INFO:root:epoch 2, Episode 199, total_loss: 530.3231811523438, q_loss 529.2192993164062, v_loss 1.1038713455200195 ,lr 0.001
INFO:root:epoch 2, Episode 200, total_loss: 400.7886047363281, q_loss 399.6898193359375, v_loss 1.0987910032272339 ,lr 0.001
INFO:root:epoch 2, Episode 201, total_loss: 5003.11376953125, q_loss 5002.015625, v_loss 1.0979928970336914 ,lr 0.001
INFO:root:epoch 2, Episode 202, total_loss: 258.52508544921875, q_loss 257.42657470703125, v_loss 1.0984963178634644 ,lr 0.001
INFO:root:val_loss 69.1898422241211
INFO:root:epoch 2, Episode 203, total_loss: 335.6614685058594, q_loss 334.5633544921875, v_loss 1.0981017351150513 ,lr 0.001
INFO:root:epoch 2, Episode 204, total_loss: 354.3954162597656, q_loss 353.287841796875, v_loss 1.1075870990753174 ,lr 0.001
INFO:root:epoch 2, Episode 205, total_loss: 1017.6527099609375, q_loss 1016.5545043945312, v_loss 1.0981991291046143 ,lr 0.001
INFO:root:epoch 2, Episode 206, total_loss: 603.8682861328125, q_loss 602.7699584960938, v_loss 1.0983471870422363 ,lr 0.001
INFO:root:epoch 2, Episode 207, total_loss: 353.49163818359375, q_loss 352.38140869140625, v_loss 1.110217571258545 ,lr 0.001
INFO:root:epoch 2, Episode 208, total_loss: 849.2595825195312, q_loss 848.1618041992188, v_loss 1.097782850265503 ,lr 0.001
INFO:root:epoch 2, Episode 209, total_loss: 211.34732055664062, q_loss 210.2462615966797, v_loss 1.1010541915893555 ,lr 0.001
INFO:root:epoch 2, Episode 210, total_loss: 685.7962036132812, q_loss 684.697998046875, v_loss 1.098233699798584 ,lr 0.001
INFO:root:epoch 2, Episode 211, total_loss: 540.7811279296875, q_loss 539.6831665039062, v_loss 1.0979849100112915 ,lr 0.001
INFO:root:epoch 2, Episode 212, total_loss: 372.06878662109375, q_loss 370.9684753417969, v_loss 1.1002984046936035 ,lr 0.001
INFO:root:val_loss 970.7433471679688
INFO:root:epoch 2, Episode 213, total_loss: 1122.0147705078125, q_loss 1120.9163818359375, v_loss 1.0984447002410889 ,lr 0.001
INFO:root:epoch 2, Episode 214, total_loss: 355.5847473144531, q_loss 354.4872131347656, v_loss 1.0975285768508911 ,lr 0.001
INFO:root:epoch 2, Episode 215, total_loss: 680.9520263671875, q_loss 679.8521118164062, v_loss 1.0999280214309692 ,lr 0.001
INFO:root:epoch 2, Episode 216, total_loss: 415.0549011230469, q_loss 413.9569091796875, v_loss 1.0979787111282349 ,lr 0.001
INFO:root:epoch 2, Episode 217, total_loss: 217.61965942382812, q_loss 216.5231170654297, v_loss 1.0965428352355957 ,lr 0.001
INFO:root:epoch 2, Episode 218, total_loss: 253.8459014892578, q_loss 252.7349090576172, v_loss 1.1109963655471802 ,lr 0.001
INFO:root:epoch 2, Episode 219, total_loss: 264.50616455078125, q_loss 263.409423828125, v_loss 1.0967391729354858 ,lr 0.001
INFO:root:epoch 2, Episode 220, total_loss: 1439.6903076171875, q_loss 1438.5914306640625, v_loss 1.0988717079162598 ,lr 0.001
INFO:root:epoch 2, Episode 221, total_loss: 2013.0706787109375, q_loss 2011.971923828125, v_loss 1.098732352256775 ,lr 0.001
INFO:root:epoch 2, Episode 222, total_loss: 1208.0301513671875, q_loss 1206.9320068359375, v_loss 1.098096251487732 ,lr 0.001
INFO:root:val_loss 1841.52880859375
INFO:root:epoch 2, Episode 223, total_loss: 370.04119873046875, q_loss 368.9430236816406, v_loss 1.09818434715271 ,lr 0.001
INFO:root:epoch 2, Episode 224, total_loss: 245.5139617919922, q_loss 244.4173126220703, v_loss 1.096655011177063 ,lr 0.001
INFO:root:epoch 2, Episode 225, total_loss: 537.0932006835938, q_loss 535.9957275390625, v_loss 1.0974940061569214 ,lr 0.001
INFO:root:epoch 2, Episode 226, total_loss: 235.8621063232422, q_loss 234.7666473388672, v_loss 1.0954606533050537 ,lr 0.001
INFO:root:epoch 2, Episode 227, total_loss: 2509.646484375, q_loss 2508.54833984375, v_loss 1.098236083984375 ,lr 0.001
INFO:root:epoch 2, Episode 228, total_loss: 1320.0159912109375, q_loss 1318.9180908203125, v_loss 1.0979557037353516 ,lr 0.001
INFO:root:epoch 2, Episode 229, total_loss: 299.4588623046875, q_loss 298.3607482910156, v_loss 1.0981175899505615 ,lr 0.001
INFO:root:epoch 2, Episode 230, total_loss: 2514.514892578125, q_loss 2513.415771484375, v_loss 1.099071741104126 ,lr 0.001
INFO:root:epoch 2, Episode 231, total_loss: 1679.04541015625, q_loss 1677.92578125, v_loss 1.119612455368042 ,lr 0.001
INFO:root:epoch 2, Episode 232, total_loss: 277.13946533203125, q_loss 276.0412292480469, v_loss 1.098239541053772 ,lr 0.001
INFO:root:val_loss 7.856170654296875
INFO:root:epoch 2, Episode 233, total_loss: 230.10462951660156, q_loss 229.00607299804688, v_loss 1.0985627174377441 ,lr 0.001
INFO:root:epoch 2, Episode 234, total_loss: 315.6339111328125, q_loss 314.5353698730469, v_loss 1.0985333919525146 ,lr 0.001
INFO:root:epoch 2, Episode 235, total_loss: 1445.3404541015625, q_loss 1444.240966796875, v_loss 1.0995044708251953 ,lr 0.001
INFO:root:epoch 2, Episode 236, total_loss: 174.5488739013672, q_loss 173.44973754882812, v_loss 1.0991334915161133 ,lr 0.001
INFO:root:epoch 2, Episode 237, total_loss: 1442.8798828125, q_loss 1441.7779541015625, v_loss 1.1019457578659058 ,lr 0.001
INFO:root:epoch 2, Episode 238, total_loss: 731.3944702148438, q_loss 730.2954711914062, v_loss 1.0990111827850342 ,lr 0.001
INFO:root:epoch 2, Episode 239, total_loss: 387.0267333984375, q_loss 385.92584228515625, v_loss 1.1008973121643066 ,lr 0.001
INFO:root:epoch 2, Episode 240, total_loss: 269.7987365722656, q_loss 268.70037841796875, v_loss 1.0983548164367676 ,lr 0.001
INFO:root:epoch 2, Episode 241, total_loss: 290.9441833496094, q_loss 289.8186340332031, v_loss 1.1255357265472412 ,lr 0.001
INFO:root:epoch 2, Episode 242, total_loss: 308.2373352050781, q_loss 307.1384582519531, v_loss 1.0988787412643433 ,lr 0.001
INFO:root:val_loss 1156.6968994140625
INFO:root:epoch 2, Episode 243, total_loss: 187.00038146972656, q_loss 185.90237426757812, v_loss 1.0980056524276733 ,lr 0.001
INFO:root:epoch 2, Episode 244, total_loss: 1012.0487670898438, q_loss 1010.9500122070312, v_loss 1.0987604856491089 ,lr 0.001
INFO:root:epoch 2, Episode 245, total_loss: 764.1104736328125, q_loss 763.0115966796875, v_loss 1.0988619327545166 ,lr 0.001
INFO:root:epoch 2, Episode 246, total_loss: 1778.0635986328125, q_loss 1776.9617919921875, v_loss 1.101807951927185 ,lr 0.001
INFO:root:epoch 2, Episode 247, total_loss: 1127.8922119140625, q_loss 1126.7933349609375, v_loss 1.0988538265228271 ,lr 0.001
INFO:root:epoch 2, Episode 248, total_loss: 283.76739501953125, q_loss 282.6645202636719, v_loss 1.1028844118118286 ,lr 0.001
INFO:root:epoch 2, Episode 249, total_loss: 242.05795288085938, q_loss 240.9384002685547, v_loss 1.1195554733276367 ,lr 0.001
INFO:root:epoch 2, Episode 250, total_loss: 290.8292236328125, q_loss 289.7303771972656, v_loss 1.0988508462905884 ,lr 0.001
INFO:root:epoch 2, Episode 251, total_loss: 125.55494689941406, q_loss 124.45272827148438, v_loss 1.102217674255371 ,lr 0.001
INFO:root:epoch 2, Episode 252, total_loss: 212.12530517578125, q_loss 211.02284240722656, v_loss 1.1024689674377441 ,lr 0.001
INFO:root:val_loss 7.3528218269348145
INFO:root:epoch 2, Episode 253, total_loss: 348.3297119140625, q_loss 347.223876953125, v_loss 1.1058353185653687 ,lr 0.001
INFO:root:epoch 2, Episode 254, total_loss: 448.87823486328125, q_loss 447.7831115722656, v_loss 1.09513521194458 ,lr 0.001
INFO:root:epoch 2, Episode 255, total_loss: 325.02752685546875, q_loss 323.9264831542969, v_loss 1.1010335683822632 ,lr 0.001
INFO:root:epoch 2, Episode 256, total_loss: 847.5321655273438, q_loss 846.4332275390625, v_loss 1.0989187955856323 ,lr 0.001
INFO:root:epoch 2, Episode 257, total_loss: 444.96917724609375, q_loss 443.8703308105469, v_loss 1.098842740058899 ,lr 0.001
INFO:root:epoch 2, Episode 258, total_loss: 490.1787109375, q_loss 489.0704040527344, v_loss 1.1083132028579712 ,lr 0.001
INFO:root:epoch 2, Episode 259, total_loss: 920.8375244140625, q_loss 919.7342529296875, v_loss 1.1032772064208984 ,lr 0.001
INFO:root:epoch 2, Episode 260, total_loss: 567.59375, q_loss 566.4935302734375, v_loss 1.1001945734024048 ,lr 0.001
INFO:root:epoch 2, Episode 261, total_loss: 185.29498291015625, q_loss 184.19573974609375, v_loss 1.0992400646209717 ,lr 0.001
INFO:root:epoch 2, Episode 262, total_loss: 315.615478515625, q_loss 314.51654052734375, v_loss 1.0989391803741455 ,lr 0.001
INFO:root:val_loss 6.562126636505127
INFO:root:epoch 2, Episode 263, total_loss: 603.7508544921875, q_loss 602.654541015625, v_loss 1.096298336982727 ,lr 0.001
INFO:root:epoch 2, Episode 264, total_loss: 336.807861328125, q_loss 335.7037353515625, v_loss 1.1041374206542969 ,lr 0.001
INFO:root:epoch 2, Episode 265, total_loss: 335.4893798828125, q_loss 334.3876647949219, v_loss 1.101707935333252 ,lr 0.001
INFO:root:epoch 2, Episode 266, total_loss: 157.75514221191406, q_loss 156.6561737060547, v_loss 1.0989744663238525 ,lr 0.001
INFO:root:epoch 2, Episode 267, total_loss: 399.34063720703125, q_loss 398.24176025390625, v_loss 1.098880648612976 ,lr 0.001
INFO:root:epoch 2, Episode 268, total_loss: 536.2174682617188, q_loss 535.1110229492188, v_loss 1.1064175367355347 ,lr 0.001
INFO:root:epoch 2, Episode 269, total_loss: 284.8525390625, q_loss 283.75360107421875, v_loss 1.0989266633987427 ,lr 0.001
INFO:root:epoch 2, Episode 270, total_loss: 1439.7939453125, q_loss 1438.694091796875, v_loss 1.0998872518539429 ,lr 0.001
INFO:root:epoch 2, Episode 271, total_loss: 142.12538146972656, q_loss 141.0273895263672, v_loss 1.0979942083358765 ,lr 0.001
INFO:root:epoch 2, Episode 272, total_loss: 139.27378845214844, q_loss 138.17434692382812, v_loss 1.0994374752044678 ,lr 0.001
INFO:root:val_loss 8.636005401611328
INFO:root:epoch 2, Episode 273, total_loss: 308.6571960449219, q_loss 307.55670166015625, v_loss 1.1005024909973145 ,lr 0.001
INFO:root:epoch 2, Episode 274, total_loss: 221.60450744628906, q_loss 220.50717163085938, v_loss 1.0973289012908936 ,lr 0.001
INFO:root:epoch 2, Episode 275, total_loss: 244.26849365234375, q_loss 243.1696014404297, v_loss 1.0988913774490356 ,lr 0.001
INFO:root:epoch 2, Episode 276, total_loss: 207.4451446533203, q_loss 206.34622192382812, v_loss 1.0989192724227905 ,lr 0.001
INFO:root:epoch 2, Episode 277, total_loss: 185.3086395263672, q_loss 184.2034912109375, v_loss 1.1051446199417114 ,lr 0.001
INFO:root:epoch 2, Episode 278, total_loss: 512.2777099609375, q_loss 511.1847839355469, v_loss 1.0929172039031982 ,lr 0.001
INFO:root:epoch 2, Episode 279, total_loss: 356.54730224609375, q_loss 355.4466552734375, v_loss 1.1006497144699097 ,lr 0.001
INFO:root:epoch 2, Episode 280, total_loss: 327.6894226074219, q_loss 326.5904235839844, v_loss 1.0990016460418701 ,lr 0.001
INFO:root:epoch 2, Episode 281, total_loss: 1238.685791015625, q_loss 1237.5867919921875, v_loss 1.0990146398544312 ,lr 0.001
INFO:root:epoch 2, Episode 282, total_loss: 386.62646484375, q_loss 385.5265808105469, v_loss 1.0998733043670654 ,lr 0.001
INFO:root:val_loss 92.5212173461914
INFO:root:epoch 2, Episode 283, total_loss: 682.120361328125, q_loss 681.0111694335938, v_loss 1.1091699600219727 ,lr 0.001
INFO:root:epoch 2, Episode 284, total_loss: 369.2024841308594, q_loss 368.1004943847656, v_loss 1.1019889116287231 ,lr 0.001
INFO:root:epoch 2, Episode 285, total_loss: 368.88775634765625, q_loss 367.7909851074219, v_loss 1.0967673063278198 ,lr 0.001
INFO:root:epoch 2, Episode 286, total_loss: 333.7979431152344, q_loss 332.7048034667969, v_loss 1.0931397676467896 ,lr 0.001
INFO:root:epoch 2, Episode 287, total_loss: 240.71768188476562, q_loss 239.60203552246094, v_loss 1.1156466007232666 ,lr 0.001
INFO:root:epoch 2, Episode 288, total_loss: 262.5850830078125, q_loss 261.4887390136719, v_loss 1.096337080001831 ,lr 0.001
INFO:root:epoch 2, Episode 289, total_loss: 241.9605712890625, q_loss 240.8617401123047, v_loss 1.0988377332687378 ,lr 0.001
INFO:root:epoch 2, Episode 290, total_loss: 270.22808837890625, q_loss 269.1231384277344, v_loss 1.104936122894287 ,lr 0.001
INFO:root:epoch 2, Episode 291, total_loss: 245.49046325683594, q_loss 244.3917999267578, v_loss 1.0986605882644653 ,lr 0.001
INFO:root:epoch 2, Episode 292, total_loss: 151.2124481201172, q_loss 150.1137237548828, v_loss 1.0987261533737183 ,lr 0.001
INFO:root:val_loss 69.69363403320312
INFO:root:epoch 2, Episode 293, total_loss: 2164.475341796875, q_loss 2163.37353515625, v_loss 1.1018916368484497 ,lr 0.001
INFO:root:epoch 2, Episode 294, total_loss: 155.22109985351562, q_loss 154.12252807617188, v_loss 1.098573088645935 ,lr 0.001
INFO:root:epoch 2, Episode 295, total_loss: 296.6407165527344, q_loss 295.5456237792969, v_loss 1.095093011856079 ,lr 0.001
INFO:root:epoch 2, Episode 296, total_loss: 332.4574279785156, q_loss 331.3591003417969, v_loss 1.0983155965805054 ,lr 0.001
INFO:root:epoch 2, Episode 297, total_loss: 211.1676788330078, q_loss 210.0681915283203, v_loss 1.0994843244552612 ,lr 0.001
INFO:root:epoch 2, Episode 298, total_loss: 308.1679992675781, q_loss 307.0698547363281, v_loss 1.0981508493423462 ,lr 0.001
INFO:root:epoch 2, Episode 299, total_loss: 348.7254638671875, q_loss 347.6286926269531, v_loss 1.0967594385147095 ,lr 0.001
INFO:root:epoch 2, Episode 300, total_loss: 924.2186889648438, q_loss 923.1265258789062, v_loss 1.092187762260437 ,lr 0.001
INFO:root:epoch 2, Episode 301, total_loss: 1343.6663818359375, q_loss 1342.56982421875, v_loss 1.0965850353240967 ,lr 0.001
INFO:root:epoch 2, Episode 302, total_loss: 916.015380859375, q_loss 914.8895263671875, v_loss 1.1258468627929688 ,lr 0.001
INFO:root:val_loss 8.454109191894531
INFO:root:epoch 2, Episode 303, total_loss: 411.38580322265625, q_loss 410.2921142578125, v_loss 1.0936914682388306 ,lr 0.001
INFO:root:epoch 2, Episode 304, total_loss: 781.8648071289062, q_loss 780.7265625, v_loss 1.138236403465271 ,lr 0.001
INFO:root:epoch 2, Episode 305, total_loss: 686.6085205078125, q_loss 685.5096435546875, v_loss 1.0988469123840332 ,lr 0.001
INFO:root:epoch 2, Episode 306, total_loss: 881.3038330078125, q_loss 880.2039794921875, v_loss 1.099858045578003 ,lr 0.001
INFO:root:epoch 2, Episode 307, total_loss: 270.441650390625, q_loss 269.34405517578125, v_loss 1.0975900888442993 ,lr 0.001
INFO:root:epoch 2, Episode 308, total_loss: 490.9606628417969, q_loss 489.8616638183594, v_loss 1.0989941358566284 ,lr 0.001
INFO:root:epoch 2, Episode 309, total_loss: 412.9988708496094, q_loss 411.89990234375, v_loss 1.098968267440796 ,lr 0.001
INFO:root:epoch 2, Episode 310, total_loss: 220.5028076171875, q_loss 219.40396118164062, v_loss 1.0988426208496094 ,lr 0.001
INFO:root:epoch 2, Episode 311, total_loss: 412.7311096191406, q_loss 411.63226318359375, v_loss 1.0988340377807617 ,lr 0.001
INFO:root:epoch 2, Episode 312, total_loss: 1036.59228515625, q_loss 1035.493408203125, v_loss 1.0988738536834717 ,lr 0.001
INFO:root:val_loss 95.64708709716797
INFO:root:epoch 2, Episode 313, total_loss: 310.89959716796875, q_loss 309.80108642578125, v_loss 1.0985212326049805 ,lr 0.001
INFO:root:epoch 2, Episode 314, total_loss: 173.18592834472656, q_loss 172.08763122558594, v_loss 1.0982950925827026 ,lr 0.001
INFO:root:epoch 2, Episode 315, total_loss: 569.5783081054688, q_loss 568.4798583984375, v_loss 1.0984421968460083 ,lr 0.001
INFO:root:epoch 2, Episode 316, total_loss: 1055.152587890625, q_loss 1054.0545654296875, v_loss 1.0980113744735718 ,lr 0.001
INFO:root:epoch 2, Episode 317, total_loss: 922.2468872070312, q_loss 921.1485595703125, v_loss 1.0983535051345825 ,lr 0.001
INFO:root:epoch 2, Episode 318, total_loss: 414.3661804199219, q_loss 413.26312255859375, v_loss 1.1030621528625488 ,lr 0.001
INFO:root:epoch 2, Episode 319, total_loss: 491.3721008300781, q_loss 490.2728271484375, v_loss 1.0992722511291504 ,lr 0.001
INFO:root:epoch 2, Episode 320, total_loss: 676.9808959960938, q_loss 675.8780517578125, v_loss 1.1028189659118652 ,lr 0.001
INFO:root:epoch 2, Episode 321, total_loss: 1378.3900146484375, q_loss 1377.2037353515625, v_loss 1.1863383054733276 ,lr 0.001
INFO:root:epoch 2, Episode 322, total_loss: 566.375, q_loss 565.2728881835938, v_loss 1.1021305322647095 ,lr 0.001
INFO:root:val_loss 4.918341159820557
INFO:root:epoch 2, Episode 323, total_loss: 275.1648254394531, q_loss 274.06573486328125, v_loss 1.0990798473358154 ,lr 0.001
INFO:root:epoch 2, Episode 324, total_loss: 370.3303527832031, q_loss 369.2305603027344, v_loss 1.0997895002365112 ,lr 0.001
INFO:root:epoch 2, Episode 325, total_loss: 565.81689453125, q_loss 564.7176513671875, v_loss 1.0992192029953003 ,lr 0.001
INFO:root:epoch 2, Episode 326, total_loss: 127.66718292236328, q_loss 126.56793212890625, v_loss 1.0992544889450073 ,lr 0.001
INFO:root:epoch 2, Episode 327, total_loss: 221.14727783203125, q_loss 220.0479736328125, v_loss 1.0992969274520874 ,lr 0.001
INFO:root:epoch 2, Episode 328, total_loss: 224.0487823486328, q_loss 222.94873046875, v_loss 1.1000573635101318 ,lr 0.001
INFO:root:epoch 2, Episode 329, total_loss: 450.3112487792969, q_loss 449.2120056152344, v_loss 1.0992299318313599 ,lr 0.001
INFO:root:epoch 2, Episode 330, total_loss: 212.17523193359375, q_loss 211.07595825195312, v_loss 1.0992752313613892 ,lr 0.001
INFO:root:epoch 2, Episode 331, total_loss: 236.196044921875, q_loss 235.09690856933594, v_loss 1.0991380214691162 ,lr 0.001
INFO:root:epoch 2, Episode 332, total_loss: 393.7427978515625, q_loss 392.6436767578125, v_loss 1.099106788635254 ,lr 0.001
INFO:root:val_loss 9.01124095916748
INFO:root:epoch 2, Episode 333, total_loss: 238.9225616455078, q_loss 237.81982421875, v_loss 1.1027390956878662 ,lr 0.001
INFO:root:epoch 2, Episode 334, total_loss: 156.83712768554688, q_loss 155.73873901367188, v_loss 1.098381519317627 ,lr 0.001
INFO:root:epoch 2, Episode 335, total_loss: 340.8197326660156, q_loss 339.72113037109375, v_loss 1.098595380783081 ,lr 0.001
INFO:root:epoch 2, Episode 336, total_loss: 356.2884521484375, q_loss 355.1860046386719, v_loss 1.102437973022461 ,lr 0.001
INFO:root:epoch 2, Episode 337, total_loss: 728.3844604492188, q_loss 727.287841796875, v_loss 1.0966029167175293 ,lr 0.001
INFO:root:epoch 2, Episode 338, total_loss: 724.8771362304688, q_loss 723.7689819335938, v_loss 1.1081805229187012 ,lr 0.001
INFO:root:epoch 2, Episode 339, total_loss: 662.7037963867188, q_loss 661.6310424804688, v_loss 1.07275390625 ,lr 0.001
INFO:root:epoch 2, Episode 340, total_loss: 309.7024841308594, q_loss 308.5691223144531, v_loss 1.1333712339401245 ,lr 0.001
INFO:root:epoch 2, Episode 341, total_loss: 139.21763610839844, q_loss 138.1163330078125, v_loss 1.101301670074463 ,lr 0.001
INFO:root:epoch 2, Episode 342, total_loss: 324.19329833984375, q_loss 323.0947570800781, v_loss 1.0985424518585205 ,lr 0.001
INFO:root:val_loss 556.8241577148438
INFO:root:epoch 2, Episode 343, total_loss: 239.35861206054688, q_loss 238.2587890625, v_loss 1.0998255014419556 ,lr 0.001
INFO:root:epoch 2, Episode 344, total_loss: 511.51904296875, q_loss 510.4187927246094, v_loss 1.1002583503723145 ,lr 0.001
INFO:root:epoch 2, Episode 345, total_loss: 639.6036376953125, q_loss 638.4985961914062, v_loss 1.1050329208374023 ,lr 0.001
INFO:root:epoch 2, Episode 346, total_loss: 637.6223754882812, q_loss 636.5233154296875, v_loss 1.0990896224975586 ,lr 0.001
INFO:root:epoch 2, Episode 347, total_loss: 567.60693359375, q_loss 566.50537109375, v_loss 1.1015396118164062 ,lr 0.001
INFO:root:epoch 2, Episode 348, total_loss: 145.1204376220703, q_loss 144.02133178710938, v_loss 1.0991061925888062 ,lr 0.001
INFO:root:epoch 2, Episode 349, total_loss: 338.16204833984375, q_loss 337.062744140625, v_loss 1.0993176698684692 ,lr 0.001
INFO:root:epoch 2, Episode 350, total_loss: 371.0663757324219, q_loss 369.9515075683594, v_loss 1.114853024482727 ,lr 0.001
INFO:root:epoch 2, Episode 351, total_loss: 210.58287048339844, q_loss 209.48361206054688, v_loss 1.0992653369903564 ,lr 0.001
INFO:root:epoch 2, Episode 352, total_loss: 676.5757446289062, q_loss 675.455322265625, v_loss 1.120449185371399 ,lr 0.001
INFO:root:val_loss 59.068382263183594
INFO:root:epoch 2, Episode 353, total_loss: 385.32232666015625, q_loss 384.2294006347656, v_loss 1.0929251909255981 ,lr 0.001
INFO:root:epoch 2, Episode 354, total_loss: 240.22032165527344, q_loss 239.12542724609375, v_loss 1.0948948860168457 ,lr 0.001
INFO:root:epoch 2, Episode 355, total_loss: 357.0831298828125, q_loss 355.9835205078125, v_loss 1.0996222496032715 ,lr 0.001
INFO:root:epoch 2, Episode 356, total_loss: 306.0745849609375, q_loss 304.97613525390625, v_loss 1.0984618663787842 ,lr 0.001
INFO:root:epoch 2, Episode 357, total_loss: 210.00088500976562, q_loss 208.90211486816406, v_loss 1.098770022392273 ,lr 0.001
INFO:root:epoch 2, Episode 358, total_loss: 203.39390563964844, q_loss 202.29556274414062, v_loss 1.0983399152755737 ,lr 0.001
INFO:root:epoch 3, Episode 0, total_loss: 215.7130584716797, q_loss 214.61473083496094, v_loss 1.0983283519744873 ,lr 0.001
INFO:root:epoch 3, Episode 1, total_loss: 3346.143798828125, q_loss 3345.044921875, v_loss 1.0988582372665405 ,lr 0.001
INFO:root:epoch 3, Episode 2, total_loss: 597.5384521484375, q_loss 596.43603515625, v_loss 1.1024466753005981 ,lr 0.001
INFO:root:epoch 3, Episode 3, total_loss: 1332.792724609375, q_loss 1331.6943359375, v_loss 1.0983366966247559 ,lr 0.001
INFO:root:val_loss 6.403365135192871
INFO:root:epoch 3, Episode 4, total_loss: 260.3597717285156, q_loss 259.26123046875, v_loss 1.0985476970672607 ,lr 0.001
INFO:root:epoch 3, Episode 5, total_loss: 258.4703369140625, q_loss 257.3713073730469, v_loss 1.099038004875183 ,lr 0.001
INFO:root:epoch 3, Episode 6, total_loss: 129.1254119873047, q_loss 128.02828979492188, v_loss 1.0971280336380005 ,lr 0.001
INFO:root:epoch 3, Episode 7, total_loss: 121.44818878173828, q_loss 120.34944152832031, v_loss 1.0987482070922852 ,lr 0.001
INFO:root:epoch 3, Episode 8, total_loss: 1044.487548828125, q_loss 1043.388671875, v_loss 1.0988407135009766 ,lr 0.001
INFO:root:epoch 3, Episode 9, total_loss: 728.7960815429688, q_loss 727.6969604492188, v_loss 1.099100112915039 ,lr 0.001
INFO:root:epoch 3, Episode 10, total_loss: 181.2919464111328, q_loss 180.19297790527344, v_loss 1.098973274230957 ,lr 0.001
INFO:root:epoch 3, Episode 11, total_loss: 846.0404663085938, q_loss 844.9306030273438, v_loss 1.109877586364746 ,lr 0.001
INFO:root:epoch 3, Episode 12, total_loss: 513.2200317382812, q_loss 512.1210327148438, v_loss 1.0989866256713867 ,lr 0.001
INFO:root:epoch 3, Episode 13, total_loss: 221.879150390625, q_loss 220.77842712402344, v_loss 1.1007204055786133 ,lr 0.001
INFO:root:val_loss 7.1363606452941895
INFO:root:epoch 3, Episode 14, total_loss: 213.6268768310547, q_loss 212.52801513671875, v_loss 1.0988588333129883 ,lr 0.001
INFO:root:epoch 3, Episode 15, total_loss: 161.76707458496094, q_loss 160.66818237304688, v_loss 1.0988962650299072 ,lr 0.001
INFO:root:epoch 3, Episode 16, total_loss: 2509.807373046875, q_loss 2508.708740234375, v_loss 1.098750352859497 ,lr 0.001
INFO:root:epoch 3, Episode 17, total_loss: 542.8309936523438, q_loss 541.732177734375, v_loss 1.0988435745239258 ,lr 0.001
INFO:root:epoch 3, Episode 18, total_loss: 401.40655517578125, q_loss 400.3000793457031, v_loss 1.1064808368682861 ,lr 0.001
INFO:root:epoch 3, Episode 19, total_loss: 277.29266357421875, q_loss 276.19378662109375, v_loss 1.098880648612976 ,lr 0.001
INFO:root:epoch 3, Episode 20, total_loss: 232.134765625, q_loss 231.03282165527344, v_loss 1.1019432544708252 ,lr 0.001
INFO:root:epoch 3, Episode 21, total_loss: 237.84100341796875, q_loss 236.7444610595703, v_loss 1.0965495109558105 ,lr 0.001
INFO:root:epoch 3, Episode 22, total_loss: 430.5365295410156, q_loss 429.4376220703125, v_loss 1.0988950729370117 ,lr 0.001
INFO:root:epoch 3, Episode 23, total_loss: 398.1260070800781, q_loss 397.0250549316406, v_loss 1.1009478569030762 ,lr 0.001
INFO:root:val_loss 541.1583862304688
INFO:root:epoch 3, Episode 24, total_loss: 189.6932830810547, q_loss 188.5941925048828, v_loss 1.0990833044052124 ,lr 0.001
INFO:root:epoch 3, Episode 25, total_loss: 1684.9656982421875, q_loss 1683.86669921875, v_loss 1.098978877067566 ,lr 0.001
INFO:root:epoch 3, Episode 26, total_loss: 151.6517791748047, q_loss 150.55300903320312, v_loss 1.0987694263458252 ,lr 0.001
INFO:root:epoch 3, Episode 27, total_loss: 326.2799377441406, q_loss 325.1807556152344, v_loss 1.099191427230835 ,lr 0.001
INFO:root:epoch 3, Episode 28, total_loss: 161.63133239746094, q_loss 160.53334045410156, v_loss 1.0979892015457153 ,lr 0.001
INFO:root:epoch 3, Episode 29, total_loss: 918.6404418945312, q_loss 917.546630859375, v_loss 1.0938050746917725 ,lr 0.001
INFO:root:epoch 3, Episode 30, total_loss: 321.83587646484375, q_loss 320.73712158203125, v_loss 1.0987588167190552 ,lr 0.001
INFO:root:epoch 3, Episode 31, total_loss: 384.7597351074219, q_loss 383.6582336425781, v_loss 1.1014865636825562 ,lr 0.001
INFO:root:epoch 3, Episode 32, total_loss: 228.36427307128906, q_loss 227.2671661376953, v_loss 1.0970996618270874 ,lr 0.001
INFO:root:epoch 3, Episode 33, total_loss: 270.04217529296875, q_loss 268.9438781738281, v_loss 1.0983002185821533 ,lr 0.001
INFO:root:val_loss 6.6057939529418945
INFO:root:epoch 3, Episode 34, total_loss: 212.49618530273438, q_loss 211.39852905273438, v_loss 1.0976535081863403 ,lr 0.001
INFO:root:epoch 3, Episode 35, total_loss: 289.9422302246094, q_loss 288.8509826660156, v_loss 1.0912492275238037 ,lr 0.001
INFO:root:epoch 3, Episode 36, total_loss: 325.2419738769531, q_loss 324.13909912109375, v_loss 1.1028661727905273 ,lr 0.001
INFO:root:epoch 3, Episode 37, total_loss: 844.5830078125, q_loss 843.4913940429688, v_loss 1.0916095972061157 ,lr 0.001
INFO:root:epoch 3, Episode 38, total_loss: 285.7267150878906, q_loss 284.6280517578125, v_loss 1.098661184310913 ,lr 0.001
INFO:root:epoch 3, Episode 39, total_loss: 602.5607299804688, q_loss 601.4622802734375, v_loss 1.0984464883804321 ,lr 0.001
INFO:root:epoch 3, Episode 40, total_loss: 211.51942443847656, q_loss 210.4217529296875, v_loss 1.097664713859558 ,lr 0.001
INFO:root:epoch 3, Episode 41, total_loss: 495.21002197265625, q_loss 494.1126403808594, v_loss 1.0973918437957764 ,lr 0.001
INFO:root:epoch 3, Episode 42, total_loss: 4857.69140625, q_loss 4856.75830078125, v_loss 0.9333181977272034 ,lr 0.001
INFO:root:epoch 3, Episode 43, total_loss: 4807.0546875, q_loss 4806.22607421875, v_loss 0.8286821842193604 ,lr 0.001
INFO:root:val_loss 4928.3115234375
INFO:root:epoch 3, Episode 44, total_loss: 216.2230224609375, q_loss 215.12716674804688, v_loss 1.0958592891693115 ,lr 0.001
INFO:root:epoch 3, Episode 45, total_loss: 652.1345825195312, q_loss 651.0343017578125, v_loss 1.1002520322799683 ,lr 0.001
INFO:root:epoch 3, Episode 46, total_loss: 296.2171936035156, q_loss 295.1185302734375, v_loss 1.0986526012420654 ,lr 0.001
INFO:root:epoch 3, Episode 47, total_loss: 257.80224609375, q_loss 256.70318603515625, v_loss 1.0990495681762695 ,lr 0.001
INFO:root:epoch 3, Episode 48, total_loss: 541.83740234375, q_loss 540.7381591796875, v_loss 1.0992711782455444 ,lr 0.001
INFO:root:epoch 3, Episode 49, total_loss: 208.58438110351562, q_loss 207.4872283935547, v_loss 1.0971471071243286 ,lr 0.001
INFO:root:epoch 3, Episode 50, total_loss: 1028.9468994140625, q_loss 1027.8621826171875, v_loss 1.0846868753433228 ,lr 0.001
INFO:root:epoch 3, Episode 51, total_loss: 324.8262023925781, q_loss 323.7186279296875, v_loss 1.1075758934020996 ,lr 0.001
INFO:root:epoch 3, Episode 52, total_loss: 490.8274230957031, q_loss 489.7216491699219, v_loss 1.1057710647583008 ,lr 0.001
INFO:root:epoch 3, Episode 53, total_loss: 290.6609802246094, q_loss 289.5696716308594, v_loss 1.0913069248199463 ,lr 0.001
INFO:root:val_loss 823.626220703125
INFO:root:epoch 3, Episode 54, total_loss: 679.3838500976562, q_loss 678.2849731445312, v_loss 1.0988487005233765 ,lr 0.001
INFO:root:epoch 3, Episode 55, total_loss: 368.1994934082031, q_loss 367.1131286621094, v_loss 1.086367130279541 ,lr 0.001
INFO:root:epoch 3, Episode 56, total_loss: 682.1734008789062, q_loss 681.0746459960938, v_loss 1.0987588167190552 ,lr 0.001
INFO:root:epoch 3, Episode 57, total_loss: 1265.3189697265625, q_loss 1264.2198486328125, v_loss 1.0990655422210693 ,lr 0.001
INFO:root:epoch 3, Episode 58, total_loss: 412.7058410644531, q_loss 411.6072082519531, v_loss 1.0986294746398926 ,lr 0.001
INFO:root:epoch 3, Episode 59, total_loss: 308.1634826660156, q_loss 307.0647888183594, v_loss 1.0986849069595337 ,lr 0.001
INFO:root:epoch 3, Episode 60, total_loss: 306.5014953613281, q_loss 305.4028625488281, v_loss 1.0986278057098389 ,lr 0.001
INFO:root:epoch 3, Episode 61, total_loss: 167.9979248046875, q_loss 166.89471435546875, v_loss 1.103204607963562 ,lr 0.001
INFO:root:epoch 3, Episode 62, total_loss: 1447.9903564453125, q_loss 1446.891845703125, v_loss 1.098461389541626 ,lr 0.001
INFO:root:epoch 3, Episode 63, total_loss: 140.76182556152344, q_loss 139.66571044921875, v_loss 1.096118688583374 ,lr 0.001
INFO:root:val_loss 140.4117431640625
INFO:root:epoch 3, Episode 64, total_loss: 324.16387939453125, q_loss 323.0772705078125, v_loss 1.086607813835144 ,lr 0.001
INFO:root:epoch 3, Episode 65, total_loss: 370.3210754394531, q_loss 369.19989013671875, v_loss 1.1211769580841064 ,lr 0.001
INFO:root:epoch 3, Episode 66, total_loss: 1270.2735595703125, q_loss 1269.1737060546875, v_loss 1.0998913049697876 ,lr 0.001
INFO:root:epoch 3, Episode 67, total_loss: 235.6954345703125, q_loss 234.59727478027344, v_loss 1.0981669425964355 ,lr 0.001
INFO:root:epoch 3, Episode 68, total_loss: 844.40625, q_loss 843.3074951171875, v_loss 1.0987776517868042 ,lr 0.001
INFO:root:epoch 3, Episode 69, total_loss: 491.88055419921875, q_loss 490.7818298339844, v_loss 1.0987108945846558 ,lr 0.001
INFO:root:epoch 3, Episode 70, total_loss: 1262.7467041015625, q_loss 1261.5714111328125, v_loss 1.1752617359161377 ,lr 0.001
INFO:root:epoch 3, Episode 71, total_loss: 731.5161743164062, q_loss 730.4172973632812, v_loss 1.098877191543579 ,lr 0.001
INFO:root:epoch 3, Episode 72, total_loss: 385.4770202636719, q_loss 384.3643798828125, v_loss 1.1126408576965332 ,lr 0.001
INFO:root:epoch 3, Episode 73, total_loss: 589.3091430664062, q_loss 588.2103271484375, v_loss 1.098827838897705 ,lr 0.001
INFO:root:val_loss 60.673919677734375
INFO:root:epoch 3, Episode 74, total_loss: 369.2416687011719, q_loss 368.1426086425781, v_loss 1.0990618467330933 ,lr 0.001
INFO:root:epoch 3, Episode 75, total_loss: 1440.5516357421875, q_loss 1439.565185546875, v_loss 0.9864938259124756 ,lr 0.001
INFO:root:epoch 3, Episode 76, total_loss: 226.52365112304688, q_loss 225.4319610595703, v_loss 1.091685175895691 ,lr 0.001
INFO:root:epoch 3, Episode 77, total_loss: 862.1415405273438, q_loss 861.0428466796875, v_loss 1.0986984968185425 ,lr 0.001
INFO:root:epoch 3, Episode 78, total_loss: 397.29534912109375, q_loss 396.18829345703125, v_loss 1.107048511505127 ,lr 0.001
INFO:root:epoch 3, Episode 79, total_loss: 243.7981414794922, q_loss 242.69973754882812, v_loss 1.0984042882919312 ,lr 0.001
INFO:root:epoch 3, Episode 80, total_loss: 1136.306884765625, q_loss 1134.989990234375, v_loss 1.3169443607330322 ,lr 0.001
INFO:root:epoch 3, Episode 81, total_loss: 398.1225280761719, q_loss 397.02392578125, v_loss 1.0986098051071167 ,lr 0.001
INFO:root:epoch 3, Episode 82, total_loss: 309.1565246582031, q_loss 308.06072998046875, v_loss 1.095804214477539 ,lr 0.001
INFO:root:epoch 3, Episode 83, total_loss: 662.318359375, q_loss 661.2252197265625, v_loss 1.0931692123413086 ,lr 0.001
INFO:root:val_loss 7.736889839172363
INFO:root:epoch 3, Episode 84, total_loss: 325.75115966796875, q_loss 324.6526184082031, v_loss 1.098549485206604 ,lr 0.001
INFO:root:epoch 3, Episode 85, total_loss: 1271.621826171875, q_loss 1270.3936767578125, v_loss 1.2281701564788818 ,lr 0.001
INFO:root:epoch 3, Episode 86, total_loss: 538.123291015625, q_loss 537.0303955078125, v_loss 1.0928723812103271 ,lr 0.001
INFO:root:epoch 3, Episode 87, total_loss: 240.0730743408203, q_loss 238.9628143310547, v_loss 1.1102674007415771 ,lr 0.001
INFO:root:epoch 3, Episode 88, total_loss: 171.44363403320312, q_loss 170.3452911376953, v_loss 1.0983498096466064 ,lr 0.001
INFO:root:epoch 3, Episode 89, total_loss: 638.620849609375, q_loss 637.5231323242188, v_loss 1.0977102518081665 ,lr 0.001
INFO:root:epoch 3, Episode 90, total_loss: 157.38162231445312, q_loss 156.2834930419922, v_loss 1.0981260538101196 ,lr 0.001
INFO:root:epoch 3, Episode 91, total_loss: 218.37171936035156, q_loss 217.27378845214844, v_loss 1.097929835319519 ,lr 0.001
INFO:root:epoch 3, Episode 92, total_loss: 136.10464477539062, q_loss 135.00732421875, v_loss 1.0973169803619385 ,lr 0.001
INFO:root:epoch 3, Episode 93, total_loss: 308.3089904785156, q_loss 307.2093505859375, v_loss 1.099650502204895 ,lr 0.001
INFO:root:val_loss 86.64557647705078
INFO:root:epoch 3, Episode 94, total_loss: 1681.66748046875, q_loss 1680.585693359375, v_loss 1.0818151235580444 ,lr 0.001
INFO:root:epoch 3, Episode 95, total_loss: 487.3954772949219, q_loss 486.2789001464844, v_loss 1.1165752410888672 ,lr 0.001
INFO:root:epoch 3, Episode 96, total_loss: 598.326904296875, q_loss 597.2290649414062, v_loss 1.0978646278381348 ,lr 0.001
INFO:root:epoch 3, Episode 97, total_loss: 2632.08935546875, q_loss 2630.896484375, v_loss 1.1928519010543823 ,lr 0.001
INFO:root:epoch 3, Episode 98, total_loss: 360.6940002441406, q_loss 359.5767822265625, v_loss 1.1172295808792114 ,lr 0.001
INFO:root:epoch 3, Episode 99, total_loss: 570.8015747070312, q_loss 569.6965942382812, v_loss 1.1049716472625732 ,lr 0.001
INFO:root:epoch 3, Episode 100, total_loss: 251.16604614257812, q_loss 250.0767364501953, v_loss 1.0893090963363647 ,lr 0.001
INFO:root:epoch 3, Episode 101, total_loss: 308.2154846191406, q_loss 307.1222839355469, v_loss 1.0932049751281738 ,lr 0.001
INFO:root:epoch 3, Episode 102, total_loss: 1679.3665771484375, q_loss 1678.26806640625, v_loss 1.098455548286438 ,lr 0.001
INFO:root:epoch 3, Episode 103, total_loss: 349.6639709472656, q_loss 348.5673522949219, v_loss 1.0966181755065918 ,lr 0.001
INFO:root:val_loss 5.619307518005371
INFO:root:epoch 3, Episode 104, total_loss: 2521.822998046875, q_loss 2520.712890625, v_loss 1.110172986984253 ,lr 0.001
INFO:root:epoch 3, Episode 105, total_loss: 217.09799194335938, q_loss 215.99427795410156, v_loss 1.1037201881408691 ,lr 0.001
INFO:root:epoch 3, Episode 106, total_loss: 489.12017822265625, q_loss 488.02288818359375, v_loss 1.0972864627838135 ,lr 0.001
INFO:root:epoch 3, Episode 107, total_loss: 409.7974548339844, q_loss 408.70648193359375, v_loss 1.0909743309020996 ,lr 0.001
INFO:root:epoch 3, Episode 108, total_loss: 1397.3427734375, q_loss 1396.2469482421875, v_loss 1.0957961082458496 ,lr 0.001
INFO:root:epoch 3, Episode 109, total_loss: 467.3827209472656, q_loss 466.28717041015625, v_loss 1.0955498218536377 ,lr 0.001
INFO:root:epoch 3, Episode 110, total_loss: 846.5016479492188, q_loss 845.3778686523438, v_loss 1.123791217803955 ,lr 0.001
INFO:root:epoch 3, Episode 111, total_loss: 1337.4920654296875, q_loss 1336.3974609375, v_loss 1.0946446657180786 ,lr 0.001
INFO:root:epoch 3, Episode 112, total_loss: 231.2133331298828, q_loss 230.12069702148438, v_loss 1.0926414728164673 ,lr 0.001
INFO:root:epoch 3, Episode 113, total_loss: 145.26712036132812, q_loss 144.17013549804688, v_loss 1.096979022026062 ,lr 0.001
INFO:root:val_loss 6.926025390625
INFO:root:epoch 3, Episode 114, total_loss: 571.0004272460938, q_loss 569.9234619140625, v_loss 1.076989769935608 ,lr 0.001
INFO:root:epoch 3, Episode 115, total_loss: 242.07887268066406, q_loss 240.996826171875, v_loss 1.082045555114746 ,lr 0.001
INFO:root:epoch 3, Episode 116, total_loss: 145.48719787597656, q_loss 144.39208984375, v_loss 1.0951061248779297 ,lr 0.001
INFO:root:epoch 3, Episode 117, total_loss: 449.6023864746094, q_loss 448.5076599121094, v_loss 1.0947377681732178 ,lr 0.001
INFO:root:epoch 3, Episode 118, total_loss: 337.45025634765625, q_loss 336.3548583984375, v_loss 1.0953913927078247 ,lr 0.001
INFO:root:epoch 3, Episode 119, total_loss: 146.50086975097656, q_loss 145.40721130371094, v_loss 1.0936579704284668 ,lr 0.001
INFO:root:epoch 3, Episode 120, total_loss: 318.2236328125, q_loss 317.12225341796875, v_loss 1.1013894081115723 ,lr 0.001
INFO:root:epoch 3, Episode 121, total_loss: 213.43856811523438, q_loss 212.34588623046875, v_loss 1.0926860570907593 ,lr 0.001
INFO:root:epoch 3, Episode 122, total_loss: 147.0286407470703, q_loss 145.9332733154297, v_loss 1.0953683853149414 ,lr 0.001
INFO:root:epoch 3, Episode 123, total_loss: 370.8603210449219, q_loss 369.7770080566406, v_loss 1.0833059549331665 ,lr 0.001
INFO:root:val_loss 67.09699249267578
INFO:root:epoch 3, Episode 124, total_loss: 513.2694091796875, q_loss 512.1749267578125, v_loss 1.0945099592208862 ,lr 0.001
INFO:root:epoch 3, Episode 125, total_loss: 158.94300842285156, q_loss 157.84715270996094, v_loss 1.0958497524261475 ,lr 0.001
INFO:root:epoch 3, Episode 126, total_loss: 268.130615234375, q_loss 267.0401306152344, v_loss 1.0904960632324219 ,lr 0.001
INFO:root:epoch 3, Episode 127, total_loss: 1440.016357421875, q_loss 1438.9168701171875, v_loss 1.0994665622711182 ,lr 0.001
INFO:root:epoch 3, Episode 128, total_loss: 307.1170959472656, q_loss 306.0218811035156, v_loss 1.095223307609558 ,lr 0.001
INFO:root:epoch 3, Episode 129, total_loss: 568.4431762695312, q_loss 567.3494262695312, v_loss 1.0937310457229614 ,lr 0.001
INFO:root:epoch 3, Episode 130, total_loss: 198.2991943359375, q_loss 197.2021484375, v_loss 1.097046136856079 ,lr 0.001
INFO:root:epoch 3, Episode 131, total_loss: 274.5675964355469, q_loss 273.47296142578125, v_loss 1.0946478843688965 ,lr 0.001
INFO:root:epoch 3, Episode 132, total_loss: 413.4910583496094, q_loss 412.3908386230469, v_loss 1.1002085208892822 ,lr 0.001
INFO:root:epoch 3, Episode 133, total_loss: 1012.2567749023438, q_loss 1011.1599731445312, v_loss 1.096826434135437 ,lr 0.001
INFO:root:val_loss 378.2966003417969
INFO:root:epoch 3, Episode 134, total_loss: 230.13836669921875, q_loss 229.046875, v_loss 1.0914926528930664 ,lr 0.001
INFO:root:epoch 3, Episode 135, total_loss: 229.2906494140625, q_loss 228.20870971679688, v_loss 1.0819405317306519 ,lr 0.001
INFO:root:epoch 3, Episode 136, total_loss: 1483.8868408203125, q_loss 1482.790283203125, v_loss 1.0965949296951294 ,lr 0.001
INFO:root:epoch 3, Episode 137, total_loss: 324.0892028808594, q_loss 322.9939880371094, v_loss 1.095219612121582 ,lr 0.001
INFO:root:epoch 3, Episode 138, total_loss: 333.0710754394531, q_loss 331.9764404296875, v_loss 1.09463369846344 ,lr 0.001
INFO:root:epoch 3, Episode 139, total_loss: 174.3919677734375, q_loss 173.2951202392578, v_loss 1.0968431234359741 ,lr 0.001
INFO:root:epoch 3, Episode 140, total_loss: 909.2438354492188, q_loss 908.1485595703125, v_loss 1.0952907800674438 ,lr 0.001
INFO:root:epoch 3, Episode 141, total_loss: 145.24562072753906, q_loss 144.14881896972656, v_loss 1.0968091487884521 ,lr 0.001
INFO:root:epoch 3, Episode 142, total_loss: 428.9001159667969, q_loss 427.8067321777344, v_loss 1.0933743715286255 ,lr 0.001
INFO:root:epoch 3, Episode 143, total_loss: 1675.3834228515625, q_loss 1674.2958984375, v_loss 1.087480068206787 ,lr 0.001
INFO:root:val_loss 4.265138626098633
INFO:root:epoch 3, Episode 144, total_loss: 1684.9241943359375, q_loss 1683.82958984375, v_loss 1.0946048498153687 ,lr 0.001
INFO:root:epoch 3, Episode 145, total_loss: 137.8260955810547, q_loss 136.73556518554688, v_loss 1.090523362159729 ,lr 0.001
INFO:root:epoch 3, Episode 146, total_loss: 346.2555847167969, q_loss 345.1504821777344, v_loss 1.1050900220870972 ,lr 0.001
INFO:root:epoch 3, Episode 147, total_loss: 565.94921875, q_loss 564.8549194335938, v_loss 1.094269037246704 ,lr 0.001
INFO:root:epoch 3, Episode 148, total_loss: 237.5371551513672, q_loss 236.44012451171875, v_loss 1.0970349311828613 ,lr 0.001
INFO:root:epoch 3, Episode 149, total_loss: 113.78581237792969, q_loss 112.68949127197266, v_loss 1.096321702003479 ,lr 0.001
INFO:root:epoch 3, Episode 150, total_loss: 638.5789794921875, q_loss 637.4952392578125, v_loss 1.083741307258606 ,lr 0.001
INFO:root:epoch 3, Episode 151, total_loss: 466.97235107421875, q_loss 465.88763427734375, v_loss 1.0847160816192627 ,lr 0.001
INFO:root:epoch 3, Episode 152, total_loss: 149.35887145996094, q_loss 148.26235961914062, v_loss 1.0965079069137573 ,lr 0.001
INFO:root:epoch 3, Episode 153, total_loss: 399.17626953125, q_loss 398.0863037109375, v_loss 1.0899658203125 ,lr 0.001
INFO:root:val_loss 68.60314178466797
INFO:root:epoch 3, Episode 154, total_loss: 568.8726806640625, q_loss 567.7813110351562, v_loss 1.091369390487671 ,lr 0.001
INFO:root:epoch 3, Episode 155, total_loss: 923.970458984375, q_loss 922.8712158203125, v_loss 1.0992170572280884 ,lr 0.001
INFO:root:epoch 3, Episode 156, total_loss: 1398.9901123046875, q_loss 1397.8939208984375, v_loss 1.09624183177948 ,lr 0.001
INFO:root:epoch 3, Episode 157, total_loss: 196.9112548828125, q_loss 195.8138427734375, v_loss 1.0974068641662598 ,lr 0.001
INFO:root:epoch 3, Episode 158, total_loss: 119.05687713623047, q_loss 117.9600830078125, v_loss 1.0967965126037598 ,lr 0.001
INFO:root:epoch 3, Episode 159, total_loss: 415.786376953125, q_loss 414.69085693359375, v_loss 1.0955102443695068 ,lr 0.001
INFO:root:epoch 3, Episode 160, total_loss: 251.48387145996094, q_loss 250.40740966796875, v_loss 1.076454520225525 ,lr 0.001
INFO:root:epoch 3, Episode 161, total_loss: 288.79437255859375, q_loss 287.6986389160156, v_loss 1.09573233127594 ,lr 0.001
INFO:root:epoch 3, Episode 162, total_loss: 245.39105224609375, q_loss 244.2926788330078, v_loss 1.0983765125274658 ,lr 0.001
INFO:root:epoch 3, Episode 163, total_loss: 428.18243408203125, q_loss 427.08929443359375, v_loss 1.0931421518325806 ,lr 0.001
INFO:root:val_loss 2287.175537109375
INFO:root:epoch 3, Episode 164, total_loss: 255.68194580078125, q_loss 254.58526611328125, v_loss 1.096683382987976 ,lr 0.001
INFO:root:epoch 3, Episode 165, total_loss: 284.3070068359375, q_loss 283.2091064453125, v_loss 1.097913384437561 ,lr 0.001
INFO:root:epoch 3, Episode 166, total_loss: 435.0897521972656, q_loss 433.9942321777344, v_loss 1.0955171585083008 ,lr 0.001
INFO:root:epoch 3, Episode 167, total_loss: 1082.5362548828125, q_loss 1081.43896484375, v_loss 1.0972574949264526 ,lr 0.001
INFO:root:epoch 3, Episode 168, total_loss: 1130.6392822265625, q_loss 1129.536865234375, v_loss 1.1024270057678223 ,lr 0.001
INFO:root:epoch 3, Episode 169, total_loss: 205.7770538330078, q_loss 204.67950439453125, v_loss 1.0975505113601685 ,lr 0.001
INFO:root:epoch 3, Episode 170, total_loss: 1067.970458984375, q_loss 1066.8736572265625, v_loss 1.0968023538589478 ,lr 0.001
INFO:root:epoch 3, Episode 171, total_loss: 398.2823486328125, q_loss 397.1787109375, v_loss 1.1036267280578613 ,lr 0.001
INFO:root:epoch 3, Episode 172, total_loss: 326.46209716796875, q_loss 325.37591552734375, v_loss 1.086193561553955 ,lr 0.001
INFO:root:epoch 3, Episode 173, total_loss: 273.6210632324219, q_loss 272.5234069824219, v_loss 1.0976519584655762 ,lr 0.001
INFO:root:val_loss 5.864106178283691
INFO:root:epoch 3, Episode 174, total_loss: 192.37608337402344, q_loss 191.2780303955078, v_loss 1.098048210144043 ,lr 0.001
INFO:root:epoch 3, Episode 175, total_loss: 680.9310913085938, q_loss 679.8464965820312, v_loss 1.0845707654953003 ,lr 0.001
INFO:root:epoch 3, Episode 176, total_loss: 198.6898651123047, q_loss 197.5960235595703, v_loss 1.0938462018966675 ,lr 0.001
INFO:root:epoch 3, Episode 177, total_loss: 925.9586181640625, q_loss 924.8569946289062, v_loss 1.1016132831573486 ,lr 0.001
INFO:root:epoch 3, Episode 178, total_loss: 539.8783569335938, q_loss 538.7698974609375, v_loss 1.1084613800048828 ,lr 0.001
INFO:root:epoch 3, Episode 179, total_loss: 268.25006103515625, q_loss 267.1542663574219, v_loss 1.0957995653152466 ,lr 0.001
INFO:root:epoch 3, Episode 180, total_loss: 182.99632263183594, q_loss 181.9021759033203, v_loss 1.094151496887207 ,lr 0.001
INFO:root:epoch 3, Episode 181, total_loss: 3344.4326171875, q_loss 3343.34716796875, v_loss 1.0854477882385254 ,lr 0.001
INFO:root:epoch 3, Episode 182, total_loss: 637.5216674804688, q_loss 636.4239501953125, v_loss 1.0976917743682861 ,lr 0.001
INFO:root:epoch 3, Episode 183, total_loss: 1263.75830078125, q_loss 1262.6868896484375, v_loss 1.0714576244354248 ,lr 0.001
INFO:root:val_loss 5.294717788696289
INFO:root:epoch 3, Episode 184, total_loss: 316.2127990722656, q_loss 315.1168212890625, v_loss 1.095977544784546 ,lr 0.001
INFO:root:epoch 3, Episode 185, total_loss: 560.5955200195312, q_loss 559.5047607421875, v_loss 1.0907384157180786 ,lr 0.001
INFO:root:epoch 3, Episode 186, total_loss: 281.8401184082031, q_loss 280.7514953613281, v_loss 1.0886260271072388 ,lr 0.001
INFO:root:epoch 3, Episode 187, total_loss: 269.1325378417969, q_loss 268.044677734375, v_loss 1.0878725051879883 ,lr 0.001
INFO:root:epoch 3, Episode 188, total_loss: 132.37091064453125, q_loss 131.2740478515625, v_loss 1.0968660116195679 ,lr 0.001
INFO:root:epoch 3, Episode 189, total_loss: 1121.6123046875, q_loss 1120.51416015625, v_loss 1.0981539487838745 ,lr 0.001
INFO:root:epoch 3, Episode 190, total_loss: 978.9006958007812, q_loss 977.8076171875, v_loss 1.0930759906768799 ,lr 0.001
INFO:root:epoch 3, Episode 191, total_loss: 222.36228942871094, q_loss 221.26548767089844, v_loss 1.0968009233474731 ,lr 0.001
INFO:root:epoch 3, Episode 192, total_loss: 490.2325134277344, q_loss 489.1557922363281, v_loss 1.0767170190811157 ,lr 0.001
INFO:root:epoch 3, Episode 193, total_loss: 287.26812744140625, q_loss 286.1698303222656, v_loss 1.0982871055603027 ,lr 0.001
INFO:root:val_loss 87.22884368896484
INFO:root:epoch 3, Episode 194, total_loss: 393.096435546875, q_loss 391.99749755859375, v_loss 1.0989456176757812 ,lr 0.001
INFO:root:epoch 3, Episode 195, total_loss: 251.00213623046875, q_loss 249.903564453125, v_loss 1.098576545715332 ,lr 0.001
INFO:root:epoch 3, Episode 196, total_loss: 415.8866271972656, q_loss 414.7902526855469, v_loss 1.0963865518569946 ,lr 0.001
INFO:root:epoch 3, Episode 197, total_loss: 1265.8675537109375, q_loss 1264.757080078125, v_loss 1.1104795932769775 ,lr 0.001
INFO:root:epoch 3, Episode 198, total_loss: 349.6661376953125, q_loss 348.5673828125, v_loss 1.0987483263015747 ,lr 0.001
INFO:root:epoch 3, Episode 199, total_loss: 521.1341552734375, q_loss 520.0458374023438, v_loss 1.0882930755615234 ,lr 0.001
INFO:root:epoch 3, Episode 200, total_loss: 400.77642822265625, q_loss 399.677734375, v_loss 1.0986814498901367 ,lr 0.001
INFO:root:epoch 3, Episode 201, total_loss: 4994.54248046875, q_loss 4993.46728515625, v_loss 1.0753096342086792 ,lr 0.001
INFO:root:epoch 3, Episode 202, total_loss: 258.5154113769531, q_loss 257.4178161621094, v_loss 1.0976030826568604 ,lr 0.001
INFO:root:epoch 3, Episode 203, total_loss: 335.6500549316406, q_loss 334.55194091796875, v_loss 1.098120093345642 ,lr 0.001
INFO:root:val_loss 70.51063537597656
INFO:root:epoch 3, Episode 204, total_loss: 354.3783264160156, q_loss 353.2718811035156, v_loss 1.1064592599868774 ,lr 0.001
INFO:root:epoch 3, Episode 205, total_loss: 1017.6365966796875, q_loss 1016.5377197265625, v_loss 1.098903775215149 ,lr 0.001
INFO:root:epoch 3, Episode 206, total_loss: 603.8655395507812, q_loss 602.7672729492188, v_loss 1.098267912864685 ,lr 0.001
INFO:root:epoch 3, Episode 207, total_loss: 344.5077209472656, q_loss 343.4461669921875, v_loss 1.0615476369857788 ,lr 0.001
INFO:root:epoch 3, Episode 208, total_loss: 849.2471923828125, q_loss 848.1486206054688, v_loss 1.0985525846481323 ,lr 0.001
INFO:root:epoch 3, Episode 209, total_loss: 212.98904418945312, q_loss 211.8812713623047, v_loss 1.1077711582183838 ,lr 0.001
INFO:root:epoch 3, Episode 210, total_loss: 685.8085327148438, q_loss 684.7094116210938, v_loss 1.099132776260376 ,lr 0.001
INFO:root:epoch 3, Episode 211, total_loss: 540.7676391601562, q_loss 539.6694946289062, v_loss 1.0981552600860596 ,lr 0.001
INFO:root:epoch 3, Episode 212, total_loss: 372.74871826171875, q_loss 371.6240539550781, v_loss 1.1246646642684937 ,lr 0.001
INFO:root:epoch 3, Episode 213, total_loss: 1122.0633544921875, q_loss 1120.965087890625, v_loss 1.0982754230499268 ,lr 0.001
INFO:root:val_loss 1255.8231201171875
INFO:root:epoch 3, Episode 214, total_loss: 355.57525634765625, q_loss 354.47723388671875, v_loss 1.0980099439620972 ,lr 0.001
INFO:root:epoch 3, Episode 215, total_loss: 681.1495971679688, q_loss 680.0479125976562, v_loss 1.1016894578933716 ,lr 0.001
INFO:root:epoch 3, Episode 216, total_loss: 415.2471923828125, q_loss 414.1497802734375, v_loss 1.097421646118164 ,lr 0.001
INFO:root:epoch 3, Episode 217, total_loss: 217.59371948242188, q_loss 216.4991912841797, v_loss 1.0945271253585815 ,lr 0.001
INFO:root:epoch 3, Episode 218, total_loss: 246.02496337890625, q_loss 244.9266815185547, v_loss 1.0982803106307983 ,lr 0.001
INFO:root:epoch 3, Episode 219, total_loss: 264.4951477050781, q_loss 263.4023742675781, v_loss 1.0927730798721313 ,lr 0.001
INFO:root:epoch 3, Episode 220, total_loss: 1439.1636962890625, q_loss 1438.093017578125, v_loss 1.0706473588943481 ,lr 0.001
INFO:root:epoch 3, Episode 221, total_loss: 2012.9744873046875, q_loss 2011.8756103515625, v_loss 1.0989253520965576 ,lr 0.001
INFO:root:epoch 3, Episode 222, total_loss: 1208.0755615234375, q_loss 1206.9764404296875, v_loss 1.0990840196609497 ,lr 0.001
INFO:root:epoch 3, Episode 223, total_loss: 370.04150390625, q_loss 368.9422302246094, v_loss 1.0992882251739502 ,lr 0.001
INFO:root:val_loss 714.4390258789062
INFO:root:epoch 3, Episode 224, total_loss: 245.51028442382812, q_loss 244.41351318359375, v_loss 1.0967638492584229 ,lr 0.001
INFO:root:epoch 3, Episode 225, total_loss: 537.077392578125, q_loss 535.9776000976562, v_loss 1.099787712097168 ,lr 0.001
INFO:root:epoch 3, Episode 226, total_loss: 236.12986755371094, q_loss 235.0337371826172, v_loss 1.0961358547210693 ,lr 0.001
INFO:root:epoch 3, Episode 227, total_loss: 2509.70751953125, q_loss 2508.60791015625, v_loss 1.0997045040130615 ,lr 0.001
INFO:root:epoch 3, Episode 228, total_loss: 1320.0206298828125, q_loss 1318.9212646484375, v_loss 1.0994114875793457 ,lr 0.001
INFO:root:epoch 3, Episode 229, total_loss: 299.4425048828125, q_loss 298.3434143066406, v_loss 1.0990935564041138 ,lr 0.001
INFO:root:epoch 3, Episode 230, total_loss: 2514.5263671875, q_loss 2513.427001953125, v_loss 1.0992977619171143 ,lr 0.001
INFO:root:epoch 3, Episode 231, total_loss: 1678.621337890625, q_loss 1677.5516357421875, v_loss 1.0696603059768677 ,lr 0.001
INFO:root:epoch 3, Episode 232, total_loss: 277.1276550292969, q_loss 276.0290832519531, v_loss 1.0985610485076904 ,lr 0.001
INFO:root:epoch 3, Episode 233, total_loss: 230.09280395507812, q_loss 228.994384765625, v_loss 1.0984177589416504 ,lr 0.001
INFO:root:val_loss 6.400242328643799
INFO:root:epoch 3, Episode 234, total_loss: 315.624755859375, q_loss 314.5267639160156, v_loss 1.0979853868484497 ,lr 0.001
INFO:root:epoch 3, Episode 235, total_loss: 1445.3079833984375, q_loss 1444.2091064453125, v_loss 1.0989171266555786 ,lr 0.001
INFO:root:epoch 3, Episode 236, total_loss: 174.63803100585938, q_loss 173.53863525390625, v_loss 1.0993893146514893 ,lr 0.001
INFO:root:epoch 3, Episode 237, total_loss: 1442.975830078125, q_loss 1441.8685302734375, v_loss 1.1073107719421387 ,lr 0.001
INFO:root:epoch 3, Episode 238, total_loss: 745.8497314453125, q_loss 744.7515258789062, v_loss 1.098189353942871 ,lr 0.001
INFO:root:epoch 3, Episode 239, total_loss: 395.4151306152344, q_loss 394.30462646484375, v_loss 1.1105148792266846 ,lr 0.001
INFO:root:epoch 3, Episode 240, total_loss: 270.55419921875, q_loss 269.43548583984375, v_loss 1.1187034845352173 ,lr 0.001
INFO:root:epoch 3, Episode 241, total_loss: 291.4925231933594, q_loss 290.3968811035156, v_loss 1.0956294536590576 ,lr 0.001
INFO:root:epoch 3, Episode 242, total_loss: 308.2374267578125, q_loss 307.1392517089844, v_loss 1.0981823205947876 ,lr 0.001
INFO:root:epoch 3, Episode 243, total_loss: 186.7003936767578, q_loss 185.59352111816406, v_loss 1.10687255859375 ,lr 0.001
INFO:root:val_loss 870.6102294921875
INFO:root:epoch 3, Episode 244, total_loss: 1012.0276489257812, q_loss 1010.92919921875, v_loss 1.0984255075454712 ,lr 0.001
INFO:root:epoch 3, Episode 245, total_loss: 764.0921020507812, q_loss 762.9935302734375, v_loss 1.098569393157959 ,lr 0.001
INFO:root:epoch 3, Episode 246, total_loss: 1778.0018310546875, q_loss 1776.906005859375, v_loss 1.0958645343780518 ,lr 0.001
INFO:root:epoch 3, Episode 247, total_loss: 1127.92236328125, q_loss 1126.823486328125, v_loss 1.0989290475845337 ,lr 0.001
INFO:root:epoch 3, Episode 248, total_loss: 283.8244934082031, q_loss 282.7283935546875, v_loss 1.096111536026001 ,lr 0.001
INFO:root:epoch 3, Episode 249, total_loss: 242.02842712402344, q_loss 240.92086791992188, v_loss 1.1075568199157715 ,lr 0.001
INFO:root:epoch 3, Episode 250, total_loss: 290.8465881347656, q_loss 289.7469787597656, v_loss 1.0996017456054688 ,lr 0.001
INFO:root:epoch 3, Episode 251, total_loss: 125.58123016357422, q_loss 124.48283386230469, v_loss 1.0983978509902954 ,lr 0.001
INFO:root:epoch 3, Episode 252, total_loss: 212.13316345214844, q_loss 211.03228759765625, v_loss 1.1008782386779785 ,lr 0.001
INFO:root:epoch 3, Episode 253, total_loss: 348.3160705566406, q_loss 347.21429443359375, v_loss 1.1017770767211914 ,lr 0.001
INFO:root:val_loss 82.13166809082031
INFO:root:epoch 3, Episode 254, total_loss: 448.8590393066406, q_loss 447.7729797363281, v_loss 1.0860682725906372 ,lr 0.001
INFO:root:epoch 3, Episode 255, total_loss: 324.9417724609375, q_loss 323.8481750488281, v_loss 1.0936009883880615 ,lr 0.001
INFO:root:epoch 3, Episode 256, total_loss: 847.559326171875, q_loss 846.4598388671875, v_loss 1.099468469619751 ,lr 0.001
INFO:root:epoch 3, Episode 257, total_loss: 444.9817810058594, q_loss 443.88201904296875, v_loss 1.0997546911239624 ,lr 0.001
INFO:root:epoch 3, Episode 258, total_loss: 490.2132873535156, q_loss 489.10748291015625, v_loss 1.1058076620101929 ,lr 0.001
INFO:root:epoch 3, Episode 259, total_loss: 920.8323974609375, q_loss 919.7277221679688, v_loss 1.1046816110610962 ,lr 0.001
INFO:root:epoch 3, Episode 260, total_loss: 567.7459716796875, q_loss 566.6482543945312, v_loss 1.0977137088775635 ,lr 0.001
INFO:root:epoch 3, Episode 261, total_loss: 185.2696075439453, q_loss 184.17144775390625, v_loss 1.098167061805725 ,lr 0.001
INFO:root:epoch 3, Episode 262, total_loss: 315.6053771972656, q_loss 314.5072937011719, v_loss 1.0980883836746216 ,lr 0.001
INFO:root:epoch 3, Episode 263, total_loss: 603.7362060546875, q_loss 602.6397094726562, v_loss 1.096472978591919 ,lr 0.001
INFO:root:val_loss 8.822467803955078
INFO:root:epoch 3, Episode 264, total_loss: 336.8187255859375, q_loss 335.7232971191406, v_loss 1.095418930053711 ,lr 0.001
INFO:root:epoch 3, Episode 265, total_loss: 336.2232666015625, q_loss 335.1319274902344, v_loss 1.0913405418395996 ,lr 0.001
INFO:root:epoch 3, Episode 266, total_loss: 157.76280212402344, q_loss 156.6654510498047, v_loss 1.097355604171753 ,lr 0.001
INFO:root:epoch 3, Episode 267, total_loss: 399.3671569824219, q_loss 398.2715759277344, v_loss 1.095589518547058 ,lr 0.001
INFO:root:epoch 3, Episode 268, total_loss: 536.5911254882812, q_loss 535.5264892578125, v_loss 1.064615249633789 ,lr 0.001
INFO:root:epoch 3, Episode 269, total_loss: 284.9080810546875, q_loss 283.8106994628906, v_loss 1.0973867177963257 ,lr 0.001
INFO:root:epoch 3, Episode 270, total_loss: 1439.6697998046875, q_loss 1438.578857421875, v_loss 1.0909714698791504 ,lr 0.001
INFO:root:epoch 3, Episode 271, total_loss: 142.17718505859375, q_loss 141.08203125, v_loss 1.0951547622680664 ,lr 0.001
INFO:root:epoch 3, Episode 272, total_loss: 139.4492950439453, q_loss 138.35336303710938, v_loss 1.0959281921386719 ,lr 0.001
INFO:root:epoch 3, Episode 273, total_loss: 308.697509765625, q_loss 307.59844970703125, v_loss 1.0990489721298218 ,lr 0.001
INFO:root:val_loss 303.9429626464844
INFO:root:epoch 3, Episode 274, total_loss: 221.61766052246094, q_loss 220.5203857421875, v_loss 1.0972732305526733 ,lr 0.001
INFO:root:epoch 3, Episode 275, total_loss: 244.2616424560547, q_loss 243.16453552246094, v_loss 1.0971109867095947 ,lr 0.001
INFO:root:epoch 3, Episode 276, total_loss: 207.45501708984375, q_loss 206.35794067382812, v_loss 1.0970696210861206 ,lr 0.001
INFO:root:epoch 3, Episode 277, total_loss: 185.2715301513672, q_loss 184.17005920410156, v_loss 1.1014716625213623 ,lr 0.001
INFO:root:epoch 3, Episode 278, total_loss: 512.3090209960938, q_loss 511.2174987792969, v_loss 1.091549038887024 ,lr 0.001
INFO:root:epoch 3, Episode 279, total_loss: 356.49444580078125, q_loss 355.4154052734375, v_loss 1.0790414810180664 ,lr 0.001
INFO:root:epoch 3, Episode 280, total_loss: 327.6822204589844, q_loss 326.5841064453125, v_loss 1.098124384880066 ,lr 0.001
INFO:root:epoch 3, Episode 281, total_loss: 1238.663330078125, q_loss 1237.5657958984375, v_loss 1.0975341796875 ,lr 0.001
INFO:root:epoch 3, Episode 282, total_loss: 388.3406982421875, q_loss 387.24432373046875, v_loss 1.096364140510559 ,lr 0.001
INFO:root:epoch 3, Episode 283, total_loss: 674.21826171875, q_loss 673.109375, v_loss 1.10889732837677 ,lr 0.001
INFO:root:val_loss 11.873595237731934
INFO:root:epoch 3, Episode 284, total_loss: 366.3162841796875, q_loss 365.2214050292969, v_loss 1.094887614250183 ,lr 0.001
INFO:root:epoch 3, Episode 285, total_loss: 369.0195007324219, q_loss 367.9387512207031, v_loss 1.0807623863220215 ,lr 0.001
INFO:root:epoch 3, Episode 286, total_loss: 333.8950500488281, q_loss 332.79827880859375, v_loss 1.096775770187378 ,lr 0.001
INFO:root:epoch 3, Episode 287, total_loss: 240.6820526123047, q_loss 239.5667724609375, v_loss 1.115277647972107 ,lr 0.001
INFO:root:epoch 3, Episode 288, total_loss: 262.686767578125, q_loss 261.5872497558594, v_loss 1.099514365196228 ,lr 0.001
INFO:root:epoch 3, Episode 289, total_loss: 241.94671630859375, q_loss 240.847900390625, v_loss 1.0988153219223022 ,lr 0.001
INFO:root:epoch 3, Episode 290, total_loss: 270.0908508300781, q_loss 268.993896484375, v_loss 1.0969395637512207 ,lr 0.001
INFO:root:epoch 3, Episode 291, total_loss: 245.47348022460938, q_loss 244.37449645996094, v_loss 1.0989813804626465 ,lr 0.001
INFO:root:epoch 3, Episode 292, total_loss: 151.20440673828125, q_loss 150.1053924560547, v_loss 1.0990129709243774 ,lr 0.001
INFO:root:epoch 3, Episode 293, total_loss: 2163.96142578125, q_loss 2162.8603515625, v_loss 1.1010369062423706 ,lr 0.001
INFO:root:val_loss 708.801025390625
INFO:root:epoch 3, Episode 294, total_loss: 156.70619201660156, q_loss 155.61306762695312, v_loss 1.0931227207183838 ,lr 0.001
INFO:root:epoch 3, Episode 295, total_loss: 297.3174743652344, q_loss 296.203369140625, v_loss 1.114104986190796 ,lr 0.001
INFO:root:epoch 3, Episode 296, total_loss: 332.4460754394531, q_loss 331.3475646972656, v_loss 1.098501205444336 ,lr 0.001
INFO:root:epoch 3, Episode 297, total_loss: 211.15704345703125, q_loss 210.0574188232422, v_loss 1.099626064300537 ,lr 0.001
INFO:root:epoch 3, Episode 298, total_loss: 308.07550048828125, q_loss 306.9842834472656, v_loss 1.0912047624588013 ,lr 0.001
INFO:root:epoch 3, Episode 299, total_loss: 350.49493408203125, q_loss 349.3959045410156, v_loss 1.0990228652954102 ,lr 0.001
INFO:root:epoch 3, Episode 300, total_loss: 926.2857055664062, q_loss 925.15771484375, v_loss 1.1280208826065063 ,lr 0.001
INFO:root:epoch 3, Episode 301, total_loss: 1343.421142578125, q_loss 1342.3250732421875, v_loss 1.0961194038391113 ,lr 0.001
INFO:root:epoch 3, Episode 302, total_loss: 916.5987548828125, q_loss 915.4094848632812, v_loss 1.1892917156219482 ,lr 0.001
INFO:root:epoch 3, Episode 303, total_loss: 411.4342956542969, q_loss 410.33905029296875, v_loss 1.0952497720718384 ,lr 0.001
INFO:root:val_loss 6.3773698806762695
INFO:root:epoch 3, Episode 304, total_loss: 781.943603515625, q_loss 780.8175048828125, v_loss 1.1260932683944702 ,lr 0.001
INFO:root:epoch 3, Episode 305, total_loss: 686.6178588867188, q_loss 685.5187377929688, v_loss 1.099147081375122 ,lr 0.001
INFO:root:epoch 3, Episode 306, total_loss: 881.3052368164062, q_loss 880.2061157226562, v_loss 1.0991480350494385 ,lr 0.001
INFO:root:epoch 3, Episode 307, total_loss: 270.45074462890625, q_loss 269.3566589355469, v_loss 1.0940837860107422 ,lr 0.001
INFO:root:epoch 3, Episode 308, total_loss: 490.9646301269531, q_loss 489.86566162109375, v_loss 1.0989781618118286 ,lr 0.001
INFO:root:epoch 3, Episode 309, total_loss: 412.9869689941406, q_loss 411.8884582519531, v_loss 1.098509430885315 ,lr 0.001
INFO:root:epoch 3, Episode 310, total_loss: 220.5125732421875, q_loss 219.41461181640625, v_loss 1.0979658365249634 ,lr 0.001
INFO:root:epoch 3, Episode 311, total_loss: 412.71942138671875, q_loss 411.6212463378906, v_loss 1.0981789827346802 ,lr 0.001
INFO:root:epoch 3, Episode 312, total_loss: 1036.5909423828125, q_loss 1035.4925537109375, v_loss 1.0983726978302002 ,lr 0.001
INFO:root:epoch 3, Episode 313, total_loss: 310.897216796875, q_loss 309.7993469238281, v_loss 1.0978729724884033 ,lr 0.001
INFO:root:val_loss 62.58588790893555
INFO:root:epoch 3, Episode 314, total_loss: 173.1876983642578, q_loss 172.09056091308594, v_loss 1.097132921218872 ,lr 0.001
INFO:root:epoch 3, Episode 315, total_loss: 569.56884765625, q_loss 568.4714965820312, v_loss 1.0973258018493652 ,lr 0.001
INFO:root:epoch 3, Episode 316, total_loss: 1055.1251220703125, q_loss 1054.02880859375, v_loss 1.0963164567947388 ,lr 0.001
INFO:root:epoch 3, Episode 317, total_loss: 922.2877197265625, q_loss 921.1903686523438, v_loss 1.0973695516586304 ,lr 0.001
INFO:root:epoch 3, Episode 318, total_loss: 414.3337707519531, q_loss 413.2339782714844, v_loss 1.0998005867004395 ,lr 0.001
INFO:root:epoch 3, Episode 319, total_loss: 492.4344787597656, q_loss 491.3224182128906, v_loss 1.1120631694793701 ,lr 0.001
INFO:root:epoch 3, Episode 320, total_loss: 676.9271240234375, q_loss 675.8276977539062, v_loss 1.0994243621826172 ,lr 0.001
INFO:root:epoch 3, Episode 321, total_loss: 1378.5126953125, q_loss 1377.3421630859375, v_loss 1.1705410480499268 ,lr 0.001
INFO:root:epoch 3, Episode 322, total_loss: 566.3405151367188, q_loss 565.2416381835938, v_loss 1.0988713502883911 ,lr 0.001
INFO:root:epoch 3, Episode 323, total_loss: 275.1498718261719, q_loss 274.05206298828125, v_loss 1.0978034734725952 ,lr 0.001
INFO:root:val_loss 2412.82373046875
INFO:root:epoch 3, Episode 324, total_loss: 370.38623046875, q_loss 369.2987060546875, v_loss 1.087515950202942 ,lr 0.001
INFO:root:epoch 3, Episode 325, total_loss: 565.8338012695312, q_loss 564.7353515625, v_loss 1.098474144935608 ,lr 0.001
INFO:root:epoch 3, Episode 326, total_loss: 127.66141510009766, q_loss 126.56269073486328, v_loss 1.0987261533737183 ,lr 0.001
INFO:root:epoch 3, Episode 327, total_loss: 221.14208984375, q_loss 220.0431365966797, v_loss 1.098953127861023 ,lr 0.001
INFO:root:epoch 3, Episode 328, total_loss: 224.07655334472656, q_loss 222.9763946533203, v_loss 1.1001607179641724 ,lr 0.001
INFO:root:epoch 3, Episode 329, total_loss: 450.4125061035156, q_loss 449.31292724609375, v_loss 1.099568247795105 ,lr 0.001
INFO:root:epoch 3, Episode 330, total_loss: 212.17428588867188, q_loss 211.0749969482422, v_loss 1.0992945432662964 ,lr 0.001
INFO:root:epoch 3, Episode 331, total_loss: 236.20452880859375, q_loss 235.1053466796875, v_loss 1.0991829633712769 ,lr 0.001
INFO:root:epoch 3, Episode 332, total_loss: 393.7539367675781, q_loss 392.6547546386719, v_loss 1.0991896390914917 ,lr 0.001
INFO:root:epoch 3, Episode 333, total_loss: 238.9313507080078, q_loss 237.82835388183594, v_loss 1.1030004024505615 ,lr 0.001
INFO:root:val_loss 7.7611165046691895
INFO:root:epoch 3, Episode 334, total_loss: 156.8367919921875, q_loss 155.73843383789062, v_loss 1.098351240158081 ,lr 0.001
INFO:root:epoch 3, Episode 335, total_loss: 340.8122253417969, q_loss 339.71343994140625, v_loss 1.098786473274231 ,lr 0.001
INFO:root:epoch 3, Episode 336, total_loss: 356.4822692871094, q_loss 355.3963623046875, v_loss 1.0859023332595825 ,lr 0.001
INFO:root:epoch 3, Episode 337, total_loss: 728.3983764648438, q_loss 727.3021240234375, v_loss 1.0962560176849365 ,lr 0.001
INFO:root:epoch 3, Episode 338, total_loss: 724.6992797851562, q_loss 723.598876953125, v_loss 1.100413203239441 ,lr 0.001
INFO:root:epoch 3, Episode 339, total_loss: 656.536376953125, q_loss 655.4600219726562, v_loss 1.076366662979126 ,lr 0.001
INFO:root:epoch 3, Episode 340, total_loss: 309.8031005859375, q_loss 308.6814880371094, v_loss 1.1216223239898682 ,lr 0.001
INFO:root:epoch 3, Episode 341, total_loss: 139.19505310058594, q_loss 138.09585571289062, v_loss 1.09920334815979 ,lr 0.001
INFO:root:epoch 3, Episode 342, total_loss: 324.1822204589844, q_loss 323.0839538574219, v_loss 1.0982561111450195 ,lr 0.001
INFO:root:epoch 3, Episode 343, total_loss: 239.4195098876953, q_loss 238.32064819335938, v_loss 1.0988596677780151 ,lr 0.001
INFO:root:val_loss 130.25439453125
INFO:root:epoch 3, Episode 344, total_loss: 511.5391540527344, q_loss 510.43682861328125, v_loss 1.1023344993591309 ,lr 0.001
INFO:root:epoch 3, Episode 345, total_loss: 639.3871459960938, q_loss 638.302978515625, v_loss 1.0841963291168213 ,lr 0.001
INFO:root:epoch 3, Episode 346, total_loss: 637.5985107421875, q_loss 636.499755859375, v_loss 1.0987845659255981 ,lr 0.001
INFO:root:epoch 3, Episode 347, total_loss: 567.5924682617188, q_loss 566.49609375, v_loss 1.0963517427444458 ,lr 0.001
INFO:root:epoch 3, Episode 348, total_loss: 145.1134033203125, q_loss 144.01441955566406, v_loss 1.0989878177642822 ,lr 0.001
INFO:root:epoch 3, Episode 349, total_loss: 338.35223388671875, q_loss 337.25341796875, v_loss 1.0988247394561768 ,lr 0.001
INFO:root:epoch 3, Episode 350, total_loss: 366.5029296875, q_loss 365.3896789550781, v_loss 1.1132582426071167 ,lr 0.001
INFO:root:epoch 3, Episode 351, total_loss: 210.83843994140625, q_loss 209.73175048828125, v_loss 1.106694221496582 ,lr 0.001
INFO:root:epoch 3, Episode 352, total_loss: 672.2811279296875, q_loss 671.0723876953125, v_loss 1.2087430953979492 ,lr 0.001
INFO:root:epoch 3, Episode 353, total_loss: 387.8227233886719, q_loss 386.72857666015625, v_loss 1.094159722328186 ,lr 0.001
INFO:root:val_loss 2115.2412109375
INFO:root:epoch 3, Episode 354, total_loss: 240.30299377441406, q_loss 239.21600341796875, v_loss 1.08699369430542 ,lr 0.001
INFO:root:epoch 3, Episode 355, total_loss: 357.03778076171875, q_loss 355.9388122558594, v_loss 1.0989631414413452 ,lr 0.001
INFO:root:epoch 3, Episode 356, total_loss: 306.062744140625, q_loss 304.96417236328125, v_loss 1.0985816717147827 ,lr 0.001
INFO:root:epoch 3, Episode 357, total_loss: 211.31515502929688, q_loss 210.21572875976562, v_loss 1.099428653717041 ,lr 0.001
INFO:root:epoch 3, Episode 358, total_loss: 203.38397216796875, q_loss 202.285400390625, v_loss 1.0985733270645142 ,lr 0.001
INFO:root:epoch 4, Episode 0, total_loss: 215.70265197753906, q_loss 214.60406494140625, v_loss 1.0985878705978394 ,lr 0.00010000000000000002
INFO:root:epoch 4, Episode 1, total_loss: 3346.0517578125, q_loss 3344.952880859375, v_loss 1.0988762378692627 ,lr 0.00010000000000000002
INFO:root:epoch 4, Episode 2, total_loss: 594.1470947265625, q_loss 593.0559692382812, v_loss 1.0911320447921753 ,lr 0.00010000000000000002
INFO:root:epoch 4, Episode 3, total_loss: 1332.7716064453125, q_loss 1331.673095703125, v_loss 1.098559856414795 ,lr 0.00010000000000000002
INFO:root:epoch 4, Episode 4, total_loss: 260.34942626953125, q_loss 259.25079345703125, v_loss 1.0986472368240356 ,lr 0.00010000000000000002
INFO:root:val_loss 276.3643493652344
INFO:root:epoch 4, Episode 5, total_loss: 258.58453369140625, q_loss 257.48455810546875, v_loss 1.0999809503555298 ,lr 0.00010000000000000002
INFO:root:epoch 4, Episode 6, total_loss: 129.67337036132812, q_loss 128.57688903808594, v_loss 1.096488118171692 ,lr 0.00010000000000000002
INFO:root:epoch 4, Episode 7, total_loss: 121.44023895263672, q_loss 120.34156036376953, v_loss 1.098681926727295 ,lr 0.00010000000000000002
INFO:root:epoch 4, Episode 8, total_loss: 1044.525634765625, q_loss 1043.4268798828125, v_loss 1.0987553596496582 ,lr 0.00010000000000000002
INFO:root:epoch 4, Episode 9, total_loss: 728.8570556640625, q_loss 727.759033203125, v_loss 1.09804105758667 ,lr 0.00010000000000000002
INFO:root:epoch 4, Episode 10, total_loss: 181.27725219726562, q_loss 180.17855834960938, v_loss 1.0986862182617188 ,lr 0.00010000000000000002
INFO:root:epoch 4, Episode 11, total_loss: 846.0036010742188, q_loss 844.89453125, v_loss 1.1090433597564697 ,lr 0.00010000000000000002
INFO:root:epoch 4, Episode 12, total_loss: 513.194580078125, q_loss 512.0958251953125, v_loss 1.0987353324890137 ,lr 0.00010000000000000002
INFO:root:epoch 4, Episode 13, total_loss: 221.87841796875, q_loss 220.77810668945312, v_loss 1.1003094911575317 ,lr 0.00010000000000000002
INFO:root:epoch 4, Episode 14, total_loss: 213.61294555664062, q_loss 212.51438903808594, v_loss 1.0985517501831055 ,lr 0.00010000000000000002
INFO:root:val_loss 710.2984619140625
INFO:root:epoch 4, Episode 15, total_loss: 161.75819396972656, q_loss 160.659423828125, v_loss 1.098773717880249 ,lr 0.00010000000000000002
INFO:root:epoch 4, Episode 16, total_loss: 2509.7568359375, q_loss 2508.658203125, v_loss 1.0986933708190918 ,lr 0.00010000000000000002
INFO:root:epoch 4, Episode 17, total_loss: 542.814453125, q_loss 541.7156982421875, v_loss 1.0987365245819092 ,lr 0.00010000000000000002
INFO:root:epoch 4, Episode 18, total_loss: 401.8641662597656, q_loss 400.7633056640625, v_loss 1.1008707284927368 ,lr 0.00010000000000000002
INFO:root:epoch 4, Episode 19, total_loss: 277.2814636230469, q_loss 276.1827087402344, v_loss 1.098769187927246 ,lr 0.00010000000000000002
INFO:root:epoch 4, Episode 20, total_loss: 232.12535095214844, q_loss 231.02346801757812, v_loss 1.101889729499817 ,lr 0.00010000000000000002
INFO:root:epoch 4, Episode 21, total_loss: 235.98341369628906, q_loss 234.88790893554688, v_loss 1.0955122709274292 ,lr 0.00010000000000000002
INFO:root:epoch 4, Episode 22, total_loss: 430.522705078125, q_loss 429.424072265625, v_loss 1.0986437797546387 ,lr 0.00010000000000000002
INFO:root:epoch 4, Episode 23, total_loss: 398.2601623535156, q_loss 397.1689453125, v_loss 1.0912158489227295 ,lr 0.00010000000000000002
INFO:root:epoch 4, Episode 24, total_loss: 190.05709838867188, q_loss 188.95382690429688, v_loss 1.1032649278640747 ,lr 0.00010000000000000002
INFO:root:val_loss 540.5340576171875
INFO:root:epoch 4, Episode 25, total_loss: 1684.9278564453125, q_loss 1683.8291015625, v_loss 1.0987305641174316 ,lr 0.00010000000000000002
INFO:root:epoch 4, Episode 26, total_loss: 151.6433868408203, q_loss 150.54473876953125, v_loss 1.0986433029174805 ,lr 0.00010000000000000002
INFO:root:epoch 4, Episode 27, total_loss: 326.2778625488281, q_loss 325.1781311035156, v_loss 1.0997436046600342 ,lr 0.00010000000000000002
INFO:root:epoch 4, Episode 28, total_loss: 161.63111877441406, q_loss 160.53317260742188, v_loss 1.0979459285736084 ,lr 0.00010000000000000002
INFO:root:epoch 4, Episode 29, total_loss: 904.9440307617188, q_loss 903.8688354492188, v_loss 1.075208067893982 ,lr 0.00010000000000000002
INFO:root:epoch 4, Episode 30, total_loss: 321.8154602050781, q_loss 320.720458984375, v_loss 1.0950039625167847 ,lr 0.00010000000000000002
INFO:root:epoch 4, Episode 31, total_loss: 385.7924499511719, q_loss 384.6849060058594, v_loss 1.107537865638733 ,lr 0.00010000000000000002
INFO:root:epoch 4, Episode 32, total_loss: 220.22024536132812, q_loss 219.13650512695312, v_loss 1.0837454795837402 ,lr 0.00010000000000000002
INFO:root:epoch 4, Episode 33, total_loss: 270.0295715332031, q_loss 268.9310302734375, v_loss 1.0985312461853027 ,lr 0.00010000000000000002
INFO:root:epoch 4, Episode 34, total_loss: 214.22222900390625, q_loss 213.12364196777344, v_loss 1.0985881090164185 ,lr 0.00010000000000000002
INFO:root:val_loss 89.70580291748047
INFO:root:epoch 4, Episode 35, total_loss: 290.0010070800781, q_loss 288.9092712402344, v_loss 1.09172523021698 ,lr 0.00010000000000000002
INFO:root:epoch 4, Episode 36, total_loss: 325.3182373046875, q_loss 324.2216796875, v_loss 1.0965635776519775 ,lr 0.00010000000000000002
INFO:root:epoch 4, Episode 37, total_loss: 845.0233764648438, q_loss 843.944580078125, v_loss 1.0787873268127441 ,lr 0.00010000000000000002
INFO:root:epoch 4, Episode 38, total_loss: 285.7170715332031, q_loss 284.6172180175781, v_loss 1.0998469591140747 ,lr 0.00010000000000000002
INFO:root:epoch 4, Episode 39, total_loss: 602.5241088867188, q_loss 601.4256591796875, v_loss 1.0984357595443726 ,lr 0.00010000000000000002
INFO:root:epoch 4, Episode 40, total_loss: 211.537841796875, q_loss 210.43927001953125, v_loss 1.0985773801803589 ,lr 0.00010000000000000002
INFO:root:epoch 4, Episode 41, total_loss: 495.19775390625, q_loss 494.09918212890625, v_loss 1.0985829830169678 ,lr 0.00010000000000000002
INFO:root:epoch 4, Episode 42, total_loss: 4712.38427734375, q_loss 4711.595703125, v_loss 0.7887469530105591 ,lr 0.00010000000000000002
INFO:root:epoch 4, Episode 43, total_loss: 4752.708984375, q_loss 4751.87451171875, v_loss 0.8346772193908691 ,lr 0.00010000000000000002
INFO:root:epoch 4, Episode 44, total_loss: 216.23291015625, q_loss 215.1435089111328, v_loss 1.089401364326477 ,lr 0.00010000000000000002
INFO:root:val_loss 829.6514892578125
INFO:root:epoch 4, Episode 45, total_loss: 652.1410522460938, q_loss 651.0416870117188, v_loss 1.0993708372116089 ,lr 0.00010000000000000002
INFO:root:epoch 4, Episode 46, total_loss: 296.4970397949219, q_loss 295.3983459472656, v_loss 1.0987087488174438 ,lr 0.00010000000000000002
INFO:root:epoch 4, Episode 47, total_loss: 257.7844543457031, q_loss 256.6856384277344, v_loss 1.098814606666565 ,lr 0.00010000000000000002
INFO:root:epoch 4, Episode 48, total_loss: 541.8157958984375, q_loss 540.7169189453125, v_loss 1.098887324333191 ,lr 0.00010000000000000002
INFO:root:epoch 4, Episode 49, total_loss: 208.56039428710938, q_loss 207.46324157714844, v_loss 1.0971561670303345 ,lr 0.00010000000000000002
INFO:root:epoch 4, Episode 50, total_loss: 1024.017822265625, q_loss 1022.939453125, v_loss 1.078355312347412 ,lr 0.00010000000000000002
INFO:root:epoch 4, Episode 51, total_loss: 324.73944091796875, q_loss 323.63629150390625, v_loss 1.1031501293182373 ,lr 0.00010000000000000002
INFO:root:epoch 4, Episode 52, total_loss: 490.7302551269531, q_loss 489.6251525878906, v_loss 1.1050965785980225 ,lr 0.00010000000000000002
INFO:root:epoch 4, Episode 53, total_loss: 290.61273193359375, q_loss 289.5203857421875, v_loss 1.0923333168029785 ,lr 0.00010000000000000002
INFO:root:epoch 4, Episode 54, total_loss: 679.366455078125, q_loss 678.2677001953125, v_loss 1.098779559135437 ,lr 0.00010000000000000002
INFO:root:val_loss 89.60333251953125
INFO:root:epoch 4, Episode 55, total_loss: 368.0836181640625, q_loss 366.99676513671875, v_loss 1.0868382453918457 ,lr 0.00010000000000000002
INFO:root:epoch 4, Episode 56, total_loss: 682.1580200195312, q_loss 681.0592651367188, v_loss 1.098779320716858 ,lr 0.00010000000000000002
INFO:root:epoch 4, Episode 57, total_loss: 1265.281494140625, q_loss 1264.1824951171875, v_loss 1.0990350246429443 ,lr 0.00010000000000000002
INFO:root:epoch 4, Episode 58, total_loss: 412.69287109375, q_loss 411.59405517578125, v_loss 1.0988041162490845 ,lr 0.00010000000000000002
INFO:root:epoch 4, Episode 59, total_loss: 308.15594482421875, q_loss 307.05706787109375, v_loss 1.0988818407058716 ,lr 0.00010000000000000002
INFO:root:epoch 4, Episode 60, total_loss: 306.4855651855469, q_loss 305.38677978515625, v_loss 1.0987894535064697 ,lr 0.00010000000000000002
INFO:root:epoch 4, Episode 61, total_loss: 167.8654022216797, q_loss 166.7667999267578, v_loss 1.0986000299453735 ,lr 0.00010000000000000002
INFO:root:epoch 4, Episode 62, total_loss: 1447.968017578125, q_loss 1446.8690185546875, v_loss 1.0989906787872314 ,lr 0.00010000000000000002
INFO:root:epoch 4, Episode 63, total_loss: 140.6885528564453, q_loss 139.59042358398438, v_loss 1.0981223583221436 ,lr 0.00010000000000000002
INFO:root:epoch 4, Episode 64, total_loss: 323.5837097167969, q_loss 322.48651123046875, v_loss 1.0971879959106445 ,lr 0.00010000000000000002
INFO:root:val_loss 863.2293090820312
INFO:root:epoch 4, Episode 65, total_loss: 370.00396728515625, q_loss 368.9031677246094, v_loss 1.1008081436157227 ,lr 0.00010000000000000002
INFO:root:epoch 4, Episode 66, total_loss: 1270.189697265625, q_loss 1269.0908203125, v_loss 1.0988582372665405 ,lr 0.00010000000000000002
INFO:root:epoch 4, Episode 67, total_loss: 235.48452758789062, q_loss 234.38577270507812, v_loss 1.0987548828125 ,lr 0.00010000000000000002
INFO:root:epoch 4, Episode 68, total_loss: 844.3666381835938, q_loss 843.2679443359375, v_loss 1.098719835281372 ,lr 0.00010000000000000002
INFO:root:epoch 4, Episode 69, total_loss: 491.86724853515625, q_loss 490.7684326171875, v_loss 1.0988222360610962 ,lr 0.00010000000000000002
INFO:root:epoch 4, Episode 70, total_loss: 1261.6973876953125, q_loss 1260.5416259765625, v_loss 1.1558077335357666 ,lr 0.00010000000000000002
INFO:root:epoch 4, Episode 71, total_loss: 731.5017700195312, q_loss 730.4028930664062, v_loss 1.0988625288009644 ,lr 0.00010000000000000002
INFO:root:epoch 4, Episode 72, total_loss: 385.1091003417969, q_loss 384.0063781738281, v_loss 1.1027077436447144 ,lr 0.00010000000000000002
INFO:root:epoch 4, Episode 73, total_loss: 578.0759887695312, q_loss 576.9771118164062, v_loss 1.0988585948944092 ,lr 0.00010000000000000002
INFO:root:epoch 4, Episode 74, total_loss: 369.2275695800781, q_loss 368.1286926269531, v_loss 1.0988795757293701 ,lr 0.00010000000000000002
INFO:root:val_loss 11.927253723144531
INFO:root:epoch 4, Episode 75, total_loss: 1437.6256103515625, q_loss 1436.607177734375, v_loss 1.0184582471847534 ,lr 0.00010000000000000002
INFO:root:epoch 4, Episode 76, total_loss: 226.5000457763672, q_loss 225.40350341796875, v_loss 1.096543788909912 ,lr 0.00010000000000000002
INFO:root:epoch 4, Episode 77, total_loss: 862.1234741210938, q_loss 861.0245971679688, v_loss 1.0988680124282837 ,lr 0.00010000000000000002
INFO:root:epoch 4, Episode 78, total_loss: 397.45941162109375, q_loss 396.3588562011719, v_loss 1.1005699634552002 ,lr 0.00010000000000000002
INFO:root:epoch 4, Episode 79, total_loss: 243.7854461669922, q_loss 242.68661499023438, v_loss 1.0988272428512573 ,lr 0.00010000000000000002
INFO:root:epoch 4, Episode 80, total_loss: 1134.62646484375, q_loss 1133.435791015625, v_loss 1.190666675567627 ,lr 0.00010000000000000002
INFO:root:epoch 4, Episode 81, total_loss: 398.1109924316406, q_loss 397.0121765136719, v_loss 1.0988274812698364 ,lr 0.00010000000000000002
INFO:root:epoch 4, Episode 82, total_loss: 309.1784973144531, q_loss 308.0810852050781, v_loss 1.097408413887024 ,lr 0.00010000000000000002
INFO:root:epoch 4, Episode 83, total_loss: 665.8702392578125, q_loss 664.78173828125, v_loss 1.088502287864685 ,lr 0.00010000000000000002
INFO:root:epoch 4, Episode 84, total_loss: 325.7383117675781, q_loss 324.6395263671875, v_loss 1.098790168762207 ,lr 0.00010000000000000002
INFO:root:val_loss 1437.746826171875
INFO:root:epoch 4, Episode 85, total_loss: 1269.4193115234375, q_loss 1268.2830810546875, v_loss 1.136263132095337 ,lr 0.00010000000000000002
INFO:root:epoch 4, Episode 86, total_loss: 538.03173828125, q_loss 536.9418334960938, v_loss 1.0898749828338623 ,lr 0.00010000000000000002
INFO:root:epoch 4, Episode 87, total_loss: 239.97329711914062, q_loss 238.8685760498047, v_loss 1.1047136783599854 ,lr 0.00010000000000000002
INFO:root:epoch 4, Episode 88, total_loss: 171.43370056152344, q_loss 170.3349151611328, v_loss 1.098781943321228 ,lr 0.00010000000000000002
INFO:root:epoch 4, Episode 89, total_loss: 638.6085205078125, q_loss 637.5098266601562, v_loss 1.098718285560608 ,lr 0.00010000000000000002
INFO:root:epoch 4, Episode 90, total_loss: 157.37364196777344, q_loss 156.27487182617188, v_loss 1.0987699031829834 ,lr 0.00010000000000000002
INFO:root:epoch 4, Episode 91, total_loss: 218.18873596191406, q_loss 217.08998107910156, v_loss 1.0987517833709717 ,lr 0.00010000000000000002
INFO:root:epoch 4, Episode 92, total_loss: 136.08641052246094, q_loss 134.9907989501953, v_loss 1.0956096649169922 ,lr 0.00010000000000000002
INFO:root:epoch 4, Episode 93, total_loss: 308.05120849609375, q_loss 306.9580993652344, v_loss 1.0930986404418945 ,lr 0.00010000000000000002
INFO:root:epoch 4, Episode 94, total_loss: 1681.6900634765625, q_loss 1680.603759765625, v_loss 1.0863269567489624 ,lr 0.00010000000000000002
INFO:root:val_loss 7.3452839851379395
INFO:root:epoch 4, Episode 95, total_loss: 487.2519226074219, q_loss 486.1431884765625, v_loss 1.1087431907653809 ,lr 0.00010000000000000002
INFO:root:epoch 4, Episode 96, total_loss: 598.3133544921875, q_loss 597.2145385742188, v_loss 1.0988013744354248 ,lr 0.00010000000000000002
INFO:root:epoch 4, Episode 97, total_loss: 2600.13232421875, q_loss 2598.87841796875, v_loss 1.2539613246917725 ,lr 0.00010000000000000002
INFO:root:epoch 4, Episode 98, total_loss: 360.4316711425781, q_loss 359.3243713378906, v_loss 1.1072897911071777 ,lr 0.00010000000000000002
INFO:root:epoch 4, Episode 99, total_loss: 570.6712646484375, q_loss 569.5682373046875, v_loss 1.1030000448226929 ,lr 0.00010000000000000002
INFO:root:epoch 4, Episode 100, total_loss: 251.16488647460938, q_loss 250.07313537597656, v_loss 1.0917513370513916 ,lr 0.00010000000000000002
INFO:root:epoch 4, Episode 101, total_loss: 308.2193908691406, q_loss 307.1233215332031, v_loss 1.0960701704025269 ,lr 0.00010000000000000002
INFO:root:epoch 4, Episode 102, total_loss: 1679.3427734375, q_loss 1678.243896484375, v_loss 1.0988991260528564 ,lr 0.00010000000000000002
INFO:root:epoch 4, Episode 103, total_loss: 349.1432189941406, q_loss 348.0466613769531, v_loss 1.0965640544891357 ,lr 0.00010000000000000002
INFO:root:epoch 4, Episode 104, total_loss: 2521.735107421875, q_loss 2520.61865234375, v_loss 1.1163498163223267 ,lr 0.00010000000000000002
INFO:root:val_loss 4.407228469848633
INFO:root:epoch 4, Episode 105, total_loss: 217.0823516845703, q_loss 215.9765167236328, v_loss 1.1058355569839478 ,lr 0.00010000000000000002
INFO:root:epoch 4, Episode 106, total_loss: 489.0783386230469, q_loss 487.9795837402344, v_loss 1.0987492799758911 ,lr 0.00010000000000000002
INFO:root:epoch 4, Episode 107, total_loss: 409.90423583984375, q_loss 408.80572509765625, v_loss 1.0984959602355957 ,lr 0.00010000000000000002
INFO:root:epoch 4, Episode 108, total_loss: 1397.4412841796875, q_loss 1396.3426513671875, v_loss 1.0986509323120117 ,lr 0.00010000000000000002
INFO:root:epoch 4, Episode 109, total_loss: 467.3539733886719, q_loss 466.25701904296875, v_loss 1.096954345703125 ,lr 0.00010000000000000002
INFO:root:epoch 4, Episode 110, total_loss: 846.26318359375, q_loss 845.136474609375, v_loss 1.1267198324203491 ,lr 0.00010000000000000002
INFO:root:epoch 4, Episode 111, total_loss: 1337.5728759765625, q_loss 1336.4742431640625, v_loss 1.0985997915267944 ,lr 0.00010000000000000002
INFO:root:epoch 4, Episode 112, total_loss: 231.1980438232422, q_loss 230.10354614257812, v_loss 1.0944912433624268 ,lr 0.00010000000000000002
INFO:root:epoch 4, Episode 113, total_loss: 145.237060546875, q_loss 144.13499450683594, v_loss 1.102064847946167 ,lr 0.00010000000000000002
INFO:root:epoch 4, Episode 114, total_loss: 571.148681640625, q_loss 570.0671997070312, v_loss 1.0815023183822632 ,lr 0.00010000000000000002
INFO:root:val_loss 6.767159461975098
INFO:root:epoch 4, Episode 115, total_loss: 242.1284637451172, q_loss 241.0457000732422, v_loss 1.0827641487121582 ,lr 0.00010000000000000002
INFO:root:epoch 4, Episode 116, total_loss: 145.43067932128906, q_loss 144.33229064941406, v_loss 1.0983861684799194 ,lr 0.00010000000000000002
INFO:root:epoch 4, Episode 117, total_loss: 450.0925598144531, q_loss 448.9924621582031, v_loss 1.100093126296997 ,lr 0.00010000000000000002
INFO:root:epoch 4, Episode 118, total_loss: 337.51434326171875, q_loss 336.411865234375, v_loss 1.1024889945983887 ,lr 0.00010000000000000002
INFO:root:epoch 4, Episode 119, total_loss: 146.52517700195312, q_loss 145.42723083496094, v_loss 1.0979485511779785 ,lr 0.00010000000000000002
INFO:root:epoch 4, Episode 120, total_loss: 318.32452392578125, q_loss 317.2226867675781, v_loss 1.1018520593643188 ,lr 0.00010000000000000002
INFO:root:epoch 4, Episode 121, total_loss: 213.488525390625, q_loss 212.388671875, v_loss 1.099853754043579 ,lr 0.00010000000000000002
INFO:root:epoch 4, Episode 122, total_loss: 146.9739990234375, q_loss 145.87547302246094, v_loss 1.0985305309295654 ,lr 0.00010000000000000002
INFO:root:epoch 4, Episode 123, total_loss: 370.9576416015625, q_loss 369.8748779296875, v_loss 1.0827537775039673 ,lr 0.00010000000000000002
INFO:root:epoch 4, Episode 124, total_loss: 513.2393188476562, q_loss 512.1456298828125, v_loss 1.0936894416809082 ,lr 0.00010000000000000002
INFO:root:val_loss 49.171146392822266
INFO:root:epoch 4, Episode 125, total_loss: 158.9273681640625, q_loss 157.8287353515625, v_loss 1.0986303091049194 ,lr 0.00010000000000000002
INFO:root:epoch 4, Episode 126, total_loss: 268.1905517578125, q_loss 267.0921630859375, v_loss 1.0983935594558716 ,lr 0.00010000000000000002
INFO:root:epoch 4, Episode 127, total_loss: 1440.0137939453125, q_loss 1438.9097900390625, v_loss 1.104049563407898 ,lr 0.00010000000000000002
INFO:root:epoch 4, Episode 128, total_loss: 307.1539001464844, q_loss 306.05340576171875, v_loss 1.1005043983459473 ,lr 0.00010000000000000002
INFO:root:epoch 4, Episode 129, total_loss: 568.441162109375, q_loss 567.3425903320312, v_loss 1.0986013412475586 ,lr 0.00010000000000000002
INFO:root:epoch 4, Episode 130, total_loss: 198.35658264160156, q_loss 197.25283813476562, v_loss 1.1037445068359375 ,lr 0.00010000000000000002
INFO:root:epoch 4, Episode 131, total_loss: 274.4869079589844, q_loss 273.38836669921875, v_loss 1.0985352993011475 ,lr 0.00010000000000000002
INFO:root:epoch 4, Episode 132, total_loss: 411.2568359375, q_loss 410.1522216796875, v_loss 1.1046115159988403 ,lr 0.00010000000000000002
INFO:root:epoch 4, Episode 133, total_loss: 1012.298828125, q_loss 1011.1982421875, v_loss 1.1006096601486206 ,lr 0.00010000000000000002
INFO:root:epoch 4, Episode 134, total_loss: 230.1520233154297, q_loss 229.05914306640625, v_loss 1.0928850173950195 ,lr 0.00010000000000000002
INFO:root:val_loss 4357.88623046875
INFO:root:epoch 4, Episode 135, total_loss: 229.36959838867188, q_loss 228.2817840576172, v_loss 1.08780837059021 ,lr 0.00010000000000000002
INFO:root:epoch 4, Episode 136, total_loss: 1483.92138671875, q_loss 1482.82275390625, v_loss 1.0986557006835938 ,lr 0.00010000000000000002
INFO:root:epoch 4, Episode 137, total_loss: 324.08349609375, q_loss 322.9849853515625, v_loss 1.0985167026519775 ,lr 0.00010000000000000002
INFO:root:epoch 4, Episode 138, total_loss: 333.07025146484375, q_loss 331.9715881347656, v_loss 1.0986562967300415 ,lr 0.00010000000000000002
INFO:root:epoch 4, Episode 139, total_loss: 176.2150115966797, q_loss 175.11627197265625, v_loss 1.098742127418518 ,lr 0.00010000000000000002
INFO:root:epoch 4, Episode 140, total_loss: 909.2027587890625, q_loss 908.1044921875, v_loss 1.0982784032821655 ,lr 0.00010000000000000002
INFO:root:epoch 4, Episode 141, total_loss: 145.24273681640625, q_loss 144.14291381835938, v_loss 1.0998256206512451 ,lr 0.00010000000000000002
INFO:root:epoch 4, Episode 142, total_loss: 428.84136962890625, q_loss 427.7460632324219, v_loss 1.0953011512756348 ,lr 0.00010000000000000002
INFO:root:epoch 4, Episode 143, total_loss: 1675.387939453125, q_loss 1674.2939453125, v_loss 1.0940355062484741 ,lr 0.00010000000000000002
INFO:root:epoch 4, Episode 144, total_loss: 1684.919189453125, q_loss 1683.8203125, v_loss 1.0988820791244507 ,lr 0.00010000000000000002
INFO:root:val_loss 84.76969909667969
INFO:root:epoch 4, Episode 145, total_loss: 137.81492614746094, q_loss 136.72190856933594, v_loss 1.0930240154266357 ,lr 0.00010000000000000002
INFO:root:epoch 4, Episode 146, total_loss: 346.3387145996094, q_loss 345.234375, v_loss 1.1043264865875244 ,lr 0.00010000000000000002
INFO:root:epoch 4, Episode 147, total_loss: 566.1886596679688, q_loss 565.080078125, v_loss 1.1085515022277832 ,lr 0.00010000000000000002
INFO:root:epoch 4, Episode 148, total_loss: 237.6206817626953, q_loss 236.52127075195312, v_loss 1.0994107723236084 ,lr 0.00010000000000000002
INFO:root:epoch 4, Episode 149, total_loss: 113.77388000488281, q_loss 112.67503356933594, v_loss 1.0988478660583496 ,lr 0.00010000000000000002
INFO:root:epoch 4, Episode 150, total_loss: 638.3953247070312, q_loss 637.3065185546875, v_loss 1.0888289213180542 ,lr 0.00010000000000000002
INFO:root:epoch 4, Episode 151, total_loss: 466.9008483886719, q_loss 465.81298828125, v_loss 1.0878604650497437 ,lr 0.00010000000000000002
INFO:root:epoch 4, Episode 152, total_loss: 149.38926696777344, q_loss 148.2906951904297, v_loss 1.0985665321350098 ,lr 0.00010000000000000002
INFO:root:epoch 4, Episode 153, total_loss: 399.1686706542969, q_loss 398.07513427734375, v_loss 1.0935444831848145 ,lr 0.00010000000000000002
INFO:root:epoch 4, Episode 154, total_loss: 569.5139770507812, q_loss 568.4140625, v_loss 1.0998880863189697 ,lr 0.00010000000000000002
INFO:root:val_loss 1981.22509765625
INFO:root:epoch 4, Episode 155, total_loss: 923.931640625, q_loss 922.832763671875, v_loss 1.098852276802063 ,lr 0.00010000000000000002
INFO:root:epoch 4, Episode 156, total_loss: 1399.0888671875, q_loss 1397.989990234375, v_loss 1.0988495349884033 ,lr 0.00010000000000000002
INFO:root:epoch 4, Episode 157, total_loss: 196.97177124023438, q_loss 195.87266540527344, v_loss 1.0991010665893555 ,lr 0.00010000000000000002
INFO:root:epoch 4, Episode 158, total_loss: 119.02156066894531, q_loss 117.92272186279297, v_loss 1.0988421440124512 ,lr 0.00010000000000000002
INFO:root:epoch 4, Episode 159, total_loss: 415.78033447265625, q_loss 414.6814880371094, v_loss 1.0988459587097168 ,lr 0.00010000000000000002
INFO:root:epoch 4, Episode 160, total_loss: 251.66123962402344, q_loss 250.58477783203125, v_loss 1.0764607191085815 ,lr 0.00010000000000000002
INFO:root:epoch 4, Episode 161, total_loss: 288.79156494140625, q_loss 287.6927185058594, v_loss 1.0988457202911377 ,lr 0.00010000000000000002
INFO:root:epoch 4, Episode 162, total_loss: 245.4867706298828, q_loss 244.38653564453125, v_loss 1.1002377271652222 ,lr 0.00010000000000000002
INFO:root:epoch 4, Episode 163, total_loss: 428.2218322753906, q_loss 427.12286376953125, v_loss 1.098968267440796 ,lr 0.00010000000000000002
INFO:root:epoch 4, Episode 164, total_loss: 255.63983154296875, q_loss 254.54193115234375, v_loss 1.0979043245315552 ,lr 0.00010000000000000002
INFO:root:val_loss 11.533411979675293
INFO:root:epoch 4, Episode 165, total_loss: 284.3955383300781, q_loss 283.29669189453125, v_loss 1.0988508462905884 ,lr 0.00010000000000000002
INFO:root:epoch 4, Episode 166, total_loss: 438.7373046875, q_loss 437.64495849609375, v_loss 1.09235417842865 ,lr 0.00010000000000000002
INFO:root:epoch 4, Episode 167, total_loss: 1082.607666015625, q_loss 1081.5087890625, v_loss 1.098848581314087 ,lr 0.00010000000000000002
INFO:root:epoch 4, Episode 168, total_loss: 1131.451171875, q_loss 1130.345947265625, v_loss 1.1052100658416748 ,lr 0.00010000000000000002
INFO:root:epoch 4, Episode 169, total_loss: 205.71630859375, q_loss 204.61746215820312, v_loss 1.0988508462905884 ,lr 0.00010000000000000002
INFO:root:epoch 4, Episode 170, total_loss: 1068.101318359375, q_loss 1067.00244140625, v_loss 1.0988465547561646 ,lr 0.00010000000000000002
INFO:root:epoch 4, Episode 171, total_loss: 398.5345458984375, q_loss 397.4202880859375, v_loss 1.1142451763153076 ,lr 0.00010000000000000002
INFO:root:epoch 4, Episode 172, total_loss: 323.6876220703125, q_loss 322.6005554199219, v_loss 1.0870800018310547 ,lr 0.00010000000000000002
INFO:root:epoch 4, Episode 173, total_loss: 273.53759765625, q_loss 272.438720703125, v_loss 1.0988705158233643 ,lr 0.00010000000000000002
INFO:root:epoch 4, Episode 174, total_loss: 190.80413818359375, q_loss 189.704345703125, v_loss 1.0997990369796753 ,lr 0.00010000000000000002
INFO:root:val_loss 937.958740234375
INFO:root:epoch 4, Episode 175, total_loss: 680.8272705078125, q_loss 679.750244140625, v_loss 1.0770025253295898 ,lr 0.00010000000000000002
INFO:root:epoch 4, Episode 176, total_loss: 199.2529754638672, q_loss 198.15823364257812, v_loss 1.0947352647781372 ,lr 0.00010000000000000002
INFO:root:epoch 4, Episode 177, total_loss: 926.2745361328125, q_loss 925.1756591796875, v_loss 1.0988718271255493 ,lr 0.00010000000000000002
INFO:root:epoch 4, Episode 178, total_loss: 539.9107055664062, q_loss 538.7944946289062, v_loss 1.1161986589431763 ,lr 0.00010000000000000002
INFO:root:epoch 4, Episode 179, total_loss: 268.2467956542969, q_loss 267.1479797363281, v_loss 1.0988128185272217 ,lr 0.00010000000000000002
INFO:root:epoch 4, Episode 180, total_loss: 182.169189453125, q_loss 181.07244873046875, v_loss 1.0967352390289307 ,lr 0.00010000000000000002
INFO:root:epoch 4, Episode 181, total_loss: 3343.305419921875, q_loss 3342.2431640625, v_loss 1.0622406005859375 ,lr 0.00010000000000000002
INFO:root:epoch 4, Episode 182, total_loss: 637.4988403320312, q_loss 636.4000244140625, v_loss 1.0988459587097168 ,lr 0.00010000000000000002
INFO:root:epoch 4, Episode 183, total_loss: 1264.220947265625, q_loss 1263.1351318359375, v_loss 1.0858347415924072 ,lr 0.00010000000000000002
INFO:root:epoch 4, Episode 184, total_loss: 316.2218933105469, q_loss 315.12310791015625, v_loss 1.0987733602523804 ,lr 0.00010000000000000002
INFO:root:val_loss 90.28936004638672
INFO:root:epoch 4, Episode 185, total_loss: 559.6449584960938, q_loss 558.5455322265625, v_loss 1.0994246006011963 ,lr 0.00010000000000000002
INFO:root:epoch 4, Episode 186, total_loss: 281.8775329589844, q_loss 280.7865905761719, v_loss 1.0909487009048462 ,lr 0.00010000000000000002
INFO:root:epoch 4, Episode 187, total_loss: 269.2249450683594, q_loss 268.1348571777344, v_loss 1.0900936126708984 ,lr 0.00010000000000000002
INFO:root:epoch 4, Episode 188, total_loss: 132.38722229003906, q_loss 131.28953552246094, v_loss 1.0976793766021729 ,lr 0.00010000000000000002
INFO:root:epoch 4, Episode 189, total_loss: 1121.5947265625, q_loss 1120.495849609375, v_loss 1.0988166332244873 ,lr 0.00010000000000000002
INFO:root:epoch 4, Episode 190, total_loss: 978.8453979492188, q_loss 977.7513427734375, v_loss 1.0940592288970947 ,lr 0.00010000000000000002
INFO:root:epoch 4, Episode 191, total_loss: 222.34178161621094, q_loss 221.2405242919922, v_loss 1.1012541055679321 ,lr 0.00010000000000000002
INFO:root:epoch 4, Episode 192, total_loss: 490.5804138183594, q_loss 489.5064697265625, v_loss 1.0739362239837646 ,lr 0.00010000000000000002
INFO:root:epoch 4, Episode 193, total_loss: 287.64886474609375, q_loss 286.5501403808594, v_loss 1.0987368822097778 ,lr 0.00010000000000000002
INFO:root:epoch 4, Episode 194, total_loss: 395.5464172363281, q_loss 394.4476318359375, v_loss 1.0987790822982788 ,lr 0.00010000000000000002
INFO:root:val_loss 9.996514320373535
INFO:root:epoch 4, Episode 195, total_loss: 250.9928741455078, q_loss 249.8941650390625, v_loss 1.098710060119629 ,lr 0.00010000000000000002
INFO:root:epoch 4, Episode 196, total_loss: 415.9054870605469, q_loss 414.8116455078125, v_loss 1.0938563346862793 ,lr 0.00010000000000000002
INFO:root:epoch 4, Episode 197, total_loss: 1266.1981201171875, q_loss 1265.086181640625, v_loss 1.1118831634521484 ,lr 0.00010000000000000002
INFO:root:epoch 4, Episode 198, total_loss: 349.73779296875, q_loss 348.6390686035156, v_loss 1.0987341403961182 ,lr 0.00010000000000000002
INFO:root:epoch 4, Episode 199, total_loss: 517.790283203125, q_loss 516.69287109375, v_loss 1.0973854064941406 ,lr 0.00010000000000000002
INFO:root:epoch 4, Episode 200, total_loss: 400.7669677734375, q_loss 399.668212890625, v_loss 1.0987472534179688 ,lr 0.00010000000000000002
INFO:root:epoch 4, Episode 201, total_loss: 4968.4833984375, q_loss 4967.45361328125, v_loss 1.0298140048980713 ,lr 0.00010000000000000002
INFO:root:epoch 4, Episode 202, total_loss: 258.5834045410156, q_loss 257.48443603515625, v_loss 1.0989662408828735 ,lr 0.00010000000000000002
INFO:root:epoch 4, Episode 203, total_loss: 335.6417541503906, q_loss 334.54315185546875, v_loss 1.098607063293457 ,lr 0.00010000000000000002
INFO:root:epoch 4, Episode 204, total_loss: 354.38525390625, q_loss 353.2765808105469, v_loss 1.1086677312850952 ,lr 0.00010000000000000002
INFO:root:val_loss 666.8682250976562
INFO:root:epoch 4, Episode 205, total_loss: 1017.6109008789062, q_loss 1016.51220703125, v_loss 1.0986818075180054 ,lr 0.00010000000000000002
INFO:root:epoch 4, Episode 206, total_loss: 603.8169555664062, q_loss 602.71826171875, v_loss 1.0986950397491455 ,lr 0.00010000000000000002
INFO:root:epoch 4, Episode 207, total_loss: 343.07720947265625, q_loss 342.0000305175781, v_loss 1.0771750211715698 ,lr 0.00010000000000000002
INFO:root:epoch 4, Episode 208, total_loss: 849.2244262695312, q_loss 848.1258544921875, v_loss 1.0986014604568481 ,lr 0.00010000000000000002
INFO:root:epoch 4, Episode 209, total_loss: 213.4217529296875, q_loss 212.3114013671875, v_loss 1.1103527545928955 ,lr 0.00010000000000000002
INFO:root:epoch 4, Episode 210, total_loss: 685.7418823242188, q_loss 684.6431884765625, v_loss 1.0987170934677124 ,lr 0.00010000000000000002
INFO:root:epoch 4, Episode 211, total_loss: 540.7562255859375, q_loss 539.6575927734375, v_loss 1.0986303091049194 ,lr 0.00010000000000000002
INFO:root:epoch 4, Episode 212, total_loss: 372.848388671875, q_loss 371.7217102050781, v_loss 1.1266847848892212 ,lr 0.00010000000000000002
INFO:root:epoch 4, Episode 213, total_loss: 1122.1448974609375, q_loss 1121.045166015625, v_loss 1.0997148752212524 ,lr 0.00010000000000000002
INFO:root:epoch 4, Episode 214, total_loss: 355.56878662109375, q_loss 354.47027587890625, v_loss 1.0985054969787598 ,lr 0.00010000000000000002
INFO:root:val_loss 6.3270463943481445
INFO:root:epoch 4, Episode 215, total_loss: 681.2592163085938, q_loss 680.158447265625, v_loss 1.1007412672042847 ,lr 0.00010000000000000002
INFO:root:epoch 4, Episode 216, total_loss: 415.2423095703125, q_loss 414.14312744140625, v_loss 1.09918212890625 ,lr 0.00010000000000000002
INFO:root:epoch 4, Episode 217, total_loss: 217.5951385498047, q_loss 216.5004119873047, v_loss 1.094733476638794 ,lr 0.00010000000000000002
INFO:root:epoch 4, Episode 218, total_loss: 246.47064208984375, q_loss 245.3625030517578, v_loss 1.1081331968307495 ,lr 0.00010000000000000002
INFO:root:epoch 4, Episode 219, total_loss: 264.4906005859375, q_loss 263.3970642089844, v_loss 1.0935351848602295 ,lr 0.00010000000000000002
INFO:root:epoch 4, Episode 220, total_loss: 1439.1715087890625, q_loss 1438.0970458984375, v_loss 1.0744179487228394 ,lr 0.00010000000000000002
INFO:root:epoch 4, Episode 221, total_loss: 2012.9599609375, q_loss 2011.8612060546875, v_loss 1.0987738370895386 ,lr 0.00010000000000000002
INFO:root:epoch 4, Episode 222, total_loss: 1208.107421875, q_loss 1207.0087890625, v_loss 1.0986872911453247 ,lr 0.00010000000000000002
INFO:root:epoch 4, Episode 223, total_loss: 370.02069091796875, q_loss 368.92193603515625, v_loss 1.0987451076507568 ,lr 0.00010000000000000002
INFO:root:epoch 4, Episode 224, total_loss: 245.48873901367188, q_loss 244.39254760742188, v_loss 1.096189260482788 ,lr 0.00010000000000000002
INFO:root:val_loss 6.028441429138184
INFO:root:epoch 4, Episode 225, total_loss: 537.0601196289062, q_loss 535.96142578125, v_loss 1.0987070798873901 ,lr 0.00010000000000000002
INFO:root:epoch 4, Episode 226, total_loss: 236.0867462158203, q_loss 234.9924774169922, v_loss 1.0942641496658325 ,lr 0.00010000000000000002
INFO:root:epoch 4, Episode 227, total_loss: 2509.58544921875, q_loss 2508.486572265625, v_loss 1.0988609790802002 ,lr 0.00010000000000000002
INFO:root:epoch 4, Episode 228, total_loss: 1320.0938720703125, q_loss 1318.9951171875, v_loss 1.0987869501113892 ,lr 0.00010000000000000002
INFO:root:epoch 4, Episode 229, total_loss: 299.43212890625, q_loss 298.3333740234375, v_loss 1.098764181137085 ,lr 0.00010000000000000002
INFO:root:epoch 4, Episode 230, total_loss: 2514.440673828125, q_loss 2513.341796875, v_loss 1.0989348888397217 ,lr 0.00010000000000000002
INFO:root:epoch 4, Episode 231, total_loss: 1679.10546875, q_loss 1677.980224609375, v_loss 1.1252217292785645 ,lr 0.00010000000000000002
INFO:root:epoch 4, Episode 232, total_loss: 277.12255859375, q_loss 276.0238342285156, v_loss 1.0987385511398315 ,lr 0.00010000000000000002
INFO:root:epoch 4, Episode 233, total_loss: 230.080322265625, q_loss 228.98155212402344, v_loss 1.0987635850906372 ,lr 0.00010000000000000002
INFO:root:epoch 4, Episode 234, total_loss: 315.6177978515625, q_loss 314.5190734863281, v_loss 1.098732590675354 ,lr 0.00010000000000000002
INFO:root:val_loss 8.398956298828125
INFO:root:epoch 4, Episode 235, total_loss: 1445.283935546875, q_loss 1444.18505859375, v_loss 1.098920464515686 ,lr 0.00010000000000000002
INFO:root:epoch 4, Episode 236, total_loss: 174.6775360107422, q_loss 173.57655334472656, v_loss 1.1009833812713623 ,lr 0.00010000000000000002
INFO:root:epoch 4, Episode 237, total_loss: 1443.1529541015625, q_loss 1442.051025390625, v_loss 1.1019209623336792 ,lr 0.00010000000000000002
INFO:root:epoch 4, Episode 238, total_loss: 742.9033813476562, q_loss 741.8045654296875, v_loss 1.0988258123397827 ,lr 0.00010000000000000002
INFO:root:epoch 4, Episode 239, total_loss: 394.69781494140625, q_loss 393.5926818847656, v_loss 1.1051440238952637 ,lr 0.00010000000000000002
INFO:root:epoch 4, Episode 240, total_loss: 270.3997802734375, q_loss 269.2900085449219, v_loss 1.1097577810287476 ,lr 0.00010000000000000002
INFO:root:epoch 4, Episode 241, total_loss: 291.55560302734375, q_loss 290.4451599121094, v_loss 1.1104463338851929 ,lr 0.00010000000000000002
INFO:root:epoch 4, Episode 242, total_loss: 308.2152099609375, q_loss 307.11639404296875, v_loss 1.098808765411377 ,lr 0.00010000000000000002
INFO:root:epoch 4, Episode 243, total_loss: 184.7454376220703, q_loss 183.64169311523438, v_loss 1.1037458181381226 ,lr 0.00010000000000000002
INFO:root:epoch 4, Episode 244, total_loss: 1012.0166625976562, q_loss 1010.9179077148438, v_loss 1.09876549243927 ,lr 0.00010000000000000002
INFO:root:val_loss 16.554080963134766
INFO:root:epoch 4, Episode 245, total_loss: 764.0839233398438, q_loss 762.985107421875, v_loss 1.0987952947616577 ,lr 0.00010000000000000002
INFO:root:epoch 4, Episode 246, total_loss: 1778.031494140625, q_loss 1776.9349365234375, v_loss 1.096533179283142 ,lr 0.00010000000000000002
INFO:root:epoch 4, Episode 247, total_loss: 1127.946044921875, q_loss 1126.8472900390625, v_loss 1.0988030433654785 ,lr 0.00010000000000000002
INFO:root:epoch 4, Episode 248, total_loss: 283.888671875, q_loss 282.78765869140625, v_loss 1.1010258197784424 ,lr 0.00010000000000000002
INFO:root:epoch 4, Episode 249, total_loss: 242.0628662109375, q_loss 240.95358276367188, v_loss 1.1092774868011475 ,lr 0.00010000000000000002
INFO:root:epoch 4, Episode 250, total_loss: 290.8138122558594, q_loss 289.7149963378906, v_loss 1.0988103151321411 ,lr 0.00010000000000000002
INFO:root:epoch 4, Episode 251, total_loss: 125.590087890625, q_loss 124.49104309082031, v_loss 1.0990471839904785 ,lr 0.00010000000000000002
INFO:root:epoch 4, Episode 252, total_loss: 212.1604461669922, q_loss 211.0593719482422, v_loss 1.101077914237976 ,lr 0.00010000000000000002
INFO:root:epoch 4, Episode 253, total_loss: 348.2719421386719, q_loss 347.1716613769531, v_loss 1.1002801656723022 ,lr 0.00010000000000000002
INFO:root:epoch 4, Episode 254, total_loss: 448.81695556640625, q_loss 447.73162841796875, v_loss 1.0853347778320312 ,lr 0.00010000000000000002
INFO:root:val_loss 452.7237243652344
INFO:root:epoch 4, Episode 255, total_loss: 324.9258117675781, q_loss 323.8294677734375, v_loss 1.0963488817214966 ,lr 0.00010000000000000002
INFO:root:epoch 4, Episode 256, total_loss: 847.4706420898438, q_loss 846.375, v_loss 1.0956698656082153 ,lr 0.00010000000000000002
INFO:root:epoch 4, Episode 257, total_loss: 444.95098876953125, q_loss 443.8522033691406, v_loss 1.098771333694458 ,lr 0.00010000000000000002
INFO:root:epoch 4, Episode 258, total_loss: 490.3047790527344, q_loss 489.19732666015625, v_loss 1.1074405908584595 ,lr 0.00010000000000000002
INFO:root:epoch 4, Episode 259, total_loss: 920.9034423828125, q_loss 919.7952880859375, v_loss 1.1081324815750122 ,lr 0.00010000000000000002
INFO:root:epoch 4, Episode 260, total_loss: 567.8833618164062, q_loss 566.7843627929688, v_loss 1.0990170240402222 ,lr 0.00010000000000000002
INFO:root:epoch 4, Episode 261, total_loss: 185.25341796875, q_loss 184.15467834472656, v_loss 1.0987402200698853 ,lr 0.00010000000000000002
INFO:root:epoch 4, Episode 262, total_loss: 315.5997314453125, q_loss 314.5009460449219, v_loss 1.0987904071807861 ,lr 0.00010000000000000002
INFO:root:epoch 4, Episode 263, total_loss: 603.72900390625, q_loss 602.6327514648438, v_loss 1.0962754487991333 ,lr 0.00010000000000000002
INFO:root:epoch 4, Episode 264, total_loss: 336.9736633300781, q_loss 335.8714904785156, v_loss 1.1021645069122314 ,lr 0.00010000000000000002
INFO:root:val_loss 1219.188720703125
INFO:root:epoch 4, Episode 265, total_loss: 337.8053894042969, q_loss 336.7150573730469, v_loss 1.0903319120407104 ,lr 0.00010000000000000002
INFO:root:epoch 4, Episode 266, total_loss: 157.74179077148438, q_loss 156.64297485351562, v_loss 1.0988215208053589 ,lr 0.00010000000000000002
INFO:root:epoch 4, Episode 267, total_loss: 399.3294982910156, q_loss 398.23480224609375, v_loss 1.094692349433899 ,lr 0.00010000000000000002
INFO:root:epoch 4, Episode 268, total_loss: 537.3152465820312, q_loss 536.2374267578125, v_loss 1.077810287475586 ,lr 0.00010000000000000002
INFO:root:epoch 4, Episode 269, total_loss: 284.8939208984375, q_loss 283.7950744628906, v_loss 1.0988503694534302 ,lr 0.00010000000000000002
INFO:root:epoch 4, Episode 270, total_loss: 1439.5418701171875, q_loss 1438.4573974609375, v_loss 1.0844868421554565 ,lr 0.00010000000000000002
INFO:root:epoch 4, Episode 271, total_loss: 142.16632080078125, q_loss 141.0697479248047, v_loss 1.096569538116455 ,lr 0.00010000000000000002
INFO:root:epoch 4, Episode 272, total_loss: 139.58206176757812, q_loss 138.48406982421875, v_loss 1.0979942083358765 ,lr 0.00010000000000000002
INFO:root:epoch 4, Episode 273, total_loss: 308.71063232421875, q_loss 307.6112060546875, v_loss 1.0994155406951904 ,lr 0.00010000000000000002
INFO:root:epoch 4, Episode 274, total_loss: 221.6195068359375, q_loss 220.51950073242188, v_loss 1.1000006198883057 ,lr 0.00010000000000000002
INFO:root:val_loss 496.2749938964844
INFO:root:epoch 4, Episode 275, total_loss: 244.25491333007812, q_loss 243.15611267089844, v_loss 1.098805546760559 ,lr 0.00010000000000000002
INFO:root:epoch 4, Episode 276, total_loss: 207.4336700439453, q_loss 206.3347625732422, v_loss 1.0989024639129639 ,lr 0.00010000000000000002
INFO:root:epoch 4, Episode 277, total_loss: 185.2584991455078, q_loss 184.15464782714844, v_loss 1.1038572788238525 ,lr 0.00010000000000000002
INFO:root:epoch 4, Episode 278, total_loss: 512.2792358398438, q_loss 511.18701171875, v_loss 1.0922280550003052 ,lr 0.00010000000000000002
INFO:root:epoch 4, Episode 279, total_loss: 356.6006164550781, q_loss 355.5188903808594, v_loss 1.0817229747772217 ,lr 0.00010000000000000002
INFO:root:epoch 4, Episode 280, total_loss: 327.6722717285156, q_loss 326.57342529296875, v_loss 1.0988430976867676 ,lr 0.00010000000000000002
INFO:root:epoch 4, Episode 281, total_loss: 1238.6478271484375, q_loss 1237.5489501953125, v_loss 1.0988401174545288 ,lr 0.00010000000000000002
INFO:root:epoch 4, Episode 282, total_loss: 389.80059814453125, q_loss 388.7021179199219, v_loss 1.0984801054000854 ,lr 0.00010000000000000002
INFO:root:epoch 4, Episode 283, total_loss: 668.001708984375, q_loss 666.9086303710938, v_loss 1.0931007862091064 ,lr 0.00010000000000000002
INFO:root:epoch 4, Episode 284, total_loss: 364.24591064453125, q_loss 363.1562194824219, v_loss 1.08968985080719 ,lr 0.00010000000000000002
INFO:root:val_loss 62.465065002441406
INFO:root:epoch 4, Episode 285, total_loss: 369.1651611328125, q_loss 368.0790710449219, v_loss 1.0860955715179443 ,lr 0.00010000000000000002
INFO:root:epoch 4, Episode 286, total_loss: 334.0238037109375, q_loss 332.93133544921875, v_loss 1.0924538373947144 ,lr 0.00010000000000000002
INFO:root:epoch 4, Episode 287, total_loss: 240.6761474609375, q_loss 239.5603790283203, v_loss 1.11577570438385 ,lr 0.00010000000000000002
INFO:root:epoch 4, Episode 288, total_loss: 262.764404296875, q_loss 261.66888427734375, v_loss 1.0955092906951904 ,lr 0.00010000000000000002
INFO:root:epoch 4, Episode 289, total_loss: 241.9423828125, q_loss 240.84353637695312, v_loss 1.0988479852676392 ,lr 0.00010000000000000002
INFO:root:epoch 4, Episode 290, total_loss: 270.09722900390625, q_loss 269.0006408691406, v_loss 1.0965757369995117 ,lr 0.00010000000000000002
INFO:root:epoch 4, Episode 291, total_loss: 245.46949768066406, q_loss 244.37066650390625, v_loss 1.098826289176941 ,lr 0.00010000000000000002
INFO:root:epoch 4, Episode 292, total_loss: 151.1996307373047, q_loss 150.10079956054688, v_loss 1.0988261699676514 ,lr 0.00010000000000000002
INFO:root:epoch 4, Episode 293, total_loss: 2163.83349609375, q_loss 2162.733154296875, v_loss 1.1004072427749634 ,lr 0.00010000000000000002
INFO:root:epoch 4, Episode 294, total_loss: 157.47828674316406, q_loss 156.38320922851562, v_loss 1.095082402229309 ,lr 0.00010000000000000002
INFO:root:val_loss 1373.690673828125
INFO:root:epoch 4, Episode 295, total_loss: 297.60595703125, q_loss 296.485595703125, v_loss 1.1203503608703613 ,lr 0.00010000000000000002
INFO:root:epoch 4, Episode 296, total_loss: 332.4425964355469, q_loss 331.3437805175781, v_loss 1.098814606666565 ,lr 0.00010000000000000002
INFO:root:epoch 4, Episode 297, total_loss: 211.15557861328125, q_loss 210.055419921875, v_loss 1.1001657247543335 ,lr 0.00010000000000000002
INFO:root:epoch 4, Episode 298, total_loss: 308.13525390625, q_loss 307.0406494140625, v_loss 1.094594955444336 ,lr 0.00010000000000000002
INFO:root:epoch 4, Episode 299, total_loss: 352.5648498535156, q_loss 351.4661865234375, v_loss 1.0986567735671997 ,lr 0.00010000000000000002
INFO:root:epoch 4, Episode 300, total_loss: 927.356201171875, q_loss 926.2371826171875, v_loss 1.1190050840377808 ,lr 0.00010000000000000002
INFO:root:epoch 4, Episode 301, total_loss: 1343.240234375, q_loss 1342.146240234375, v_loss 1.0939736366271973 ,lr 0.00010000000000000002
INFO:root:epoch 4, Episode 302, total_loss: 909.835693359375, q_loss 908.6536254882812, v_loss 1.182061791419983 ,lr 0.00010000000000000002
INFO:root:epoch 4, Episode 303, total_loss: 411.5740051269531, q_loss 410.479248046875, v_loss 1.0947648286819458 ,lr 0.00010000000000000002
INFO:root:epoch 4, Episode 304, total_loss: 782.1920776367188, q_loss 781.0565795898438, v_loss 1.1354687213897705 ,lr 0.00010000000000000002
INFO:root:val_loss 2334.53125
INFO:root:epoch 4, Episode 305, total_loss: 686.5859985351562, q_loss 685.4874877929688, v_loss 1.0985221862792969 ,lr 0.00010000000000000002
INFO:root:epoch 4, Episode 306, total_loss: 881.2802124023438, q_loss 880.180908203125, v_loss 1.0992897748947144 ,lr 0.00010000000000000002
INFO:root:epoch 4, Episode 307, total_loss: 270.454345703125, q_loss 269.361328125, v_loss 1.0930143594741821 ,lr 0.00010000000000000002
INFO:root:epoch 4, Episode 308, total_loss: 490.94189453125, q_loss 489.8431091308594, v_loss 1.0987930297851562 ,lr 0.00010000000000000002
INFO:root:epoch 4, Episode 309, total_loss: 412.9813232421875, q_loss 411.8825378417969, v_loss 1.0987809896469116 ,lr 0.00010000000000000002
INFO:root:epoch 4, Episode 310, total_loss: 220.51780700683594, q_loss 219.4195556640625, v_loss 1.0982462167739868 ,lr 0.00010000000000000002
INFO:root:epoch 4, Episode 311, total_loss: 412.71435546875, q_loss 411.6156005859375, v_loss 1.0987588167190552 ,lr 0.00010000000000000002
INFO:root:epoch 4, Episode 312, total_loss: 1036.6395263671875, q_loss 1035.540771484375, v_loss 1.0987937450408936 ,lr 0.00010000000000000002
INFO:root:epoch 4, Episode 313, total_loss: 310.91241455078125, q_loss 309.8136901855469, v_loss 1.0987242460250854 ,lr 0.00010000000000000002
INFO:root:epoch 4, Episode 314, total_loss: 173.16944885253906, q_loss 172.07077026367188, v_loss 1.0986857414245605 ,lr 0.00010000000000000002
INFO:root:val_loss 15.380828857421875
INFO:root:epoch 4, Episode 315, total_loss: 569.5045166015625, q_loss 568.403076171875, v_loss 1.1014277935028076 ,lr 0.00010000000000000002
INFO:root:epoch 4, Episode 316, total_loss: 1055.123779296875, q_loss 1054.0252685546875, v_loss 1.098533272743225 ,lr 0.00010000000000000002
INFO:root:epoch 4, Episode 317, total_loss: 922.1818237304688, q_loss 921.0831298828125, v_loss 1.0987006425857544 ,lr 0.00010000000000000002
INFO:root:epoch 4, Episode 318, total_loss: 414.2579650878906, q_loss 413.15960693359375, v_loss 1.0983550548553467 ,lr 0.00010000000000000002
INFO:root:epoch 4, Episode 319, total_loss: 492.8272399902344, q_loss 491.7105407714844, v_loss 1.1166880130767822 ,lr 0.00010000000000000002
INFO:root:epoch 4, Episode 320, total_loss: 676.5392456054688, q_loss 675.436279296875, v_loss 1.1029527187347412 ,lr 0.00010000000000000002
INFO:root:epoch 4, Episode 321, total_loss: 1378.703125, q_loss 1377.5244140625, v_loss 1.178714394569397 ,lr 0.00010000000000000002
INFO:root:epoch 4, Episode 322, total_loss: 566.2439575195312, q_loss 565.1453857421875, v_loss 1.098551869392395 ,lr 0.00010000000000000002
INFO:root:epoch 4, Episode 323, total_loss: 275.1452941894531, q_loss 274.0465393066406, v_loss 1.0987697839736938 ,lr 0.00010000000000000002
INFO:root:epoch 4, Episode 324, total_loss: 370.5133361816406, q_loss 369.4286193847656, v_loss 1.0847153663635254 ,lr 0.00010000000000000002
INFO:root:val_loss 5.009431838989258
INFO:root:epoch 4, Episode 325, total_loss: 565.8463134765625, q_loss 564.7474975585938, v_loss 1.098832607269287 ,lr 0.00010000000000000002
INFO:root:epoch 4, Episode 326, total_loss: 127.65188598632812, q_loss 126.55303955078125, v_loss 1.0988500118255615 ,lr 0.00010000000000000002
INFO:root:epoch 4, Episode 327, total_loss: 221.13143920898438, q_loss 220.03257751464844, v_loss 1.0988603830337524 ,lr 0.00010000000000000002
INFO:root:epoch 4, Episode 328, total_loss: 224.0696258544922, q_loss 222.96929931640625, v_loss 1.1003248691558838 ,lr 0.00010000000000000002
INFO:root:epoch 4, Episode 329, total_loss: 450.9789733886719, q_loss 449.88006591796875, v_loss 1.098915934562683 ,lr 0.00010000000000000002
INFO:root:epoch 4, Episode 330, total_loss: 212.16038513183594, q_loss 211.06149291992188, v_loss 1.0988922119140625 ,lr 0.00010000000000000002
INFO:root:epoch 4, Episode 331, total_loss: 236.1803436279297, q_loss 235.0814666748047, v_loss 1.0988777875900269 ,lr 0.00010000000000000002
INFO:root:epoch 4, Episode 332, total_loss: 393.7269592285156, q_loss 392.6280822753906, v_loss 1.098876953125 ,lr 0.00010000000000000002
INFO:root:epoch 4, Episode 333, total_loss: 238.92601013183594, q_loss 237.822265625, v_loss 1.1037389039993286 ,lr 0.00010000000000000002
INFO:root:epoch 4, Episode 334, total_loss: 156.82908630371094, q_loss 155.73182678222656, v_loss 1.0972607135772705 ,lr 0.00010000000000000002
INFO:root:val_loss 8.418320655822754
INFO:root:epoch 4, Episode 335, total_loss: 340.80084228515625, q_loss 339.7020263671875, v_loss 1.0988181829452515 ,lr 0.00010000000000000002
INFO:root:epoch 4, Episode 336, total_loss: 356.6486511230469, q_loss 355.55792236328125, v_loss 1.0907310247421265 ,lr 0.00010000000000000002
INFO:root:epoch 4, Episode 337, total_loss: 728.4228515625, q_loss 727.3281860351562, v_loss 1.0946558713912964 ,lr 0.00010000000000000002
INFO:root:epoch 4, Episode 338, total_loss: 724.6849975585938, q_loss 723.5901489257812, v_loss 1.094826340675354 ,lr 0.00010000000000000002
INFO:root:epoch 4, Episode 339, total_loss: 650.2994384765625, q_loss 649.228271484375, v_loss 1.071155071258545 ,lr 0.00010000000000000002
INFO:root:epoch 4, Episode 340, total_loss: 310.0157470703125, q_loss 308.8910827636719, v_loss 1.1246767044067383 ,lr 0.00010000000000000002
INFO:root:epoch 4, Episode 341, total_loss: 139.19064331054688, q_loss 138.0915069580078, v_loss 1.0991344451904297 ,lr 0.00010000000000000002
INFO:root:epoch 4, Episode 342, total_loss: 324.17327880859375, q_loss 323.074462890625, v_loss 1.098811149597168 ,lr 0.00010000000000000002
INFO:root:epoch 4, Episode 343, total_loss: 239.47215270996094, q_loss 238.3721466064453, v_loss 1.1000101566314697 ,lr 0.00010000000000000002
INFO:root:epoch 4, Episode 344, total_loss: 511.5730895996094, q_loss 510.46832275390625, v_loss 1.1047751903533936 ,lr 0.00010000000000000002
INFO:root:val_loss 3637.540283203125
INFO:root:epoch 4, Episode 345, total_loss: 639.4087524414062, q_loss 638.3268432617188, v_loss 1.081925868988037 ,lr 0.00010000000000000002
INFO:root:epoch 4, Episode 346, total_loss: 637.5953979492188, q_loss 636.49658203125, v_loss 1.0988085269927979 ,lr 0.00010000000000000002
INFO:root:epoch 4, Episode 347, total_loss: 567.6861572265625, q_loss 566.5859375, v_loss 1.100213885307312 ,lr 0.00010000000000000002
INFO:root:epoch 4, Episode 348, total_loss: 145.19839477539062, q_loss 144.099609375, v_loss 1.0987803936004639 ,lr 0.00010000000000000002
INFO:root:epoch 4, Episode 349, total_loss: 338.50469970703125, q_loss 337.4042663574219, v_loss 1.1004222631454468 ,lr 0.00010000000000000002
INFO:root:epoch 4, Episode 350, total_loss: 362.42462158203125, q_loss 361.3103332519531, v_loss 1.1142888069152832 ,lr 0.00010000000000000002
INFO:root:epoch 4, Episode 351, total_loss: 211.00709533691406, q_loss 209.8961639404297, v_loss 1.1109280586242676 ,lr 0.00010000000000000002
INFO:root:epoch 4, Episode 352, total_loss: 668.510498046875, q_loss 667.2718505859375, v_loss 1.238663673400879 ,lr 0.00010000000000000002
INFO:root:epoch 4, Episode 353, total_loss: 389.155517578125, q_loss 388.06256103515625, v_loss 1.092969298362732 ,lr 0.00010000000000000002
INFO:root:epoch 4, Episode 354, total_loss: 240.3860321044922, q_loss 239.30123901367188, v_loss 1.0847868919372559 ,lr 0.00010000000000000002
INFO:root:val_loss 599.9525756835938
INFO:root:epoch 4, Episode 355, total_loss: 357.04864501953125, q_loss 355.9486999511719, v_loss 1.0999500751495361 ,lr 0.00010000000000000002
INFO:root:epoch 4, Episode 356, total_loss: 306.05548095703125, q_loss 304.9569091796875, v_loss 1.0985612869262695 ,lr 0.00010000000000000002
INFO:root:epoch 4, Episode 357, total_loss: 212.1171112060547, q_loss 211.01739501953125, v_loss 1.0997120141983032 ,lr 0.00010000000000000002
INFO:root:epoch 4, Episode 358, total_loss: 203.38265991210938, q_loss 202.28392028808594, v_loss 1.0987417697906494 ,lr 0.00010000000000000002
