INFO:root:epoch 0, Episode 0, total_loss: 19325.1328125, q_loss 11689.8564453125, v_loss 7635.27734375 ,lr 0.01
INFO:root:val_loss 80201.8046875
INFO:root:val_loss 63497.8984375
INFO:root:epoch 0, Episode 1, total_loss: 4172869376.0, q_loss 3890451200.0, v_loss 282418112.0 ,lr 0.01
INFO:root:epoch 0, Episode 2, total_loss: 1170412288.0, q_loss 1153105152.0, v_loss 17307090.0 ,lr 0.01
INFO:root:epoch 0, Episode 3, total_loss: 1376339.625, q_loss 1249450.75, v_loss 126888.8515625 ,lr 0.01
INFO:root:epoch 0, Episode 4, total_loss: 39594.234375, q_loss 38337.71484375, v_loss 1256.52099609375 ,lr 0.01
INFO:root:epoch 0, Episode 5, total_loss: 23308.55859375, q_loss 20953.328125, v_loss 2355.229736328125 ,lr 0.01
INFO:root:epoch 0, Episode 6, total_loss: 8309.0205078125, q_loss 6777.8125, v_loss 1531.2080078125 ,lr 0.01
INFO:root:epoch 0, Episode 7, total_loss: 3460.53369140625, q_loss 3178.656005859375, v_loss 281.8776550292969 ,lr 0.01
INFO:root:epoch 0, Episode 8, total_loss: 379.8078918457031, q_loss 346.476318359375, v_loss 33.33156967163086 ,lr 0.01
INFO:root:epoch 0, Episode 9, total_loss: 380.1369934082031, q_loss 328.5769348144531, v_loss 51.5600700378418 ,lr 0.01
INFO:root:epoch 0, Episode 10, total_loss: 1401.8779296875, q_loss 1153.8485107421875, v_loss 248.02935791015625 ,lr 0.01
INFO:root:val_loss 11.170323371887207
INFO:root:val_loss 3.1250131130218506
INFO:root:val_loss 16.091032028198242
INFO:root:val_loss 1.6655879020690918
INFO:root:val_loss 13.469106674194336
INFO:root:val_loss 17.415088653564453
INFO:root:val_loss 10.047534942626953
INFO:root:epoch 0, Episode 11, total_loss: 862.856689453125, q_loss 734.5765380859375, v_loss 128.2801513671875 ,lr 0.01
INFO:root:epoch 0, Episode 12, total_loss: 1073.2763671875, q_loss 855.2384643554688, v_loss 218.03785705566406 ,lr 0.01
INFO:root:epoch 0, Episode 13, total_loss: 588.8176879882812, q_loss 568.6353759765625, v_loss 20.182315826416016 ,lr 0.01
INFO:root:epoch 0, Episode 14, total_loss: 635.238525390625, q_loss 553.2831420898438, v_loss 81.95537567138672 ,lr 0.01
INFO:root:epoch 0, Episode 15, total_loss: 122.74954223632812, q_loss 95.35753631591797, v_loss 27.39200210571289 ,lr 0.01
INFO:root:epoch 0, Episode 16, total_loss: 491.7952880859375, q_loss 470.1566162109375, v_loss 21.638668060302734 ,lr 0.01
INFO:root:epoch 0, Episode 17, total_loss: 197.57847595214844, q_loss 182.17330932617188, v_loss 15.405162811279297 ,lr 0.01
INFO:root:epoch 0, Episode 18, total_loss: 154.18063354492188, q_loss 148.6800994873047, v_loss 5.5005388259887695 ,lr 0.01
INFO:root:epoch 0, Episode 19, total_loss: 707.3544311523438, q_loss 707.0367431640625, v_loss 0.31770411133766174 ,lr 0.01
INFO:root:epoch 0, Episode 20, total_loss: 490.32275390625, q_loss 488.2501220703125, v_loss 2.0726406574249268 ,lr 0.01
INFO:root:val_loss 1.2221918106079102
INFO:root:val_loss 1.4704784154891968
INFO:root:epoch 0, Episode 21, total_loss: 5.645454406738281, q_loss 4.65534782409668, v_loss 0.9901067614555359 ,lr 0.01
INFO:root:epoch 0, Episode 22, total_loss: 8.295997619628906, q_loss 7.705404281616211, v_loss 0.5905933380126953 ,lr 0.01
INFO:root:epoch 0, Episode 23, total_loss: 832.6415405273438, q_loss 832.24951171875, v_loss 0.39203473925590515 ,lr 0.01
INFO:root:epoch 0, Episode 24, total_loss: 169.84230041503906, q_loss 169.59710693359375, v_loss 0.24519038200378418 ,lr 0.01
INFO:root:epoch 0, Episode 25, total_loss: 2.3582730293273926, q_loss 2.1765763759613037, v_loss 0.18169666826725006 ,lr 0.01
INFO:root:epoch 0, Episode 26, total_loss: 366.8447570800781, q_loss 366.8265686035156, v_loss 0.018190598115324974 ,lr 0.01
INFO:root:epoch 0, Episode 27, total_loss: 502.9730224609375, q_loss 502.91705322265625, v_loss 0.05597396194934845 ,lr 0.01
INFO:root:epoch 0, Episode 28, total_loss: 699.6152954101562, q_loss 699.5729370117188, v_loss 0.04237280786037445 ,lr 0.01
INFO:root:epoch 0, Episode 29, total_loss: 506.9107666015625, q_loss 506.8905029296875, v_loss 0.020272353664040565 ,lr 0.01
INFO:root:epoch 0, Episode 30, total_loss: 112.013427734375, q_loss 111.99665832519531, v_loss 0.016766179352998734 ,lr 0.01
INFO:root:val_loss 1.2470288276672363
INFO:root:val_loss 1.170716404914856
INFO:root:val_loss 1.1735522747039795
INFO:root:epoch 0, Episode 31, total_loss: 103.47344970703125, q_loss 103.46207427978516, v_loss 0.01137480791658163 ,lr 0.01
INFO:root:epoch 0, Episode 32, total_loss: 1176.822265625, q_loss 1176.822265625, v_loss 2.7760052034864202e-05 ,lr 0.01
INFO:root:epoch 0, Episode 33, total_loss: 122.2717056274414, q_loss 122.26927185058594, v_loss 0.0024344157427549362 ,lr 0.01
INFO:root:epoch 0, Episode 34, total_loss: 1074.8516845703125, q_loss 1074.8502197265625, v_loss 0.001436703372746706 ,lr 0.01
INFO:root:epoch 0, Episode 35, total_loss: 335.417236328125, q_loss 335.4126892089844, v_loss 0.00456214090809226 ,lr 0.01
INFO:root:epoch 0, Episode 36, total_loss: 366.8089294433594, q_loss 366.8089294433594, v_loss 0.0 ,lr 0.01
INFO:root:epoch 0, Episode 37, total_loss: 223.9583740234375, q_loss 223.95831298828125, v_loss 6.557774031534791e-05 ,lr 0.01
INFO:root:epoch 0, Episode 38, total_loss: 74.22232818603516, q_loss 74.22232818603516, v_loss 2.1589639800367877e-06 ,lr 0.01
INFO:root:epoch 0, Episode 39, total_loss: 1754.5633544921875, q_loss 1754.5633544921875, v_loss 0.0 ,lr 0.01
INFO:root:epoch 0, Episode 40, total_loss: 659.54833984375, q_loss 659.54833984375, v_loss 0.0 ,lr 0.01
INFO:root:val_loss 1.2450882196426392
INFO:root:val_loss 1.2198718786239624
INFO:root:val_loss 1.2545963525772095
INFO:root:val_loss 1.25459623336792
INFO:root:val_loss 1.2482495307922363
INFO:root:val_loss 1.2514106035232544
INFO:root:val_loss 1.2293310165405273
INFO:root:val_loss 1.2356290817260742
INFO:root:val_loss 1.213573932647705
INFO:root:val_loss 1.2324761152267456
INFO:root:epoch 0, Episode 41, total_loss: 1085.6610107421875, q_loss 1085.6610107421875, v_loss 0.0 ,lr 0.01
INFO:root:epoch 0, Episode 42, total_loss: 5957.755859375, q_loss 5957.755859375, v_loss 0.0 ,lr 0.01
INFO:root:epoch 0, Episode 43, total_loss: 555.9780883789062, q_loss 555.9774780273438, v_loss 0.00063319195760414 ,lr 0.01
INFO:root:epoch 0, Episode 44, total_loss: 241.16937255859375, q_loss 241.16873168945312, v_loss 0.0006469092331826687 ,lr 0.01
INFO:root:epoch 0, Episode 45, total_loss: 2.3429818153381348, q_loss 2.3405871391296387, v_loss 0.002394557697698474 ,lr 0.01
INFO:root:epoch 0, Episode 46, total_loss: 4280.10693359375, q_loss 4280.10693359375, v_loss 0.0 ,lr 0.01
INFO:root:epoch 0, Episode 47, total_loss: 170.00013732910156, q_loss 170.0000762939453, v_loss 6.109316746005788e-05 ,lr 0.01
INFO:root:epoch 0, Episode 48, total_loss: 700.0547485351562, q_loss 700.0547485351562, v_loss 0.0 ,lr 0.01
INFO:root:epoch 0, Episode 49, total_loss: 108.72498321533203, q_loss 108.7242660522461, v_loss 0.0007168158190324903 ,lr 0.01
INFO:root:epoch 0, Episode 50, total_loss: 71.16609191894531, q_loss 71.16575622558594, v_loss 0.00033681822242215276 ,lr 0.01
INFO:root:val_loss 1.2974098920822144
INFO:root:val_loss 1.3287771940231323
INFO:root:epoch 0, Episode 51, total_loss: 322.33941650390625, q_loss 322.33941650390625, v_loss 0.0 ,lr 0.01
INFO:root:epoch 0, Episode 52, total_loss: 242.5344696044922, q_loss 242.5344696044922, v_loss 0.0 ,lr 0.01
INFO:root:epoch 0, Episode 53, total_loss: 213.69869995117188, q_loss 213.69134521484375, v_loss 0.00736043369397521 ,lr 0.01
INFO:root:epoch 0, Episode 54, total_loss: 6808.09033203125, q_loss 6808.08984375, v_loss 0.0003219545469619334 ,lr 0.01
INFO:root:epoch 0, Episode 55, total_loss: 141.80287170410156, q_loss 141.80255126953125, v_loss 0.0003138250904157758 ,lr 0.01
INFO:root:epoch 0, Episode 56, total_loss: 104.9688720703125, q_loss 104.9613265991211, v_loss 0.007545081898570061 ,lr 0.01
INFO:root:epoch 0, Episode 57, total_loss: 3734.216552734375, q_loss 3734.216552734375, v_loss 0.0 ,lr 0.01
INFO:root:epoch 0, Episode 58, total_loss: 67.54853057861328, q_loss 67.54853057861328, v_loss 0.0 ,lr 0.01
INFO:root:epoch 0, Episode 59, total_loss: 1.8800300359725952, q_loss 1.8800300359725952, v_loss 0.0 ,lr 0.01
INFO:root:epoch 0, Episode 60, total_loss: 321.94091796875, q_loss 321.93890380859375, v_loss 0.0020071901381015778 ,lr 0.01
INFO:root:val_loss 1.272865653038025
INFO:root:val_loss 1.2446528673171997
INFO:root:val_loss 1.2737435102462769
INFO:root:val_loss 1.2592955827713013
INFO:root:epoch 0, Episode 61, total_loss: 728.9430541992188, q_loss 728.9430541992188, v_loss 0.0 ,lr 0.01
INFO:root:epoch 0, Episode 62, total_loss: 1751.4510498046875, q_loss 1751.4510498046875, v_loss 0.0 ,lr 0.01
INFO:root:epoch 0, Episode 63, total_loss: 76.88903045654297, q_loss 76.88650512695312, v_loss 0.002528151497244835 ,lr 0.01
INFO:root:epoch 0, Episode 64, total_loss: 303.5911560058594, q_loss 303.5911560058594, v_loss 0.0 ,lr 0.01
INFO:root:epoch 0, Episode 65, total_loss: 1.9525784254074097, q_loss 1.9525784254074097, v_loss 0.0 ,lr 0.01
INFO:root:epoch 0, Episode 66, total_loss: 587.2418212890625, q_loss 587.2418212890625, v_loss 0.0 ,lr 0.01
INFO:root:epoch 0, Episode 67, total_loss: 3.059338331222534, q_loss 3.059337615966797, v_loss 8.013528827177652e-07 ,lr 0.01
INFO:root:epoch 0, Episode 68, total_loss: 341.9461975097656, q_loss 341.9461975097656, v_loss 0.0 ,lr 0.01
INFO:root:epoch 0, Episode 69, total_loss: 3592.340576171875, q_loss 3592.340576171875, v_loss 0.0 ,lr 0.01
INFO:root:epoch 0, Episode 70, total_loss: 3.467149257659912, q_loss 3.467149257659912, v_loss 0.0 ,lr 0.01
INFO:root:val_loss 1.2446857690811157
INFO:root:epoch 0, Episode 71, total_loss: 223.1875, q_loss 223.18743896484375, v_loss 6.758571544196457e-05 ,lr 0.01
INFO:root:epoch 0, Episode 72, total_loss: 476.7820129394531, q_loss 476.781982421875, v_loss 2.4781402316875756e-05 ,lr 0.01
INFO:root:epoch 0, Episode 73, total_loss: 1839.6077880859375, q_loss 1839.607177734375, v_loss 0.0005579860880970955 ,lr 0.01
INFO:root:epoch 0, Episode 74, total_loss: 478.47259521484375, q_loss 478.47259521484375, v_loss 0.0 ,lr 0.01
INFO:root:epoch 0, Episode 75, total_loss: 2.2261149883270264, q_loss 2.2250864505767822, v_loss 0.0010284319287166 ,lr 0.01
INFO:root:epoch 0, Episode 76, total_loss: 253.67689514160156, q_loss 253.675537109375, v_loss 0.0013516409089788795 ,lr 0.01
INFO:root:epoch 0, Episode 77, total_loss: 189.77536010742188, q_loss 189.77536010742188, v_loss 0.0 ,lr 0.01
INFO:root:epoch 0, Episode 78, total_loss: 1935.5517578125, q_loss 1935.5517578125, v_loss 0.0 ,lr 0.01
INFO:root:epoch 0, Episode 79, total_loss: 2.5434157848358154, q_loss 2.5407919883728027, v_loss 0.002623773878440261 ,lr 0.01
INFO:root:epoch 0, Episode 80, total_loss: 588.2971801757812, q_loss 588.2971801757812, v_loss 0.0 ,lr 0.01
INFO:root:val_loss 1.2516084909439087
INFO:root:val_loss 1.250827431678772
INFO:root:val_loss 1.2641862630844116
INFO:root:val_loss 1.249265432357788
INFO:root:val_loss 1.2586783170700073
INFO:root:val_loss 1.2304397821426392
INFO:root:val_loss 1.1990364789962769
INFO:root:val_loss 1.2576862573623657
INFO:root:val_loss 1.2496987581253052
INFO:root:epoch 0, Episode 81, total_loss: 66.20063018798828, q_loss 66.19963836669922, v_loss 0.000988212414085865 ,lr 0.01
INFO:root:epoch 0, Episode 82, total_loss: 621.971435546875, q_loss 621.971435546875, v_loss 0.0 ,lr 0.01
INFO:root:epoch 0, Episode 83, total_loss: 2.80340313911438, q_loss 2.796952247619629, v_loss 0.0064508249051868916 ,lr 0.01
INFO:root:epoch 0, Episode 84, total_loss: 2.7390449047088623, q_loss 2.7389044761657715, v_loss 0.00014042270777281374 ,lr 0.01
INFO:root:epoch 0, Episode 85, total_loss: 442.5795593261719, q_loss 442.5795593261719, v_loss 0.0 ,lr 0.01
INFO:root:epoch 0, Episode 86, total_loss: 372.754150390625, q_loss 372.7538757324219, v_loss 0.00028849125374108553 ,lr 0.01
INFO:root:epoch 0, Episode 87, total_loss: 320.2225036621094, q_loss 320.2225036621094, v_loss 0.0 ,lr 0.01
INFO:root:epoch 0, Episode 88, total_loss: 720.6863403320312, q_loss 720.6863403320312, v_loss 0.0 ,lr 0.01
INFO:root:epoch 0, Episode 89, total_loss: 2534.961181640625, q_loss 2534.961181640625, v_loss 0.0 ,lr 0.01
INFO:root:epoch 0, Episode 90, total_loss: 390.9433898925781, q_loss 390.9433898925781, v_loss 0.0 ,lr 0.01
INFO:root:val_loss 1.283560037612915
INFO:root:val_loss 1.2704392671585083
INFO:root:val_loss 1.2774428129196167
INFO:root:val_loss 1.2529364824295044
INFO:root:val_loss 1.2723209857940674
INFO:root:val_loss 1.3576421737670898
INFO:root:val_loss 1.2560787200927734
INFO:root:epoch 0, Episode 91, total_loss: 2.2133984565734863, q_loss 2.2133984565734863, v_loss 0.0 ,lr 0.01
INFO:root:epoch 0, Episode 92, total_loss: 331.2778015136719, q_loss 331.2778015136719, v_loss 0.0 ,lr 0.01
INFO:root:epoch 0, Episode 93, total_loss: 1698.2332763671875, q_loss 1698.232177734375, v_loss 0.0011523120338097215 ,lr 0.01
INFO:root:epoch 0, Episode 94, total_loss: 1.8288593292236328, q_loss 1.827619194984436, v_loss 0.0012401281856000423 ,lr 0.01
INFO:root:epoch 0, Episode 95, total_loss: 4273.34912109375, q_loss 4273.34912109375, v_loss 0.0 ,lr 0.01
INFO:root:epoch 0, Episode 96, total_loss: 2.06649112701416, q_loss 2.066490888595581, v_loss 2.1051209841971286e-07 ,lr 0.01
INFO:root:epoch 0, Episode 97, total_loss: 294.84423828125, q_loss 294.84423828125, v_loss 0.0 ,lr 0.01
INFO:root:epoch 0, Episode 98, total_loss: 287.1564636230469, q_loss 287.1564636230469, v_loss 0.0 ,lr 0.01
INFO:root:epoch 0, Episode 99, total_loss: 406.5709533691406, q_loss 406.5709533691406, v_loss 0.0 ,lr 0.01
INFO:root:epoch 0, Episode 100, total_loss: 278.423583984375, q_loss 278.423583984375, v_loss 0.0 ,lr 0.01
INFO:root:val_loss 1.2790395021438599
INFO:root:val_loss 1.2675693035125732
INFO:root:val_loss 1.2725216150283813
INFO:root:val_loss 1.2763789892196655
INFO:root:val_loss 1.281699776649475
INFO:root:val_loss 1.2676715850830078
INFO:root:val_loss 1.2644377946853638
INFO:root:epoch 0, Episode 101, total_loss: 197.70030212402344, q_loss 197.70030212402344, v_loss 0.0 ,lr 0.01
INFO:root:epoch 0, Episode 102, total_loss: 112.5943603515625, q_loss 112.5913314819336, v_loss 0.003027777187526226 ,lr 0.01
INFO:root:epoch 0, Episode 103, total_loss: 731.2432861328125, q_loss 731.2432861328125, v_loss 0.0 ,lr 0.01
INFO:root:epoch 0, Episode 104, total_loss: 89.89551544189453, q_loss 89.89546966552734, v_loss 4.2723011574707925e-05 ,lr 0.01
INFO:root:epoch 0, Episode 105, total_loss: 2.7127857208251953, q_loss 2.70987606048584, v_loss 0.0029097574297338724 ,lr 0.01
INFO:root:epoch 0, Episode 106, total_loss: 163.34719848632812, q_loss 163.34719848632812, v_loss 0.0 ,lr 0.01
INFO:root:epoch 0, Episode 107, total_loss: 252.2815399169922, q_loss 252.2815399169922, v_loss 0.0 ,lr 0.01
INFO:root:epoch 0, Episode 108, total_loss: 294.1957092285156, q_loss 294.1957092285156, v_loss 0.0 ,lr 0.01
INFO:root:epoch 0, Episode 109, total_loss: 2.480485200881958, q_loss 2.4772815704345703, v_loss 0.0032035629265010357 ,lr 0.01
INFO:root:epoch 0, Episode 110, total_loss: 957.8991088867188, q_loss 957.8991088867188, v_loss 0.0 ,lr 0.01
INFO:root:val_loss 1.2773656845092773
INFO:root:val_loss 1.279840111732483
INFO:root:val_loss 1.2801748514175415
INFO:root:val_loss 1.281077265739441
INFO:root:val_loss 1.2800073623657227
INFO:root:val_loss 1.2817466259002686
INFO:root:val_loss 1.2801748514175415
INFO:root:val_loss 1.277198314666748
INFO:root:val_loss 1.2820812463760376
INFO:root:val_loss 1.2770311832427979
INFO:root:val_loss 1.2828164100646973
INFO:root:val_loss 1.2740546464920044
INFO:root:val_loss 1.2771984338760376
INFO:root:val_loss 1.2834858894348145
INFO:root:val_loss 1.281077265739441
INFO:root:val_loss 1.272650122642517
INFO:root:val_loss 1.275626540184021
INFO:root:val_loss 1.272650122642517
INFO:root:val_loss 1.272650122642517
INFO:root:val_loss 1.272650122642517
INFO:root:val_loss 1.2726502418518066
INFO:root:epoch 0, Episode 111, total_loss: 119.44346618652344, q_loss 119.44346618652344, v_loss 0.0 ,lr 0.01
INFO:root:epoch 0, Episode 112, total_loss: 658.3734741210938, q_loss 658.3727416992188, v_loss 0.0007282585720531642 ,lr 0.01
INFO:root:epoch 0, Episode 113, total_loss: 1186.0914306640625, q_loss 1186.0914306640625, v_loss 0.0 ,lr 0.01
INFO:root:epoch 0, Episode 114, total_loss: 129.59214782714844, q_loss 129.59214782714844, v_loss 0.0 ,lr 0.01
INFO:root:epoch 0, Episode 115, total_loss: 302.2660217285156, q_loss 302.2660217285156, v_loss 0.0 ,lr 0.01
INFO:root:epoch 0, Episode 116, total_loss: 2.3414855003356934, q_loss 2.3397748470306396, v_loss 0.0017106921877712011 ,lr 0.01
INFO:root:epoch 0, Episode 117, total_loss: 353.3079833984375, q_loss 353.3079833984375, v_loss 0.0 ,lr 0.01
INFO:root:epoch 0, Episode 118, total_loss: 1041.53125, q_loss 1041.53125, v_loss 0.0 ,lr 0.01
INFO:root:epoch 0, Episode 119, total_loss: 364.5252685546875, q_loss 364.5252685546875, v_loss 0.0 ,lr 0.01
INFO:root:epoch 0, Episode 120, total_loss: 59.1037712097168, q_loss 59.1026611328125, v_loss 0.001110572600737214 ,lr 0.01
INFO:root:val_loss 1.286885142326355
INFO:root:val_loss 1.2884751558303833
INFO:root:epoch 0, Episode 121, total_loss: 86.47200775146484, q_loss 86.47160339355469, v_loss 0.000402055709855631 ,lr 0.01
INFO:root:epoch 0, Episode 122, total_loss: 5258.51025390625, q_loss 5258.51025390625, v_loss 0.0 ,lr 0.01
INFO:root:epoch 0, Episode 123, total_loss: 1502.9505615234375, q_loss 1502.9505615234375, v_loss 0.0 ,lr 0.01
INFO:root:epoch 0, Episode 124, total_loss: 2099.521728515625, q_loss 2099.521728515625, v_loss 0.0 ,lr 0.01
INFO:root:epoch 0, Episode 125, total_loss: 313.9833679199219, q_loss 313.9833679199219, v_loss 0.0 ,lr 0.01
INFO:root:epoch 0, Episode 126, total_loss: 81.67591857910156, q_loss 81.67591857910156, v_loss 0.0 ,lr 0.01
INFO:root:epoch 0, Episode 127, total_loss: 3500.5185546875, q_loss 3500.5185546875, v_loss 0.0 ,lr 0.01
INFO:root:epoch 0, Episode 128, total_loss: 222.80496215820312, q_loss 222.80496215820312, v_loss 0.0 ,lr 0.01
INFO:root:epoch 0, Episode 129, total_loss: 293.2590637207031, q_loss 293.2578125, v_loss 0.0012407467002049088 ,lr 0.01
INFO:root:epoch 0, Episode 130, total_loss: 3508.1044921875, q_loss 3508.1044921875, v_loss 0.0 ,lr 0.01
INFO:root:val_loss 1.2638180255889893
INFO:root:val_loss 1.2347546815872192
INFO:root:val_loss 1.2404025793075562
INFO:root:val_loss 1.2694659233093262
INFO:root:val_loss 1.2694659233093262
INFO:root:val_loss 1.3041770458221436
INFO:root:val_loss 1.3098249435424805
INFO:root:val_loss 1.2404025793075562
INFO:root:val_loss 1.2056914567947388
INFO:root:val_loss 1.2056914567947388
INFO:root:val_loss 1.2056914567947388
INFO:root:val_loss 1.2056914567947388
INFO:root:val_loss 1.2347546815872192
INFO:root:val_loss 1.2404025793075562
INFO:root:val_loss 1.2056914567947388
INFO:root:val_loss 1.3041770458221436
INFO:root:val_loss 1.275113821029663
INFO:root:val_loss 1.2404025793075562
INFO:root:val_loss 1.2056914567947388
INFO:root:val_loss 1.3219445943832397
INFO:root:val_loss 1.2182672023773193
INFO:root:val_loss 1.2347546815872192
INFO:root:val_loss 1.2404025793075562
INFO:root:val_loss 1.2694659233093262
INFO:root:val_loss 1.2694659233093262
INFO:root:val_loss 1.2347546815872192
INFO:root:val_loss 1.2928813695907593
INFO:root:val_loss 1.2638180255889893
INFO:root:val_loss 1.2056914567947388
INFO:root:val_loss 1.2347546815872192
INFO:root:val_loss 1.2404025793075562
INFO:root:val_loss 1.2694659233093262
INFO:root:val_loss 1.2694659233093262
INFO:root:val_loss 1.275113821029663
INFO:root:val_loss 1.2056914567947388
INFO:root:val_loss 1.2056914567947388
INFO:root:val_loss 1.2056914567947388
INFO:root:val_loss 1.2056914567947388
INFO:root:val_loss 1.2056914567947388
INFO:root:val_loss 1.2404025793075562
INFO:root:val_loss 1.2056914567947388
INFO:root:val_loss 1.275113821029663
INFO:root:val_loss 1.2056914567947388
INFO:root:val_loss 1.2694659233093262
INFO:root:val_loss 1.2347546815872192
INFO:root:val_loss 1.3219445943832397
INFO:root:val_loss 1.2455335855484009
INFO:root:val_loss 1.2404025793075562
INFO:root:val_loss 1.2347546815872192
INFO:root:val_loss 1.2985292673110962
INFO:root:val_loss 1.2347546815872192
INFO:root:val_loss 1.2056914567947388
INFO:root:val_loss 1.2056914567947388
INFO:root:val_loss 1.2056914567947388
INFO:root:val_loss 1.2056914567947388
INFO:root:val_loss 1.2056914567947388
INFO:root:val_loss 1.2056914567947388
INFO:root:val_loss 1.2056914567947388
INFO:root:val_loss 1.2056914567947388
INFO:root:val_loss 1.2056914567947388
INFO:root:val_loss 1.2056914567947388
INFO:root:epoch 0, Episode 131, total_loss: 2725.962646484375, q_loss 2725.962646484375, v_loss 1.289462761633331e-05 ,lr 0.01
INFO:root:epoch 0, Episode 132, total_loss: 157.04527282714844, q_loss 157.04527282714844, v_loss 0.0 ,lr 0.01
INFO:root:epoch 0, Episode 133, total_loss: 101.93341064453125, q_loss 101.932373046875, v_loss 0.0010345776099711657 ,lr 0.01
INFO:root:epoch 0, Episode 134, total_loss: 3.60443377494812, q_loss 3.60443377494812, v_loss 0.0 ,lr 0.01
INFO:root:epoch 0, Episode 135, total_loss: 91.89990997314453, q_loss 91.89865112304688, v_loss 0.0012555040884763002 ,lr 0.01
INFO:root:epoch 0, Episode 136, total_loss: 3885.52099609375, q_loss 3885.52099609375, v_loss 0.0 ,lr 0.01
INFO:root:epoch 0, Episode 137, total_loss: 1503.1680908203125, q_loss 1503.1680908203125, v_loss 0.0 ,lr 0.01
INFO:root:epoch 0, Episode 138, total_loss: 1.8647748231887817, q_loss 1.8633778095245361, v_loss 0.0013970081927254796 ,lr 0.01
INFO:root:epoch 0, Episode 139, total_loss: 957.3118286132812, q_loss 957.3118286132812, v_loss 0.0 ,lr 0.01
INFO:root:epoch 0, Episode 140, total_loss: 359.8127746582031, q_loss 359.8127746582031, v_loss 0.0 ,lr 0.01
INFO:root:val_loss 1.2707504034042358
INFO:root:val_loss 1.2735941410064697
INFO:root:val_loss 1.2693287134170532
INFO:root:val_loss 1.2740267515182495
INFO:root:val_loss 1.2709667682647705
INFO:root:val_loss 1.2679688930511475
INFO:root:val_loss 1.2597167491912842
INFO:root:epoch 0, Episode 141, total_loss: 2.3497509956359863, q_loss 2.34745192527771, v_loss 0.002299137646332383 ,lr 0.01
INFO:root:epoch 0, Episode 142, total_loss: 1753.617919921875, q_loss 1753.617919921875, v_loss 0.0 ,lr 0.01
INFO:root:epoch 0, Episode 143, total_loss: 408.9158935546875, q_loss 408.9143981933594, v_loss 0.0014812221052125096 ,lr 0.01
INFO:root:epoch 0, Episode 144, total_loss: 1314.489013671875, q_loss 1314.489013671875, v_loss 0.0 ,lr 0.01
INFO:root:epoch 0, Episode 145, total_loss: 1684.8704833984375, q_loss 1684.8704833984375, v_loss 0.0 ,lr 0.01
INFO:root:epoch 0, Episode 146, total_loss: 2100.376708984375, q_loss 2100.376708984375, v_loss 0.0 ,lr 0.01
INFO:root:epoch 0, Episode 147, total_loss: 1501.2589111328125, q_loss 1501.2589111328125, v_loss 0.0 ,lr 0.01
INFO:root:epoch 0, Episode 148, total_loss: 1170.4144287109375, q_loss 1170.4144287109375, v_loss 0.0 ,lr 0.01
INFO:root:epoch 0, Episode 149, total_loss: 459.56463623046875, q_loss 459.5641174316406, v_loss 0.000514470913913101 ,lr 0.01
INFO:root:epoch 0, Episode 150, total_loss: 1500.1617431640625, q_loss 1500.1617431640625, v_loss 0.0 ,lr 0.01
INFO:root:val_loss 1.2782421112060547
INFO:root:val_loss 1.2771350145339966
INFO:root:val_loss 1.2771350145339966
INFO:root:val_loss 1.2789058685302734
INFO:root:val_loss 1.2793493270874023
INFO:root:val_loss 1.278573989868164
INFO:root:val_loss 1.2789430618286133
INFO:root:val_loss 1.2785367965698242
INFO:root:val_loss 1.2771350145339966
INFO:root:val_loss 1.2771350145339966
INFO:root:val_loss 1.2782049179077148
INFO:root:val_loss 1.2782049179077148
INFO:root:val_loss 1.2782049179077148
INFO:root:val_loss 1.2789802551269531
INFO:root:val_loss 1.280307650566101
INFO:root:val_loss 1.3378914594650269
INFO:root:epoch 0, Episode 151, total_loss: 2241.18798828125, q_loss 2241.18798828125, v_loss 0.0 ,lr 0.01
INFO:root:epoch 0, Episode 152, total_loss: 1093.5919189453125, q_loss 1093.5919189453125, v_loss 0.0 ,lr 0.01
INFO:root:epoch 0, Episode 153, total_loss: 1.915529727935791, q_loss 1.9140937328338623, v_loss 0.00143601861782372 ,lr 0.01
INFO:root:epoch 0, Episode 154, total_loss: 74.44035339355469, q_loss 74.44035339355469, v_loss 0.0 ,lr 0.01
INFO:root:epoch 0, Episode 155, total_loss: 81.83734893798828, q_loss 81.83577728271484, v_loss 0.001572536421008408 ,lr 0.01
INFO:root:epoch 0, Episode 156, total_loss: 512.2196044921875, q_loss 512.218994140625, v_loss 0.0006371475174091756 ,lr 0.01
INFO:root:epoch 0, Episode 157, total_loss: 1171.962890625, q_loss 1171.962890625, v_loss 0.0 ,lr 0.01
INFO:root:epoch 0, Episode 158, total_loss: 138.56011962890625, q_loss 138.56011962890625, v_loss 0.0 ,lr 0.01
INFO:root:epoch 0, Episode 159, total_loss: 310.89166259765625, q_loss 310.89166259765625, v_loss 0.0 ,lr 0.01
INFO:root:epoch 0, Episode 160, total_loss: 250.9332733154297, q_loss 250.9332733154297, v_loss 0.0 ,lr 0.01
INFO:root:val_loss 1.2820794582366943
INFO:root:epoch 0, Episode 161, total_loss: 2.6585030555725098, q_loss 2.6585030555725098, v_loss 0.0 ,lr 0.01
INFO:root:epoch 0, Episode 162, total_loss: 435.92498779296875, q_loss 435.9239196777344, v_loss 0.0010786164784803987 ,lr 0.01
INFO:root:epoch 0, Episode 163, total_loss: 353.36236572265625, q_loss 353.36236572265625, v_loss 0.0 ,lr 0.01
INFO:root:epoch 0, Episode 164, total_loss: 2.093003273010254, q_loss 2.0917768478393555, v_loss 0.0012264854740351439 ,lr 0.01
INFO:root:epoch 0, Episode 165, total_loss: 272.98394775390625, q_loss 272.98394775390625, v_loss 0.0 ,lr 0.01
INFO:root:epoch 0, Episode 166, total_loss: 783.5761108398438, q_loss 783.5407104492188, v_loss 0.035401128232479095 ,lr 0.01
INFO:root:epoch 0, Episode 167, total_loss: 85.41673278808594, q_loss 85.41673278808594, v_loss 0.0 ,lr 0.01
INFO:root:epoch 0, Episode 168, total_loss: 1313.216552734375, q_loss 1313.216552734375, v_loss 0.0 ,lr 0.01
INFO:root:epoch 0, Episode 169, total_loss: 73.01605987548828, q_loss 73.00621032714844, v_loss 0.009850711561739445 ,lr 0.01
INFO:root:epoch 0, Episode 170, total_loss: 2.5351481437683105, q_loss 2.535059928894043, v_loss 8.813320891931653e-05 ,lr 0.01
INFO:root:val_loss 1.2781932353973389
INFO:root:epoch 0, Episode 171, total_loss: 271.64306640625, q_loss 271.63818359375, v_loss 0.004883682820945978 ,lr 0.01
INFO:root:epoch 0, Episode 172, total_loss: 2780.083740234375, q_loss 2780.08349609375, v_loss 0.00027910826611332595 ,lr 0.01
INFO:root:epoch 0, Episode 173, total_loss: 1926.1212158203125, q_loss 1926.119873046875, v_loss 0.0013482007198035717 ,lr 0.01
INFO:root:epoch 0, Episode 174, total_loss: 2.2768301963806152, q_loss 2.2763912677764893, v_loss 0.0004389424284454435 ,lr 0.01
INFO:root:epoch 0, Episode 175, total_loss: 1503.6456298828125, q_loss 1503.6456298828125, v_loss 0.0 ,lr 0.01
INFO:root:epoch 0, Episode 176, total_loss: 67.15194702148438, q_loss 67.15194702148438, v_loss 0.0 ,lr 0.01
INFO:root:epoch 0, Episode 177, total_loss: 1445.64306640625, q_loss 1445.641357421875, v_loss 0.0017488693119958043 ,lr 0.01
INFO:root:epoch 0, Episode 178, total_loss: 3377.64453125, q_loss 3377.64453125, v_loss 0.0 ,lr 0.01
INFO:root:epoch 0, Episode 179, total_loss: 2537.29736328125, q_loss 2537.29736328125, v_loss 0.0 ,lr 0.01
INFO:root:epoch 0, Episode 180, total_loss: 2.1673874855041504, q_loss 2.1666178703308105, v_loss 0.0007696105167269707 ,lr 0.01
INFO:root:val_loss 1.274188756942749
INFO:root:epoch 0, Episode 181, total_loss: 554.704833984375, q_loss 554.704833984375, v_loss 0.0 ,lr 0.01
INFO:root:epoch 0, Episode 182, total_loss: 2.154148817062378, q_loss 2.153012752532959, v_loss 0.0011360375210642815 ,lr 0.01
INFO:root:epoch 0, Episode 183, total_loss: 490.8616638183594, q_loss 490.8616638183594, v_loss 1.0524143362999894e-05 ,lr 0.01
INFO:root:epoch 0, Episode 184, total_loss: 525.4611206054688, q_loss 525.4611206054688, v_loss 0.0 ,lr 0.01
INFO:root:epoch 0, Episode 185, total_loss: 78.36868286132812, q_loss 78.36653900146484, v_loss 0.0021439632400870323 ,lr 0.01
INFO:root:epoch 0, Episode 186, total_loss: 3038.5771484375, q_loss 3038.5771484375, v_loss 0.0 ,lr 0.01
INFO:root:epoch 0, Episode 187, total_loss: 425.4488525390625, q_loss 425.4488525390625, v_loss 0.0 ,lr 0.01
INFO:root:epoch 0, Episode 188, total_loss: 72.95513916015625, q_loss 72.95513916015625, v_loss 0.0 ,lr 0.01
INFO:root:epoch 0, Episode 189, total_loss: 2.239116907119751, q_loss 2.239116907119751, v_loss 0.0 ,lr 0.01
INFO:root:epoch 0, Episode 190, total_loss: 69.74423217773438, q_loss 69.74423217773438, v_loss 0.0 ,lr 0.01
INFO:root:val_loss 1.279536485671997
INFO:root:val_loss 1.277313232421875
INFO:root:epoch 0, Episode 191, total_loss: 581.9555053710938, q_loss 581.9555053710938, v_loss 0.0 ,lr 0.01
INFO:root:epoch 0, Episode 192, total_loss: 496.2028503417969, q_loss 496.2028503417969, v_loss 0.0 ,lr 0.01
INFO:root:epoch 0, Episode 193, total_loss: 2.2683777809143066, q_loss 2.2674388885498047, v_loss 0.000939008838031441 ,lr 0.01
INFO:root:epoch 0, Episode 194, total_loss: 1499.5897216796875, q_loss 1499.5897216796875, v_loss 0.0 ,lr 0.01
INFO:root:epoch 0, Episode 195, total_loss: 97.46188354492188, q_loss 97.46162414550781, v_loss 0.0002605319023132324 ,lr 0.01
INFO:root:epoch 0, Episode 196, total_loss: 1.9915802478790283, q_loss 1.9914442300796509, v_loss 0.00013596590724773705 ,lr 0.01
INFO:root:epoch 0, Episode 197, total_loss: 265.4464416503906, q_loss 265.4464416503906, v_loss 0.0 ,lr 0.01
INFO:root:epoch 0, Episode 198, total_loss: 514.644775390625, q_loss 514.6430053710938, v_loss 0.0017892330652102828 ,lr 0.01
INFO:root:epoch 0, Episode 199, total_loss: 3089.811767578125, q_loss 3089.811767578125, v_loss 0.0 ,lr 0.01
INFO:root:epoch 0, Episode 200, total_loss: 303.4181213378906, q_loss 303.4181213378906, v_loss 0.0 ,lr 0.01
INFO:root:val_loss 1.2668461799621582
INFO:root:val_loss 1.2710416316986084
INFO:root:val_loss 1.2738057374954224
INFO:root:val_loss 1.2602791786193848
INFO:root:val_loss 1.2640676498413086
INFO:root:epoch 0, Episode 201, total_loss: 1683.652587890625, q_loss 1683.652587890625, v_loss 0.0 ,lr 0.01
INFO:root:epoch 0, Episode 202, total_loss: 114.39811706542969, q_loss 114.39811706542969, v_loss 0.0 ,lr 0.01
INFO:root:epoch 0, Episode 203, total_loss: 128.87181091308594, q_loss 128.87181091308594, v_loss 0.0 ,lr 0.01
INFO:root:epoch 0, Episode 204, total_loss: 4117.0458984375, q_loss 4117.0458984375, v_loss 0.0 ,lr 0.01
INFO:root:epoch 0, Episode 205, total_loss: 670.0892944335938, q_loss 670.0892944335938, v_loss 0.0 ,lr 0.01
INFO:root:epoch 0, Episode 206, total_loss: 259.108642578125, q_loss 259.108642578125, v_loss 0.0 ,lr 0.01
INFO:root:epoch 0, Episode 207, total_loss: 3884.224853515625, q_loss 3884.224853515625, v_loss 0.0 ,lr 0.01
INFO:root:epoch 0, Episode 208, total_loss: 1167.871826171875, q_loss 1167.871826171875, v_loss 0.0 ,lr 0.01
INFO:root:epoch 0, Episode 209, total_loss: 78.35384368896484, q_loss 78.35384368896484, v_loss 0.0 ,lr 0.01
INFO:root:epoch 0, Episode 210, total_loss: 2101.057373046875, q_loss 2101.057373046875, v_loss 0.0 ,lr 0.01
INFO:root:val_loss 1.2627973556518555
INFO:root:val_loss 1.2539070844650269
INFO:root:val_loss 1.2539070844650269
INFO:root:val_loss 1.2539070844650269
INFO:root:val_loss 1.2632423639297485
INFO:root:val_loss 1.2598339319229126
INFO:root:val_loss 1.2632423639297485
INFO:root:val_loss 1.2632423639297485
INFO:root:val_loss 1.271687626838684
INFO:root:val_loss 1.2568705081939697
INFO:root:val_loss 1.2602790594100952
INFO:root:val_loss 1.2632423639297485
INFO:root:val_loss 1.2632423639297485
INFO:root:val_loss 1.2662057876586914
INFO:root:val_loss 1.2568706274032593
INFO:root:val_loss 1.2662057876586914
INFO:root:val_loss 1.2687240839004517
INFO:root:val_loss 1.2632423639297485
INFO:root:val_loss 1.269614338874817
INFO:root:val_loss 1.2632423639297485
INFO:root:val_loss 1.2627973556518555
INFO:root:val_loss 1.2696142196655273
INFO:root:val_loss 1.2666507959365845
INFO:root:val_loss 1.2632423639297485
INFO:root:val_loss 1.2602790594100952
INFO:root:val_loss 1.2627973556518555
INFO:root:val_loss 1.2598339319229126
INFO:root:val_loss 1.2632423639297485
INFO:root:val_loss 1.2539070844650269
INFO:root:val_loss 1.2539070844650269
INFO:root:epoch 0, Episode 211, total_loss: 3496.29345703125, q_loss 3496.29345703125, v_loss 0.0 ,lr 0.01
INFO:root:epoch 0, Episode 212, total_loss: 196.46084594726562, q_loss 196.46084594726562, v_loss 0.0 ,lr 0.01
INFO:root:epoch 0, Episode 213, total_loss: 3423.551025390625, q_loss 3423.551025390625, v_loss 0.0 ,lr 0.01
INFO:root:epoch 0, Episode 214, total_loss: 2.64314866065979, q_loss 2.6422526836395264, v_loss 0.0008959227707237005 ,lr 0.01
INFO:root:epoch 0, Episode 215, total_loss: 366.01715087890625, q_loss 366.01715087890625, v_loss 0.0 ,lr 0.01
INFO:root:epoch 0, Episode 216, total_loss: 259.24871826171875, q_loss 259.24871826171875, v_loss 1.0687414942367468e-05 ,lr 0.01
INFO:root:epoch 0, Episode 217, total_loss: 887.8471069335938, q_loss 887.8466796875, v_loss 0.0004577001091092825 ,lr 0.01
INFO:root:epoch 0, Episode 218, total_loss: 2101.784912109375, q_loss 2101.784912109375, v_loss 0.0 ,lr 0.01
INFO:root:epoch 0, Episode 219, total_loss: 1750.76171875, q_loss 1750.76171875, v_loss 0.0 ,lr 0.01
INFO:root:epoch 0, Episode 220, total_loss: 66.51937103271484, q_loss 66.51643371582031, v_loss 0.0029335818253457546 ,lr 0.01
INFO:root:val_loss 1.264614462852478
INFO:root:val_loss 1.2633922100067139
INFO:root:epoch 0, Episode 221, total_loss: 2.8381571769714355, q_loss 2.837836980819702, v_loss 0.00032024059328250587 ,lr 0.01
INFO:root:epoch 0, Episode 222, total_loss: 303.6686096191406, q_loss 303.6686096191406, v_loss 0.0 ,lr 0.01
INFO:root:epoch 0, Episode 223, total_loss: 1313.9495849609375, q_loss 1313.9495849609375, v_loss 0.0 ,lr 0.01
INFO:root:epoch 0, Episode 224, total_loss: 1479.875244140625, q_loss 1479.875244140625, v_loss 0.0 ,lr 0.01
INFO:root:epoch 0, Episode 225, total_loss: 151.40870666503906, q_loss 151.4058380126953, v_loss 0.0028685126453638077 ,lr 0.01
INFO:root:epoch 0, Episode 226, total_loss: 346.9931945800781, q_loss 346.9931945800781, v_loss 0.0 ,lr 0.01
INFO:root:epoch 0, Episode 227, total_loss: 292.4974365234375, q_loss 292.4974365234375, v_loss 0.0 ,lr 0.01
INFO:root:epoch 0, Episode 228, total_loss: 341.62054443359375, q_loss 341.62054443359375, v_loss 0.0 ,lr 0.01
INFO:root:epoch 0, Episode 229, total_loss: 100.00154113769531, q_loss 100.00154113769531, v_loss 0.0 ,lr 0.01
INFO:root:epoch 0, Episode 230, total_loss: 62.23221206665039, q_loss 62.23221206665039, v_loss 0.0 ,lr 0.01
INFO:root:val_loss 1.2558108568191528
INFO:root:val_loss 1.2460734844207764
INFO:root:epoch 0, Episode 231, total_loss: 161.70509338378906, q_loss 161.70509338378906, v_loss 0.0 ,lr 0.01
INFO:root:epoch 0, Episode 232, total_loss: 157.5061492919922, q_loss 157.5061492919922, v_loss 0.0 ,lr 0.01
INFO:root:epoch 0, Episode 233, total_loss: 1839.9671630859375, q_loss 1839.9671630859375, v_loss 0.0 ,lr 0.01
INFO:root:epoch 0, Episode 234, total_loss: 2.0951812267303467, q_loss 2.0951812267303467, v_loss 0.0 ,lr 0.01
INFO:root:epoch 0, Episode 235, total_loss: 993.7921142578125, q_loss 993.7921142578125, v_loss 0.0 ,lr 0.01
INFO:root:epoch 0, Episode 236, total_loss: 278.195556640625, q_loss 278.195556640625, v_loss 0.0 ,lr 0.01
INFO:root:epoch 0, Episode 237, total_loss: 166.94297790527344, q_loss 166.94297790527344, v_loss 0.0 ,lr 0.01
INFO:root:epoch 0, Episode 238, total_loss: 132.19920349121094, q_loss 132.19920349121094, v_loss 0.0 ,lr 0.01
INFO:root:epoch 0, Episode 239, total_loss: 661.0394897460938, q_loss 661.0394897460938, v_loss 0.0 ,lr 0.01
INFO:root:epoch 0, Episode 240, total_loss: 217.1595001220703, q_loss 217.1595001220703, v_loss 0.0 ,lr 0.01
INFO:root:val_loss 1.2660645246505737
INFO:root:val_loss 1.2679798603057861
INFO:root:val_loss 1.268820881843567
INFO:root:val_loss 1.278601884841919
INFO:root:epoch 0, Episode 241, total_loss: 132.75328063964844, q_loss 132.75328063964844, v_loss 0.0 ,lr 0.01
INFO:root:epoch 0, Episode 242, total_loss: 2.044891119003296, q_loss 2.0447442531585693, v_loss 0.00014684465713799 ,lr 0.01
INFO:root:epoch 0, Episode 243, total_loss: 1568.136474609375, q_loss 1568.136474609375, v_loss 0.0 ,lr 0.01
INFO:root:epoch 0, Episode 244, total_loss: 259.6141357421875, q_loss 259.6141357421875, v_loss 0.0 ,lr 0.01
INFO:root:epoch 0, Episode 245, total_loss: 181.77381896972656, q_loss 181.77377319335938, v_loss 4.9653441237751395e-05 ,lr 0.01
INFO:root:epoch 0, Episode 246, total_loss: 331.10406494140625, q_loss 331.10406494140625, v_loss 0.0 ,lr 0.01
INFO:root:epoch 0, Episode 247, total_loss: 2.4484596252441406, q_loss 2.4484596252441406, v_loss 0.0 ,lr 0.01
INFO:root:epoch 0, Episode 248, total_loss: 341.504150390625, q_loss 341.504150390625, v_loss 0.0 ,lr 0.01
INFO:root:epoch 0, Episode 249, total_loss: 258.75750732421875, q_loss 258.75750732421875, v_loss 0.0 ,lr 0.01
INFO:root:epoch 0, Episode 250, total_loss: 1.994871735572815, q_loss 1.9948350191116333, v_loss 3.674293475341983e-05 ,lr 0.01
INFO:root:val_loss 1.2587518692016602
INFO:root:epoch 0, Episode 251, total_loss: 2199.056396484375, q_loss 2199.056396484375, v_loss 0.0 ,lr 0.01
INFO:root:epoch 0, Episode 252, total_loss: 430.353271484375, q_loss 430.353271484375, v_loss 0.0 ,lr 0.01
INFO:root:epoch 0, Episode 253, total_loss: 2306.694091796875, q_loss 2306.694091796875, v_loss 0.0 ,lr 0.01
INFO:root:epoch 0, Episode 254, total_loss: 63.940982818603516, q_loss 63.940982818603516, v_loss 0.0 ,lr 0.01
INFO:root:epoch 0, Episode 255, total_loss: 421.2755432128906, q_loss 421.2755432128906, v_loss 0.0 ,lr 0.01
INFO:root:epoch 0, Episode 256, total_loss: 251.27845764160156, q_loss 251.27845764160156, v_loss 0.0 ,lr 0.01
INFO:root:epoch 0, Episode 257, total_loss: 594.72265625, q_loss 594.72265625, v_loss 0.0 ,lr 0.01
INFO:root:epoch 0, Episode 258, total_loss: 246.82362365722656, q_loss 246.82362365722656, v_loss 0.0 ,lr 0.01
INFO:root:epoch 0, Episode 259, total_loss: 4647.35009765625, q_loss 4647.3388671875, v_loss 0.01127978041768074 ,lr 0.01
INFO:root:epoch 0, Episode 260, total_loss: 62.145538330078125, q_loss 62.145538330078125, v_loss 0.0 ,lr 0.01
INFO:root:val_loss 1.2629005908966064
INFO:root:epoch 0, Episode 261, total_loss: 213.91184997558594, q_loss 213.91184997558594, v_loss 0.0 ,lr 0.01
INFO:root:epoch 0, Episode 262, total_loss: 1169.0191650390625, q_loss 1169.0191650390625, v_loss 0.0 ,lr 0.01
INFO:root:epoch 0, Episode 263, total_loss: 1.868608832359314, q_loss 1.868608832359314, v_loss 0.0 ,lr 0.01
INFO:root:epoch 0, Episode 264, total_loss: 321.9677429199219, q_loss 321.9677429199219, v_loss 0.0 ,lr 0.01
INFO:root:epoch 0, Episode 265, total_loss: 152.65933227539062, q_loss 152.65933227539062, v_loss 0.0 ,lr 0.01
INFO:root:epoch 0, Episode 266, total_loss: 557.6416015625, q_loss 557.6260986328125, v_loss 0.015485983341932297 ,lr 0.01
INFO:root:epoch 0, Episode 267, total_loss: 2.334317684173584, q_loss 2.334317684173584, v_loss 0.0 ,lr 0.01
INFO:root:epoch 0, Episode 268, total_loss: 556.0013427734375, q_loss 556.0013427734375, v_loss 0.0 ,lr 0.01
INFO:root:epoch 0, Episode 269, total_loss: 3784.82470703125, q_loss 3784.82470703125, v_loss 0.0 ,lr 0.01
INFO:root:epoch 0, Episode 270, total_loss: 1547.4091796875, q_loss 1547.4091796875, v_loss 0.0 ,lr 0.01
INFO:root:val_loss 1.250749111175537
INFO:root:val_loss 1.2432193756103516
INFO:root:val_loss 1.2520304918289185
INFO:root:val_loss 1.2487192153930664
INFO:root:val_loss 1.2441264390945435
INFO:root:val_loss 1.243752121925354
INFO:root:val_loss 1.2466593980789185
INFO:root:epoch 0, Episode 271, total_loss: 826.2481079101562, q_loss 826.2453002929688, v_loss 0.002792100654914975 ,lr 0.01
INFO:root:epoch 0, Episode 272, total_loss: 2.1824491024017334, q_loss 2.1824491024017334, v_loss 0.0 ,lr 0.01
INFO:root:epoch 0, Episode 273, total_loss: 657.8468627929688, q_loss 657.8468627929688, v_loss 0.0 ,lr 0.01
INFO:root:epoch 0, Episode 274, total_loss: 1198.4263916015625, q_loss 1198.4263916015625, v_loss 0.0 ,lr 0.01
INFO:root:epoch 0, Episode 275, total_loss: 1074.928955078125, q_loss 1074.928955078125, v_loss 0.0 ,lr 0.01
INFO:root:epoch 0, Episode 276, total_loss: 117.92717742919922, q_loss 117.92717742919922, v_loss 0.0 ,lr 0.01
INFO:root:epoch 0, Episode 277, total_loss: 1502.158935546875, q_loss 1502.158935546875, v_loss 0.0 ,lr 0.01
INFO:root:epoch 0, Episode 278, total_loss: 566.5303955078125, q_loss 566.5294189453125, v_loss 0.0010034990264102817 ,lr 0.01
INFO:root:epoch 0, Episode 279, total_loss: 1115.625732421875, q_loss 1115.625732421875, v_loss 0.0 ,lr 0.01
INFO:root:epoch 0, Episode 280, total_loss: 144.5560760498047, q_loss 144.5560760498047, v_loss 0.0 ,lr 0.01
INFO:root:val_loss 1.2487822771072388
INFO:root:val_loss 1.249086856842041
INFO:root:val_loss 1.2458596229553223
INFO:root:epoch 0, Episode 281, total_loss: 3.1307904720306396, q_loss 3.130131959915161, v_loss 0.0006585493101738393 ,lr 0.01
INFO:root:epoch 0, Episode 282, total_loss: 342.3353576660156, q_loss 342.3353576660156, v_loss 0.0 ,lr 0.01
INFO:root:epoch 0, Episode 283, total_loss: 3809.777587890625, q_loss 3809.777587890625, v_loss 0.0 ,lr 0.01
INFO:root:epoch 0, Episode 284, total_loss: 1501.70361328125, q_loss 1501.70361328125, v_loss 0.0 ,lr 0.01
INFO:root:epoch 0, Episode 285, total_loss: 479.7748718261719, q_loss 479.7734375, v_loss 0.0014372250298038125 ,lr 0.01
INFO:root:epoch 0, Episode 286, total_loss: 61.54164505004883, q_loss 61.54138946533203, v_loss 0.0002555613173171878 ,lr 0.01
INFO:root:epoch 0, Episode 287, total_loss: 6.011747360229492, q_loss 6.011747360229492, v_loss 0.0 ,lr 0.01
INFO:root:epoch 0, Episode 288, total_loss: 1883.60888671875, q_loss 1883.60888671875, v_loss 0.0 ,lr 0.01
INFO:root:epoch 0, Episode 289, total_loss: 497.2098693847656, q_loss 497.2098693847656, v_loss 0.0 ,lr 0.01
INFO:root:epoch 0, Episode 290, total_loss: 251.23233032226562, q_loss 251.23233032226562, v_loss 0.0 ,lr 0.01
INFO:root:val_loss 1.2500773668289185
INFO:root:epoch 0, Episode 291, total_loss: 198.27981567382812, q_loss 198.27981567382812, v_loss 0.0 ,lr 0.01
INFO:root:epoch 0, Episode 292, total_loss: 69.09136962890625, q_loss 69.09136962890625, v_loss 0.0 ,lr 0.01
INFO:root:epoch 0, Episode 293, total_loss: 1316.4781494140625, q_loss 1316.4781494140625, v_loss 0.0 ,lr 0.01
INFO:root:epoch 0, Episode 294, total_loss: 2.153718948364258, q_loss 2.1523497104644775, v_loss 0.0013691424392163754 ,lr 0.01
INFO:root:epoch 0, Episode 295, total_loss: 366.3307189941406, q_loss 366.3307189941406, v_loss 0.0 ,lr 0.01
INFO:root:epoch 0, Episode 296, total_loss: 1.9788305759429932, q_loss 1.9788305759429932, v_loss 0.0 ,lr 0.01
INFO:root:epoch 0, Episode 297, total_loss: 1053.2860107421875, q_loss 1053.2860107421875, v_loss 0.0 ,lr 0.01
INFO:root:epoch 0, Episode 298, total_loss: 258.97283935546875, q_loss 258.97283935546875, v_loss 0.0 ,lr 0.01
INFO:root:epoch 0, Episode 299, total_loss: 3918.64111328125, q_loss 3918.64111328125, v_loss 0.0 ,lr 0.01
INFO:root:epoch 0, Episode 300, total_loss: 8.334556579589844, q_loss 8.334487915039062, v_loss 6.843947630841285e-05 ,lr 0.01
INFO:root:val_loss 1.2405909299850464
INFO:root:epoch 0, Episode 301, total_loss: 283.9131164550781, q_loss 283.9131164550781, v_loss 0.0 ,lr 0.01
INFO:root:epoch 0, Episode 302, total_loss: 557.5098266601562, q_loss 557.5093383789062, v_loss 0.0005138717242516577 ,lr 0.01
INFO:root:epoch 0, Episode 303, total_loss: 222.04348754882812, q_loss 222.04348754882812, v_loss 0.0 ,lr 0.01
INFO:root:epoch 0, Episode 304, total_loss: 2.6400444507598877, q_loss 2.6400444507598877, v_loss 0.0 ,lr 0.01
INFO:root:epoch 0, Episode 305, total_loss: 353.4683532714844, q_loss 353.45233154296875, v_loss 0.016027625650167465 ,lr 0.01
INFO:root:epoch 0, Episode 306, total_loss: 892.5249633789062, q_loss 892.5249633789062, v_loss 0.0 ,lr 0.01
INFO:root:epoch 0, Episode 307, total_loss: 108.29936981201172, q_loss 108.29936981201172, v_loss 0.0 ,lr 0.01
INFO:root:epoch 0, Episode 308, total_loss: 130.8158416748047, q_loss 130.8158416748047, v_loss 0.0 ,lr 0.01
INFO:root:epoch 0, Episode 309, total_loss: 279.415771484375, q_loss 279.415771484375, v_loss 0.0 ,lr 0.01
INFO:root:epoch 0, Episode 310, total_loss: 938.1199340820312, q_loss 938.1199340820312, v_loss 0.0 ,lr 0.01
INFO:root:val_loss 1.2138538360595703
INFO:root:val_loss 1.2057654857635498
INFO:root:val_loss 1.22305166721344
INFO:root:epoch 0, Episode 311, total_loss: 93.05054473876953, q_loss 93.05036163330078, v_loss 0.00018510485824663192 ,lr 0.01
INFO:root:epoch 0, Episode 312, total_loss: 2.0007433891296387, q_loss 2.0007433891296387, v_loss 0.0 ,lr 0.01
INFO:root:epoch 0, Episode 313, total_loss: 190.73037719726562, q_loss 190.72999572753906, v_loss 0.00038740606396459043 ,lr 0.01
INFO:root:epoch 0, Episode 314, total_loss: 2743.166015625, q_loss 2743.166015625, v_loss 0.0 ,lr 0.01
INFO:root:epoch 0, Episode 315, total_loss: 617.2818603515625, q_loss 617.2783203125, v_loss 0.003530877409502864 ,lr 0.01
INFO:root:epoch 0, Episode 316, total_loss: 2.4561588764190674, q_loss 2.4561588764190674, v_loss 1.4657179914223661e-09 ,lr 0.01
INFO:root:epoch 0, Episode 317, total_loss: 424.3301086425781, q_loss 424.3301086425781, v_loss 0.0 ,lr 0.01
INFO:root:epoch 0, Episode 318, total_loss: 139.9229278564453, q_loss 139.9229278564453, v_loss 0.0 ,lr 0.01
INFO:root:epoch 0, Episode 319, total_loss: 405.7200927734375, q_loss 405.7200927734375, v_loss 0.0 ,lr 0.01
INFO:root:epoch 0, Episode 320, total_loss: 137.46881103515625, q_loss 137.46881103515625, v_loss 0.0 ,lr 0.01
INFO:root:val_loss 1.2176260948181152
INFO:root:val_loss 1.2220587730407715
INFO:root:val_loss 1.2283655405044556
INFO:root:epoch 0, Episode 321, total_loss: 360.36688232421875, q_loss 360.3667907714844, v_loss 8.209943916881457e-05 ,lr 0.01
INFO:root:epoch 0, Episode 322, total_loss: 126.3342514038086, q_loss 126.3342514038086, v_loss 0.0 ,lr 0.01
INFO:root:epoch 0, Episode 323, total_loss: 5654.853515625, q_loss 5654.853515625, v_loss 0.0 ,lr 0.01
INFO:root:epoch 0, Episode 324, total_loss: 161.92855834960938, q_loss 161.92848205566406, v_loss 8.230157982325181e-05 ,lr 0.01
INFO:root:epoch 0, Episode 325, total_loss: 2.4997994899749756, q_loss 2.4997994899749756, v_loss 0.0 ,lr 0.01
INFO:root:epoch 0, Episode 326, total_loss: 622.0811767578125, q_loss 622.0811767578125, v_loss 0.0 ,lr 0.01
INFO:root:epoch 0, Episode 327, total_loss: 294.8524475097656, q_loss 294.8524475097656, v_loss 0.0 ,lr 0.01
INFO:root:epoch 0, Episode 328, total_loss: 1462.2247314453125, q_loss 1462.2247314453125, v_loss 0.0 ,lr 0.01
INFO:root:epoch 0, Episode 329, total_loss: 776.5704345703125, q_loss 776.5704345703125, v_loss 0.0 ,lr 0.01
INFO:root:epoch 0, Episode 330, total_loss: 2.0642337799072266, q_loss 2.0642337799072266, v_loss 0.0 ,lr 0.01
INFO:root:val_loss 1.2474676370620728
INFO:root:epoch 0, Episode 331, total_loss: 57.76264190673828, q_loss 57.76264190673828, v_loss 0.0 ,lr 0.01
INFO:root:epoch 0, Episode 332, total_loss: 554.95263671875, q_loss 554.95263671875, v_loss 0.0 ,lr 0.01
INFO:root:epoch 0, Episode 333, total_loss: 1075.7979736328125, q_loss 1075.7979736328125, v_loss 0.0 ,lr 0.01
INFO:root:epoch 0, Episode 334, total_loss: 3213.181396484375, q_loss 3213.181396484375, v_loss 0.0 ,lr 0.01
INFO:root:epoch 0, Episode 335, total_loss: 2760.40771484375, q_loss 2760.40771484375, v_loss 0.0 ,lr 0.01
INFO:root:epoch 0, Episode 336, total_loss: 1223.252685546875, q_loss 1223.252685546875, v_loss 0.0 ,lr 0.01
INFO:root:epoch 0, Episode 337, total_loss: 1.9532629251480103, q_loss 1.9528883695602417, v_loss 0.00037453038385137916 ,lr 0.01
INFO:root:epoch 0, Episode 338, total_loss: 956.1786499023438, q_loss 956.1786499023438, v_loss 0.0 ,lr 0.01
INFO:root:epoch 0, Episode 339, total_loss: 123.8426284790039, q_loss 123.8426284790039, v_loss 0.0 ,lr 0.01
INFO:root:epoch 0, Episode 340, total_loss: 1314.5877685546875, q_loss 1314.5877685546875, v_loss 0.0 ,lr 0.01
INFO:root:val_loss 1.2269186973571777
INFO:root:val_loss 1.2374742031097412
INFO:root:val_loss 1.2321964502334595
INFO:root:val_loss 1.2453043460845947
INFO:root:val_loss 1.2361114025115967
INFO:root:val_loss 1.2407079935073853
INFO:root:val_loss 1.2296442985534668
INFO:root:val_loss 1.2296442985534668
INFO:root:val_loss 1.2367929220199585
INFO:root:val_loss 1.2400264739990234
INFO:root:val_loss 1.249219298362732
INFO:root:val_loss 1.2321964502334595
INFO:root:val_loss 1.233559250831604
INFO:root:val_loss 1.2315150499343872
INFO:root:val_loss 1.2296442985534668
INFO:root:val_loss 1.2296442985534668
INFO:root:val_loss 1.2296442985534668
INFO:root:epoch 0, Episode 341, total_loss: 1292.7396240234375, q_loss 1292.7396240234375, v_loss 0.0 ,lr 0.01
INFO:root:epoch 0, Episode 342, total_loss: 1256.012451171875, q_loss 1256.012451171875, v_loss 0.0 ,lr 0.01
INFO:root:epoch 0, Episode 343, total_loss: 2.2976138591766357, q_loss 2.2976138591766357, v_loss 0.0 ,lr 0.01
INFO:root:epoch 0, Episode 344, total_loss: 2625.44482421875, q_loss 2625.44482421875, v_loss 0.0 ,lr 0.01
INFO:root:epoch 0, Episode 345, total_loss: 245.94671630859375, q_loss 245.94667053222656, v_loss 5.308494655764662e-05 ,lr 0.01
INFO:root:epoch 0, Episode 346, total_loss: 2623.572265625, q_loss 2623.572265625, v_loss 0.0 ,lr 0.01
INFO:root:epoch 0, Episode 347, total_loss: 1747.388427734375, q_loss 1747.388427734375, v_loss 0.0 ,lr 0.01
INFO:root:epoch 0, Episode 348, total_loss: 2.3896121978759766, q_loss 2.3896121978759766, v_loss 0.0 ,lr 0.01
INFO:root:epoch 0, Episode 349, total_loss: 459.30792236328125, q_loss 459.30792236328125, v_loss 0.0 ,lr 0.01
INFO:root:epoch 0, Episode 350, total_loss: 555.3351440429688, q_loss 555.3351440429688, v_loss 0.0 ,lr 0.01
INFO:root:val_loss 1.2239680290222168
INFO:root:val_loss 1.2172205448150635
INFO:root:val_loss 1.219409465789795
INFO:root:val_loss 1.2210510969161987
INFO:root:val_loss 1.2121148109436035
INFO:root:val_loss 1.2034519910812378
INFO:root:epoch 0, Episode 351, total_loss: 143.86749267578125, q_loss 143.86749267578125, v_loss 0.0 ,lr 0.01
INFO:root:epoch 0, Episode 352, total_loss: 246.49977111816406, q_loss 246.49977111816406, v_loss 0.0 ,lr 0.01
INFO:root:epoch 0, Episode 353, total_loss: 3061.48876953125, q_loss 3061.48876953125, v_loss 0.0 ,lr 0.01
INFO:root:epoch 0, Episode 354, total_loss: 597.8197631835938, q_loss 597.8197631835938, v_loss 0.0 ,lr 0.01
INFO:root:epoch 0, Episode 355, total_loss: 249.923828125, q_loss 249.9234619140625, v_loss 0.0003710117016453296 ,lr 0.01
INFO:root:epoch 0, Episode 356, total_loss: 955.71728515625, q_loss 955.71728515625, v_loss 0.0 ,lr 0.01
INFO:root:epoch 0, Episode 357, total_loss: 1169.01611328125, q_loss 1169.01611328125, v_loss 0.0 ,lr 0.01
INFO:root:epoch 0, Episode 358, total_loss: 375.71575927734375, q_loss 375.71575927734375, v_loss 0.0 ,lr 0.01
INFO:root:epoch 0, Episode 359, total_loss: 1312.6639404296875, q_loss 1312.6639404296875, v_loss 0.0 ,lr 0.01
INFO:root:epoch 0, Episode 360, total_loss: 2100.807373046875, q_loss 2100.807373046875, v_loss 0.0 ,lr 0.01
INFO:root:val_loss 1.2344931364059448
INFO:root:val_loss 1.2240504026412964
INFO:root:val_loss 1.2297046184539795
INFO:root:val_loss 1.232923984527588
INFO:root:val_loss 1.2200465202331543
INFO:root:val_loss 1.2344931364059448
INFO:root:val_loss 1.232923984527588
INFO:root:val_loss 1.2297046184539795
INFO:root:val_loss 1.2337085008621216
INFO:root:val_loss 1.2304891347885132
INFO:root:val_loss 1.2304891347885132
INFO:root:val_loss 1.2232658863067627
INFO:root:val_loss 1.228054404258728
INFO:root:val_loss 1.2352776527404785
INFO:root:val_loss 1.2304891347885132
INFO:root:val_loss 1.232923984527588
INFO:root:val_loss 1.2304891347885132
INFO:root:val_loss 1.2304891347885132
INFO:root:val_loss 1.2297046184539795
INFO:root:val_loss 1.2304891347885132
INFO:root:val_loss 1.2200464010238647
INFO:root:val_loss 1.2200465202331543
INFO:root:val_loss 1.2304891347885132
INFO:root:val_loss 1.2312737703323364
INFO:root:val_loss 1.226485252380371
INFO:root:val_loss 1.2344931364059448
INFO:root:val_loss 1.2337085008621216
INFO:root:val_loss 1.232923984527588
INFO:root:val_loss 1.232923984527588
INFO:root:val_loss 1.2304891347885132
INFO:root:val_loss 1.232923984527588
INFO:root:val_loss 1.2337085008621216
INFO:root:val_loss 1.2272697687149048
INFO:root:val_loss 1.2304891347885132
INFO:root:val_loss 1.232923984527588
INFO:root:val_loss 1.232923984527588
INFO:root:val_loss 1.232923984527588
INFO:root:val_loss 1.232923984527588
INFO:root:val_loss 1.232923984527588
INFO:root:val_loss 1.232923984527588
INFO:root:val_loss 1.232923984527588
INFO:root:epoch 0, Episode 361, total_loss: 499.88812255859375, q_loss 499.88812255859375, v_loss 0.0 ,lr 0.01
INFO:root:epoch 0, Episode 362, total_loss: 161.17514038085938, q_loss 161.17514038085938, v_loss 0.0 ,lr 0.01
INFO:root:epoch 0, Episode 363, total_loss: 265.0621032714844, q_loss 265.0621032714844, v_loss 0.0 ,lr 0.01
INFO:root:epoch 0, Episode 364, total_loss: 478.2115173339844, q_loss 478.2115173339844, v_loss 0.0 ,lr 0.01
INFO:root:epoch 0, Episode 365, total_loss: 1312.2208251953125, q_loss 1312.2208251953125, v_loss 0.0 ,lr 0.01
INFO:root:epoch 0, Episode 366, total_loss: 1494.4024658203125, q_loss 1494.4024658203125, v_loss 0.0 ,lr 0.01
INFO:root:epoch 0, Episode 367, total_loss: 2099.235595703125, q_loss 2099.235595703125, v_loss 0.0 ,lr 0.01
INFO:root:epoch 0, Episode 368, total_loss: 155.00196838378906, q_loss 154.99908447265625, v_loss 0.002890636445954442 ,lr 0.01
INFO:root:epoch 0, Episode 369, total_loss: 71.73857879638672, q_loss 71.73857879638672, v_loss 0.0 ,lr 0.01
INFO:root:epoch 0, Episode 370, total_loss: 94.88961029052734, q_loss 94.88917541503906, v_loss 0.0004354866687208414 ,lr 0.01
INFO:root:val_loss 1.2017418146133423
INFO:root:val_loss 1.201411485671997
INFO:root:epoch 0, Episode 371, total_loss: 2.472343683242798, q_loss 2.472343683242798, v_loss 0.0 ,lr 0.01
INFO:root:epoch 0, Episode 372, total_loss: 343.1174011230469, q_loss 343.1174011230469, v_loss 0.0 ,lr 0.01
INFO:root:epoch 0, Episode 373, total_loss: 2.1598291397094727, q_loss 2.1598291397094727, v_loss 0.0 ,lr 0.01
INFO:root:epoch 0, Episode 374, total_loss: 1499.9591064453125, q_loss 1499.9591064453125, v_loss 0.0 ,lr 0.01
INFO:root:epoch 0, Episode 375, total_loss: 153.94424438476562, q_loss 153.94424438476562, v_loss 0.0 ,lr 0.01
INFO:root:epoch 0, Episode 376, total_loss: 2100.296875, q_loss 2100.296875, v_loss 0.0 ,lr 0.01
INFO:root:epoch 0, Episode 377, total_loss: 686.8935546875, q_loss 686.8935546875, v_loss 0.0 ,lr 0.01
INFO:root:epoch 0, Episode 378, total_loss: 76.53945922851562, q_loss 76.53945922851562, v_loss 0.0 ,lr 0.01
INFO:root:epoch 0, Episode 379, total_loss: 2.111701250076294, q_loss 2.111701250076294, v_loss 0.0 ,lr 0.01
INFO:root:epoch 0, Episode 380, total_loss: 57.39387512207031, q_loss 57.39387512207031, v_loss 0.0 ,lr 0.01
INFO:root:val_loss 1.1926817893981934
INFO:root:epoch 0, Episode 381, total_loss: 111.82632446289062, q_loss 111.82632446289062, v_loss 0.0 ,lr 0.01
INFO:root:epoch 0, Episode 382, total_loss: 3492.767333984375, q_loss 3492.767333984375, v_loss 0.0 ,lr 0.01
INFO:root:epoch 0, Episode 383, total_loss: 1499.557861328125, q_loss 1499.557861328125, v_loss 0.0 ,lr 0.01
INFO:root:epoch 0, Episode 384, total_loss: 1.8643394708633423, q_loss 1.8643394708633423, v_loss 0.0 ,lr 0.01
INFO:root:epoch 0, Episode 385, total_loss: 421.59014892578125, q_loss 421.59014892578125, v_loss 0.0 ,lr 0.01
INFO:root:epoch 0, Episode 386, total_loss: 2.420260429382324, q_loss 2.4201271533966064, v_loss 0.00013319715799298137 ,lr 0.01
INFO:root:epoch 0, Episode 387, total_loss: 1313.993408203125, q_loss 1313.993408203125, v_loss 0.0 ,lr 0.01
INFO:root:epoch 0, Episode 388, total_loss: 703.54150390625, q_loss 703.54150390625, v_loss 0.0 ,lr 0.01
INFO:root:epoch 0, Episode 389, total_loss: 253.5165557861328, q_loss 253.5165557861328, v_loss 0.0 ,lr 0.01
INFO:root:epoch 0, Episode 390, total_loss: 2.0439114570617676, q_loss 2.0432543754577637, v_loss 0.0006569746765308082 ,lr 0.01
INFO:root:val_loss 1.184930443763733
INFO:root:epoch 0, Episode 391, total_loss: 5247.46728515625, q_loss 5247.46728515625, v_loss 0.0 ,lr 0.01
INFO:root:epoch 0, Episode 392, total_loss: 245.8446807861328, q_loss 245.8446807861328, v_loss 0.0 ,lr 0.01
INFO:root:epoch 0, Episode 393, total_loss: 2.492912530899048, q_loss 2.492912530899048, v_loss 0.0 ,lr 0.01
INFO:root:epoch 0, Episode 394, total_loss: 206.62928771972656, q_loss 206.62928771972656, v_loss 0.0 ,lr 0.01
INFO:root:epoch 0, Episode 395, total_loss: 2247.430908203125, q_loss 2247.430908203125, v_loss 0.0 ,lr 0.01
INFO:root:epoch 0, Episode 396, total_loss: 77.31103515625, q_loss 77.31103515625, v_loss 0.0 ,lr 0.01
INFO:root:epoch 0, Episode 397, total_loss: 4235.68994140625, q_loss 4235.68994140625, v_loss 0.0 ,lr 0.01
INFO:root:epoch 0, Episode 398, total_loss: 101.41798400878906, q_loss 101.41797637939453, v_loss 4.7207986426656134e-06 ,lr 0.01
INFO:root:epoch 0, Episode 399, total_loss: 2.608593702316284, q_loss 2.608593702316284, v_loss 0.0 ,lr 0.01
INFO:root:epoch 0, Episode 400, total_loss: 1753.3758544921875, q_loss 1753.3758544921875, v_loss 0.0 ,lr 0.01
INFO:root:val_loss 1.235809564590454
INFO:root:val_loss 1.2311300039291382
INFO:root:val_loss 1.2180761098861694
INFO:root:val_loss 1.235317349433899
INFO:root:val_loss 1.2311300039291382
INFO:root:val_loss 1.1831015348434448
INFO:root:val_loss 1.1961555480957031
INFO:root:val_loss 1.235317349433899
INFO:root:val_loss 1.1961555480957031
INFO:root:val_loss 1.2222634553909302
INFO:root:val_loss 1.2180761098861694
INFO:root:val_loss 1.2311302423477173
INFO:root:val_loss 1.235317349433899
INFO:root:val_loss 1.2274349927902222
INFO:root:val_loss 1.2311300039291382
INFO:root:val_loss 1.2269428968429565
INFO:root:val_loss 1.2222633361816406
INFO:root:val_loss 1.235317349433899
INFO:root:val_loss 1.1816108226776123
INFO:root:val_loss 1.244183897972107
INFO:root:val_loss 1.2269428968429565
INFO:root:val_loss 1.2399967908859253
INFO:root:val_loss 1.2483712434768677
INFO:root:val_loss 1.2026824951171875
INFO:root:epoch 0, Episode 401, total_loss: 292.7734375, q_loss 292.7734375, v_loss 0.0 ,lr 0.01
INFO:root:epoch 0, Episode 402, total_loss: 377.37579345703125, q_loss 377.37579345703125, v_loss 2.929205493273912e-06 ,lr 0.01
INFO:root:epoch 0, Episode 403, total_loss: 1187.4627685546875, q_loss 1187.4627685546875, v_loss 0.0 ,lr 0.01
INFO:root:epoch 0, Episode 404, total_loss: 140.6212615966797, q_loss 140.6212615966797, v_loss 0.0 ,lr 0.01
INFO:root:epoch 0, Episode 405, total_loss: 68.10901641845703, q_loss 68.10901641845703, v_loss 0.0 ,lr 0.01
INFO:root:epoch 0, Episode 406, total_loss: 479.7273254394531, q_loss 479.7273254394531, v_loss 0.0 ,lr 0.01
INFO:root:epoch 0, Episode 407, total_loss: 213.4031982421875, q_loss 213.40304565429688, v_loss 0.00015796208754181862 ,lr 0.01
INFO:root:epoch 0, Episode 408, total_loss: 1454.8570556640625, q_loss 1454.8570556640625, v_loss 0.0 ,lr 0.01
INFO:root:epoch 0, Episode 409, total_loss: 1168.9888916015625, q_loss 1168.9888916015625, v_loss 0.0 ,lr 0.01
INFO:root:epoch 0, Episode 410, total_loss: 71.93376922607422, q_loss 71.93376922607422, v_loss 0.0 ,lr 0.01
INFO:root:val_loss 1.1587905883789062
INFO:root:epoch 0, Episode 411, total_loss: 226.87330627441406, q_loss 226.87330627441406, v_loss 0.0 ,lr 0.01
INFO:root:epoch 0, Episode 412, total_loss: 61.94214630126953, q_loss 61.94214630126953, v_loss 0.0 ,lr 0.01
INFO:root:epoch 0, Episode 413, total_loss: 105.98596954345703, q_loss 105.98596954345703, v_loss 0.0 ,lr 0.01
INFO:root:epoch 0, Episode 414, total_loss: 310.6507263183594, q_loss 310.6507263183594, v_loss 0.0 ,lr 0.01
INFO:root:epoch 0, Episode 415, total_loss: 1105.67529296875, q_loss 1105.67529296875, v_loss 0.0 ,lr 0.01
INFO:root:epoch 0, Episode 416, total_loss: 1336.240234375, q_loss 1336.2401123046875, v_loss 0.00013245876471046358 ,lr 0.01
INFO:root:epoch 0, Episode 417, total_loss: 1193.149169921875, q_loss 1193.149169921875, v_loss 0.0 ,lr 0.01
INFO:root:epoch 0, Episode 418, total_loss: 1177.808837890625, q_loss 1177.808837890625, v_loss 0.0 ,lr 0.01
INFO:root:epoch 0, Episode 419, total_loss: 92.153564453125, q_loss 92.15204620361328, v_loss 0.0015174834989011288 ,lr 0.01
INFO:root:epoch 0, Episode 420, total_loss: 1466.2354736328125, q_loss 1466.2354736328125, v_loss 0.0 ,lr 0.01
INFO:root:val_loss 1.1574116945266724
INFO:root:val_loss 1.1473010778427124
INFO:root:val_loss 1.1457698345184326
INFO:root:val_loss 1.1157063245773315
INFO:root:epoch 0, Episode 421, total_loss: 168.90536499023438, q_loss 168.90260314941406, v_loss 0.0027638489846140146 ,lr 0.01
INFO:root:epoch 0, Episode 422, total_loss: 2.6490089893341064, q_loss 2.6490089893341064, v_loss 0.0 ,lr 0.01
INFO:root:epoch 0, Episode 423, total_loss: 657.3915405273438, q_loss 657.3915405273438, v_loss 0.0 ,lr 0.01
INFO:root:epoch 0, Episode 424, total_loss: 502.1285400390625, q_loss 502.1285400390625, v_loss 0.0 ,lr 0.01
INFO:root:epoch 0, Episode 425, total_loss: 192.5167236328125, q_loss 192.5167236328125, v_loss 0.0 ,lr 0.01
INFO:root:epoch 0, Episode 426, total_loss: 57.84327697753906, q_loss 57.84327697753906, v_loss 0.0 ,lr 0.01
INFO:root:epoch 0, Episode 427, total_loss: 352.77301025390625, q_loss 352.77301025390625, v_loss 0.0 ,lr 0.01
INFO:root:epoch 0, Episode 428, total_loss: 81.37672424316406, q_loss 81.37672424316406, v_loss 0.0 ,lr 0.01
INFO:root:epoch 0, Episode 429, total_loss: 2098.27978515625, q_loss 2098.27978515625, v_loss 0.0 ,lr 0.01
INFO:root:epoch 0, Episode 430, total_loss: 1851.2376708984375, q_loss 1851.2376708984375, v_loss 0.0 ,lr 0.01
INFO:root:val_loss 1.1888800859451294
INFO:root:val_loss 1.1491128206253052
INFO:root:val_loss 1.1473469734191895
INFO:root:val_loss 1.1947723627090454
INFO:root:val_loss 1.1526442766189575
INFO:root:val_loss 1.1830352544784546
INFO:root:epoch 0, Episode 431, total_loss: 2.1680550575256348, q_loss 2.1680550575256348, v_loss 0.0 ,lr 0.01
INFO:root:epoch 0, Episode 432, total_loss: 227.40203857421875, q_loss 227.40203857421875, v_loss 0.0 ,lr 0.01
INFO:root:epoch 0, Episode 433, total_loss: 3492.982177734375, q_loss 3492.982177734375, v_loss 0.0 ,lr 0.01
INFO:root:epoch 0, Episode 434, total_loss: 426.439453125, q_loss 426.439453125, v_loss 0.0 ,lr 0.01
INFO:root:epoch 0, Episode 435, total_loss: 5757.310546875, q_loss 5757.310546875, v_loss 0.0 ,lr 0.01
INFO:root:epoch 0, Episode 436, total_loss: 144.35777282714844, q_loss 144.35777282714844, v_loss 0.0 ,lr 0.01
INFO:root:epoch 0, Episode 437, total_loss: 2101.025146484375, q_loss 2101.025146484375, v_loss 0.0 ,lr 0.01
INFO:root:epoch 0, Episode 438, total_loss: 259.0625, q_loss 259.0625, v_loss 0.0 ,lr 0.01
INFO:root:epoch 0, Episode 439, total_loss: 1141.5018310546875, q_loss 1141.5018310546875, v_loss 0.0 ,lr 0.01
INFO:root:epoch 0, Episode 440, total_loss: 57.97743225097656, q_loss 57.97743225097656, v_loss 0.0 ,lr 0.01
INFO:root:val_loss 1.1625620126724243
INFO:root:epoch 0, Episode 441, total_loss: 180.9508514404297, q_loss 180.9508514404297, v_loss 0.0 ,lr 0.01
INFO:root:epoch 0, Episode 442, total_loss: 672.4298706054688, q_loss 672.4298706054688, v_loss 0.0 ,lr 0.01
INFO:root:epoch 0, Episode 443, total_loss: 139.05337524414062, q_loss 139.05337524414062, v_loss 0.0 ,lr 0.01
INFO:root:epoch 0, Episode 444, total_loss: 2100.332763671875, q_loss 2100.332763671875, v_loss 0.0 ,lr 0.01
INFO:root:epoch 0, Episode 445, total_loss: 1309.4078369140625, q_loss 1309.4078369140625, v_loss 0.0 ,lr 0.01
INFO:root:epoch 0, Episode 446, total_loss: 2097.23583984375, q_loss 2097.23583984375, v_loss 0.0 ,lr 0.01
INFO:root:epoch 0, Episode 447, total_loss: 72.75862884521484, q_loss 72.7558364868164, v_loss 0.002792498329654336 ,lr 0.01
INFO:root:epoch 0, Episode 448, total_loss: 257.95989990234375, q_loss 257.95989990234375, v_loss 0.0 ,lr 0.01
INFO:root:epoch 0, Episode 449, total_loss: 621.9097900390625, q_loss 621.9097900390625, v_loss 0.0 ,lr 0.01
INFO:root:epoch 0, Episode 450, total_loss: 169.34017944335938, q_loss 169.34017944335938, v_loss 0.0 ,lr 0.01
INFO:root:val_loss 1.1526391506195068
INFO:root:val_loss 1.154399037361145
INFO:root:val_loss 1.108914852142334
INFO:root:epoch 0, Episode 451, total_loss: 3494.14453125, q_loss 3494.14453125, v_loss 0.0 ,lr 0.01
INFO:root:epoch 0, Episode 452, total_loss: 1497.66943359375, q_loss 1497.66943359375, v_loss 0.0 ,lr 0.01
INFO:root:epoch 0, Episode 453, total_loss: 2.129842519760132, q_loss 2.129842519760132, v_loss 0.0 ,lr 0.01
INFO:root:epoch 0, Episode 454, total_loss: 3.0738322734832764, q_loss 3.0738322734832764, v_loss 2.928724374129388e-09 ,lr 0.01
INFO:root:epoch 0, Episode 455, total_loss: 555.0867309570312, q_loss 555.0867309570312, v_loss 0.0 ,lr 0.01
INFO:root:epoch 0, Episode 456, total_loss: 169.71063232421875, q_loss 169.71063232421875, v_loss 0.0 ,lr 0.01
INFO:root:epoch 1, Episode 0, total_loss: 123.0880126953125, q_loss 123.0880126953125, v_loss 0.0 ,lr 0.01
INFO:root:epoch 1, Episode 1, total_loss: 253.22584533691406, q_loss 253.22584533691406, v_loss 0.0 ,lr 0.01
INFO:root:epoch 1, Episode 2, total_loss: 120.82945251464844, q_loss 120.82945251464844, v_loss 0.0 ,lr 0.01
INFO:root:epoch 1, Episode 3, total_loss: 5235.56591796875, q_loss 5235.56591796875, v_loss 0.0 ,lr 0.01
INFO:root:val_loss 1.1860023736953735
INFO:root:val_loss 1.1193045377731323
INFO:root:val_loss 1.0526067018508911
INFO:root:val_loss 1.123346209526062
INFO:root:val_loss 1.1193045377731323
INFO:root:val_loss 1.123346209526062
INFO:root:val_loss 1.1193045377731323
INFO:root:val_loss 1.1900439262390137
INFO:root:val_loss 1.1940855979919434
INFO:root:val_loss 1.123346209526062
INFO:root:val_loss 1.1193045377731323
INFO:root:val_loss 1.2527000904083252
INFO:root:val_loss 1.186002254486084
INFO:root:val_loss 1.1860023736953735
INFO:root:val_loss 1.0526067018508911
INFO:root:val_loss 1.0526067018508911
INFO:root:val_loss 1.1900439262390137
INFO:root:val_loss 1.0526067018508911
INFO:root:val_loss 1.1900439262390137
INFO:root:val_loss 1.0526067018508911
INFO:root:val_loss 1.186002254486084
INFO:root:val_loss 1.1900439262390137
INFO:root:val_loss 1.123346209526062
INFO:root:val_loss 1.1860023736953735
INFO:root:val_loss 1.1860023736953735
INFO:root:val_loss 1.123346209526062
INFO:root:val_loss 1.1193045377731323
INFO:root:val_loss 1.123346209526062
INFO:root:val_loss 1.1193045377731323
INFO:root:val_loss 1.123346209526062
INFO:root:val_loss 1.1193045377731323
INFO:root:val_loss 1.1860023736953735
INFO:root:val_loss 1.2527000904083252
INFO:root:val_loss 1.1193045377731323
INFO:root:val_loss 1.123346209526062
INFO:root:val_loss 1.1193045377731323
INFO:root:val_loss 1.1900439262390137
INFO:root:val_loss 1.0526067018508911
INFO:root:val_loss 1.186002254486084
INFO:root:val_loss 1.0589317083358765
INFO:root:val_loss 1.0526067018508911
INFO:root:val_loss 1.1900439262390137
INFO:root:val_loss 1.0526067018508911
INFO:root:val_loss 1.1900439262390137
INFO:root:val_loss 1.1940855979919434
INFO:root:val_loss 1.0526067018508911
INFO:root:val_loss 1.1940855979919434
INFO:root:val_loss 1.123346209526062
INFO:root:val_loss 1.0526067018508911
INFO:root:val_loss 1.2527000904083252
INFO:root:val_loss 1.2527000904083252
INFO:root:val_loss 1.0526067018508911
INFO:root:val_loss 1.0526067018508911
INFO:root:val_loss 1.1193045377731323
INFO:root:val_loss 1.123346209526062
INFO:root:val_loss 1.1193045377731323
INFO:root:val_loss 1.1900439262390137
INFO:root:val_loss 1.0526067018508911
INFO:root:val_loss 1.1940855979919434
INFO:root:val_loss 1.0526067018508911
INFO:root:val_loss 1.0526067018508911
INFO:root:val_loss 1.1193045377731323
INFO:root:val_loss 1.123346209526062
INFO:root:val_loss 1.123346209526062
INFO:root:val_loss 1.1940855979919434
INFO:root:val_loss 1.2648249864578247
INFO:root:val_loss 1.0526067018508911
INFO:root:val_loss 1.123346209526062
INFO:root:val_loss 1.0526067018508911
INFO:root:val_loss 1.0526067018508911
INFO:root:val_loss 1.0526067018508911
INFO:root:val_loss 1.0526067018508911
INFO:root:val_loss 1.0526067018508911
INFO:root:val_loss 1.0526067018508911
INFO:root:val_loss 1.0526067018508911
INFO:root:val_loss 1.0526067018508911
INFO:root:val_loss 1.0526067018508911
INFO:root:val_loss 1.0526067018508911
INFO:root:val_loss 1.0526067018508911
INFO:root:val_loss 1.0526067018508911
INFO:root:val_loss 1.0526067018508911
INFO:root:val_loss 1.0526065826416016
INFO:root:epoch 1, Episode 4, total_loss: 1065.0484619140625, q_loss 1065.0484619140625, v_loss 0.0 ,lr 0.01
INFO:root:epoch 1, Episode 5, total_loss: 1311.49462890625, q_loss 1311.49462890625, v_loss 0.0 ,lr 0.01
INFO:root:epoch 1, Episode 6, total_loss: 1748.691162109375, q_loss 1748.691162109375, v_loss 0.0 ,lr 0.01
INFO:root:epoch 1, Episode 7, total_loss: 199.81271362304688, q_loss 199.81271362304688, v_loss 0.0 ,lr 0.01
INFO:root:epoch 1, Episode 8, total_loss: 132.220703125, q_loss 132.220703125, v_loss 0.0 ,lr 0.01
INFO:root:epoch 1, Episode 9, total_loss: 4.6389079093933105, q_loss 4.6389079093933105, v_loss 0.0 ,lr 0.01
INFO:root:epoch 1, Episode 10, total_loss: 440.4943542480469, q_loss 440.4943542480469, v_loss 0.0 ,lr 0.01
INFO:root:epoch 1, Episode 11, total_loss: 2.2771146297454834, q_loss 2.2771146297454834, v_loss 0.0 ,lr 0.01
INFO:root:epoch 1, Episode 12, total_loss: 125.0750503540039, q_loss 125.0750503540039, v_loss 0.0 ,lr 0.01
INFO:root:epoch 1, Episode 13, total_loss: 1.9794412851333618, q_loss 1.9794412851333618, v_loss 0.0 ,lr 0.01
INFO:root:val_loss 1.130859375
INFO:root:epoch 1, Episode 14, total_loss: 258.8754577636719, q_loss 258.8754577636719, v_loss 0.0 ,lr 0.01
INFO:root:epoch 1, Episode 15, total_loss: 2.168327808380127, q_loss 2.168095111846924, v_loss 0.00023277827131096274 ,lr 0.01
INFO:root:epoch 1, Episode 16, total_loss: 423.3583068847656, q_loss 423.3583068847656, v_loss 0.0 ,lr 0.01
INFO:root:epoch 1, Episode 17, total_loss: 150.0648651123047, q_loss 150.0648651123047, v_loss 0.0 ,lr 0.01
INFO:root:epoch 1, Episode 18, total_loss: 124.3504638671875, q_loss 124.3504638671875, v_loss 0.0 ,lr 0.01
INFO:root:epoch 1, Episode 19, total_loss: 701.7427368164062, q_loss 701.7427368164062, v_loss 0.0 ,lr 0.01
INFO:root:epoch 1, Episode 20, total_loss: 477.95758056640625, q_loss 477.95758056640625, v_loss 0.0 ,lr 0.01
INFO:root:epoch 1, Episode 21, total_loss: 2.447829484939575, q_loss 2.447829484939575, v_loss 0.0 ,lr 0.01
INFO:root:epoch 1, Episode 22, total_loss: 7.295938968658447, q_loss 7.294886589050293, v_loss 0.0010524585377424955 ,lr 0.01
INFO:root:epoch 1, Episode 23, total_loss: 808.1627197265625, q_loss 808.1627197265625, v_loss 0.0 ,lr 0.01
INFO:root:val_loss 1.1704237461090088
INFO:root:val_loss 1.168756127357483
INFO:root:val_loss 1.1784764528274536
INFO:root:val_loss 1.171977162361145
INFO:root:val_loss 1.1655923128128052
INFO:root:val_loss 1.167174220085144
INFO:root:val_loss 1.1671885251998901
INFO:root:val_loss 1.1703952550888062
INFO:root:val_loss 1.1752554178237915
INFO:root:val_loss 1.168784737586975
INFO:root:val_loss 1.168784737586975
INFO:root:val_loss 1.1655923128128052
INFO:root:val_loss 1.1720200777053833
INFO:root:val_loss 1.1731081008911133
INFO:root:epoch 1, Episode 24, total_loss: 168.8308868408203, q_loss 168.8308868408203, v_loss 0.0 ,lr 0.01
INFO:root:epoch 1, Episode 25, total_loss: 1.9861286878585815, q_loss 1.9861286878585815, v_loss 0.0 ,lr 0.01
INFO:root:epoch 1, Episode 26, total_loss: 364.1855773925781, q_loss 364.1855773925781, v_loss 0.0 ,lr 0.01
INFO:root:epoch 1, Episode 27, total_loss: 501.0485534667969, q_loss 501.0485534667969, v_loss 0.0 ,lr 0.01
INFO:root:epoch 1, Episode 28, total_loss: 696.4552001953125, q_loss 696.4552001953125, v_loss 0.0 ,lr 0.01
INFO:root:epoch 1, Episode 29, total_loss: 504.6091003417969, q_loss 504.6091003417969, v_loss 0.0 ,lr 0.01
INFO:root:epoch 1, Episode 30, total_loss: 111.6264877319336, q_loss 111.6264877319336, v_loss 0.0 ,lr 0.01
INFO:root:epoch 1, Episode 31, total_loss: 103.05403137207031, q_loss 103.05396270751953, v_loss 6.672796735074371e-05 ,lr 0.01
INFO:root:epoch 1, Episode 32, total_loss: 1174.6417236328125, q_loss 1174.6417236328125, v_loss 0.0 ,lr 0.01
INFO:root:epoch 1, Episode 33, total_loss: 121.25477600097656, q_loss 121.25477600097656, v_loss 0.0 ,lr 0.01
INFO:root:val_loss 1.1647557020187378
INFO:root:val_loss 1.1668137311935425
INFO:root:val_loss 1.1664698123931885
INFO:root:epoch 1, Episode 34, total_loss: 1068.8585205078125, q_loss 1068.8585205078125, v_loss 0.0 ,lr 0.01
INFO:root:epoch 1, Episode 35, total_loss: 333.8351135253906, q_loss 333.8350524902344, v_loss 6.25999819021672e-05 ,lr 0.01
INFO:root:epoch 1, Episode 36, total_loss: 365.5840148925781, q_loss 365.5840148925781, v_loss 0.0 ,lr 0.01
INFO:root:epoch 1, Episode 37, total_loss: 223.03038024902344, q_loss 223.03038024902344, v_loss 0.0 ,lr 0.01
INFO:root:epoch 1, Episode 38, total_loss: 74.25541687011719, q_loss 74.25541687011719, v_loss 0.0 ,lr 0.01
INFO:root:epoch 1, Episode 39, total_loss: 1750.5447998046875, q_loss 1750.5447998046875, v_loss 0.0 ,lr 0.01
INFO:root:epoch 1, Episode 40, total_loss: 657.7988891601562, q_loss 657.7988891601562, v_loss 0.0 ,lr 0.01
INFO:root:epoch 1, Episode 41, total_loss: 1081.5343017578125, q_loss 1081.5343017578125, v_loss 0.0 ,lr 0.01
INFO:root:epoch 1, Episode 42, total_loss: 5938.7900390625, q_loss 5938.7900390625, v_loss 0.0 ,lr 0.01
INFO:root:epoch 1, Episode 43, total_loss: 554.3429565429688, q_loss 554.3429565429688, v_loss 0.0 ,lr 0.01
INFO:root:val_loss 1.1607998609542847
INFO:root:epoch 1, Episode 44, total_loss: 240.79568481445312, q_loss 240.79568481445312, v_loss 0.0 ,lr 0.01
INFO:root:epoch 1, Episode 45, total_loss: 2.2461018562316895, q_loss 2.245150566101074, v_loss 0.0009513701079413295 ,lr 0.01
INFO:root:epoch 1, Episode 46, total_loss: 4271.4990234375, q_loss 4271.4990234375, v_loss 0.0 ,lr 0.01
INFO:root:epoch 1, Episode 47, total_loss: 169.43797302246094, q_loss 169.43797302246094, v_loss 0.0 ,lr 0.01
INFO:root:epoch 1, Episode 48, total_loss: 695.9072265625, q_loss 695.9072265625, v_loss 0.0 ,lr 0.01
INFO:root:epoch 1, Episode 49, total_loss: 108.80398559570312, q_loss 108.80398559570312, v_loss 0.0 ,lr 0.01
INFO:root:epoch 1, Episode 50, total_loss: 71.11638641357422, q_loss 71.11638641357422, v_loss 0.0 ,lr 0.01
INFO:root:epoch 1, Episode 51, total_loss: 319.9827880859375, q_loss 319.9827880859375, v_loss 0.0 ,lr 0.01
INFO:root:epoch 1, Episode 52, total_loss: 241.12057495117188, q_loss 241.12057495117188, v_loss 0.0 ,lr 0.01
INFO:root:epoch 1, Episode 53, total_loss: 213.66329956054688, q_loss 213.6593475341797, v_loss 0.003957012202590704 ,lr 0.01
INFO:root:val_loss 1.1588754653930664
INFO:root:val_loss 1.1417793035507202
INFO:root:val_loss 1.119707465171814
INFO:root:val_loss 1.1439497470855713
INFO:root:val_loss 1.1244122982025146
INFO:root:epoch 1, Episode 54, total_loss: 6793.82958984375, q_loss 6793.82958984375, v_loss 0.0 ,lr 0.01
INFO:root:epoch 1, Episode 55, total_loss: 140.7463836669922, q_loss 140.7463836669922, v_loss 0.0 ,lr 0.01
INFO:root:epoch 1, Episode 56, total_loss: 104.34314727783203, q_loss 104.34239196777344, v_loss 0.0007543638930656016 ,lr 0.01
INFO:root:epoch 1, Episode 57, total_loss: 3726.03173828125, q_loss 3726.03173828125, v_loss 0.0 ,lr 0.01
INFO:root:epoch 1, Episode 58, total_loss: 67.31517028808594, q_loss 67.31517028808594, v_loss 0.0 ,lr 0.01
INFO:root:epoch 1, Episode 59, total_loss: 1.865923285484314, q_loss 1.865923285484314, v_loss 0.0 ,lr 0.01
INFO:root:epoch 1, Episode 60, total_loss: 320.84185791015625, q_loss 320.84185791015625, v_loss 0.0 ,lr 0.01
INFO:root:epoch 1, Episode 61, total_loss: 727.39892578125, q_loss 727.39892578125, v_loss 0.0 ,lr 0.01
INFO:root:epoch 1, Episode 62, total_loss: 1746.4661865234375, q_loss 1746.4661865234375, v_loss 0.0 ,lr 0.01
INFO:root:epoch 1, Episode 63, total_loss: 76.62818908691406, q_loss 76.62818908691406, v_loss 0.0 ,lr 0.01
INFO:root:val_loss 1.048970341682434
INFO:root:val_loss 1.0701841115951538
INFO:root:epoch 1, Episode 64, total_loss: 302.5516052246094, q_loss 302.5516052246094, v_loss 0.0 ,lr 0.01
INFO:root:epoch 1, Episode 65, total_loss: 1.9409116506576538, q_loss 1.9409116506576538, v_loss 0.0 ,lr 0.01
INFO:root:epoch 1, Episode 66, total_loss: 585.2509765625, q_loss 585.2509765625, v_loss 0.0 ,lr 0.01
INFO:root:epoch 1, Episode 67, total_loss: 3.009885787963867, q_loss 3.009885787963867, v_loss 0.0 ,lr 0.01
INFO:root:epoch 1, Episode 68, total_loss: 340.8150329589844, q_loss 340.8150329589844, v_loss 0.0 ,lr 0.01
INFO:root:epoch 1, Episode 69, total_loss: 3588.26806640625, q_loss 3588.26806640625, v_loss 0.0 ,lr 0.01
INFO:root:epoch 1, Episode 70, total_loss: 3.481621742248535, q_loss 3.481621742248535, v_loss 0.0 ,lr 0.01
INFO:root:epoch 1, Episode 71, total_loss: 222.16293334960938, q_loss 222.16293334960938, v_loss 0.0 ,lr 0.01
INFO:root:epoch 1, Episode 72, total_loss: 475.1319885253906, q_loss 475.1319885253906, v_loss 0.0 ,lr 0.01
INFO:root:epoch 1, Episode 73, total_loss: 1836.324462890625, q_loss 1836.324462890625, v_loss 0.0 ,lr 0.01
INFO:root:val_loss 1.0827772617340088
INFO:root:val_loss 1.0650650262832642
INFO:root:val_loss 1.0477343797683716
INFO:root:val_loss 1.0891809463500977
INFO:root:val_loss 1.11394202709198
INFO:root:epoch 1, Episode 74, total_loss: 476.96923828125, q_loss 476.96923828125, v_loss 0.0 ,lr 0.01
INFO:root:epoch 1, Episode 75, total_loss: 2.279442071914673, q_loss 2.279442071914673, v_loss 0.0 ,lr 0.01
INFO:root:epoch 1, Episode 76, total_loss: 252.56736755371094, q_loss 252.56736755371094, v_loss 0.0 ,lr 0.01
INFO:root:epoch 1, Episode 77, total_loss: 190.10171508789062, q_loss 190.10171508789062, v_loss 0.0 ,lr 0.01
INFO:root:epoch 1, Episode 78, total_loss: 1925.4544677734375, q_loss 1925.4544677734375, v_loss 0.0 ,lr 0.01
INFO:root:epoch 1, Episode 79, total_loss: 2.4605915546417236, q_loss 2.4599649906158447, v_loss 0.0006266717682592571 ,lr 0.01
INFO:root:epoch 1, Episode 80, total_loss: 587.0364379882812, q_loss 587.0364379882812, v_loss 0.0 ,lr 0.01
INFO:root:epoch 1, Episode 81, total_loss: 65.73483276367188, q_loss 65.73483276367188, v_loss 6.507102412456334e-09 ,lr 0.01
INFO:root:epoch 1, Episode 82, total_loss: 623.8687133789062, q_loss 623.8687133789062, v_loss 0.0 ,lr 0.01
INFO:root:epoch 1, Episode 83, total_loss: 2.801048994064331, q_loss 2.799537181854248, v_loss 0.0015116980066522956 ,lr 0.01
INFO:root:val_loss 1.1229572296142578
INFO:root:epoch 1, Episode 84, total_loss: 2.8272974491119385, q_loss 2.8272974491119385, v_loss 0.0 ,lr 0.01
INFO:root:epoch 1, Episode 85, total_loss: 443.7371826171875, q_loss 443.7371826171875, v_loss 0.0 ,lr 0.01
INFO:root:epoch 1, Episode 86, total_loss: 372.4405212402344, q_loss 372.4405212402344, v_loss 0.0 ,lr 0.01
INFO:root:epoch 1, Episode 87, total_loss: 319.764404296875, q_loss 319.764404296875, v_loss 0.0 ,lr 0.01
INFO:root:epoch 1, Episode 88, total_loss: 718.7110595703125, q_loss 718.7110595703125, v_loss 0.0 ,lr 0.01
INFO:root:epoch 1, Episode 89, total_loss: 2526.017578125, q_loss 2526.017578125, v_loss 0.0 ,lr 0.01
INFO:root:epoch 1, Episode 90, total_loss: 389.6684875488281, q_loss 389.6684875488281, v_loss 0.0 ,lr 0.01
INFO:root:epoch 1, Episode 91, total_loss: 2.226313829421997, q_loss 2.226313829421997, v_loss 0.0 ,lr 0.01
INFO:root:epoch 1, Episode 92, total_loss: 329.97412109375, q_loss 329.97412109375, v_loss 0.0 ,lr 0.01
INFO:root:epoch 1, Episode 93, total_loss: 1694.285400390625, q_loss 1694.285400390625, v_loss 0.0 ,lr 0.01
INFO:root:val_loss 1.0524636507034302
INFO:root:val_loss 1.0706477165222168
INFO:root:val_loss 1.0834674835205078
INFO:root:epoch 1, Episode 94, total_loss: 1.8751108646392822, q_loss 1.8748520612716675, v_loss 0.000258761370787397 ,lr 0.01
INFO:root:epoch 1, Episode 95, total_loss: 4265.0751953125, q_loss 4265.0751953125, v_loss 0.0 ,lr 0.01
INFO:root:epoch 1, Episode 96, total_loss: 2.1190457344055176, q_loss 2.1190457344055176, v_loss 0.0 ,lr 0.01
INFO:root:epoch 1, Episode 97, total_loss: 293.8226623535156, q_loss 293.8226623535156, v_loss 0.0 ,lr 0.01
INFO:root:epoch 1, Episode 98, total_loss: 287.4474792480469, q_loss 287.4474792480469, v_loss 0.0 ,lr 0.01
INFO:root:epoch 1, Episode 99, total_loss: 405.0390319824219, q_loss 405.0390319824219, v_loss 0.0 ,lr 0.01
INFO:root:epoch 1, Episode 100, total_loss: 278.5892639160156, q_loss 278.5892639160156, v_loss 0.0 ,lr 0.01
INFO:root:epoch 1, Episode 101, total_loss: 197.64334106445312, q_loss 197.64334106445312, v_loss 0.0 ,lr 0.01
INFO:root:epoch 1, Episode 102, total_loss: 112.0467758178711, q_loss 112.04631805419922, v_loss 0.00045786603004671633 ,lr 0.01
INFO:root:epoch 1, Episode 103, total_loss: 728.7635498046875, q_loss 728.7635498046875, v_loss 0.0 ,lr 0.01
INFO:root:val_loss 1.1051342487335205
INFO:root:val_loss 1.1044446229934692
INFO:root:epoch 1, Episode 104, total_loss: 89.4267349243164, q_loss 89.4267349243164, v_loss 0.0 ,lr 0.01
INFO:root:epoch 1, Episode 105, total_loss: 2.7319788932800293, q_loss 2.7318146228790283, v_loss 0.0001642788847675547 ,lr 0.01
INFO:root:epoch 1, Episode 106, total_loss: 162.3751983642578, q_loss 162.3751983642578, v_loss 0.0 ,lr 0.01
INFO:root:epoch 1, Episode 107, total_loss: 251.3496856689453, q_loss 251.3496856689453, v_loss 0.0 ,lr 0.01
INFO:root:epoch 1, Episode 108, total_loss: 293.3834533691406, q_loss 293.3834533691406, v_loss 0.0 ,lr 0.01
INFO:root:epoch 1, Episode 109, total_loss: 2.5107901096343994, q_loss 2.51056170463562, v_loss 0.0002283253998029977 ,lr 0.01
INFO:root:epoch 1, Episode 110, total_loss: 954.7218017578125, q_loss 954.7218017578125, v_loss 0.0 ,lr 0.01
INFO:root:epoch 1, Episode 111, total_loss: 118.94973754882812, q_loss 118.94973754882812, v_loss 0.0 ,lr 0.01
INFO:root:epoch 1, Episode 112, total_loss: 655.7985229492188, q_loss 655.7985229492188, v_loss 0.0 ,lr 0.01
INFO:root:epoch 1, Episode 113, total_loss: 1182.526123046875, q_loss 1182.526123046875, v_loss 0.0 ,lr 0.01
INFO:root:val_loss 1.1247423887252808
INFO:root:val_loss 1.124606728553772
INFO:root:val_loss 1.1140856742858887
INFO:root:epoch 1, Episode 114, total_loss: 128.91458129882812, q_loss 128.91458129882812, v_loss 0.0 ,lr 0.01
INFO:root:epoch 1, Episode 115, total_loss: 301.0696105957031, q_loss 301.0696105957031, v_loss 0.0 ,lr 0.01
INFO:root:epoch 1, Episode 116, total_loss: 2.242486000061035, q_loss 2.242309093475342, v_loss 0.00017696496797725558 ,lr 0.01
INFO:root:epoch 1, Episode 117, total_loss: 351.55029296875, q_loss 351.55029296875, v_loss 0.0 ,lr 0.01
INFO:root:epoch 1, Episode 118, total_loss: 1037.5706787109375, q_loss 1037.5706787109375, v_loss 0.0 ,lr 0.01
INFO:root:epoch 1, Episode 119, total_loss: 362.7485656738281, q_loss 362.7485656738281, v_loss 0.0 ,lr 0.01
INFO:root:epoch 1, Episode 120, total_loss: 58.873077392578125, q_loss 58.873077392578125, v_loss 0.0 ,lr 0.01
INFO:root:epoch 1, Episode 121, total_loss: 86.06037139892578, q_loss 86.06037139892578, v_loss 0.0 ,lr 0.01
INFO:root:epoch 1, Episode 122, total_loss: 5239.30078125, q_loss 5239.30078125, v_loss 0.0 ,lr 0.01
INFO:root:epoch 1, Episode 123, total_loss: 1497.4964599609375, q_loss 1497.4964599609375, v_loss 0.0 ,lr 0.01
INFO:root:val_loss 1.1188358068466187
INFO:root:val_loss 1.1188827753067017
INFO:root:val_loss 1.1211518049240112
INFO:root:val_loss 1.122793436050415
INFO:root:epoch 1, Episode 124, total_loss: 2091.9091796875, q_loss 2091.9091796875, v_loss 0.0 ,lr 0.01
INFO:root:epoch 1, Episode 125, total_loss: 312.6807556152344, q_loss 312.6807556152344, v_loss 0.0 ,lr 0.01
INFO:root:epoch 1, Episode 126, total_loss: 81.19386291503906, q_loss 81.19386291503906, v_loss 0.0 ,lr 0.01
INFO:root:epoch 1, Episode 127, total_loss: 3487.94677734375, q_loss 3487.94677734375, v_loss 0.0 ,lr 0.01
INFO:root:epoch 1, Episode 128, total_loss: 221.45542907714844, q_loss 221.45542907714844, v_loss 0.0 ,lr 0.01
INFO:root:epoch 1, Episode 129, total_loss: 292.3097229003906, q_loss 292.3096008300781, v_loss 0.00012981057807337493 ,lr 0.01
INFO:root:epoch 1, Episode 130, total_loss: 3496.183349609375, q_loss 3496.183349609375, v_loss 0.0 ,lr 0.01
INFO:root:epoch 1, Episode 131, total_loss: 2715.38232421875, q_loss 2715.38232421875, v_loss 0.0 ,lr 0.01
INFO:root:epoch 1, Episode 132, total_loss: 156.2025604248047, q_loss 156.2025604248047, v_loss 0.0 ,lr 0.01
INFO:root:epoch 1, Episode 133, total_loss: 101.43669128417969, q_loss 101.43669128417969, v_loss 0.0 ,lr 0.01
INFO:root:val_loss 1.1268352270126343
INFO:root:val_loss 1.1308808326721191
INFO:root:val_loss 1.09739351272583
INFO:root:epoch 1, Episode 134, total_loss: 3.5254905223846436, q_loss 3.5254905223846436, v_loss 0.0 ,lr 0.01
INFO:root:epoch 1, Episode 135, total_loss: 91.68653869628906, q_loss 91.68653869628906, v_loss 8.695116093804245e-08 ,lr 0.01
INFO:root:epoch 1, Episode 136, total_loss: 3888.47412109375, q_loss 3888.47412109375, v_loss 0.0 ,lr 0.01
INFO:root:epoch 1, Episode 137, total_loss: 1501.6441650390625, q_loss 1501.6441650390625, v_loss 0.0 ,lr 0.01
INFO:root:epoch 1, Episode 138, total_loss: 1.8825350999832153, q_loss 1.8824259042739868, v_loss 0.00010917911276919767 ,lr 0.01
INFO:root:epoch 1, Episode 139, total_loss: 953.6154174804688, q_loss 953.6154174804688, v_loss 0.0 ,lr 0.01
INFO:root:epoch 1, Episode 140, total_loss: 357.8465576171875, q_loss 357.8465576171875, v_loss 0.0 ,lr 0.01
INFO:root:epoch 1, Episode 141, total_loss: 2.372333288192749, q_loss 2.3722259998321533, v_loss 0.00010738885612227023 ,lr 0.01
INFO:root:epoch 1, Episode 142, total_loss: 1745.142578125, q_loss 1745.142578125, v_loss 0.0 ,lr 0.01
INFO:root:epoch 1, Episode 143, total_loss: 409.0528869628906, q_loss 409.0528259277344, v_loss 5.09381752635818e-05 ,lr 0.01
INFO:root:val_loss 1.0098843574523926
INFO:root:val_loss 0.9342420697212219
INFO:root:epoch 1, Episode 144, total_loss: 1307.9844970703125, q_loss 1307.9844970703125, v_loss 0.0 ,lr 0.01
INFO:root:epoch 1, Episode 145, total_loss: 1682.21923828125, q_loss 1682.21923828125, v_loss 0.0 ,lr 0.01
INFO:root:epoch 1, Episode 146, total_loss: 2104.315185546875, q_loss 2104.315185546875, v_loss 0.0 ,lr 0.01
INFO:root:epoch 1, Episode 147, total_loss: 1493.5274658203125, q_loss 1493.5274658203125, v_loss 0.0 ,lr 0.01
INFO:root:epoch 1, Episode 148, total_loss: 1173.294677734375, q_loss 1173.294677734375, v_loss 0.0 ,lr 0.01
INFO:root:epoch 1, Episode 149, total_loss: 457.0476379394531, q_loss 457.0476379394531, v_loss 0.0 ,lr 0.01
INFO:root:epoch 1, Episode 150, total_loss: 1501.2149658203125, q_loss 1501.2149658203125, v_loss 0.0 ,lr 0.01
INFO:root:epoch 1, Episode 151, total_loss: 2233.148193359375, q_loss 2233.148193359375, v_loss 0.0 ,lr 0.01
INFO:root:epoch 1, Episode 152, total_loss: 1088.5849609375, q_loss 1088.5849609375, v_loss 0.0 ,lr 0.01
INFO:root:epoch 1, Episode 153, total_loss: 1.975989818572998, q_loss 1.9753965139389038, v_loss 0.0005933476495556533 ,lr 0.01
INFO:root:val_loss 1.1249853372573853
INFO:root:epoch 1, Episode 154, total_loss: 74.0963363647461, q_loss 74.0963363647461, v_loss 0.0 ,lr 0.01
INFO:root:epoch 1, Episode 155, total_loss: 81.41702270507812, q_loss 81.4168472290039, v_loss 0.00017239138833247125 ,lr 0.01
INFO:root:epoch 1, Episode 156, total_loss: 510.50347900390625, q_loss 510.50347900390625, v_loss 0.0 ,lr 0.01
INFO:root:epoch 1, Episode 157, total_loss: 1172.2989501953125, q_loss 1172.2989501953125, v_loss 0.0 ,lr 0.01
INFO:root:epoch 1, Episode 158, total_loss: 138.60072326660156, q_loss 138.60072326660156, v_loss 0.0 ,lr 0.01
INFO:root:epoch 1, Episode 159, total_loss: 311.1043395996094, q_loss 311.1043395996094, v_loss 0.0 ,lr 0.01
INFO:root:epoch 1, Episode 160, total_loss: 251.0580596923828, q_loss 251.0580596923828, v_loss 0.0 ,lr 0.01
INFO:root:epoch 1, Episode 161, total_loss: 2.7172670364379883, q_loss 2.7172670364379883, v_loss 0.0 ,lr 0.01
INFO:root:epoch 1, Episode 162, total_loss: 435.4254455566406, q_loss 435.4254455566406, v_loss 1.0356142183809425e-06 ,lr 0.01
INFO:root:epoch 1, Episode 163, total_loss: 352.88177490234375, q_loss 352.88177490234375, v_loss 0.0 ,lr 0.01
INFO:root:val_loss 1.1607698202133179
INFO:root:val_loss 1.1654119491577148
INFO:root:val_loss 1.1252261400222778
INFO:root:val_loss 1.0832568407058716
INFO:root:epoch 1, Episode 164, total_loss: 2.063081979751587, q_loss 2.063081979751587, v_loss 0.0 ,lr 0.01
INFO:root:epoch 1, Episode 165, total_loss: 272.20654296875, q_loss 272.20654296875, v_loss 0.0 ,lr 0.01
INFO:root:epoch 1, Episode 166, total_loss: 782.0491333007812, q_loss 782.0328369140625, v_loss 0.01631164364516735 ,lr 0.01
INFO:root:epoch 1, Episode 167, total_loss: 84.82190704345703, q_loss 84.82190704345703, v_loss 0.0 ,lr 0.01
INFO:root:epoch 1, Episode 168, total_loss: 1305.953857421875, q_loss 1305.953857421875, v_loss 0.0 ,lr 0.01
INFO:root:epoch 1, Episode 169, total_loss: 72.61898803710938, q_loss 72.61888122558594, v_loss 0.00010754979302873835 ,lr 0.01
INFO:root:epoch 1, Episode 170, total_loss: 2.539524555206299, q_loss 2.539524555206299, v_loss 0.0 ,lr 0.01
INFO:root:epoch 1, Episode 171, total_loss: 270.41748046875, q_loss 270.417236328125, v_loss 0.00024082134768832475 ,lr 0.01
INFO:root:epoch 1, Episode 172, total_loss: 2766.498046875, q_loss 2766.498046875, v_loss 0.0 ,lr 0.01
INFO:root:epoch 1, Episode 173, total_loss: 1916.0596923828125, q_loss 1916.0596923828125, v_loss 0.0 ,lr 0.01
INFO:root:val_loss 1.059469223022461
INFO:root:val_loss 1.0823054313659668
INFO:root:val_loss 1.059469223022461
INFO:root:val_loss 1.0729403495788574
INFO:root:val_loss 1.0245307683944702
INFO:root:val_loss 1.007938265800476
INFO:root:epoch 1, Episode 174, total_loss: 2.1624109745025635, q_loss 2.1624109745025635, v_loss 0.0 ,lr 0.01
INFO:root:epoch 1, Episode 175, total_loss: 1494.979736328125, q_loss 1494.979736328125, v_loss 0.0 ,lr 0.01
INFO:root:epoch 1, Episode 176, total_loss: 66.73362731933594, q_loss 66.73362731933594, v_loss 0.0 ,lr 0.01
INFO:root:epoch 1, Episode 177, total_loss: 1437.4625244140625, q_loss 1437.4625244140625, v_loss 1.8117989952770586e-07 ,lr 0.01
INFO:root:epoch 1, Episode 178, total_loss: 3379.815185546875, q_loss 3379.815185546875, v_loss 0.0 ,lr 0.01
INFO:root:epoch 1, Episode 179, total_loss: 2533.00146484375, q_loss 2533.00146484375, v_loss 0.0 ,lr 0.01
INFO:root:epoch 1, Episode 180, total_loss: 2.146804094314575, q_loss 2.1467037200927734, v_loss 0.00010026244126493111 ,lr 0.01
INFO:root:epoch 1, Episode 181, total_loss: 553.665771484375, q_loss 553.665771484375, v_loss 0.0 ,lr 0.01
INFO:root:epoch 1, Episode 182, total_loss: 2.187760591506958, q_loss 2.1874735355377197, v_loss 0.0002870078897103667 ,lr 0.01
INFO:root:epoch 1, Episode 183, total_loss: 488.3382263183594, q_loss 488.3382263183594, v_loss 0.0 ,lr 0.01
INFO:root:val_loss 1.068248987197876
INFO:root:val_loss 1.073420524597168
INFO:root:epoch 1, Episode 184, total_loss: 522.2623901367188, q_loss 522.2623901367188, v_loss 0.0 ,lr 0.01
INFO:root:epoch 1, Episode 185, total_loss: 78.25021362304688, q_loss 78.25012969970703, v_loss 8.568676275899634e-05 ,lr 0.01
INFO:root:epoch 1, Episode 186, total_loss: 3025.5244140625, q_loss 3025.5244140625, v_loss 0.0 ,lr 0.01
INFO:root:epoch 1, Episode 187, total_loss: 423.94671630859375, q_loss 423.94671630859375, v_loss 0.0 ,lr 0.01
INFO:root:epoch 1, Episode 188, total_loss: 72.63318634033203, q_loss 72.63318634033203, v_loss 0.0 ,lr 0.01
INFO:root:epoch 1, Episode 189, total_loss: 2.2385597229003906, q_loss 2.2385597229003906, v_loss 0.0 ,lr 0.01
INFO:root:epoch 1, Episode 190, total_loss: 69.54703521728516, q_loss 69.54703521728516, v_loss 0.0 ,lr 0.01
INFO:root:epoch 1, Episode 191, total_loss: 579.6653442382812, q_loss 579.6653442382812, v_loss 0.0 ,lr 0.01
INFO:root:epoch 1, Episode 192, total_loss: 494.056640625, q_loss 494.056640625, v_loss 0.0 ,lr 0.01
INFO:root:epoch 1, Episode 193, total_loss: 2.2579338550567627, q_loss 2.257911205291748, v_loss 2.266476076329127e-05 ,lr 0.01
INFO:root:val_loss 1.0899748802185059
INFO:root:epoch 1, Episode 194, total_loss: 1490.9969482421875, q_loss 1490.9969482421875, v_loss 0.0 ,lr 0.01
INFO:root:epoch 1, Episode 195, total_loss: 96.9819564819336, q_loss 96.9819564819336, v_loss 0.0 ,lr 0.01
INFO:root:epoch 1, Episode 196, total_loss: 1.8824505805969238, q_loss 1.8824505805969238, v_loss 0.0 ,lr 0.01
INFO:root:epoch 1, Episode 197, total_loss: 263.8150329589844, q_loss 263.8150329589844, v_loss 0.0 ,lr 0.01
INFO:root:epoch 1, Episode 198, total_loss: 511.28656005859375, q_loss 511.2856140136719, v_loss 0.000947549007833004 ,lr 0.01
INFO:root:epoch 1, Episode 199, total_loss: 3071.869873046875, q_loss 3071.869873046875, v_loss 0.0 ,lr 0.01
INFO:root:epoch 1, Episode 200, total_loss: 301.516845703125, q_loss 301.516845703125, v_loss 0.0 ,lr 0.01
INFO:root:epoch 1, Episode 201, total_loss: 1673.966796875, q_loss 1673.966796875, v_loss 0.0 ,lr 0.01
INFO:root:epoch 1, Episode 202, total_loss: 113.79662322998047, q_loss 113.79662322998047, v_loss 0.0 ,lr 0.01
INFO:root:epoch 1, Episode 203, total_loss: 127.9862060546875, q_loss 127.9862060546875, v_loss 0.0 ,lr 0.01
INFO:root:val_loss 1.087883710861206
INFO:root:val_loss 1.095104455947876
INFO:root:epoch 1, Episode 204, total_loss: 4092.14111328125, q_loss 4092.14111328125, v_loss 0.0 ,lr 0.01
INFO:root:epoch 1, Episode 205, total_loss: 665.815673828125, q_loss 665.815673828125, v_loss 0.0 ,lr 0.01
INFO:root:epoch 1, Episode 206, total_loss: 257.3188171386719, q_loss 257.3188171386719, v_loss 0.0 ,lr 0.01
INFO:root:epoch 1, Episode 207, total_loss: 3866.879150390625, q_loss 3866.879150390625, v_loss 0.0 ,lr 0.01
INFO:root:epoch 1, Episode 208, total_loss: 1158.9246826171875, q_loss 1158.9246826171875, v_loss 0.0 ,lr 0.01
INFO:root:epoch 1, Episode 209, total_loss: 77.9934310913086, q_loss 77.9934310913086, v_loss 0.0 ,lr 0.01
INFO:root:epoch 1, Episode 210, total_loss: 2092.570068359375, q_loss 2092.570068359375, v_loss 0.0 ,lr 0.01
INFO:root:epoch 1, Episode 211, total_loss: 3475.43701171875, q_loss 3475.43701171875, v_loss 0.0 ,lr 0.01
INFO:root:epoch 1, Episode 212, total_loss: 194.83517456054688, q_loss 194.83517456054688, v_loss 0.0 ,lr 0.01
INFO:root:epoch 1, Episode 213, total_loss: 3404.302001953125, q_loss 3404.302001953125, v_loss 0.0 ,lr 0.01
INFO:root:val_loss 0.992636501789093
INFO:root:val_loss 1.0101771354675293
INFO:root:val_loss 1.0135122537612915
INFO:root:val_loss 0.9174525141716003
INFO:root:epoch 1, Episode 214, total_loss: 2.6350536346435547, q_loss 2.633533239364624, v_loss 0.0015203601215034723 ,lr 0.01
INFO:root:epoch 1, Episode 215, total_loss: 362.4491271972656, q_loss 362.4491271972656, v_loss 0.0 ,lr 0.01
INFO:root:epoch 1, Episode 216, total_loss: 256.8846435546875, q_loss 256.8846435546875, v_loss 0.0 ,lr 0.01
INFO:root:epoch 1, Episode 217, total_loss: 886.3023071289062, q_loss 886.3023071289062, v_loss 1.4839177993053454e-06 ,lr 0.01
INFO:root:epoch 1, Episode 218, total_loss: 2085.797119140625, q_loss 2085.797119140625, v_loss 0.0 ,lr 0.01
INFO:root:epoch 1, Episode 219, total_loss: 1737.5400390625, q_loss 1737.5400390625, v_loss 0.0 ,lr 0.01
INFO:root:epoch 1, Episode 220, total_loss: 66.05223083496094, q_loss 66.04989624023438, v_loss 0.0023338731843978167 ,lr 0.01
INFO:root:epoch 1, Episode 221, total_loss: 3.0577003955841064, q_loss 3.057699680328369, v_loss 8.231613719544839e-07 ,lr 0.01
INFO:root:epoch 1, Episode 222, total_loss: 300.7924499511719, q_loss 300.7924499511719, v_loss 0.0 ,lr 0.01
INFO:root:epoch 1, Episode 223, total_loss: 1302.617919921875, q_loss 1302.617919921875, v_loss 0.0 ,lr 0.01
INFO:root:val_loss 0.8282864689826965
INFO:root:val_loss 1.0313198566436768
INFO:root:val_loss 0.7533605098724365
INFO:root:val_loss 0.9668728709220886
INFO:root:val_loss 0.8282864689826965
INFO:root:val_loss 0.9136914014816284
INFO:root:val_loss 1.2988002300262451
INFO:root:val_loss 0.8709889650344849
INFO:root:val_loss 0.9136914014816284
INFO:root:val_loss 0.9990963339805603
INFO:root:val_loss 1.1811717748641968
INFO:root:val_loss 0.8282864689826965
INFO:root:val_loss 1.0313198566436768
INFO:root:val_loss 0.8282864689826965
INFO:root:val_loss 0.9668728709220886
INFO:root:val_loss 1.0635433197021484
INFO:root:val_loss 0.9886173605918884
INFO:root:val_loss 0.7533605098724365
INFO:root:val_loss 0.7106580138206482
INFO:root:val_loss 0.7106580138206482
INFO:root:val_loss 0.9990963339805603
INFO:root:val_loss 0.8814679384231567
INFO:root:val_loss 0.8709889650344849
INFO:root:val_loss 0.7106580138206482
INFO:root:val_loss 0.7106580138206482
INFO:root:val_loss 0.7106580138206482
INFO:root:val_loss 0.7106580138206482
INFO:root:val_loss 0.7106581330299377
INFO:root:epoch 1, Episode 224, total_loss: 1475.7406005859375, q_loss 1475.7406005859375, v_loss 0.0 ,lr 0.01
INFO:root:epoch 1, Episode 225, total_loss: 149.9356231689453, q_loss 149.93431091308594, v_loss 0.0013130027800798416 ,lr 0.01
INFO:root:epoch 1, Episode 226, total_loss: 343.9776916503906, q_loss 343.9776916503906, v_loss 0.0 ,lr 0.01
INFO:root:epoch 1, Episode 227, total_loss: 291.4792785644531, q_loss 291.4792785644531, v_loss 0.0 ,lr 0.01
INFO:root:epoch 1, Episode 228, total_loss: 345.838623046875, q_loss 345.838623046875, v_loss 0.0 ,lr 0.01
INFO:root:epoch 1, Episode 229, total_loss: 99.26412200927734, q_loss 99.26412200927734, v_loss 0.0 ,lr 0.01
INFO:root:epoch 1, Episode 230, total_loss: 61.6058349609375, q_loss 61.6058349609375, v_loss 0.0 ,lr 0.01
INFO:root:epoch 1, Episode 231, total_loss: 159.88575744628906, q_loss 159.88575744628906, v_loss 0.0 ,lr 0.01
INFO:root:epoch 1, Episode 232, total_loss: 156.00550842285156, q_loss 156.00550842285156, v_loss 0.0 ,lr 0.01
INFO:root:epoch 1, Episode 233, total_loss: 1830.626953125, q_loss 1830.626953125, v_loss 0.0 ,lr 0.01
INFO:root:val_loss 1.0483886003494263
INFO:root:val_loss 0.9925532937049866
INFO:root:val_loss 0.8810603618621826
INFO:root:epoch 1, Episode 234, total_loss: 2.030165672302246, q_loss 2.030165672302246, v_loss 0.0 ,lr 0.01
INFO:root:epoch 1, Episode 235, total_loss: 986.1759033203125, q_loss 986.1759033203125, v_loss 0.0 ,lr 0.01
INFO:root:epoch 1, Episode 236, total_loss: 280.95648193359375, q_loss 280.95648193359375, v_loss 0.0 ,lr 0.01
INFO:root:epoch 1, Episode 237, total_loss: 165.45037841796875, q_loss 165.45037841796875, v_loss 0.0 ,lr 0.01
INFO:root:epoch 1, Episode 238, total_loss: 131.0740203857422, q_loss 131.0740203857422, v_loss 0.0 ,lr 0.01
INFO:root:epoch 1, Episode 239, total_loss: 666.4530029296875, q_loss 666.4530029296875, v_loss 0.0 ,lr 0.01
INFO:root:epoch 1, Episode 240, total_loss: 215.42991638183594, q_loss 215.42991638183594, v_loss 0.0 ,lr 0.01
INFO:root:epoch 1, Episode 241, total_loss: 133.19786071777344, q_loss 133.19786071777344, v_loss 0.0 ,lr 0.01
INFO:root:epoch 1, Episode 242, total_loss: 2.1603620052337646, q_loss 2.1603620052337646, v_loss 1.3692994293990068e-08 ,lr 0.01
INFO:root:epoch 1, Episode 243, total_loss: 1561.9927978515625, q_loss 1561.9927978515625, v_loss 0.0 ,lr 0.01
INFO:root:val_loss 0.9994236826896667
INFO:root:val_loss 1.0201560258865356
INFO:root:val_loss 0.992161750793457
INFO:root:val_loss 0.9964502453804016
INFO:root:epoch 1, Episode 244, total_loss: 257.2174377441406, q_loss 257.2174377441406, v_loss 0.0 ,lr 0.01
INFO:root:epoch 1, Episode 245, total_loss: 179.52598571777344, q_loss 179.52598571777344, v_loss 0.0 ,lr 0.01
INFO:root:epoch 1, Episode 246, total_loss: 327.4596862792969, q_loss 327.4596862792969, v_loss 0.0 ,lr 0.01
INFO:root:epoch 1, Episode 247, total_loss: 2.4264800548553467, q_loss 2.4264800548553467, v_loss 0.0 ,lr 0.01
INFO:root:epoch 1, Episode 248, total_loss: 338.7510681152344, q_loss 338.7510681152344, v_loss 0.0 ,lr 0.01
INFO:root:epoch 1, Episode 249, total_loss: 255.95687866210938, q_loss 255.95687866210938, v_loss 0.0 ,lr 0.01
INFO:root:epoch 1, Episode 250, total_loss: 2.098510265350342, q_loss 2.098510265350342, v_loss 2.7350955278393485e-08 ,lr 0.01
INFO:root:epoch 1, Episode 251, total_loss: 2190.2509765625, q_loss 2190.2509765625, v_loss 0.0 ,lr 0.01
INFO:root:epoch 1, Episode 252, total_loss: 427.4786376953125, q_loss 427.4786376953125, v_loss 0.0 ,lr 0.01
INFO:root:epoch 1, Episode 253, total_loss: 2293.03125, q_loss 2293.03125, v_loss 0.0 ,lr 0.01
INFO:root:val_loss 1.0636801719665527
INFO:root:val_loss 1.0536754131317139
INFO:root:val_loss 1.0733921527862549
INFO:root:epoch 1, Episode 254, total_loss: 63.266510009765625, q_loss 63.266510009765625, v_loss 0.0 ,lr 0.01
INFO:root:epoch 1, Episode 255, total_loss: 417.2479553222656, q_loss 417.2479553222656, v_loss 0.0 ,lr 0.01
INFO:root:epoch 1, Episode 256, total_loss: 249.40606689453125, q_loss 249.40606689453125, v_loss 0.0 ,lr 0.01
INFO:root:epoch 1, Episode 257, total_loss: 589.4613647460938, q_loss 589.4613647460938, v_loss 0.0 ,lr 0.01
INFO:root:epoch 1, Episode 258, total_loss: 245.14755249023438, q_loss 245.14755249023438, v_loss 0.0 ,lr 0.01
INFO:root:epoch 1, Episode 259, total_loss: 4612.25, q_loss 4612.25, v_loss 0.0 ,lr 0.01
INFO:root:epoch 1, Episode 260, total_loss: 61.78001022338867, q_loss 61.78001022338867, v_loss 0.0 ,lr 0.01
INFO:root:epoch 1, Episode 261, total_loss: 212.4193878173828, q_loss 212.4193878173828, v_loss 0.0 ,lr 0.01
INFO:root:epoch 1, Episode 262, total_loss: 1161.0418701171875, q_loss 1161.0418701171875, v_loss 0.0 ,lr 0.01
INFO:root:epoch 1, Episode 263, total_loss: 1.8471636772155762, q_loss 1.8471636772155762, v_loss 0.0 ,lr 0.01
INFO:root:val_loss 1.0550404787063599
INFO:root:epoch 1, Episode 264, total_loss: 320.1642150878906, q_loss 320.1642150878906, v_loss 0.0 ,lr 0.01
INFO:root:epoch 1, Episode 265, total_loss: 151.03089904785156, q_loss 151.03089904785156, v_loss 0.0 ,lr 0.01
INFO:root:epoch 1, Episode 266, total_loss: 550.4503173828125, q_loss 550.4473876953125, v_loss 0.002934303367510438 ,lr 0.01
INFO:root:epoch 1, Episode 267, total_loss: 2.452669143676758, q_loss 2.452669143676758, v_loss 0.0 ,lr 0.01
INFO:root:epoch 1, Episode 268, total_loss: 555.9451293945312, q_loss 555.9451293945312, v_loss 0.0 ,lr 0.01
INFO:root:epoch 1, Episode 269, total_loss: 3762.607421875, q_loss 3762.607421875, v_loss 0.0 ,lr 0.01
INFO:root:epoch 1, Episode 270, total_loss: 1532.918212890625, q_loss 1532.918212890625, v_loss 0.0 ,lr 0.01
INFO:root:epoch 1, Episode 271, total_loss: 820.541259765625, q_loss 820.5332641601562, v_loss 0.007986413314938545 ,lr 0.01
INFO:root:epoch 1, Episode 272, total_loss: 2.421860933303833, q_loss 2.421860933303833, v_loss 0.0 ,lr 0.01
INFO:root:epoch 1, Episode 273, total_loss: 651.06298828125, q_loss 651.06298828125, v_loss 0.0 ,lr 0.01
INFO:root:val_loss 1.1149059534072876
INFO:root:val_loss 1.023581624031067
INFO:root:val_loss 1.0441575050354004
INFO:root:val_loss 1.0615142583847046
INFO:root:val_loss 1.0280622243881226
INFO:root:val_loss 1.0203626155853271
INFO:root:val_loss 0.9997868537902832
INFO:root:val_loss 1.0074864625930786
INFO:root:val_loss 1.0139245986938477
INFO:root:val_loss 1.0345003604888916
INFO:root:val_loss 1.003005862236023
INFO:root:val_loss 1.0139245986938477
INFO:root:val_loss 1.003005862236023
INFO:root:val_loss 1.003005862236023
INFO:root:val_loss 1.003006100654602
INFO:root:epoch 1, Episode 274, total_loss: 1187.16015625, q_loss 1187.16015625, v_loss 0.0 ,lr 0.01
INFO:root:epoch 1, Episode 275, total_loss: 1066.4188232421875, q_loss 1066.4188232421875, v_loss 0.0 ,lr 0.01
INFO:root:epoch 1, Episode 276, total_loss: 116.52803039550781, q_loss 116.52803039550781, v_loss 0.0 ,lr 0.01
INFO:root:epoch 1, Episode 277, total_loss: 1488.24658203125, q_loss 1488.24658203125, v_loss 0.0 ,lr 0.01
INFO:root:epoch 1, Episode 278, total_loss: 561.451416015625, q_loss 561.4503173828125, v_loss 0.0010693916119635105 ,lr 0.01
INFO:root:epoch 1, Episode 279, total_loss: 1105.0380859375, q_loss 1105.0380859375, v_loss 0.0 ,lr 0.01
INFO:root:epoch 1, Episode 280, total_loss: 142.3491668701172, q_loss 142.3491668701172, v_loss 0.0 ,lr 0.01
INFO:root:epoch 1, Episode 281, total_loss: 3.438805103302002, q_loss 3.43871808052063, v_loss 8.712322596693411e-05 ,lr 0.01
INFO:root:epoch 1, Episode 282, total_loss: 337.2702941894531, q_loss 337.2702941894531, v_loss 0.0 ,lr 0.01
INFO:root:epoch 1, Episode 283, total_loss: 3776.038818359375, q_loss 3776.038818359375, v_loss 0.0 ,lr 0.01
INFO:root:val_loss 0.9897752404212952
INFO:root:val_loss 1.0403592586517334
INFO:root:val_loss 0.9723306894302368
INFO:root:epoch 1, Episode 284, total_loss: 1484.4031982421875, q_loss 1484.4031982421875, v_loss 0.0 ,lr 0.01
INFO:root:epoch 1, Episode 285, total_loss: 475.83221435546875, q_loss 475.8321838378906, v_loss 2.3222219169838354e-05 ,lr 0.01
INFO:root:epoch 1, Episode 286, total_loss: 61.04288864135742, q_loss 61.04277038574219, v_loss 0.00011809766147052869 ,lr 0.01
INFO:root:epoch 1, Episode 287, total_loss: 7.190872669219971, q_loss 7.190872669219971, v_loss 0.0 ,lr 0.01
INFO:root:epoch 1, Episode 288, total_loss: 1866.341796875, q_loss 1866.341796875, v_loss 0.0 ,lr 0.01
INFO:root:epoch 1, Episode 289, total_loss: 490.677978515625, q_loss 490.677978515625, v_loss 0.0 ,lr 0.01
INFO:root:epoch 1, Episode 290, total_loss: 248.90380859375, q_loss 248.90380859375, v_loss 0.0 ,lr 0.01
INFO:root:epoch 1, Episode 291, total_loss: 194.58670043945312, q_loss 194.58670043945312, v_loss 0.0 ,lr 0.01
INFO:root:epoch 1, Episode 292, total_loss: 67.8018798828125, q_loss 67.8018798828125, v_loss 0.0 ,lr 0.01
INFO:root:epoch 1, Episode 293, total_loss: 1301.9508056640625, q_loss 1301.9508056640625, v_loss 0.0 ,lr 0.01
INFO:root:val_loss 1.0766806602478027
INFO:root:val_loss 1.0726637840270996
INFO:root:val_loss 1.0739243030548096
INFO:root:val_loss 1.0672292709350586
INFO:root:val_loss 1.058119297027588
INFO:root:epoch 1, Episode 294, total_loss: 2.525503396987915, q_loss 2.525073528289795, v_loss 0.0004299067659303546 ,lr 0.01
INFO:root:epoch 1, Episode 295, total_loss: 360.773193359375, q_loss 360.773193359375, v_loss 0.0 ,lr 0.01
INFO:root:epoch 1, Episode 296, total_loss: 2.317159652709961, q_loss 2.317159652709961, v_loss 0.0 ,lr 0.01
INFO:root:epoch 1, Episode 297, total_loss: 1040.50244140625, q_loss 1040.50244140625, v_loss 0.0 ,lr 0.01
INFO:root:epoch 1, Episode 298, total_loss: 255.5678253173828, q_loss 255.5678253173828, v_loss 0.0 ,lr 0.01
INFO:root:epoch 1, Episode 299, total_loss: 3866.816650390625, q_loss 3866.816650390625, v_loss 0.0 ,lr 0.01
INFO:root:epoch 1, Episode 300, total_loss: 10.34989070892334, q_loss 10.34989070892334, v_loss 0.0 ,lr 0.01
INFO:root:epoch 1, Episode 301, total_loss: 280.5437927246094, q_loss 280.5437927246094, v_loss 0.0 ,lr 0.01
INFO:root:epoch 1, Episode 302, total_loss: 550.75732421875, q_loss 550.757080078125, v_loss 0.00023663052706979215 ,lr 0.01
INFO:root:epoch 1, Episode 303, total_loss: 220.12603759765625, q_loss 220.12603759765625, v_loss 0.0 ,lr 0.01
INFO:root:val_loss 1.035050630569458
INFO:root:val_loss 1.0232535600662231
INFO:root:val_loss 0.9935662150382996
INFO:root:val_loss 1.016676902770996
INFO:root:epoch 1, Episode 304, total_loss: 2.2748568058013916, q_loss 2.2748568058013916, v_loss 0.0 ,lr 0.01
INFO:root:epoch 1, Episode 305, total_loss: 349.2698669433594, q_loss 349.25494384765625, v_loss 0.014916989952325821 ,lr 0.01
INFO:root:epoch 1, Episode 306, total_loss: 880.0491943359375, q_loss 880.0491943359375, v_loss 0.0 ,lr 0.01
INFO:root:epoch 1, Episode 307, total_loss: 106.53482055664062, q_loss 106.53482055664062, v_loss 0.0 ,lr 0.01
INFO:root:epoch 1, Episode 308, total_loss: 128.85902404785156, q_loss 128.85902404785156, v_loss 0.0 ,lr 0.01
INFO:root:epoch 1, Episode 309, total_loss: 274.72772216796875, q_loss 274.72772216796875, v_loss 0.0 ,lr 0.01
INFO:root:epoch 1, Episode 310, total_loss: 926.8314819335938, q_loss 926.8314819335938, v_loss 0.0 ,lr 0.01
INFO:root:epoch 1, Episode 311, total_loss: 91.77132415771484, q_loss 91.77132415771484, v_loss 1.0191109112156482e-07 ,lr 0.01
INFO:root:epoch 1, Episode 312, total_loss: 2.3567416667938232, q_loss 2.3567416667938232, v_loss 0.0 ,lr 0.01
INFO:root:epoch 1, Episode 313, total_loss: 187.8380584716797, q_loss 187.8380584716797, v_loss 0.0 ,lr 0.01
INFO:root:val_loss 1.0765316486358643
INFO:root:val_loss 1.0585001707077026
INFO:root:val_loss 1.0295544862747192
INFO:root:val_loss 1.068779706954956
INFO:root:epoch 1, Episode 314, total_loss: 2705.460205078125, q_loss 2705.460205078125, v_loss 0.0 ,lr 0.01
INFO:root:epoch 1, Episode 315, total_loss: 608.059814453125, q_loss 608.0574340820312, v_loss 0.0023523906711488962 ,lr 0.01
INFO:root:epoch 1, Episode 316, total_loss: 2.820589780807495, q_loss 2.820589780807495, v_loss 0.0 ,lr 0.01
INFO:root:epoch 1, Episode 317, total_loss: 416.6828918457031, q_loss 416.6828918457031, v_loss 0.0 ,lr 0.01
INFO:root:epoch 1, Episode 318, total_loss: 137.81027221679688, q_loss 137.81027221679688, v_loss 0.0 ,lr 0.01
INFO:root:epoch 1, Episode 319, total_loss: 399.17950439453125, q_loss 399.17950439453125, v_loss 0.0 ,lr 0.01
INFO:root:epoch 1, Episode 320, total_loss: 135.61331176757812, q_loss 135.61331176757812, v_loss 0.0 ,lr 0.01
INFO:root:epoch 1, Episode 321, total_loss: 356.65313720703125, q_loss 356.65313720703125, v_loss 0.0 ,lr 0.01
INFO:root:epoch 1, Episode 322, total_loss: 125.64680480957031, q_loss 125.64680480957031, v_loss 0.0 ,lr 0.01
INFO:root:epoch 1, Episode 323, total_loss: 5594.72216796875, q_loss 5594.72216796875, v_loss 0.0 ,lr 0.01
INFO:root:val_loss 1.1608972549438477
INFO:root:val_loss 1.2205744981765747
INFO:root:epoch 1, Episode 324, total_loss: 160.04266357421875, q_loss 160.04266357421875, v_loss 0.0 ,lr 0.01
INFO:root:epoch 1, Episode 325, total_loss: 3.0033395290374756, q_loss 3.0033395290374756, v_loss 0.0 ,lr 0.01
INFO:root:epoch 1, Episode 326, total_loss: 613.5490112304688, q_loss 613.5490112304688, v_loss 0.0 ,lr 0.01
INFO:root:epoch 1, Episode 327, total_loss: 291.0758361816406, q_loss 291.0758361816406, v_loss 0.0 ,lr 0.01
INFO:root:epoch 1, Episode 328, total_loss: 1437.768310546875, q_loss 1437.768310546875, v_loss 0.0 ,lr 0.01
INFO:root:epoch 1, Episode 329, total_loss: 763.2029418945312, q_loss 763.2029418945312, v_loss 0.0 ,lr 0.01
INFO:root:epoch 1, Episode 330, total_loss: 2.748918294906616, q_loss 2.748918294906616, v_loss 0.0 ,lr 0.01
INFO:root:epoch 1, Episode 331, total_loss: 57.06889343261719, q_loss 57.06889343261719, v_loss 0.0 ,lr 0.01
INFO:root:epoch 1, Episode 332, total_loss: 545.83984375, q_loss 545.83984375, v_loss 0.0 ,lr 0.01
INFO:root:epoch 1, Episode 333, total_loss: 1061.1331787109375, q_loss 1061.1331787109375, v_loss 0.0 ,lr 0.01
INFO:root:val_loss 0.8831535577774048
INFO:root:val_loss 0.6499806642532349
INFO:root:val_loss 0.837639331817627
INFO:root:val_loss 0.9514241218566895
INFO:root:val_loss 0.9131775498390198
INFO:root:epoch 1, Episode 334, total_loss: 3204.427734375, q_loss 3204.427734375, v_loss 0.0 ,lr 0.01
INFO:root:epoch 1, Episode 335, total_loss: 2723.348876953125, q_loss 2723.348876953125, v_loss 0.0 ,lr 0.01
INFO:root:epoch 1, Episode 336, total_loss: 1207.19482421875, q_loss 1207.19482421875, v_loss 0.0 ,lr 0.01
INFO:root:epoch 1, Episode 337, total_loss: 2.7153031826019287, q_loss 2.7151148319244385, v_loss 0.00018828296742867678 ,lr 0.01
INFO:root:epoch 1, Episode 338, total_loss: 977.7548828125, q_loss 977.7548828125, v_loss 0.0 ,lr 0.01
INFO:root:epoch 1, Episode 339, total_loss: 126.52427673339844, q_loss 126.52427673339844, v_loss 0.0 ,lr 0.01
INFO:root:epoch 1, Episode 340, total_loss: 1287.6324462890625, q_loss 1287.6324462890625, v_loss 0.0 ,lr 0.01
INFO:root:epoch 1, Episode 341, total_loss: 1277.7432861328125, q_loss 1277.7432861328125, v_loss 0.0 ,lr 0.01
INFO:root:epoch 1, Episode 342, total_loss: 1236.8563232421875, q_loss 1236.8563232421875, v_loss 0.0 ,lr 0.01
INFO:root:epoch 1, Episode 343, total_loss: 3.0631260871887207, q_loss 3.0631260871887207, v_loss 0.0 ,lr 0.01
INFO:root:val_loss 1.0879619121551514
INFO:root:epoch 1, Episode 344, total_loss: 2585.749755859375, q_loss 2585.749755859375, v_loss 0.0 ,lr 0.01
INFO:root:epoch 1, Episode 345, total_loss: 241.89443969726562, q_loss 241.89443969726562, v_loss 0.0 ,lr 0.01
INFO:root:epoch 1, Episode 346, total_loss: 2576.10302734375, q_loss 2576.10302734375, v_loss 0.0 ,lr 0.01
INFO:root:epoch 1, Episode 347, total_loss: 1714.256103515625, q_loss 1714.256103515625, v_loss 0.0 ,lr 0.01
INFO:root:epoch 1, Episode 348, total_loss: 3.079364538192749, q_loss 3.079364538192749, v_loss 0.0 ,lr 0.01
INFO:root:epoch 1, Episode 349, total_loss: 465.252685546875, q_loss 465.252685546875, v_loss 0.0 ,lr 0.01
INFO:root:epoch 1, Episode 350, total_loss: 550.3264770507812, q_loss 550.3264770507812, v_loss 0.0 ,lr 0.01
INFO:root:epoch 1, Episode 351, total_loss: 140.61190795898438, q_loss 140.61190795898438, v_loss 0.0 ,lr 0.01
INFO:root:epoch 1, Episode 352, total_loss: 244.617431640625, q_loss 244.617431640625, v_loss 0.0 ,lr 0.01
INFO:root:epoch 1, Episode 353, total_loss: 3020.234130859375, q_loss 3020.234130859375, v_loss 0.0 ,lr 0.01
INFO:root:val_loss 0.8572413325309753
INFO:root:val_loss 0.8338969945907593
INFO:root:val_loss 0.6917007565498352
INFO:root:epoch 1, Episode 354, total_loss: 589.9702758789062, q_loss 589.9702758789062, v_loss 0.0 ,lr 0.01
INFO:root:epoch 1, Episode 355, total_loss: 245.9816131591797, q_loss 245.98143005371094, v_loss 0.0001800068566808477 ,lr 0.01
INFO:root:epoch 1, Episode 356, total_loss: 936.8561401367188, q_loss 936.8561401367188, v_loss 0.0 ,lr 0.01
INFO:root:epoch 1, Episode 357, total_loss: 1146.581298828125, q_loss 1146.581298828125, v_loss 0.0 ,lr 0.01
INFO:root:epoch 1, Episode 358, total_loss: 370.2447509765625, q_loss 370.2447509765625, v_loss 0.0 ,lr 0.01
INFO:root:epoch 1, Episode 359, total_loss: 1294.04931640625, q_loss 1294.04931640625, v_loss 0.0 ,lr 0.01
INFO:root:epoch 1, Episode 360, total_loss: 2070.728271484375, q_loss 2070.728271484375, v_loss 0.0 ,lr 0.01
INFO:root:epoch 1, Episode 361, total_loss: 489.9190368652344, q_loss 489.9190368652344, v_loss 0.0 ,lr 0.01
INFO:root:epoch 1, Episode 362, total_loss: 160.4613494873047, q_loss 160.4613494873047, v_loss 0.0 ,lr 0.01
INFO:root:epoch 1, Episode 363, total_loss: 258.89825439453125, q_loss 258.89825439453125, v_loss 0.0 ,lr 0.01
INFO:root:val_loss 0.9559249877929688
INFO:root:val_loss 0.8570282459259033
INFO:root:val_loss 0.852996289730072
INFO:root:val_loss 0.7815876603126526
INFO:root:val_loss 0.7558131217956543
INFO:root:epoch 1, Episode 364, total_loss: 467.5159606933594, q_loss 467.5159606933594, v_loss 0.0 ,lr 0.01
INFO:root:epoch 1, Episode 365, total_loss: 1283.780029296875, q_loss 1283.780029296875, v_loss 0.0 ,lr 0.01
INFO:root:epoch 1, Episode 366, total_loss: 1466.5361328125, q_loss 1466.5361328125, v_loss 0.0 ,lr 0.01
INFO:root:epoch 1, Episode 367, total_loss: 2051.183349609375, q_loss 2051.183349609375, v_loss 0.0 ,lr 0.01
INFO:root:epoch 1, Episode 368, total_loss: 150.9385986328125, q_loss 150.93521118164062, v_loss 0.003392572747543454 ,lr 0.01
INFO:root:epoch 1, Episode 369, total_loss: 71.32406616210938, q_loss 71.32406616210938, v_loss 0.0 ,lr 0.01
INFO:root:epoch 1, Episode 370, total_loss: 92.6464614868164, q_loss 92.64552307128906, v_loss 0.0009420803980901837 ,lr 0.01
INFO:root:epoch 1, Episode 371, total_loss: 2.823237180709839, q_loss 2.823237180709839, v_loss 0.0 ,lr 0.01
INFO:root:epoch 1, Episode 372, total_loss: 332.6971435546875, q_loss 332.6971435546875, v_loss 0.0 ,lr 0.01
INFO:root:epoch 1, Episode 373, total_loss: 3.047374725341797, q_loss 3.047374725341797, v_loss 0.0 ,lr 0.01
INFO:root:val_loss 0.8670946955680847
INFO:root:epoch 1, Episode 374, total_loss: 1463.542236328125, q_loss 1463.542236328125, v_loss 0.0 ,lr 0.01
INFO:root:epoch 1, Episode 375, total_loss: 150.97482299804688, q_loss 150.97482299804688, v_loss 0.0 ,lr 0.01
INFO:root:epoch 1, Episode 376, total_loss: 2048.584228515625, q_loss 2048.584228515625, v_loss 0.0 ,lr 0.01
INFO:root:epoch 1, Episode 377, total_loss: 671.3652954101562, q_loss 671.3652954101562, v_loss 0.0 ,lr 0.01
INFO:root:epoch 1, Episode 378, total_loss: 77.24118041992188, q_loss 77.24118041992188, v_loss 0.0 ,lr 0.01
INFO:root:epoch 1, Episode 379, total_loss: 3.103384494781494, q_loss 3.103384494781494, v_loss 0.0 ,lr 0.01
INFO:root:epoch 1, Episode 380, total_loss: 58.85664749145508, q_loss 58.85664749145508, v_loss 0.0 ,lr 0.01
INFO:root:epoch 1, Episode 381, total_loss: 109.56883239746094, q_loss 109.56883239746094, v_loss 0.0 ,lr 0.01
INFO:root:epoch 1, Episode 382, total_loss: 3403.9873046875, q_loss 3403.9873046875, v_loss 0.0 ,lr 0.01
INFO:root:epoch 1, Episode 383, total_loss: 1461.2974853515625, q_loss 1461.2974853515625, v_loss 0.0 ,lr 0.01
INFO:root:val_loss 1.0433201789855957
INFO:root:val_loss 0.7402474284172058
INFO:root:val_loss 1.1122938394546509
INFO:root:val_loss 0.4839945137500763
INFO:root:val_loss 0.7402474284172058
INFO:root:val_loss 0.9133117198944092
INFO:root:val_loss 1.1122938394546509
INFO:root:val_loss 0.4839945137500763
INFO:root:val_loss 0.27456149458885193
INFO:root:val_loss 0.9965002536773682
INFO:root:val_loss 1.2995729446411133
INFO:root:val_loss 0.740247368812561
INFO:root:val_loss 1.55582594871521
INFO:root:val_loss 0.5308142900466919
INFO:root:val_loss 0.787067174911499
INFO:root:val_loss 1.1591136455535889
INFO:root:val_loss 1.2995730638504028
INFO:root:val_loss 1.812078833580017
INFO:root:val_loss 0.7402474284172058
INFO:root:val_loss 1.1591137647628784
INFO:root:val_loss 0.9965002536773682
INFO:root:val_loss 1.1122938394546509
INFO:root:epoch 1, Episode 384, total_loss: 3.079918384552002, q_loss 3.079918384552002, v_loss 0.0 ,lr 0.01
INFO:root:epoch 1, Episode 385, total_loss: 410.0357666015625, q_loss 410.0357666015625, v_loss 0.0 ,lr 0.01
INFO:root:epoch 1, Episode 386, total_loss: 3.8261170387268066, q_loss 3.8260416984558105, v_loss 7.528220157837495e-05 ,lr 0.01
INFO:root:epoch 1, Episode 387, total_loss: 1278.27783203125, q_loss 1278.27783203125, v_loss 0.0 ,lr 0.01
INFO:root:epoch 1, Episode 388, total_loss: 690.6559448242188, q_loss 690.6559448242188, v_loss 0.0 ,lr 0.01
INFO:root:epoch 1, Episode 389, total_loss: 254.12298583984375, q_loss 254.12298583984375, v_loss 0.0 ,lr 0.01
INFO:root:epoch 1, Episode 390, total_loss: 3.1259377002716064, q_loss 3.1253812313079834, v_loss 0.0005565104074776173 ,lr 0.01
INFO:root:epoch 1, Episode 391, total_loss: 5254.93505859375, q_loss 5254.93505859375, v_loss 0.0 ,lr 0.01
INFO:root:epoch 1, Episode 392, total_loss: 239.2461395263672, q_loss 239.2461395263672, v_loss 0.0 ,lr 0.01
INFO:root:epoch 1, Episode 393, total_loss: 4.1587419509887695, q_loss 4.1587419509887695, v_loss 0.0 ,lr 0.01
INFO:root:val_loss 1.2018057107925415
INFO:root:epoch 1, Episode 394, total_loss: 199.9228057861328, q_loss 199.9228057861328, v_loss 0.0 ,lr 0.01
INFO:root:epoch 1, Episode 395, total_loss: 2222.822509765625, q_loss 2222.822509765625, v_loss 0.0 ,lr 0.01
INFO:root:epoch 1, Episode 396, total_loss: 76.7998275756836, q_loss 76.7998275756836, v_loss 0.0 ,lr 0.01
INFO:root:epoch 1, Episode 397, total_loss: 4223.84765625, q_loss 4223.84765625, v_loss 0.0 ,lr 0.01
INFO:root:epoch 1, Episode 398, total_loss: 100.4432373046875, q_loss 100.4432373046875, v_loss 0.0 ,lr 0.01
INFO:root:epoch 1, Episode 399, total_loss: 2.716641664505005, q_loss 2.716641664505005, v_loss 0.0 ,lr 0.01
INFO:root:epoch 1, Episode 400, total_loss: 1725.1156005859375, q_loss 1725.1156005859375, v_loss 0.0 ,lr 0.01
INFO:root:epoch 1, Episode 401, total_loss: 287.349853515625, q_loss 287.349853515625, v_loss 0.0 ,lr 0.01
INFO:root:epoch 1, Episode 402, total_loss: 367.3245544433594, q_loss 367.3245544433594, v_loss 0.0 ,lr 0.01
INFO:root:epoch 1, Episode 403, total_loss: 1157.01416015625, q_loss 1157.01416015625, v_loss 0.0 ,lr 0.01
INFO:root:val_loss 1.0981698036193848
INFO:root:val_loss 1.1374375820159912
INFO:root:val_loss 1.1944684982299805
INFO:root:val_loss 1.0610065460205078
INFO:root:val_loss 1.0324912071228027
INFO:root:val_loss 1.0345956087112427
INFO:root:epoch 1, Episode 404, total_loss: 137.8678741455078, q_loss 137.8678741455078, v_loss 0.0 ,lr 0.01
INFO:root:epoch 1, Episode 405, total_loss: 66.61343383789062, q_loss 66.61343383789062, v_loss 0.0 ,lr 0.01
INFO:root:epoch 1, Episode 406, total_loss: 463.8522033691406, q_loss 463.8522033691406, v_loss 0.0 ,lr 0.01
INFO:root:epoch 1, Episode 407, total_loss: 210.8886260986328, q_loss 210.8885498046875, v_loss 6.942741310922429e-05 ,lr 0.01
INFO:root:epoch 1, Episode 408, total_loss: 1427.4327392578125, q_loss 1427.4327392578125, v_loss 0.0 ,lr 0.01
INFO:root:epoch 1, Episode 409, total_loss: 1131.8662109375, q_loss 1131.8662109375, v_loss 0.0 ,lr 0.01
INFO:root:epoch 1, Episode 410, total_loss: 72.92941284179688, q_loss 72.92941284179688, v_loss 0.0 ,lr 0.01
INFO:root:epoch 1, Episode 411, total_loss: 227.61082458496094, q_loss 227.61082458496094, v_loss 0.0 ,lr 0.01
INFO:root:epoch 1, Episode 412, total_loss: 61.11862564086914, q_loss 61.11862564086914, v_loss 0.0 ,lr 0.01
INFO:root:epoch 1, Episode 413, total_loss: 102.74656677246094, q_loss 102.74656677246094, v_loss 0.0 ,lr 0.01
INFO:root:val_loss 1.066933274269104
INFO:root:val_loss 1.0629281997680664
INFO:root:val_loss 0.7065538763999939
INFO:root:epoch 1, Episode 414, total_loss: 300.2447204589844, q_loss 300.2447204589844, v_loss 0.0 ,lr 0.01
INFO:root:epoch 1, Episode 415, total_loss: 1068.9544677734375, q_loss 1068.9544677734375, v_loss 0.0 ,lr 0.01
INFO:root:epoch 1, Episode 416, total_loss: 1300.051025390625, q_loss 1300.051025390625, v_loss 2.3599077394464985e-06 ,lr 0.01
INFO:root:epoch 1, Episode 417, total_loss: 1168.5721435546875, q_loss 1168.5721435546875, v_loss 0.0 ,lr 0.01
INFO:root:epoch 1, Episode 418, total_loss: 1160.299072265625, q_loss 1160.299072265625, v_loss 0.0 ,lr 0.01
INFO:root:epoch 1, Episode 419, total_loss: 90.20950317382812, q_loss 90.2080078125, v_loss 0.0014986199093982577 ,lr 0.01
INFO:root:epoch 1, Episode 420, total_loss: 1435.4876708984375, q_loss 1435.4876708984375, v_loss 0.0 ,lr 0.01
INFO:root:epoch 1, Episode 421, total_loss: 166.28907775878906, q_loss 166.28623962402344, v_loss 0.0028410146478563547 ,lr 0.01
INFO:root:epoch 1, Episode 422, total_loss: 4.718330383300781, q_loss 4.718330383300781, v_loss 0.0 ,lr 0.01
INFO:root:epoch 1, Episode 423, total_loss: 635.0486450195312, q_loss 635.0486450195312, v_loss 0.0 ,lr 0.01
INFO:root:val_loss 0.7769547700881958
INFO:root:val_loss 0.9142762422561646
INFO:root:val_loss 0.94938725233078
INFO:root:val_loss 0.7449662685394287
INFO:root:val_loss 0.6716216206550598
INFO:root:val_loss 1.1538081169128418
INFO:root:val_loss 1.0240187644958496
INFO:root:val_loss 1.1857966184616089
INFO:root:val_loss 0.7418437004089355
INFO:root:val_loss 0.8089430332183838
INFO:root:val_loss 1.1538081169128418
INFO:root:val_loss 0.8440540432929993
INFO:root:val_loss 0.49918892979621887
INFO:root:val_loss 0.49918892979621887
INFO:root:val_loss 0.49918678402900696
INFO:root:epoch 1, Episode 424, total_loss: 489.5544738769531, q_loss 489.5544738769531, v_loss 0.0 ,lr 0.01
INFO:root:epoch 1, Episode 425, total_loss: 186.8460235595703, q_loss 186.8460235595703, v_loss 0.0 ,lr 0.01
INFO:root:epoch 1, Episode 426, total_loss: 58.86991500854492, q_loss 58.86991500854492, v_loss 0.0 ,lr 0.01
INFO:root:epoch 1, Episode 427, total_loss: 343.976806640625, q_loss 343.976806640625, v_loss 0.0 ,lr 0.01
INFO:root:epoch 1, Episode 428, total_loss: 80.24302673339844, q_loss 80.24302673339844, v_loss 0.0 ,lr 0.01
INFO:root:epoch 1, Episode 429, total_loss: 2052.9296875, q_loss 2052.9296875, v_loss 0.0 ,lr 0.01
INFO:root:epoch 1, Episode 430, total_loss: 1789.4503173828125, q_loss 1789.4503173828125, v_loss 0.0 ,lr 0.01
INFO:root:epoch 1, Episode 431, total_loss: 4.684425354003906, q_loss 4.684425354003906, v_loss 0.0 ,lr 0.01
INFO:root:epoch 1, Episode 432, total_loss: 219.2899932861328, q_loss 219.2899932861328, v_loss 0.0 ,lr 0.01
INFO:root:epoch 1, Episode 433, total_loss: 3423.51416015625, q_loss 3423.51416015625, v_loss 0.0 ,lr 0.01
INFO:root:val_loss 0.6783380508422852
INFO:root:val_loss 0.6783381104469299
INFO:root:val_loss 1.308445930480957
INFO:root:val_loss 1.323855996131897
INFO:root:val_loss 1.0549030303955078
INFO:root:val_loss 1.0549030303955078
INFO:root:val_loss 0.9293813705444336
INFO:root:val_loss 1.1829242706298828
INFO:root:val_loss 0.8038597106933594
INFO:root:val_loss 0.9293813705444336
INFO:root:val_loss 1.0549030303955078
INFO:root:val_loss 1.308445930480957
INFO:root:val_loss 0.9293813705444336
INFO:root:val_loss 0.5528164505958557
INFO:root:val_loss 0.9293813705444336
INFO:root:val_loss 1.0549030303955078
INFO:root:val_loss 1.308445930480957
INFO:root:val_loss 1.308445930480957
INFO:root:val_loss 1.8130321502685547
INFO:root:val_loss 1.4339675903320312
INFO:root:val_loss 0.9293813705444336
INFO:root:val_loss 1.4339675903320312
INFO:root:val_loss 0.9293813705444336
INFO:root:val_loss 1.308445930480957
INFO:root:val_loss 1.4339675903320312
INFO:root:val_loss 1.4339675903320312
INFO:root:val_loss 0.8038597106933594
INFO:root:val_loss 0.5528164505958557
INFO:root:val_loss 1.8130321502685547
INFO:root:val_loss 1.8130321502685547
INFO:root:val_loss 1.4339675903320312
INFO:root:val_loss 0.9293813705444336
INFO:root:val_loss 1.308445930480957
INFO:root:val_loss 1.308445930480957
INFO:root:val_loss 1.308445930480957
INFO:root:val_loss 1.0549030303955078
INFO:root:val_loss 1.308445930480957
INFO:root:val_loss 1.0549030303955078
INFO:root:val_loss 1.0549030303955078
INFO:root:val_loss 1.0549030303955078
INFO:root:val_loss 1.0549030303955078
INFO:root:val_loss 1.0549030303955078
INFO:root:val_loss 0.6783381104469299
INFO:root:val_loss 0.8038597106933594
INFO:root:val_loss 1.308445930480957
INFO:root:val_loss 0.9293813705444336
INFO:root:val_loss 0.9293813705444336
INFO:root:val_loss 0.5528164505958557
INFO:root:val_loss 0.9293813705444336
INFO:root:val_loss 1.308445930480957
INFO:root:val_loss 2.192096710205078
INFO:root:val_loss 1.0549030303955078
INFO:root:val_loss 1.0549030303955078
INFO:root:val_loss 1.0549030303955078
INFO:root:val_loss 1.0549030303955078
INFO:root:val_loss 1.0549030303955078
INFO:root:val_loss 1.0549030303955078
INFO:root:val_loss 1.0549030303955078
INFO:root:val_loss 1.0549030303955078
INFO:root:val_loss 1.0549030303955078
INFO:root:val_loss 1.0549030303955078
INFO:root:epoch 1, Episode 434, total_loss: 419.3398742675781, q_loss 419.3398742675781, v_loss 0.0 ,lr 0.01
INFO:root:epoch 1, Episode 435, total_loss: 5588.5400390625, q_loss 5588.5400390625, v_loss 0.0 ,lr 0.01
INFO:root:epoch 1, Episode 436, total_loss: 141.65335083007812, q_loss 141.65335083007812, v_loss 0.0 ,lr 0.01
INFO:root:epoch 1, Episode 437, total_loss: 2079.706787109375, q_loss 2079.706787109375, v_loss 0.0 ,lr 0.01
INFO:root:epoch 1, Episode 438, total_loss: 248.51309204101562, q_loss 248.51309204101562, v_loss 0.0 ,lr 0.01
INFO:root:epoch 1, Episode 439, total_loss: 1122.41845703125, q_loss 1122.41845703125, v_loss 0.0 ,lr 0.01
INFO:root:epoch 1, Episode 440, total_loss: 57.061683654785156, q_loss 57.061683654785156, v_loss 0.0 ,lr 0.01
INFO:root:epoch 1, Episode 441, total_loss: 183.3507080078125, q_loss 183.3507080078125, v_loss 0.0 ,lr 0.01
INFO:root:epoch 1, Episode 442, total_loss: 675.9456787109375, q_loss 675.9456787109375, v_loss 0.0 ,lr 0.01
INFO:root:epoch 1, Episode 443, total_loss: 134.74427795410156, q_loss 134.74427795410156, v_loss 0.0 ,lr 0.01
INFO:root:val_loss 1.0091798305511475
INFO:root:val_loss 0.8714560270309448
INFO:root:val_loss 0.8176857233047485
INFO:root:epoch 1, Episode 444, total_loss: 2016.516845703125, q_loss 2016.516845703125, v_loss 0.0 ,lr 0.01
INFO:root:epoch 1, Episode 445, total_loss: 1257.3360595703125, q_loss 1257.3360595703125, v_loss 0.0 ,lr 0.01
INFO:root:epoch 1, Episode 446, total_loss: 2011.0272216796875, q_loss 2011.0272216796875, v_loss 0.0 ,lr 0.01
INFO:root:epoch 1, Episode 447, total_loss: 71.77214050292969, q_loss 71.77006530761719, v_loss 0.0020767943933606148 ,lr 0.01
INFO:root:epoch 1, Episode 448, total_loss: 248.5224151611328, q_loss 248.5224151611328, v_loss 0.0 ,lr 0.01
INFO:root:epoch 1, Episode 449, total_loss: 613.3119506835938, q_loss 613.3119506835938, v_loss 0.0 ,lr 0.01
INFO:root:epoch 1, Episode 450, total_loss: 173.5425567626953, q_loss 173.5425567626953, v_loss 0.0 ,lr 0.01
INFO:root:epoch 1, Episode 451, total_loss: 3345.536865234375, q_loss 3345.536865234375, v_loss 0.0 ,lr 0.01
INFO:root:epoch 1, Episode 452, total_loss: 1434.8900146484375, q_loss 1434.8900146484375, v_loss 0.0 ,lr 0.01
INFO:root:epoch 1, Episode 453, total_loss: 5.097427845001221, q_loss 5.097427845001221, v_loss 0.0 ,lr 0.01
