INFO:root:epoch 0, Episode 0, total_loss: 354025.8125, q_loss 335624.96875, v_loss 18400.841796875 ,lr 0.01
INFO:root:val_loss 51710.64453125
INFO:root:epoch 0, Episode 1, total_loss: 11913507840.0, q_loss 8502042112.0, v_loss 3411465728.0 ,lr 0.01
INFO:root:epoch 0, Episode 2, total_loss: 2270748160.0, q_loss 1874507776.0, v_loss 396240416.0 ,lr 0.01
INFO:root:epoch 0, Episode 3, total_loss: 60342288.0, q_loss 49803440.0, v_loss 10538848.0 ,lr 0.01
INFO:root:epoch 0, Episode 4, total_loss: 851561.4375, q_loss 708375.5625, v_loss 143185.859375 ,lr 0.01
INFO:root:epoch 0, Episode 5, total_loss: 6022472.5, q_loss 2606960.5, v_loss 3415512.0 ,lr 0.01
INFO:root:epoch 0, Episode 6, total_loss: 23700982.0, q_loss 23000296.0, v_loss 700686.625 ,lr 0.01
INFO:root:epoch 0, Episode 7, total_loss: 1120744.75, q_loss 896206.5625, v_loss 224538.25 ,lr 0.01
INFO:root:epoch 0, Episode 8, total_loss: 2796536.75, q_loss 2640592.75, v_loss 155944.03125 ,lr 0.01
INFO:root:epoch 0, Episode 9, total_loss: 1306.356689453125, q_loss 787.073486328125, v_loss 519.2831420898438 ,lr 0.01
INFO:root:epoch 0, Episode 10, total_loss: 10059.615234375, q_loss 8581.666015625, v_loss 1477.9495849609375 ,lr 0.01
INFO:root:epoch 0, Episode 11, total_loss: 18007.244140625, q_loss 11602.89453125, v_loss 6404.349609375 ,lr 0.01
INFO:root:epoch 0, Episode 12, total_loss: 29291.125, q_loss 22391.787109375, v_loss 6899.3369140625 ,lr 0.01
INFO:root:epoch 0, Episode 13, total_loss: 10130.634765625, q_loss 7171.40087890625, v_loss 2959.233642578125 ,lr 0.01
INFO:root:epoch 0, Episode 14, total_loss: 9915.673828125, q_loss 8252.7255859375, v_loss 1662.9478759765625 ,lr 0.01
INFO:root:epoch 0, Episode 15, total_loss: 7215.0849609375, q_loss 5170.634765625, v_loss 2044.450439453125 ,lr 0.01
INFO:root:epoch 0, Episode 16, total_loss: 7208.3173828125, q_loss 3670.632080078125, v_loss 3537.685302734375 ,lr 0.01
INFO:root:epoch 0, Episode 17, total_loss: 5215.421875, q_loss 4351.71337890625, v_loss 863.7086181640625 ,lr 0.01
INFO:root:epoch 0, Episode 18, total_loss: 4105.59619140625, q_loss 2153.567626953125, v_loss 1952.028564453125 ,lr 0.01
INFO:root:epoch 0, Episode 19, total_loss: 11591.4814453125, q_loss 7543.10791015625, v_loss 4048.373779296875 ,lr 0.01
INFO:root:epoch 0, Episode 20, total_loss: 4985.5029296875, q_loss 2568.552978515625, v_loss 2416.949951171875 ,lr 0.01
INFO:root:epoch 0, Episode 21, total_loss: 14167.1552734375, q_loss 10723.9736328125, v_loss 3443.181884765625 ,lr 0.01
INFO:root:epoch 0, Episode 22, total_loss: 5304.919921875, q_loss 3726.00048828125, v_loss 1578.91943359375 ,lr 0.01
INFO:root:epoch 0, Episode 23, total_loss: 62712.60546875, q_loss 46375.7734375, v_loss 16336.8310546875 ,lr 0.01
INFO:root:epoch 0, Episode 24, total_loss: 4471.5078125, q_loss 3983.239990234375, v_loss 488.2678527832031 ,lr 0.01
INFO:root:epoch 0, Episode 25, total_loss: 1545.9237060546875, q_loss 886.2789306640625, v_loss 659.644775390625 ,lr 0.01
INFO:root:epoch 0, Episode 26, total_loss: 5290.7314453125, q_loss 3386.83154296875, v_loss 1903.89990234375 ,lr 0.01
INFO:root:epoch 0, Episode 27, total_loss: 3970.607421875, q_loss 2694.731201171875, v_loss 1275.8760986328125 ,lr 0.01
INFO:root:epoch 0, Episode 28, total_loss: 2813.119140625, q_loss 1520.87744140625, v_loss 1292.2418212890625 ,lr 0.01
INFO:root:epoch 0, Episode 29, total_loss: 3117.382080078125, q_loss 2227.323486328125, v_loss 890.0585327148438 ,lr 0.01
INFO:root:epoch 0, Episode 30, total_loss: 4395.9189453125, q_loss 3221.033447265625, v_loss 1174.88525390625 ,lr 0.01
INFO:root:epoch 0, Episode 31, total_loss: 4921.61279296875, q_loss 3830.923828125, v_loss 1090.6888427734375 ,lr 0.01
INFO:root:epoch 0, Episode 32, total_loss: 5327.49658203125, q_loss 4175.93505859375, v_loss 1151.5616455078125 ,lr 0.01
INFO:root:epoch 0, Episode 33, total_loss: 4148.74755859375, q_loss 3278.50439453125, v_loss 870.2433471679688 ,lr 0.01
INFO:root:epoch 0, Episode 34, total_loss: 783.388671875, q_loss 599.8899536132812, v_loss 183.4987335205078 ,lr 0.01
INFO:root:epoch 0, Episode 35, total_loss: 733.8453979492188, q_loss 630.7658081054688, v_loss 103.07958984375 ,lr 0.01
INFO:root:epoch 0, Episode 36, total_loss: 2723.914794921875, q_loss 2505.913330078125, v_loss 218.0013885498047 ,lr 0.01
INFO:root:epoch 0, Episode 37, total_loss: 299.3567199707031, q_loss 209.82241821289062, v_loss 89.5343017578125 ,lr 0.01
INFO:root:epoch 0, Episode 38, total_loss: 2803.380126953125, q_loss 2161.978759765625, v_loss 641.4013671875 ,lr 0.01
INFO:root:epoch 0, Episode 39, total_loss: 2083.826171875, q_loss 1813.560302734375, v_loss 270.2658996582031 ,lr 0.01
INFO:root:epoch 0, Episode 40, total_loss: 3025.53564453125, q_loss 2307.393310546875, v_loss 718.1422119140625 ,lr 0.01
INFO:root:epoch 0, Episode 41, total_loss: 1495.142333984375, q_loss 1210.1385498046875, v_loss 285.0037536621094 ,lr 0.01
INFO:root:epoch 0, Episode 42, total_loss: 617.6220703125, q_loss 508.1332092285156, v_loss 109.48884582519531 ,lr 0.01
INFO:root:epoch 0, Episode 43, total_loss: 422.4219970703125, q_loss 309.6361083984375, v_loss 112.78588104248047 ,lr 0.01
INFO:root:epoch 0, Episode 44, total_loss: 203.8959197998047, q_loss 172.76620483398438, v_loss 31.129709243774414 ,lr 0.01
INFO:root:epoch 0, Episode 45, total_loss: 484.71453857421875, q_loss 369.6255187988281, v_loss 115.0890121459961 ,lr 0.01
INFO:root:epoch 0, Episode 46, total_loss: 226.64968872070312, q_loss 178.53341674804688, v_loss 48.116268157958984 ,lr 0.01
INFO:root:epoch 0, Episode 47, total_loss: 1930.83935546875, q_loss 1733.8258056640625, v_loss 197.0135498046875 ,lr 0.01
INFO:root:epoch 0, Episode 48, total_loss: 1735.674072265625, q_loss 1671.4803466796875, v_loss 64.19366455078125 ,lr 0.01
INFO:root:epoch 0, Episode 49, total_loss: 316.86407470703125, q_loss 277.35357666015625, v_loss 39.510498046875 ,lr 0.01
INFO:root:epoch 0, Episode 50, total_loss: 664.9217529296875, q_loss 580.4830932617188, v_loss 84.43865966796875 ,lr 0.01
INFO:root:epoch 0, Episode 51, total_loss: 160.8006591796875, q_loss 119.46437072753906, v_loss 41.3362922668457 ,lr 0.01
INFO:root:epoch 0, Episode 52, total_loss: 297.14263916015625, q_loss 239.39337158203125, v_loss 57.74925994873047 ,lr 0.01
INFO:root:epoch 0, Episode 53, total_loss: 1444.4208984375, q_loss 1354.8636474609375, v_loss 89.55722045898438 ,lr 0.01
INFO:root:epoch 0, Episode 54, total_loss: 525.098876953125, q_loss 486.68304443359375, v_loss 38.41581726074219 ,lr 0.01
INFO:root:epoch 0, Episode 55, total_loss: 396.12225341796875, q_loss 363.1993408203125, v_loss 32.92290496826172 ,lr 0.01
INFO:root:epoch 0, Episode 56, total_loss: 2088.368408203125, q_loss 1999.431396484375, v_loss 88.93701171875 ,lr 0.01
INFO:root:epoch 0, Episode 57, total_loss: 45.70536804199219, q_loss 25.0065860748291, v_loss 20.69878387451172 ,lr 0.01
INFO:root:epoch 0, Episode 58, total_loss: 192.55828857421875, q_loss 141.56825256347656, v_loss 50.99003219604492 ,lr 0.01
INFO:root:epoch 0, Episode 59, total_loss: 4535.8955078125, q_loss 4351.265625, v_loss 184.6297607421875 ,lr 0.01
INFO:root:epoch 0, Episode 60, total_loss: 118.40633392333984, q_loss 96.98545837402344, v_loss 21.420873641967773 ,lr 0.01
INFO:root:epoch 0, Episode 61, total_loss: 2233.901123046875, q_loss 2216.781494140625, v_loss 17.119674682617188 ,lr 0.01
INFO:root:epoch 0, Episode 62, total_loss: 222.75973510742188, q_loss 209.5135498046875, v_loss 13.246183395385742 ,lr 0.01
INFO:root:epoch 0, Episode 63, total_loss: 27.29741668701172, q_loss 18.09385871887207, v_loss 9.203558921813965 ,lr 0.01
INFO:root:epoch 0, Episode 64, total_loss: 318.64813232421875, q_loss 290.3392028808594, v_loss 28.308914184570312 ,lr 0.01
INFO:root:epoch 0, Episode 65, total_loss: 6734.8955078125, q_loss 6259.11767578125, v_loss 475.7780456542969 ,lr 0.01
INFO:root:epoch 0, Episode 66, total_loss: 38.47797775268555, q_loss 21.772043228149414, v_loss 16.705934524536133 ,lr 0.01
INFO:root:epoch 0, Episode 67, total_loss: 395.51153564453125, q_loss 362.0141296386719, v_loss 33.49740982055664 ,lr 0.01
INFO:root:epoch 0, Episode 68, total_loss: 1115.4852294921875, q_loss 974.4407958984375, v_loss 141.04446411132812 ,lr 0.01
INFO:root:epoch 0, Episode 69, total_loss: 1979.9869384765625, q_loss 1842.3739013671875, v_loss 137.61302185058594 ,lr 0.01
INFO:root:epoch 0, Episode 70, total_loss: 59.658451080322266, q_loss 48.39132308959961, v_loss 11.267127990722656 ,lr 0.01
INFO:root:epoch 0, Episode 71, total_loss: 643.1159057617188, q_loss 546.9356079101562, v_loss 96.1802749633789 ,lr 0.01
INFO:root:epoch 0, Episode 72, total_loss: 82.14236450195312, q_loss 44.137550354003906, v_loss 38.00481414794922 ,lr 0.01
INFO:root:epoch 0, Episode 73, total_loss: 1747.8436279296875, q_loss 1682.4937744140625, v_loss 65.34980773925781 ,lr 0.01
INFO:root:epoch 0, Episode 74, total_loss: 3914.39794921875, q_loss 3652.809326171875, v_loss 261.58856201171875 ,lr 0.01
INFO:root:epoch 0, Episode 75, total_loss: 142.1839141845703, q_loss 131.24176025390625, v_loss 10.942153930664062 ,lr 0.01
INFO:root:epoch 0, Episode 76, total_loss: 99.56776428222656, q_loss 79.8594970703125, v_loss 19.708263397216797 ,lr 0.01
INFO:root:epoch 0, Episode 77, total_loss: 22.04892349243164, q_loss 13.632652282714844, v_loss 8.416271209716797 ,lr 0.01
INFO:root:epoch 0, Episode 78, total_loss: 122.25224304199219, q_loss 112.70835876464844, v_loss 9.5438871383667 ,lr 0.01
INFO:root:epoch 0, Episode 79, total_loss: 706.228515625, q_loss 695.0120849609375, v_loss 11.216432571411133 ,lr 0.01
INFO:root:epoch 0, Episode 80, total_loss: 2086.620361328125, q_loss 2052.021240234375, v_loss 34.599178314208984 ,lr 0.01
INFO:root:epoch 0, Episode 81, total_loss: 173.72085571289062, q_loss 167.82144165039062, v_loss 5.899413108825684 ,lr 0.01
INFO:root:epoch 0, Episode 82, total_loss: 1485.8028564453125, q_loss 1460.04931640625, v_loss 25.753530502319336 ,lr 0.01
INFO:root:epoch 0, Episode 83, total_loss: 24.798980712890625, q_loss 15.434885025024414, v_loss 9.364096641540527 ,lr 0.01
INFO:root:epoch 0, Episode 84, total_loss: 393.7794189453125, q_loss 371.7823791503906, v_loss 21.997053146362305 ,lr 0.01
INFO:root:epoch 0, Episode 85, total_loss: 21.69279670715332, q_loss 12.880821228027344, v_loss 8.811975479125977 ,lr 0.01
INFO:root:epoch 0, Episode 86, total_loss: 115.31912231445312, q_loss 106.9561767578125, v_loss 8.362946510314941 ,lr 0.01
INFO:root:epoch 0, Episode 87, total_loss: 83.41759490966797, q_loss 79.5975570678711, v_loss 3.820039749145508 ,lr 0.01
INFO:root:epoch 0, Episode 88, total_loss: 187.82113647460938, q_loss 182.8862762451172, v_loss 4.9348554611206055 ,lr 0.01
INFO:root:epoch 0, Episode 89, total_loss: 2383.4287109375, q_loss 2372.303466796875, v_loss 11.125197410583496 ,lr 0.01
INFO:root:epoch 0, Episode 90, total_loss: 1489.948486328125, q_loss 1484.2615966796875, v_loss 5.686905384063721 ,lr 0.01
INFO:root:epoch 0, Episode 91, total_loss: 1418.3992919921875, q_loss 1410.802490234375, v_loss 7.596795082092285 ,lr 0.01
INFO:root:epoch 0, Episode 92, total_loss: 509.53228759765625, q_loss 492.05902099609375, v_loss 17.473268508911133 ,lr 0.01
INFO:root:epoch 0, Episode 93, total_loss: 271.5791931152344, q_loss 257.4802551269531, v_loss 14.098950386047363 ,lr 0.01
INFO:root:epoch 0, Episode 94, total_loss: 211.1455078125, q_loss 196.43653869628906, v_loss 14.70897388458252 ,lr 0.01
INFO:root:epoch 0, Episode 95, total_loss: 524.9644165039062, q_loss 498.15313720703125, v_loss 26.81126594543457 ,lr 0.01
INFO:root:epoch 0, Episode 96, total_loss: 2209.97265625, q_loss 2190.79638671875, v_loss 19.176149368286133 ,lr 0.01
INFO:root:epoch 0, Episode 97, total_loss: 1338.9771728515625, q_loss 1296.8291015625, v_loss 42.14803695678711 ,lr 0.01
INFO:root:epoch 0, Episode 98, total_loss: 425.6356201171875, q_loss 414.05645751953125, v_loss 11.579163551330566 ,lr 0.01
INFO:root:epoch 0, Episode 99, total_loss: 1465.4124755859375, q_loss 1448.7139892578125, v_loss 16.6984806060791 ,lr 0.01
INFO:root:epoch 0, Episode 100, total_loss: 1028.751953125, q_loss 1000.7860107421875, v_loss 27.965972900390625 ,lr 0.01
INFO:root:val_loss 3.748634099960327
INFO:root:epoch 0, Episode 101, total_loss: 278.304443359375, q_loss 273.10137939453125, v_loss 5.203058242797852 ,lr 0.01
INFO:root:epoch 0, Episode 102, total_loss: 611.6480712890625, q_loss 608.6666870117188, v_loss 2.981405735015869 ,lr 0.01
INFO:root:epoch 0, Episode 103, total_loss: 3126.536865234375, q_loss 3117.732177734375, v_loss 8.804743766784668 ,lr 0.01
INFO:root:epoch 0, Episode 104, total_loss: 265.5367126464844, q_loss 259.83502197265625, v_loss 5.70168924331665 ,lr 0.01
INFO:root:epoch 0, Episode 105, total_loss: 168.33053588867188, q_loss 163.5228271484375, v_loss 4.807706356048584 ,lr 0.01
INFO:root:epoch 0, Episode 106, total_loss: 600.5670776367188, q_loss 593.697509765625, v_loss 6.8695759773254395 ,lr 0.01
INFO:root:epoch 0, Episode 107, total_loss: 504.5650939941406, q_loss 501.60101318359375, v_loss 2.964094877243042 ,lr 0.01
INFO:root:epoch 0, Episode 108, total_loss: 15.82775592803955, q_loss 10.270137786865234, v_loss 5.557618141174316 ,lr 0.01
INFO:root:epoch 0, Episode 109, total_loss: 1720.688232421875, q_loss 1698.47265625, v_loss 22.21552085876465 ,lr 0.01
INFO:root:epoch 0, Episode 110, total_loss: 2604.22998046875, q_loss 2586.555908203125, v_loss 17.674041748046875 ,lr 0.01
INFO:root:epoch 0, Episode 111, total_loss: 339.0784912109375, q_loss 304.66888427734375, v_loss 34.40960693359375 ,lr 0.01
INFO:root:epoch 0, Episode 112, total_loss: 2127.47216796875, q_loss 2079.972412109375, v_loss 47.49980926513672 ,lr 0.01
INFO:root:epoch 0, Episode 113, total_loss: 164.6571807861328, q_loss 112.07460021972656, v_loss 52.582576751708984 ,lr 0.01
INFO:root:epoch 0, Episode 114, total_loss: 1748.9591064453125, q_loss 1661.4478759765625, v_loss 87.51126861572266 ,lr 0.01
INFO:root:epoch 0, Episode 115, total_loss: 1669.771484375, q_loss 1575.150146484375, v_loss 94.621337890625 ,lr 0.01
INFO:root:epoch 0, Episode 116, total_loss: 1475.2457275390625, q_loss 1333.0120849609375, v_loss 142.23365783691406 ,lr 0.01
INFO:root:epoch 0, Episode 117, total_loss: 349.41986083984375, q_loss 276.8251953125, v_loss 72.59465026855469 ,lr 0.01
INFO:root:epoch 0, Episode 118, total_loss: 1418.933349609375, q_loss 1250.97314453125, v_loss 167.96018981933594 ,lr 0.01
INFO:root:epoch 0, Episode 119, total_loss: 61.59709167480469, q_loss 35.08061599731445, v_loss 26.516475677490234 ,lr 0.01
INFO:root:epoch 0, Episode 120, total_loss: 1290.5673828125, q_loss 1266.131591796875, v_loss 24.435810089111328 ,lr 0.01
INFO:root:epoch 0, Episode 121, total_loss: 2848.856201171875, q_loss 2845.9267578125, v_loss 2.9294686317443848 ,lr 0.01
INFO:root:epoch 0, Episode 122, total_loss: 3452.524658203125, q_loss 3441.786865234375, v_loss 10.737831115722656 ,lr 0.01
INFO:root:epoch 0, Episode 123, total_loss: 1191.8448486328125, q_loss 1179.549560546875, v_loss 12.29531478881836 ,lr 0.01
INFO:root:epoch 0, Episode 124, total_loss: 717.1592407226562, q_loss 697.7738647460938, v_loss 19.385366439819336 ,lr 0.01
INFO:root:epoch 0, Episode 125, total_loss: 73.07768249511719, q_loss 66.56376647949219, v_loss 6.513913154602051 ,lr 0.01
INFO:root:epoch 0, Episode 126, total_loss: 11.265066146850586, q_loss 8.016186714172363, v_loss 3.248879909515381 ,lr 0.01
INFO:root:epoch 0, Episode 127, total_loss: 833.5933227539062, q_loss 826.51806640625, v_loss 7.075239658355713 ,lr 0.01
INFO:root:epoch 0, Episode 128, total_loss: 1487.6646728515625, q_loss 1482.359619140625, v_loss 5.305026054382324 ,lr 0.01
INFO:root:epoch 0, Episode 129, total_loss: 307.7907409667969, q_loss 301.60955810546875, v_loss 6.1811909675598145 ,lr 0.01
INFO:root:epoch 0, Episode 130, total_loss: 648.6012573242188, q_loss 646.2454833984375, v_loss 2.355756998062134 ,lr 0.01
INFO:root:epoch 0, Episode 131, total_loss: 12.603458404541016, q_loss 8.679094314575195, v_loss 3.9243640899658203 ,lr 0.01
INFO:root:epoch 0, Episode 132, total_loss: 181.10629272460938, q_loss 175.00950622558594, v_loss 6.096789360046387 ,lr 0.01
INFO:root:epoch 0, Episode 133, total_loss: 5851.1630859375, q_loss 5841.4853515625, v_loss 9.677638053894043 ,lr 0.01
INFO:root:epoch 0, Episode 134, total_loss: 147.6937255859375, q_loss 138.3987274169922, v_loss 9.295001029968262 ,lr 0.01
INFO:root:epoch 0, Episode 135, total_loss: 389.7347106933594, q_loss 380.2376403808594, v_loss 9.497082710266113 ,lr 0.01
INFO:root:epoch 0, Episode 136, total_loss: 186.9257354736328, q_loss 175.25840759277344, v_loss 11.667326927185059 ,lr 0.01
INFO:root:epoch 0, Episode 137, total_loss: 459.2666015625, q_loss 449.6955871582031, v_loss 9.571006774902344 ,lr 0.01
INFO:root:epoch 0, Episode 138, total_loss: 178.9676513671875, q_loss 172.69996643066406, v_loss 6.267677307128906 ,lr 0.01
INFO:root:epoch 0, Episode 139, total_loss: 520.7708740234375, q_loss 512.6528930664062, v_loss 8.117959022521973 ,lr 0.01
INFO:root:epoch 0, Episode 140, total_loss: 13.923447608947754, q_loss 9.779692649841309, v_loss 4.143754959106445 ,lr 0.01
INFO:root:epoch 0, Episode 141, total_loss: 631.5797729492188, q_loss 629.0533447265625, v_loss 2.526400327682495 ,lr 0.01
INFO:root:epoch 0, Episode 142, total_loss: 2825.285888671875, q_loss 2821.65185546875, v_loss 3.6339337825775146 ,lr 0.01
INFO:root:epoch 0, Episode 143, total_loss: 198.8109893798828, q_loss 197.4380340576172, v_loss 1.3729588985443115 ,lr 0.01
INFO:root:epoch 0, Episode 144, total_loss: 6.995247840881348, q_loss 5.181166172027588, v_loss 1.8140816688537598 ,lr 0.01
INFO:root:epoch 0, Episode 145, total_loss: 106.49691772460938, q_loss 103.6122055053711, v_loss 2.884709358215332 ,lr 0.01
INFO:root:epoch 0, Episode 146, total_loss: 965.1697998046875, q_loss 961.6187744140625, v_loss 3.5510447025299072 ,lr 0.01
INFO:root:epoch 0, Episode 147, total_loss: 290.6209411621094, q_loss 285.9159240722656, v_loss 4.705023288726807 ,lr 0.01
INFO:root:epoch 0, Episode 148, total_loss: 144.7451629638672, q_loss 141.1752471923828, v_loss 3.569915533065796 ,lr 0.01
INFO:root:epoch 0, Episode 149, total_loss: 132.62936401367188, q_loss 125.10163116455078, v_loss 7.527738094329834 ,lr 0.01
INFO:root:epoch 0, Episode 150, total_loss: 913.208251953125, q_loss 907.5770874023438, v_loss 5.631181240081787 ,lr 0.01
INFO:root:epoch 0, Episode 151, total_loss: 365.750732421875, q_loss 356.528564453125, v_loss 9.222174644470215 ,lr 0.01
INFO:root:epoch 0, Episode 152, total_loss: 8.126505851745605, q_loss 6.1418776512146, v_loss 1.9846283197402954 ,lr 0.01
INFO:root:epoch 0, Episode 153, total_loss: 238.82940673828125, q_loss 234.45208740234375, v_loss 4.377320766448975 ,lr 0.01
INFO:root:epoch 0, Episode 154, total_loss: 567.8165283203125, q_loss 564.8724975585938, v_loss 2.9440274238586426 ,lr 0.01
INFO:root:epoch 0, Episode 155, total_loss: 293.2037048339844, q_loss 290.8868408203125, v_loss 2.3168673515319824 ,lr 0.01
INFO:root:epoch 0, Episode 156, total_loss: 10.28976821899414, q_loss 8.669656753540039, v_loss 1.6201115846633911 ,lr 0.01
INFO:root:epoch 0, Episode 157, total_loss: 3889.927978515625, q_loss 3889.31982421875, v_loss 0.6081530451774597 ,lr 0.01
INFO:root:epoch 0, Episode 158, total_loss: 264.0309753417969, q_loss 262.5389709472656, v_loss 1.492006540298462 ,lr 0.01
INFO:root:epoch 0, Episode 159, total_loss: 1042.6031494140625, q_loss 1040.5863037109375, v_loss 2.016813039779663 ,lr 0.01
INFO:root:epoch 0, Episode 160, total_loss: 4.9209980964660645, q_loss 3.454547643661499, v_loss 1.4664504528045654 ,lr 0.01
INFO:root:epoch 0, Episode 161, total_loss: 395.3719177246094, q_loss 391.65228271484375, v_loss 3.7196202278137207 ,lr 0.01
INFO:root:epoch 0, Episode 162, total_loss: 5.756441116333008, q_loss 3.9289910793304443, v_loss 1.827450156211853 ,lr 0.01
INFO:root:epoch 0, Episode 163, total_loss: 1346.094970703125, q_loss 1343.1114501953125, v_loss 2.9835126399993896 ,lr 0.01
INFO:root:epoch 0, Episode 164, total_loss: 73.95159912109375, q_loss 72.3175277709961, v_loss 1.6340692043304443 ,lr 0.01
INFO:root:epoch 0, Episode 165, total_loss: 205.6692657470703, q_loss 203.02305603027344, v_loss 2.646214485168457 ,lr 0.01
INFO:root:epoch 0, Episode 166, total_loss: 258.63128662109375, q_loss 256.7563171386719, v_loss 1.8749682903289795 ,lr 0.01
INFO:root:epoch 0, Episode 167, total_loss: 505.9216613769531, q_loss 502.7948303222656, v_loss 3.1268362998962402 ,lr 0.01
INFO:root:epoch 0, Episode 168, total_loss: 1862.64208984375, q_loss 1859.775634765625, v_loss 2.866513729095459 ,lr 0.01
INFO:root:epoch 0, Episode 169, total_loss: 7.786584377288818, q_loss 6.997515678405762, v_loss 0.7890685200691223 ,lr 0.01
INFO:root:epoch 0, Episode 170, total_loss: 66.62677001953125, q_loss 64.85717010498047, v_loss 1.769600749015808 ,lr 0.01
INFO:root:epoch 0, Episode 171, total_loss: 488.2061462402344, q_loss 487.48114013671875, v_loss 0.7249923348426819 ,lr 0.01
INFO:root:epoch 0, Episode 172, total_loss: 1557.0892333984375, q_loss 1554.8211669921875, v_loss 2.2680294513702393 ,lr 0.01
INFO:root:epoch 0, Episode 173, total_loss: 3871.26025390625, q_loss 3869.98828125, v_loss 1.2719825506210327 ,lr 0.01
INFO:root:epoch 0, Episode 174, total_loss: 350.43408203125, q_loss 347.5680847167969, v_loss 2.8659939765930176 ,lr 0.01
INFO:root:epoch 0, Episode 175, total_loss: 10.881056785583496, q_loss 9.095710754394531, v_loss 1.7853456735610962 ,lr 0.01
INFO:root:epoch 0, Episode 176, total_loss: 167.81040954589844, q_loss 160.03717041015625, v_loss 7.7732462882995605 ,lr 0.01
INFO:root:epoch 0, Episode 177, total_loss: 1155.517822265625, q_loss 1144.497802734375, v_loss 11.019964218139648 ,lr 0.01
INFO:root:epoch 0, Episode 178, total_loss: 630.2151489257812, q_loss 625.955810546875, v_loss 4.259361267089844 ,lr 0.01
INFO:root:epoch 0, Episode 179, total_loss: 1533.915283203125, q_loss 1523.552978515625, v_loss 10.362272262573242 ,lr 0.01
INFO:root:epoch 0, Episode 180, total_loss: 181.78396606445312, q_loss 157.56719970703125, v_loss 24.216773986816406 ,lr 0.01
INFO:root:epoch 0, Episode 181, total_loss: 1186.0059814453125, q_loss 1169.45166015625, v_loss 16.554359436035156 ,lr 0.01
INFO:root:epoch 0, Episode 182, total_loss: 1361.6171875, q_loss 1350.89111328125, v_loss 10.726113319396973 ,lr 0.01
INFO:root:epoch 0, Episode 183, total_loss: 836.8195190429688, q_loss 833.8026123046875, v_loss 3.01689076423645 ,lr 0.01
INFO:root:epoch 0, Episode 184, total_loss: 28.84681510925293, q_loss 19.232954025268555, v_loss 9.613861083984375 ,lr 0.01
INFO:root:epoch 0, Episode 185, total_loss: 881.2617797851562, q_loss 877.9287719726562, v_loss 3.333012819290161 ,lr 0.01
INFO:root:epoch 0, Episode 186, total_loss: 1563.23876953125, q_loss 1553.2237548828125, v_loss 10.015007019042969 ,lr 0.01
INFO:root:epoch 0, Episode 187, total_loss: 3869.053466796875, q_loss 3864.199951171875, v_loss 4.853542327880859 ,lr 0.01
INFO:root:epoch 0, Episode 188, total_loss: 600.7025756835938, q_loss 592.6480712890625, v_loss 8.054475784301758 ,lr 0.01
INFO:root:epoch 0, Episode 189, total_loss: 21.344589233398438, q_loss 14.023002624511719, v_loss 7.321587085723877 ,lr 0.01
INFO:root:epoch 0, Episode 190, total_loss: 638.3011474609375, q_loss 632.0145874023438, v_loss 6.286550045013428 ,lr 0.01
INFO:root:epoch 0, Episode 191, total_loss: 189.42124938964844, q_loss 177.70518493652344, v_loss 11.716059684753418 ,lr 0.01
INFO:root:epoch 0, Episode 192, total_loss: 410.1845703125, q_loss 401.9272155761719, v_loss 8.257347106933594 ,lr 0.01
INFO:root:epoch 0, Episode 193, total_loss: 13.233221054077148, q_loss 10.39516544342041, v_loss 2.838055372238159 ,lr 0.01
INFO:root:epoch 0, Episode 194, total_loss: 1170.3914794921875, q_loss 1168.2271728515625, v_loss 2.164320707321167 ,lr 0.01
INFO:root:epoch 0, Episode 195, total_loss: 226.9247283935547, q_loss 223.02928161621094, v_loss 3.895451545715332 ,lr 0.01
INFO:root:epoch 0, Episode 196, total_loss: 75.03225708007812, q_loss 71.16227722167969, v_loss 3.8699827194213867 ,lr 0.01
INFO:root:epoch 0, Episode 197, total_loss: 4901.3232421875, q_loss 4893.94873046875, v_loss 7.374750137329102 ,lr 0.01
INFO:root:epoch 0, Episode 198, total_loss: 241.60906982421875, q_loss 238.93746948242188, v_loss 2.671599864959717 ,lr 0.01
INFO:root:epoch 0, Episode 199, total_loss: 602.8450317382812, q_loss 599.056640625, v_loss 3.788388252258301 ,lr 0.01
INFO:root:epoch 0, Episode 200, total_loss: 288.0589904785156, q_loss 283.53912353515625, v_loss 4.519866466522217 ,lr 0.01
INFO:root:val_loss 2.2584831714630127
INFO:root:epoch 0, Episode 201, total_loss: 450.1292419433594, q_loss 445.5899658203125, v_loss 4.539276599884033 ,lr 0.01
INFO:root:epoch 0, Episode 202, total_loss: 77.807861328125, q_loss 74.00945281982422, v_loss 3.7984073162078857 ,lr 0.01
INFO:root:epoch 0, Episode 203, total_loss: 2468.974609375, q_loss 2465.318359375, v_loss 3.656306028366089 ,lr 0.01
INFO:root:epoch 0, Episode 204, total_loss: 449.8133544921875, q_loss 447.2929382324219, v_loss 2.5204145908355713 ,lr 0.01
INFO:root:epoch 0, Episode 205, total_loss: 2252.7958984375, q_loss 2249.869873046875, v_loss 2.9260358810424805 ,lr 0.01
INFO:root:epoch 0, Episode 206, total_loss: 13.615299224853516, q_loss 9.466556549072266, v_loss 4.148742198944092 ,lr 0.01
INFO:root:epoch 0, Episode 207, total_loss: 267.808349609375, q_loss 262.0013427734375, v_loss 5.8070220947265625 ,lr 0.01
INFO:root:epoch 0, Episode 208, total_loss: 406.9517822265625, q_loss 395.7697448730469, v_loss 11.18204402923584 ,lr 0.01
INFO:root:epoch 0, Episode 209, total_loss: 29.38605499267578, q_loss 22.449758529663086, v_loss 6.9362969398498535 ,lr 0.01
INFO:root:epoch 0, Episode 210, total_loss: 381.5331726074219, q_loss 370.554931640625, v_loss 10.97824478149414 ,lr 0.01
INFO:root:epoch 0, Episode 211, total_loss: 233.74386596679688, q_loss 227.05435180664062, v_loss 6.689518451690674 ,lr 0.01
INFO:root:epoch 0, Episode 212, total_loss: 296.1399230957031, q_loss 284.243896484375, v_loss 11.896012306213379 ,lr 0.01
INFO:root:epoch 0, Episode 213, total_loss: 1629.2410888671875, q_loss 1622.6539306640625, v_loss 6.587104320526123 ,lr 0.01
INFO:root:epoch 0, Episode 214, total_loss: 13.791982650756836, q_loss 10.930821418762207, v_loss 2.861161708831787 ,lr 0.01
INFO:root:epoch 0, Episode 215, total_loss: 149.24200439453125, q_loss 144.72584533691406, v_loss 4.5161566734313965 ,lr 0.01
INFO:root:epoch 0, Episode 216, total_loss: 227.5540771484375, q_loss 223.2836151123047, v_loss 4.2704620361328125 ,lr 0.01
INFO:root:epoch 0, Episode 217, total_loss: 673.8549194335938, q_loss 669.2603149414062, v_loss 4.594616889953613 ,lr 0.01
INFO:root:epoch 0, Episode 218, total_loss: 137.11297607421875, q_loss 135.7081298828125, v_loss 1.4048385620117188 ,lr 0.01
INFO:root:epoch 0, Episode 219, total_loss: 168.57693481445312, q_loss 166.46182250976562, v_loss 2.1151115894317627 ,lr 0.01
INFO:root:epoch 0, Episode 220, total_loss: 297.1710205078125, q_loss 294.95050048828125, v_loss 2.220512628555298 ,lr 0.01
INFO:root:epoch 0, Episode 221, total_loss: 1000.1810302734375, q_loss 997.7116088867188, v_loss 2.4694137573242188 ,lr 0.01
INFO:root:epoch 0, Episode 222, total_loss: 3.8835866451263428, q_loss 3.195585250854492, v_loss 0.6880014538764954 ,lr 0.01
INFO:root:epoch 0, Episode 223, total_loss: 1839.10546875, q_loss 1837.72802734375, v_loss 1.3774240016937256 ,lr 0.01
INFO:root:epoch 0, Episode 224, total_loss: 162.97500610351562, q_loss 162.0902099609375, v_loss 0.8847945332527161 ,lr 0.01
INFO:root:epoch 0, Episode 225, total_loss: 160.73593139648438, q_loss 159.19064331054688, v_loss 1.5452806949615479 ,lr 0.01
INFO:root:epoch 0, Episode 226, total_loss: 63.54884338378906, q_loss 62.510562896728516, v_loss 1.0382800102233887 ,lr 0.01
INFO:root:epoch 0, Episode 227, total_loss: 107.3897705078125, q_loss 106.14247131347656, v_loss 1.2473015785217285 ,lr 0.01
INFO:root:epoch 0, Episode 228, total_loss: 354.308837890625, q_loss 353.11737060546875, v_loss 1.191474437713623 ,lr 0.01
INFO:root:epoch 0, Episode 229, total_loss: 296.7668762207031, q_loss 295.4819641113281, v_loss 1.2849180698394775 ,lr 0.01
INFO:root:epoch 0, Episode 230, total_loss: 340.1704406738281, q_loss 338.7113952636719, v_loss 1.4590431451797485 ,lr 0.01
INFO:root:epoch 0, Episode 231, total_loss: 161.4090118408203, q_loss 160.18507385253906, v_loss 1.2239307165145874 ,lr 0.01
INFO:root:epoch 0, Episode 232, total_loss: 1476.2060546875, q_loss 1475.311767578125, v_loss 0.8943160176277161 ,lr 0.01
INFO:root:epoch 0, Episode 233, total_loss: 1338.464599609375, q_loss 1335.8367919921875, v_loss 2.6277942657470703 ,lr 0.01
INFO:root:epoch 0, Episode 234, total_loss: 315.60955810546875, q_loss 314.6514587402344, v_loss 0.9580894708633423 ,lr 0.01
INFO:root:epoch 0, Episode 235, total_loss: 6.721968173980713, q_loss 5.31459379196167, v_loss 1.4073742628097534 ,lr 0.01
INFO:root:epoch 0, Episode 236, total_loss: 69.83634185791016, q_loss 68.70599365234375, v_loss 1.1303493976593018 ,lr 0.01
INFO:root:epoch 0, Episode 237, total_loss: 1824.613037109375, q_loss 1822.4578857421875, v_loss 2.155160665512085 ,lr 0.01
INFO:root:epoch 0, Episode 238, total_loss: 2116.58349609375, q_loss 2107.973388671875, v_loss 8.61017894744873 ,lr 0.01
INFO:root:epoch 0, Episode 239, total_loss: 887.4892578125, q_loss 886.2233276367188, v_loss 1.2659447193145752 ,lr 0.01
INFO:root:epoch 0, Episode 240, total_loss: 255.73362731933594, q_loss 253.36717224121094, v_loss 2.3664515018463135 ,lr 0.01
INFO:root:epoch 0, Episode 241, total_loss: 343.98248291015625, q_loss 342.0114440917969, v_loss 1.9710428714752197 ,lr 0.01
INFO:root:epoch 0, Episode 242, total_loss: 5.837097644805908, q_loss 4.479250907897949, v_loss 1.3578468561172485 ,lr 0.01
INFO:root:epoch 0, Episode 243, total_loss: 3434.63671875, q_loss 3429.322021484375, v_loss 5.314750671386719 ,lr 0.01
INFO:root:epoch 0, Episode 244, total_loss: 195.1796875, q_loss 191.61192321777344, v_loss 3.567770481109619 ,lr 0.01
INFO:root:epoch 0, Episode 245, total_loss: 3498.710693359375, q_loss 3469.12841796875, v_loss 29.58224868774414 ,lr 0.01
INFO:root:epoch 0, Episode 246, total_loss: 2142.6220703125, q_loss 2122.336669921875, v_loss 20.28533172607422 ,lr 0.01
INFO:root:epoch 0, Episode 247, total_loss: 94.32195281982422, q_loss 87.14009857177734, v_loss 7.181856632232666 ,lr 0.01
INFO:root:epoch 0, Episode 248, total_loss: 1307.958984375, q_loss 1299.1158447265625, v_loss 8.843111991882324 ,lr 0.01
INFO:root:epoch 0, Episode 249, total_loss: 3970.794677734375, q_loss 3953.298828125, v_loss 17.495834350585938 ,lr 0.01
INFO:root:epoch 0, Episode 250, total_loss: 267.6520690917969, q_loss 260.6078796386719, v_loss 7.044203281402588 ,lr 0.01
INFO:root:epoch 0, Episode 251, total_loss: 698.5323486328125, q_loss 692.2371826171875, v_loss 6.295153617858887 ,lr 0.01
INFO:root:epoch 0, Episode 252, total_loss: 4237.001953125, q_loss 4223.857421875, v_loss 13.144355773925781 ,lr 0.01
INFO:root:epoch 0, Episode 253, total_loss: 146.48779296875, q_loss 138.68179321289062, v_loss 7.805999279022217 ,lr 0.01
INFO:root:epoch 0, Episode 254, total_loss: 128.5850830078125, q_loss 118.98237609863281, v_loss 9.602710723876953 ,lr 0.01
INFO:root:epoch 0, Episode 255, total_loss: 1766.4986572265625, q_loss 1754.3900146484375, v_loss 12.108588218688965 ,lr 0.01
INFO:root:epoch 0, Episode 256, total_loss: 299.68896484375, q_loss 295.2024230957031, v_loss 4.486542701721191 ,lr 0.01
INFO:root:epoch 0, Episode 257, total_loss: 3140.3037109375, q_loss 3130.325439453125, v_loss 9.978302001953125 ,lr 0.01
INFO:root:epoch 0, Episode 258, total_loss: 530.9287719726562, q_loss 525.4672241210938, v_loss 5.4615607261657715 ,lr 0.01
INFO:root:epoch 0, Episode 259, total_loss: 294.6950378417969, q_loss 288.0113525390625, v_loss 6.6836838722229 ,lr 0.01
INFO:root:epoch 0, Episode 260, total_loss: 7.3236308097839355, q_loss 4.923145771026611, v_loss 2.400485038757324 ,lr 0.01
INFO:root:epoch 0, Episode 261, total_loss: 109.79537963867188, q_loss 105.69493103027344, v_loss 4.100445747375488 ,lr 0.01
INFO:root:epoch 0, Episode 262, total_loss: 1522.2108154296875, q_loss 1516.9967041015625, v_loss 5.214053630828857 ,lr 0.01
INFO:root:epoch 0, Episode 263, total_loss: 6.752214431762695, q_loss 4.675031661987305, v_loss 2.0771827697753906 ,lr 0.01
INFO:root:epoch 0, Episode 264, total_loss: 493.8905944824219, q_loss 489.61376953125, v_loss 4.276824474334717 ,lr 0.01
INFO:root:epoch 0, Episode 265, total_loss: 585.3932495117188, q_loss 583.2605590820312, v_loss 2.1326851844787598 ,lr 0.01
INFO:root:epoch 0, Episode 266, total_loss: 77.94624328613281, q_loss 73.53849029541016, v_loss 4.407756328582764 ,lr 0.01
INFO:root:epoch 0, Episode 267, total_loss: 6.0986247062683105, q_loss 4.234853267669678, v_loss 1.8637714385986328 ,lr 0.01
INFO:root:epoch 0, Episode 268, total_loss: 80.38883972167969, q_loss 75.265625, v_loss 5.123218059539795 ,lr 0.01
INFO:root:epoch 0, Episode 269, total_loss: 439.9997253417969, q_loss 436.2279357910156, v_loss 3.7717862129211426 ,lr 0.01
INFO:root:epoch 0, Episode 270, total_loss: 3081.16455078125, q_loss 3078.777099609375, v_loss 2.3875584602355957 ,lr 0.01
INFO:root:epoch 0, Episode 271, total_loss: 85.83837890625, q_loss 84.34723663330078, v_loss 1.4911390542984009 ,lr 0.01
INFO:root:epoch 0, Episode 272, total_loss: 534.7115478515625, q_loss 531.4472045898438, v_loss 3.264368772506714 ,lr 0.01
INFO:root:epoch 0, Episode 273, total_loss: 503.75494384765625, q_loss 501.4260559082031, v_loss 2.3288912773132324 ,lr 0.01
INFO:root:epoch 0, Episode 274, total_loss: 6.245874881744385, q_loss 4.6934967041015625, v_loss 1.5523781776428223 ,lr 0.01
INFO:root:epoch 0, Episode 275, total_loss: 584.318115234375, q_loss 579.5213012695312, v_loss 4.796794891357422 ,lr 0.01
INFO:root:epoch 0, Episode 276, total_loss: 6.610816478729248, q_loss 5.083323001861572, v_loss 1.5274933576583862 ,lr 0.01
INFO:root:epoch 0, Episode 277, total_loss: 2577.9130859375, q_loss 2574.498779296875, v_loss 3.414405345916748 ,lr 0.01
INFO:root:epoch 0, Episode 278, total_loss: 3418.405517578125, q_loss 3414.03759765625, v_loss 4.3679914474487305 ,lr 0.01
INFO:root:epoch 0, Episode 279, total_loss: 1464.7637939453125, q_loss 1461.748779296875, v_loss 3.015000581741333 ,lr 0.01
INFO:root:epoch 0, Episode 280, total_loss: 76.73564910888672, q_loss 74.61478424072266, v_loss 2.1208670139312744 ,lr 0.01
INFO:root:epoch 0, Episode 281, total_loss: 1539.095947265625, q_loss 1534.533935546875, v_loss 4.562005519866943 ,lr 0.01
INFO:root:epoch 0, Episode 282, total_loss: 8.496768951416016, q_loss 6.733113765716553, v_loss 1.763655185699463 ,lr 0.01
INFO:root:epoch 0, Episode 283, total_loss: 1956.9876708984375, q_loss 1948.0989990234375, v_loss 8.888729095458984 ,lr 0.01
INFO:root:epoch 0, Episode 284, total_loss: 2711.54296875, q_loss 2698.6923828125, v_loss 12.850502014160156 ,lr 0.01
INFO:root:epoch 0, Episode 285, total_loss: 327.3531188964844, q_loss 315.04217529296875, v_loss 12.310932159423828 ,lr 0.01
INFO:root:epoch 0, Episode 286, total_loss: 33.95873260498047, q_loss 27.889577865600586, v_loss 6.069154262542725 ,lr 0.01
INFO:root:epoch 0, Episode 287, total_loss: 115.01476287841797, q_loss 103.72284698486328, v_loss 11.291913986206055 ,lr 0.01
INFO:root:epoch 0, Episode 288, total_loss: 1466.240966796875, q_loss 1445.8836669921875, v_loss 20.35723876953125 ,lr 0.01
INFO:root:epoch 0, Episode 289, total_loss: 116.76033782958984, q_loss 111.52462768554688, v_loss 5.235709190368652 ,lr 0.01
INFO:root:epoch 0, Episode 290, total_loss: 804.1480102539062, q_loss 797.2905883789062, v_loss 6.857428073883057 ,lr 0.01
INFO:root:epoch 0, Episode 291, total_loss: 300.9112548828125, q_loss 295.0780334472656, v_loss 5.833216667175293 ,lr 0.01
INFO:root:epoch 0, Episode 292, total_loss: 12.060603141784668, q_loss 8.430939674377441, v_loss 3.6296634674072266 ,lr 0.01
INFO:root:epoch 0, Episode 293, total_loss: 376.4159851074219, q_loss 372.79833984375, v_loss 3.617640256881714 ,lr 0.01
INFO:root:epoch 0, Episode 294, total_loss: 441.5558776855469, q_loss 438.979248046875, v_loss 2.576643466949463 ,lr 0.01
INFO:root:epoch 0, Episode 295, total_loss: 7.017516613006592, q_loss 4.683161735534668, v_loss 2.334354877471924 ,lr 0.01
INFO:root:epoch 0, Episode 296, total_loss: 254.78762817382812, q_loss 251.79441833496094, v_loss 2.993211507797241 ,lr 0.01
INFO:root:epoch 0, Episode 297, total_loss: 331.0602722167969, q_loss 324.7785949707031, v_loss 6.281675338745117 ,lr 0.01
INFO:root:epoch 0, Episode 298, total_loss: 155.88719177246094, q_loss 150.8576202392578, v_loss 5.029575347900391 ,lr 0.01
INFO:root:epoch 0, Episode 299, total_loss: 1136.3253173828125, q_loss 1129.2230224609375, v_loss 7.102322578430176 ,lr 0.01
INFO:root:epoch 0, Episode 300, total_loss: 523.3264770507812, q_loss 520.2218017578125, v_loss 3.1046645641326904 ,lr 0.01
INFO:root:val_loss 1.6272855997085571
INFO:root:epoch 0, Episode 301, total_loss: 91.67009735107422, q_loss 89.25849151611328, v_loss 2.411604166030884 ,lr 0.01
INFO:root:epoch 0, Episode 302, total_loss: 81.06139373779297, q_loss 78.4360122680664, v_loss 2.6253786087036133 ,lr 0.01
INFO:root:epoch 0, Episode 303, total_loss: 6.939604759216309, q_loss 4.313519477844238, v_loss 2.6260852813720703 ,lr 0.01
INFO:root:epoch 0, Episode 304, total_loss: 1125.9129638671875, q_loss 1121.0162353515625, v_loss 4.89677095413208 ,lr 0.01
INFO:root:epoch 0, Episode 305, total_loss: 2265.186767578125, q_loss 2257.660888671875, v_loss 7.5259599685668945 ,lr 0.01
INFO:root:epoch 0, Episode 306, total_loss: 1663.33349609375, q_loss 1660.2061767578125, v_loss 3.1272780895233154 ,lr 0.01
INFO:root:epoch 0, Episode 307, total_loss: 468.8546142578125, q_loss 464.8019714355469, v_loss 4.0526275634765625 ,lr 0.01
INFO:root:epoch 0, Episode 308, total_loss: 1184.5986328125, q_loss 1180.791748046875, v_loss 3.806940793991089 ,lr 0.01
INFO:root:epoch 0, Episode 309, total_loss: 1539.81884765625, q_loss 1536.00341796875, v_loss 3.815481185913086 ,lr 0.01
INFO:root:epoch 0, Episode 310, total_loss: 2290.74658203125, q_loss 2287.38525390625, v_loss 3.361348867416382 ,lr 0.01
INFO:root:epoch 0, Episode 311, total_loss: 1771.6767578125, q_loss 1766.679931640625, v_loss 4.996781826019287 ,lr 0.01
INFO:root:epoch 0, Episode 312, total_loss: 1356.5784912109375, q_loss 1352.00146484375, v_loss 4.57698392868042 ,lr 0.01
INFO:root:epoch 0, Episode 313, total_loss: 469.56121826171875, q_loss 453.4387512207031, v_loss 16.122478485107422 ,lr 0.01
INFO:root:epoch 0, Episode 314, total_loss: 1714.2728271484375, q_loss 1661.87646484375, v_loss 52.39640426635742 ,lr 0.01
INFO:root:epoch 0, Episode 315, total_loss: 150.8717498779297, q_loss 116.42151641845703, v_loss 34.45023727416992 ,lr 0.01
INFO:root:epoch 0, Episode 316, total_loss: 598.4483642578125, q_loss 565.177001953125, v_loss 33.2713508605957 ,lr 0.01
INFO:root:epoch 0, Episode 317, total_loss: 1115.41796875, q_loss 1096.078857421875, v_loss 19.339054107666016 ,lr 0.01
INFO:root:epoch 0, Episode 318, total_loss: 16.929258346557617, q_loss 12.78530502319336, v_loss 4.143953323364258 ,lr 0.01
INFO:root:epoch 0, Episode 319, total_loss: 1464.53662109375, q_loss 1456.10107421875, v_loss 8.435503959655762 ,lr 0.01
INFO:root:epoch 0, Episode 320, total_loss: 3932.29541015625, q_loss 3925.151123046875, v_loss 7.144372463226318 ,lr 0.01
INFO:root:epoch 0, Episode 321, total_loss: 98.94571685791016, q_loss 94.90697479248047, v_loss 4.038744926452637 ,lr 0.01
INFO:root:epoch 0, Episode 322, total_loss: 9.820233345031738, q_loss 7.941665172576904, v_loss 1.8785679340362549 ,lr 0.01
INFO:root:epoch 0, Episode 323, total_loss: 113.63008880615234, q_loss 108.95653533935547, v_loss 4.67355489730835 ,lr 0.01
INFO:root:epoch 0, Episode 324, total_loss: 176.3001251220703, q_loss 170.1373291015625, v_loss 6.162798881530762 ,lr 0.01
INFO:root:epoch 0, Episode 325, total_loss: 2827.62890625, q_loss 2822.215576171875, v_loss 5.413228511810303 ,lr 0.01
INFO:root:epoch 0, Episode 326, total_loss: 3830.049560546875, q_loss 3821.8154296875, v_loss 8.234248161315918 ,lr 0.01
INFO:root:epoch 0, Episode 327, total_loss: 326.5868835449219, q_loss 322.6088562011719, v_loss 3.9780211448669434 ,lr 0.01
INFO:root:epoch 0, Episode 328, total_loss: 248.36460876464844, q_loss 237.54083251953125, v_loss 10.823772430419922 ,lr 0.01
INFO:root:epoch 0, Episode 329, total_loss: 3543.5625, q_loss 3525.26220703125, v_loss 18.300403594970703 ,lr 0.01
INFO:root:epoch 0, Episode 330, total_loss: 125.70761108398438, q_loss 108.63287353515625, v_loss 17.074739456176758 ,lr 0.01
INFO:root:epoch 0, Episode 331, total_loss: 359.202880859375, q_loss 334.8652038574219, v_loss 24.337675094604492 ,lr 0.01
INFO:root:epoch 0, Episode 332, total_loss: 1819.6043701171875, q_loss 1797.0009765625, v_loss 22.603404998779297 ,lr 0.01
INFO:root:epoch 0, Episode 333, total_loss: 1590.25732421875, q_loss 1562.212890625, v_loss 28.044437408447266 ,lr 0.01
INFO:root:epoch 0, Episode 334, total_loss: 5105.93310546875, q_loss 5092.458984375, v_loss 13.474350929260254 ,lr 0.01
INFO:root:epoch 0, Episode 335, total_loss: 157.71083068847656, q_loss 127.48660278320312, v_loss 30.224227905273438 ,lr 0.01
INFO:root:epoch 0, Episode 336, total_loss: 116.73438262939453, q_loss 92.77141571044922, v_loss 23.96296501159668 ,lr 0.01
INFO:root:epoch 0, Episode 337, total_loss: 402.5724182128906, q_loss 354.560302734375, v_loss 48.012123107910156 ,lr 0.01
INFO:root:epoch 0, Episode 338, total_loss: 1125.2611083984375, q_loss 1105.0203857421875, v_loss 20.24073600769043 ,lr 0.01
INFO:root:epoch 0, Episode 339, total_loss: 454.7004089355469, q_loss 418.56201171875, v_loss 36.138389587402344 ,lr 0.01
INFO:root:epoch 0, Episode 340, total_loss: 20.202260971069336, q_loss 12.577170372009277, v_loss 7.625091075897217 ,lr 0.01
INFO:root:epoch 0, Episode 341, total_loss: 338.57098388671875, q_loss 320.5981140136719, v_loss 17.972858428955078 ,lr 0.01
INFO:root:epoch 0, Episode 342, total_loss: 149.3740997314453, q_loss 135.93397521972656, v_loss 13.440119743347168 ,lr 0.01
INFO:root:epoch 0, Episode 343, total_loss: 1256.975830078125, q_loss 1244.065185546875, v_loss 12.910593032836914 ,lr 0.01
INFO:root:epoch 0, Episode 344, total_loss: 686.7032470703125, q_loss 678.0670166015625, v_loss 8.636200904846191 ,lr 0.01
INFO:root:epoch 0, Episode 345, total_loss: 152.80532836914062, q_loss 146.85748291015625, v_loss 5.947851181030273 ,lr 0.01
INFO:root:epoch 0, Episode 346, total_loss: 938.5472412109375, q_loss 932.0606689453125, v_loss 6.486563205718994 ,lr 0.01
INFO:root:epoch 0, Episode 347, total_loss: 7.302302360534668, q_loss 5.711777210235596, v_loss 1.5905250310897827 ,lr 0.01
INFO:root:epoch 0, Episode 348, total_loss: 323.30615234375, q_loss 319.0118103027344, v_loss 4.294352054595947 ,lr 0.01
INFO:root:epoch 0, Episode 349, total_loss: 256.27093505859375, q_loss 251.91053771972656, v_loss 4.360383033752441 ,lr 0.01
INFO:root:epoch 0, Episode 350, total_loss: 190.68472290039062, q_loss 189.26686096191406, v_loss 1.417863368988037 ,lr 0.01
INFO:root:epoch 0, Episode 351, total_loss: 15.878708839416504, q_loss 13.687424659729004, v_loss 2.191284418106079 ,lr 0.01
INFO:root:epoch 0, Episode 352, total_loss: 101.95523071289062, q_loss 97.7051010131836, v_loss 4.250132083892822 ,lr 0.01
INFO:root:epoch 0, Episode 353, total_loss: 763.584228515625, q_loss 756.9699096679688, v_loss 6.614347457885742 ,lr 0.01
INFO:root:epoch 0, Episode 354, total_loss: 121.46566009521484, q_loss 119.36276245117188, v_loss 2.1028950214385986 ,lr 0.01
INFO:root:epoch 0, Episode 355, total_loss: 205.85057067871094, q_loss 199.6898956298828, v_loss 6.160670757293701 ,lr 0.01
INFO:root:epoch 0, Episode 356, total_loss: 291.8448791503906, q_loss 287.2475280761719, v_loss 4.597355842590332 ,lr 0.01
INFO:root:epoch 0, Episode 357, total_loss: 387.5788269042969, q_loss 378.407470703125, v_loss 9.171363830566406 ,lr 0.01
INFO:root:epoch 0, Episode 358, total_loss: 321.2627868652344, q_loss 314.63629150390625, v_loss 6.626510143280029 ,lr 0.01
INFO:root:epoch 0, Episode 359, total_loss: 316.8180847167969, q_loss 310.3800354003906, v_loss 6.438055515289307 ,lr 0.01
INFO:root:epoch 0, Episode 360, total_loss: 24.824893951416016, q_loss 16.867551803588867, v_loss 7.957343101501465 ,lr 0.01
INFO:root:epoch 0, Episode 361, total_loss: 4432.62744140625, q_loss 4424.11083984375, v_loss 8.516550064086914 ,lr 0.01
INFO:root:epoch 0, Episode 362, total_loss: 18.088655471801758, q_loss 12.144683837890625, v_loss 5.943971157073975 ,lr 0.01
INFO:root:epoch 0, Episode 363, total_loss: 1777.55615234375, q_loss 1768.8404541015625, v_loss 8.715717315673828 ,lr 0.01
INFO:root:epoch 0, Episode 364, total_loss: 316.0882263183594, q_loss 305.1496887207031, v_loss 10.9385404586792 ,lr 0.01
INFO:root:epoch 0, Episode 365, total_loss: 33.08565902709961, q_loss 21.22503089904785, v_loss 11.860628128051758 ,lr 0.01
INFO:root:epoch 0, Episode 366, total_loss: 415.2433776855469, q_loss 411.41705322265625, v_loss 3.8263282775878906 ,lr 0.01
INFO:root:epoch 0, Episode 367, total_loss: 2585.380615234375, q_loss 2570.203857421875, v_loss 15.176671981811523 ,lr 0.01
INFO:root:epoch 0, Episode 368, total_loss: 767.2953491210938, q_loss 753.7853393554688, v_loss 13.510037422180176 ,lr 0.01
INFO:root:epoch 0, Episode 369, total_loss: 337.55096435546875, q_loss 330.9622802734375, v_loss 6.5886759757995605 ,lr 0.01
INFO:root:epoch 0, Episode 370, total_loss: 386.67999267578125, q_loss 380.5154724121094, v_loss 6.1645355224609375 ,lr 0.01
INFO:root:epoch 0, Episode 371, total_loss: 521.6856079101562, q_loss 514.8275146484375, v_loss 6.858085632324219 ,lr 0.01
INFO:root:epoch 0, Episode 372, total_loss: 17.07429313659668, q_loss 13.845376014709473, v_loss 3.228917360305786 ,lr 0.01
INFO:root:epoch 0, Episode 373, total_loss: 17.69597625732422, q_loss 13.17273235321045, v_loss 4.523243427276611 ,lr 0.01
INFO:root:epoch 0, Episode 374, total_loss: 638.5291137695312, q_loss 634.56103515625, v_loss 3.9680867195129395 ,lr 0.01
INFO:root:epoch 0, Episode 375, total_loss: 94.17709350585938, q_loss 88.44386291503906, v_loss 5.733226776123047 ,lr 0.01
INFO:root:epoch 0, Episode 376, total_loss: 588.6101684570312, q_loss 581.9109497070312, v_loss 6.69921350479126 ,lr 0.01
INFO:root:epoch 0, Episode 377, total_loss: 21.234228134155273, q_loss 17.48090362548828, v_loss 3.7533249855041504 ,lr 0.01
INFO:root:epoch 0, Episode 378, total_loss: 2040.09912109375, q_loss 2035.027587890625, v_loss 5.071479320526123 ,lr 0.01
INFO:root:epoch 0, Episode 379, total_loss: 198.78359985351562, q_loss 193.1450958251953, v_loss 5.638506889343262 ,lr 0.01
INFO:root:epoch 0, Episode 380, total_loss: 264.021728515625, q_loss 259.06109619140625, v_loss 4.960641860961914 ,lr 0.01
INFO:root:epoch 0, Episode 381, total_loss: 16.798246383666992, q_loss 8.818400382995605, v_loss 7.9798455238342285 ,lr 0.01
INFO:root:epoch 0, Episode 382, total_loss: 513.1094970703125, q_loss 497.15643310546875, v_loss 15.953039169311523 ,lr 0.01
INFO:root:epoch 0, Episode 383, total_loss: 1867.05810546875, q_loss 1852.9720458984375, v_loss 14.086009979248047 ,lr 0.01
INFO:root:epoch 0, Episode 384, total_loss: 513.5316772460938, q_loss 504.491455078125, v_loss 9.040224075317383 ,lr 0.01
INFO:root:epoch 0, Episode 385, total_loss: 248.88523864746094, q_loss 242.53720092773438, v_loss 6.348034858703613 ,lr 0.01
INFO:root:epoch 0, Episode 386, total_loss: 18.556886672973633, q_loss 10.629768371582031, v_loss 7.92711877822876 ,lr 0.01
INFO:root:epoch 0, Episode 387, total_loss: 3624.43505859375, q_loss 3616.729736328125, v_loss 7.7052083015441895 ,lr 0.01
INFO:root:epoch 0, Episode 388, total_loss: 375.6595458984375, q_loss 369.6736145019531, v_loss 5.985931396484375 ,lr 0.01
INFO:root:epoch 0, Episode 389, total_loss: 13.23693561553955, q_loss 10.377545356750488, v_loss 2.8593900203704834 ,lr 0.01
INFO:root:epoch 0, Episode 390, total_loss: 613.2020263671875, q_loss 611.4064331054688, v_loss 1.795602798461914 ,lr 0.01
INFO:root:epoch 0, Episode 391, total_loss: 24.08822250366211, q_loss 18.166297912597656, v_loss 5.921925067901611 ,lr 0.01
INFO:root:epoch 0, Episode 392, total_loss: 319.71337890625, q_loss 315.20831298828125, v_loss 4.505072593688965 ,lr 0.01
INFO:root:epoch 0, Episode 393, total_loss: 109.86209106445312, q_loss 98.91983032226562, v_loss 10.942259788513184 ,lr 0.01
INFO:root:epoch 0, Episode 394, total_loss: 1711.72412109375, q_loss 1698.07666015625, v_loss 13.64741325378418 ,lr 0.01
INFO:root:epoch 0, Episode 395, total_loss: 803.9772338867188, q_loss 792.8589477539062, v_loss 11.11829662322998 ,lr 0.01
INFO:root:epoch 0, Episode 396, total_loss: 391.6754455566406, q_loss 379.6683654785156, v_loss 12.007081985473633 ,lr 0.01
INFO:root:epoch 0, Episode 397, total_loss: 23.902708053588867, q_loss 17.855684280395508, v_loss 6.047023296356201 ,lr 0.01
INFO:root:epoch 0, Episode 398, total_loss: 84.67203521728516, q_loss 75.05142211914062, v_loss 9.620612144470215 ,lr 0.01
INFO:root:epoch 0, Episode 399, total_loss: 3781.7275390625, q_loss 3769.71240234375, v_loss 12.015148162841797 ,lr 0.01
INFO:root:epoch 0, Episode 400, total_loss: 119.56776428222656, q_loss 113.48096466064453, v_loss 6.086796760559082 ,lr 0.01
INFO:root:val_loss 1.3061046600341797
INFO:root:epoch 0, Episode 401, total_loss: 149.28488159179688, q_loss 145.1887969970703, v_loss 4.096076965332031 ,lr 0.01
INFO:root:epoch 0, Episode 402, total_loss: 6808.9033203125, q_loss 6804.3720703125, v_loss 4.531486511230469 ,lr 0.01
INFO:root:epoch 0, Episode 403, total_loss: 227.52024841308594, q_loss 225.2611083984375, v_loss 2.2591359615325928 ,lr 0.01
INFO:root:epoch 0, Episode 404, total_loss: 252.64691162109375, q_loss 249.84408569335938, v_loss 2.802827835083008 ,lr 0.01
INFO:root:epoch 0, Episode 405, total_loss: 355.9184875488281, q_loss 352.38446044921875, v_loss 3.53401780128479 ,lr 0.01
INFO:root:epoch 0, Episode 406, total_loss: 79.20831298828125, q_loss 75.49115753173828, v_loss 3.7171571254730225 ,lr 0.01
INFO:root:epoch 0, Episode 407, total_loss: 108.39702606201172, q_loss 105.00848388671875, v_loss 3.388542652130127 ,lr 0.01
INFO:root:epoch 0, Episode 408, total_loss: 735.0399780273438, q_loss 730.2570190429688, v_loss 4.782945156097412 ,lr 0.01
INFO:root:epoch 0, Episode 409, total_loss: 179.49822998046875, q_loss 177.51344299316406, v_loss 1.984787940979004 ,lr 0.01
INFO:root:epoch 0, Episode 410, total_loss: 4373.83544921875, q_loss 4370.96533203125, v_loss 2.8702220916748047 ,lr 0.01
INFO:root:epoch 0, Episode 411, total_loss: 4.9137492179870605, q_loss 3.6248576641082764, v_loss 1.2888915538787842 ,lr 0.01
INFO:root:epoch 0, Episode 412, total_loss: 255.50479125976562, q_loss 251.27392578125, v_loss 4.230872631072998 ,lr 0.01
INFO:root:epoch 0, Episode 413, total_loss: 551.8970336914062, q_loss 546.4426879882812, v_loss 5.4543681144714355 ,lr 0.01
INFO:root:epoch 0, Episode 414, total_loss: 5956.1650390625, q_loss 5944.63330078125, v_loss 11.531718254089355 ,lr 0.01
INFO:root:epoch 0, Episode 415, total_loss: 1175.6566162109375, q_loss 1167.0931396484375, v_loss 8.563446044921875 ,lr 0.01
INFO:root:epoch 0, Episode 416, total_loss: 725.8277587890625, q_loss 707.15283203125, v_loss 18.674928665161133 ,lr 0.01
INFO:root:epoch 0, Episode 417, total_loss: 1950.845947265625, q_loss 1929.96728515625, v_loss 20.878673553466797 ,lr 0.01
INFO:root:epoch 0, Episode 418, total_loss: 89.8690414428711, q_loss 85.03095245361328, v_loss 4.838086128234863 ,lr 0.01
INFO:root:epoch 0, Episode 419, total_loss: 249.00567626953125, q_loss 243.54263305664062, v_loss 5.463046550750732 ,lr 0.01
INFO:root:epoch 0, Episode 420, total_loss: 419.5787048339844, q_loss 411.0583801269531, v_loss 8.520334243774414 ,lr 0.01
INFO:root:epoch 0, Episode 421, total_loss: 385.03912353515625, q_loss 375.76202392578125, v_loss 9.27711296081543 ,lr 0.01
INFO:root:epoch 0, Episode 422, total_loss: 1070.0814208984375, q_loss 1044.27294921875, v_loss 25.808452606201172 ,lr 0.01
INFO:root:epoch 0, Episode 423, total_loss: 170.4383544921875, q_loss 150.7147216796875, v_loss 19.7236270904541 ,lr 0.01
INFO:root:epoch 0, Episode 424, total_loss: 1251.0311279296875, q_loss 1239.9608154296875, v_loss 11.070341110229492 ,lr 0.01
INFO:root:epoch 0, Episode 425, total_loss: 138.46884155273438, q_loss 121.45611572265625, v_loss 17.012727737426758 ,lr 0.01
INFO:root:epoch 0, Episode 426, total_loss: 153.96249389648438, q_loss 133.58998107910156, v_loss 20.372520446777344 ,lr 0.01
INFO:root:epoch 0, Episode 427, total_loss: 550.8452758789062, q_loss 527.3969116210938, v_loss 23.4483699798584 ,lr 0.01
INFO:root:epoch 0, Episode 428, total_loss: 737.5621948242188, q_loss 722.485595703125, v_loss 15.076595306396484 ,lr 0.01
INFO:root:epoch 0, Episode 429, total_loss: 532.3443603515625, q_loss 517.6358642578125, v_loss 14.708504676818848 ,lr 0.01
INFO:root:epoch 0, Episode 430, total_loss: 350.61431884765625, q_loss 345.1604919433594, v_loss 5.453833103179932 ,lr 0.01
INFO:root:epoch 0, Episode 431, total_loss: 11.58302116394043, q_loss 7.123061656951904, v_loss 4.459959030151367 ,lr 0.01
INFO:root:epoch 0, Episode 432, total_loss: 175.9513702392578, q_loss 173.5006561279297, v_loss 2.450709819793701 ,lr 0.01
INFO:root:epoch 0, Episode 433, total_loss: 822.27783203125, q_loss 818.010498046875, v_loss 4.267364501953125 ,lr 0.01
INFO:root:epoch 0, Episode 434, total_loss: 14.244324684143066, q_loss 12.555197715759277, v_loss 1.68912672996521 ,lr 0.01
INFO:root:epoch 0, Episode 435, total_loss: 11.129817962646484, q_loss 8.909407615661621, v_loss 2.220410108566284 ,lr 0.01
INFO:root:epoch 0, Episode 436, total_loss: 503.53790283203125, q_loss 500.3900451660156, v_loss 3.1478700637817383 ,lr 0.01
INFO:root:epoch 0, Episode 437, total_loss: 702.39697265625, q_loss 694.3770141601562, v_loss 8.019960403442383 ,lr 0.01
INFO:root:epoch 0, Episode 438, total_loss: 130.54562377929688, q_loss 127.73353576660156, v_loss 2.812086820602417 ,lr 0.01
INFO:root:epoch 0, Episode 439, total_loss: 154.6898193359375, q_loss 151.98983764648438, v_loss 2.699979782104492 ,lr 0.01
INFO:root:epoch 0, Episode 440, total_loss: 434.45904541015625, q_loss 430.1515808105469, v_loss 4.30747127532959 ,lr 0.01
INFO:root:epoch 0, Episode 441, total_loss: 6.7663798332214355, q_loss 5.079200267791748, v_loss 1.687179684638977 ,lr 0.01
INFO:root:epoch 0, Episode 442, total_loss: 258.3416748046875, q_loss 256.4782409667969, v_loss 1.8634343147277832 ,lr 0.01
INFO:root:epoch 0, Episode 443, total_loss: 4.954641342163086, q_loss 3.6092607975006104, v_loss 1.3453805446624756 ,lr 0.01
INFO:root:epoch 0, Episode 444, total_loss: 133.6267852783203, q_loss 132.00294494628906, v_loss 1.6238421201705933 ,lr 0.01
INFO:root:epoch 0, Episode 445, total_loss: 4.869834899902344, q_loss 3.60197114944458, v_loss 1.2678636312484741 ,lr 0.01
INFO:root:epoch 0, Episode 446, total_loss: 434.0444641113281, q_loss 430.20025634765625, v_loss 3.844207286834717 ,lr 0.01
INFO:root:epoch 0, Episode 447, total_loss: 7.913474082946777, q_loss 6.370067596435547, v_loss 1.5434064865112305 ,lr 0.01
INFO:root:epoch 0, Episode 448, total_loss: 133.15283203125, q_loss 131.85946655273438, v_loss 1.2933683395385742 ,lr 0.01
INFO:root:epoch 0, Episode 449, total_loss: 200.4303741455078, q_loss 198.71005249023438, v_loss 1.7203253507614136 ,lr 0.01
INFO:root:epoch 0, Episode 450, total_loss: 1791.5198974609375, q_loss 1789.16064453125, v_loss 2.3592801094055176 ,lr 0.01
INFO:root:epoch 0, Episode 451, total_loss: 1317.999755859375, q_loss 1315.35498046875, v_loss 2.644721031188965 ,lr 0.01
INFO:root:epoch 0, Episode 452, total_loss: 1096.6431884765625, q_loss 1094.3822021484375, v_loss 2.2609434127807617 ,lr 0.01
INFO:root:epoch 0, Episode 453, total_loss: 5192.81396484375, q_loss 5173.10009765625, v_loss 19.713918685913086 ,lr 0.01
INFO:root:epoch 0, Episode 454, total_loss: 141.37266540527344, q_loss 135.22068786621094, v_loss 6.151981830596924 ,lr 0.01
INFO:root:epoch 0, Episode 455, total_loss: 144.67633056640625, q_loss 142.26669311523438, v_loss 2.4096319675445557 ,lr 0.01
INFO:root:epoch 0, Episode 456, total_loss: 287.23388671875, q_loss 278.85693359375, v_loss 8.376944541931152 ,lr 0.01
INFO:root:epoch 1, Episode 0, total_loss: 223.14952087402344, q_loss 216.82546997070312, v_loss 6.324046611785889 ,lr 0.01
INFO:root:epoch 1, Episode 1, total_loss: 538.8700561523438, q_loss 527.9970703125, v_loss 10.87299919128418 ,lr 0.01
INFO:root:epoch 1, Episode 2, total_loss: 15.959404945373535, q_loss 13.310555458068848, v_loss 2.6488492488861084 ,lr 0.01
INFO:root:epoch 1, Episode 3, total_loss: 24.518648147583008, q_loss 18.6278076171875, v_loss 5.89084005355835 ,lr 0.01
INFO:root:epoch 1, Episode 4, total_loss: 1524.3826904296875, q_loss 1507.33642578125, v_loss 17.0462703704834 ,lr 0.01
INFO:root:epoch 1, Episode 5, total_loss: 3442.561767578125, q_loss 3439.67626953125, v_loss 2.885556936264038 ,lr 0.01
INFO:root:epoch 1, Episode 6, total_loss: 288.012451171875, q_loss 237.8557586669922, v_loss 50.156707763671875 ,lr 0.01
INFO:root:epoch 1, Episode 7, total_loss: 1380.176513671875, q_loss 1012.31298828125, v_loss 367.8635559082031 ,lr 0.01
INFO:root:epoch 1, Episode 8, total_loss: 412.9313659667969, q_loss 325.1357727050781, v_loss 87.79559326171875 ,lr 0.01
INFO:root:epoch 1, Episode 9, total_loss: 93.17562103271484, q_loss 85.10662078857422, v_loss 8.069003105163574 ,lr 0.01
INFO:root:epoch 1, Episode 10, total_loss: 1849.8154296875, q_loss 1828.9111328125, v_loss 20.904279708862305 ,lr 0.01
INFO:root:epoch 1, Episode 11, total_loss: 1526.70556640625, q_loss 1490.1126708984375, v_loss 36.59288024902344 ,lr 0.01
INFO:root:epoch 1, Episode 12, total_loss: 1945.4927978515625, q_loss 1899.9154052734375, v_loss 45.577335357666016 ,lr 0.01
INFO:root:epoch 1, Episode 13, total_loss: 140.45306396484375, q_loss 131.048828125, v_loss 9.404234886169434 ,lr 0.01
INFO:root:epoch 1, Episode 14, total_loss: 680.298828125, q_loss 676.0750122070312, v_loss 4.22379732131958 ,lr 0.01
INFO:root:epoch 1, Episode 15, total_loss: 203.42340087890625, q_loss 195.4738311767578, v_loss 7.949565410614014 ,lr 0.01
INFO:root:epoch 1, Episode 16, total_loss: 70.8866958618164, q_loss 64.18707275390625, v_loss 6.6996235847473145 ,lr 0.01
INFO:root:epoch 1, Episode 17, total_loss: 1166.898193359375, q_loss 1162.5166015625, v_loss 4.381636142730713 ,lr 0.01
INFO:root:epoch 1, Episode 18, total_loss: 293.3075256347656, q_loss 274.49945068359375, v_loss 18.808086395263672 ,lr 0.01
INFO:root:epoch 1, Episode 19, total_loss: 2032.2093505859375, q_loss 2000.6180419921875, v_loss 31.591291427612305 ,lr 0.01
INFO:root:epoch 1, Episode 20, total_loss: 175.0555877685547, q_loss 160.90267944335938, v_loss 14.15290355682373 ,lr 0.01
INFO:root:epoch 1, Episode 21, total_loss: 5765.38623046875, q_loss 5745.85009765625, v_loss 19.53624153137207 ,lr 0.01
INFO:root:epoch 1, Episode 22, total_loss: 457.8980407714844, q_loss 441.1277770996094, v_loss 16.77025604248047 ,lr 0.01
INFO:root:epoch 1, Episode 23, total_loss: 4147.39697265625, q_loss 4068.44091796875, v_loss 78.95599365234375 ,lr 0.01
INFO:root:epoch 1, Episode 24, total_loss: 231.7278594970703, q_loss 227.5253143310547, v_loss 4.20255184173584 ,lr 0.01
INFO:root:epoch 1, Episode 25, total_loss: 13.895463943481445, q_loss 7.467268943786621, v_loss 6.428195476531982 ,lr 0.01
INFO:root:epoch 1, Episode 26, total_loss: 1874.637939453125, q_loss 1853.18408203125, v_loss 21.45386505126953 ,lr 0.01
INFO:root:epoch 1, Episode 27, total_loss: 2294.464599609375, q_loss 2262.880615234375, v_loss 31.584060668945312 ,lr 0.01
INFO:root:epoch 1, Episode 28, total_loss: 102.75650787353516, q_loss 90.82513427734375, v_loss 11.931376457214355 ,lr 0.01
INFO:root:epoch 1, Episode 29, total_loss: 370.59735107421875, q_loss 362.9898681640625, v_loss 7.607486248016357 ,lr 0.01
INFO:root:epoch 1, Episode 30, total_loss: 69.94590759277344, q_loss 63.7507438659668, v_loss 6.195161819458008 ,lr 0.01
INFO:root:epoch 1, Episode 31, total_loss: 211.5614471435547, q_loss 203.58811950683594, v_loss 7.973329544067383 ,lr 0.01
INFO:root:epoch 1, Episode 32, total_loss: 496.0225524902344, q_loss 490.6378479003906, v_loss 5.384690761566162 ,lr 0.01
INFO:root:epoch 1, Episode 33, total_loss: 650.2208862304688, q_loss 644.8140258789062, v_loss 5.406864643096924 ,lr 0.01
INFO:root:epoch 1, Episode 34, total_loss: 5.6107306480407715, q_loss 4.1569294929504395, v_loss 1.453801155090332 ,lr 0.01
INFO:root:epoch 1, Episode 35, total_loss: 175.41746520996094, q_loss 174.51242065429688, v_loss 0.9050383567810059 ,lr 0.01
INFO:root:epoch 1, Episode 36, total_loss: 1487.1536865234375, q_loss 1485.31640625, v_loss 1.8372317552566528 ,lr 0.01
INFO:root:epoch 1, Episode 37, total_loss: 95.3647232055664, q_loss 93.90863037109375, v_loss 1.4560891389846802 ,lr 0.01
INFO:root:epoch 1, Episode 38, total_loss: 1189.839599609375, q_loss 1186.312744140625, v_loss 3.5269112586975098 ,lr 0.01
INFO:root:epoch 1, Episode 39, total_loss: 1190.81591796875, q_loss 1187.731201171875, v_loss 3.084670305252075 ,lr 0.01
INFO:root:epoch 1, Episode 40, total_loss: 1359.10546875, q_loss 1354.1041259765625, v_loss 5.0013837814331055 ,lr 0.01
INFO:root:epoch 1, Episode 41, total_loss: 1074.6060791015625, q_loss 1069.2099609375, v_loss 5.396107196807861 ,lr 0.01
INFO:root:epoch 1, Episode 42, total_loss: 319.2068176269531, q_loss 315.84197998046875, v_loss 3.364847421646118 ,lr 0.01
INFO:root:epoch 1, Episode 43, total_loss: 122.06196594238281, q_loss 118.23822784423828, v_loss 3.8237416744232178 ,lr 0.01
INFO:root:val_loss 1.1242295503616333
INFO:root:epoch 1, Episode 44, total_loss: 64.71200561523438, q_loss 63.2713623046875, v_loss 1.4406466484069824 ,lr 0.01
INFO:root:epoch 1, Episode 45, total_loss: 241.5824432373047, q_loss 237.24996948242188, v_loss 4.3324809074401855 ,lr 0.01
INFO:root:epoch 1, Episode 46, total_loss: 79.55682373046875, q_loss 76.72366333007812, v_loss 2.8331637382507324 ,lr 0.01
INFO:root:epoch 1, Episode 47, total_loss: 1117.03662109375, q_loss 1104.413330078125, v_loss 12.623348236083984 ,lr 0.01
INFO:root:epoch 1, Episode 48, total_loss: 1469.106689453125, q_loss 1464.9530029296875, v_loss 4.153631210327148 ,lr 0.01
INFO:root:epoch 1, Episode 49, total_loss: 225.86732482910156, q_loss 220.238525390625, v_loss 5.6288042068481445 ,lr 0.01
INFO:root:epoch 1, Episode 50, total_loss: 494.837646484375, q_loss 489.64666748046875, v_loss 5.190981388092041 ,lr 0.01
INFO:root:epoch 1, Episode 51, total_loss: 66.54341888427734, q_loss 64.92266082763672, v_loss 1.6207584142684937 ,lr 0.01
INFO:root:epoch 1, Episode 52, total_loss: 151.96484375, q_loss 148.1328125, v_loss 3.832024097442627 ,lr 0.01
INFO:root:epoch 1, Episode 53, total_loss: 1208.3896484375, q_loss 1202.5811767578125, v_loss 5.808501243591309 ,lr 0.01
INFO:root:epoch 1, Episode 54, total_loss: 386.6460266113281, q_loss 384.1974792480469, v_loss 2.448554039001465 ,lr 0.01
INFO:root:epoch 1, Episode 55, total_loss: 296.6291198730469, q_loss 295.0121765136719, v_loss 1.616929292678833 ,lr 0.01
INFO:root:epoch 1, Episode 56, total_loss: 1760.1763916015625, q_loss 1748.5399169921875, v_loss 11.636500358581543 ,lr 0.01
INFO:root:epoch 1, Episode 57, total_loss: 4.554030418395996, q_loss 3.9069058895111084, v_loss 0.6471243500709534 ,lr 0.01
INFO:root:epoch 1, Episode 58, total_loss: 106.51114654541016, q_loss 105.2441635131836, v_loss 1.266979455947876 ,lr 0.01
INFO:root:epoch 1, Episode 59, total_loss: 4241.791015625, q_loss 4226.7587890625, v_loss 15.032142639160156 ,lr 0.01
INFO:root:epoch 1, Episode 60, total_loss: 84.22931671142578, q_loss 82.29569244384766, v_loss 1.9336211681365967 ,lr 0.01
INFO:root:epoch 1, Episode 61, total_loss: 2284.024658203125, q_loss 2280.984130859375, v_loss 3.0404129028320312 ,lr 0.01
INFO:root:epoch 1, Episode 62, total_loss: 205.86322021484375, q_loss 204.36328125, v_loss 1.4999406337738037 ,lr 0.01
INFO:root:epoch 1, Episode 63, total_loss: 5.507140636444092, q_loss 4.664353847503662, v_loss 0.8427866101264954 ,lr 0.01
INFO:root:epoch 1, Episode 64, total_loss: 259.21435546875, q_loss 256.9476013183594, v_loss 2.26676869392395 ,lr 0.01
INFO:root:epoch 1, Episode 65, total_loss: 5169.8447265625, q_loss 5143.74951171875, v_loss 26.09537696838379 ,lr 0.01
INFO:root:epoch 1, Episode 66, total_loss: 8.156550407409668, q_loss 5.482872009277344, v_loss 2.673678398132324 ,lr 0.01
INFO:root:epoch 1, Episode 67, total_loss: 249.35882568359375, q_loss 245.17660522460938, v_loss 4.182216644287109 ,lr 0.01
INFO:root:epoch 1, Episode 68, total_loss: 731.857421875, q_loss 713.0015869140625, v_loss 18.855865478515625 ,lr 0.01
INFO:root:epoch 1, Episode 69, total_loss: 1341.014892578125, q_loss 1324.7232666015625, v_loss 16.291574478149414 ,lr 0.01
INFO:root:epoch 1, Episode 70, total_loss: 24.300777435302734, q_loss 20.295169830322266, v_loss 4.005606651306152 ,lr 0.01
INFO:root:epoch 1, Episode 71, total_loss: 500.095458984375, q_loss 466.1286926269531, v_loss 33.96676254272461 ,lr 0.01
INFO:root:epoch 1, Episode 72, total_loss: 63.610408782958984, q_loss 40.97565460205078, v_loss 22.634754180908203 ,lr 0.01
INFO:root:epoch 1, Episode 73, total_loss: 1729.880126953125, q_loss 1631.1510009765625, v_loss 98.72909545898438 ,lr 0.01
INFO:root:epoch 1, Episode 74, total_loss: 3673.52001953125, q_loss 3542.246826171875, v_loss 131.27322387695312 ,lr 0.01
INFO:root:epoch 1, Episode 75, total_loss: 157.30715942382812, q_loss 148.6183624267578, v_loss 8.688802719116211 ,lr 0.01
INFO:root:epoch 1, Episode 76, total_loss: 103.97826385498047, q_loss 91.72437286376953, v_loss 12.253890037536621 ,lr 0.01
INFO:root:epoch 1, Episode 77, total_loss: 23.494916915893555, q_loss 19.115108489990234, v_loss 4.37980842590332 ,lr 0.01
INFO:root:epoch 1, Episode 78, total_loss: 115.63363647460938, q_loss 110.98338317871094, v_loss 4.650256633758545 ,lr 0.01
INFO:root:epoch 1, Episode 79, total_loss: 700.0126342773438, q_loss 693.1129760742188, v_loss 6.899646282196045 ,lr 0.01
INFO:root:epoch 1, Episode 80, total_loss: 2139.653076171875, q_loss 2130.938232421875, v_loss 8.714938163757324 ,lr 0.01
INFO:root:epoch 1, Episode 81, total_loss: 195.72634887695312, q_loss 183.9375457763672, v_loss 11.788804054260254 ,lr 0.01
INFO:root:epoch 1, Episode 82, total_loss: 1529.9375, q_loss 1502.908935546875, v_loss 27.028602600097656 ,lr 0.01
INFO:root:epoch 1, Episode 83, total_loss: 14.18028450012207, q_loss 8.16051959991455, v_loss 6.019764423370361 ,lr 0.01
INFO:root:epoch 1, Episode 84, total_loss: 363.2091979980469, q_loss 357.9372253417969, v_loss 5.2719597816467285 ,lr 0.01
INFO:root:epoch 1, Episode 85, total_loss: 11.138463973999023, q_loss 7.04572057723999, v_loss 4.092742919921875 ,lr 0.01
INFO:root:epoch 1, Episode 86, total_loss: 104.65711975097656, q_loss 99.65298461914062, v_loss 5.004135608673096 ,lr 0.01
INFO:root:epoch 1, Episode 87, total_loss: 78.02865600585938, q_loss 74.94210815429688, v_loss 3.0865516662597656 ,lr 0.01
INFO:root:epoch 1, Episode 88, total_loss: 160.19540405273438, q_loss 157.44093322753906, v_loss 2.754477024078369 ,lr 0.01
INFO:root:epoch 1, Episode 89, total_loss: 2224.267333984375, q_loss 2217.26123046875, v_loss 7.005992412567139 ,lr 0.01
INFO:root:epoch 1, Episode 90, total_loss: 1526.01123046875, q_loss 1522.375244140625, v_loss 3.635965347290039 ,lr 0.01
INFO:root:epoch 1, Episode 91, total_loss: 1340.195556640625, q_loss 1335.90185546875, v_loss 4.293696880340576 ,lr 0.01
INFO:root:epoch 1, Episode 92, total_loss: 484.2980041503906, q_loss 481.45452880859375, v_loss 2.8434884548187256 ,lr 0.01
INFO:root:epoch 1, Episode 93, total_loss: 275.3352966308594, q_loss 269.8937683105469, v_loss 5.4415202140808105 ,lr 0.01
INFO:root:epoch 1, Episode 94, total_loss: 194.97796630859375, q_loss 188.6317138671875, v_loss 6.346256256103516 ,lr 0.01
INFO:root:epoch 1, Episode 95, total_loss: 473.8342590332031, q_loss 466.30096435546875, v_loss 7.533309459686279 ,lr 0.01
INFO:root:epoch 1, Episode 96, total_loss: 2133.760986328125, q_loss 2114.947265625, v_loss 18.813709259033203 ,lr 0.01
INFO:root:epoch 1, Episode 97, total_loss: 1240.493896484375, q_loss 1227.994873046875, v_loss 12.499025344848633 ,lr 0.01
INFO:root:epoch 1, Episode 98, total_loss: 407.9693908691406, q_loss 403.22308349609375, v_loss 4.746309757232666 ,lr 0.01
INFO:root:epoch 1, Episode 99, total_loss: 1315.4422607421875, q_loss 1308.059326171875, v_loss 7.382930278778076 ,lr 0.01
INFO:root:epoch 1, Episode 100, total_loss: 995.2965087890625, q_loss 981.855224609375, v_loss 13.441267013549805 ,lr 0.01
INFO:root:epoch 1, Episode 101, total_loss: 285.2005920410156, q_loss 280.2991638183594, v_loss 4.901437282562256 ,lr 0.01
INFO:root:epoch 1, Episode 102, total_loss: 634.6459350585938, q_loss 631.7561645507812, v_loss 2.8897764682769775 ,lr 0.01
INFO:root:epoch 1, Episode 103, total_loss: 3081.16357421875, q_loss 3075.201416015625, v_loss 5.962243556976318 ,lr 0.01
INFO:root:epoch 1, Episode 104, total_loss: 254.24642944335938, q_loss 249.8485565185547, v_loss 4.39786958694458 ,lr 0.01
INFO:root:epoch 1, Episode 105, total_loss: 156.86351013183594, q_loss 153.37200927734375, v_loss 3.4915008544921875 ,lr 0.01
INFO:root:epoch 1, Episode 106, total_loss: 585.0408325195312, q_loss 581.260498046875, v_loss 3.7803642749786377 ,lr 0.01
INFO:root:epoch 1, Episode 107, total_loss: 488.9165954589844, q_loss 483.9161071777344, v_loss 5.000478267669678 ,lr 0.01
INFO:root:epoch 1, Episode 108, total_loss: 18.706418991088867, q_loss 14.809819221496582, v_loss 3.8966000080108643 ,lr 0.01
INFO:root:epoch 1, Episode 109, total_loss: 1819.1981201171875, q_loss 1799.56640625, v_loss 19.631694793701172 ,lr 0.01
INFO:root:epoch 1, Episode 110, total_loss: 2903.861572265625, q_loss 2887.486328125, v_loss 16.37517738342285 ,lr 0.01
INFO:root:epoch 1, Episode 111, total_loss: 301.6824645996094, q_loss 288.79522705078125, v_loss 12.88723373413086 ,lr 0.01
INFO:root:epoch 1, Episode 112, total_loss: 2424.15771484375, q_loss 2411.990478515625, v_loss 12.167353630065918 ,lr 0.01
INFO:root:epoch 1, Episode 113, total_loss: 174.99447631835938, q_loss 98.69735717773438, v_loss 76.29711151123047 ,lr 0.01
INFO:root:epoch 1, Episode 114, total_loss: 1559.6529541015625, q_loss 1455.334228515625, v_loss 104.31873321533203 ,lr 0.01
INFO:root:epoch 1, Episode 115, total_loss: 1371.4293212890625, q_loss 1318.6907958984375, v_loss 52.73850631713867 ,lr 0.01
INFO:root:epoch 1, Episode 116, total_loss: 1336.6234130859375, q_loss 1319.5352783203125, v_loss 17.088106155395508 ,lr 0.01
INFO:root:epoch 1, Episode 117, total_loss: 162.63648986816406, q_loss 150.7073211669922, v_loss 11.929168701171875 ,lr 0.01
INFO:root:epoch 1, Episode 118, total_loss: 1180.6214599609375, q_loss 1143.2037353515625, v_loss 37.417747497558594 ,lr 0.01
INFO:root:epoch 1, Episode 119, total_loss: 25.454742431640625, q_loss 18.6267032623291, v_loss 6.828038215637207 ,lr 0.01
INFO:root:epoch 1, Episode 120, total_loss: 1241.7030029296875, q_loss 1233.124267578125, v_loss 8.57872486114502 ,lr 0.01
INFO:root:epoch 1, Episode 121, total_loss: 2743.046630859375, q_loss 2740.736083984375, v_loss 2.310436964035034 ,lr 0.01
INFO:root:epoch 1, Episode 122, total_loss: 3316.3046875, q_loss 3310.83251953125, v_loss 5.4721784591674805 ,lr 0.01
INFO:root:epoch 1, Episode 123, total_loss: 1078.3614501953125, q_loss 1075.685546875, v_loss 2.6758811473846436 ,lr 0.01
INFO:root:epoch 1, Episode 124, total_loss: 612.838623046875, q_loss 606.8380737304688, v_loss 6.000568389892578 ,lr 0.01
INFO:root:epoch 1, Episode 125, total_loss: 59.09410858154297, q_loss 55.97190475463867, v_loss 3.1222026348114014 ,lr 0.01
INFO:root:epoch 1, Episode 126, total_loss: 7.003960609436035, q_loss 5.00990104675293, v_loss 1.994059681892395 ,lr 0.01
INFO:root:epoch 1, Episode 127, total_loss: 815.719970703125, q_loss 812.1495361328125, v_loss 3.570406436920166 ,lr 0.01
INFO:root:epoch 1, Episode 128, total_loss: 1506.550537109375, q_loss 1504.2471923828125, v_loss 2.3033483028411865 ,lr 0.01
INFO:root:epoch 1, Episode 129, total_loss: 303.34918212890625, q_loss 301.8832092285156, v_loss 1.4659801721572876 ,lr 0.01
INFO:root:epoch 1, Episode 130, total_loss: 617.1282958984375, q_loss 616.1100463867188, v_loss 1.0182212591171265 ,lr 0.01
INFO:root:epoch 1, Episode 131, total_loss: 4.969476222991943, q_loss 3.9814274311065674, v_loss 0.9880488514900208 ,lr 0.01
INFO:root:epoch 1, Episode 132, total_loss: 169.47726440429688, q_loss 167.9390106201172, v_loss 1.5382603406906128 ,lr 0.01
INFO:root:epoch 1, Episode 133, total_loss: 5701.83984375, q_loss 5700.0400390625, v_loss 1.7995933294296265 ,lr 0.01
INFO:root:epoch 1, Episode 134, total_loss: 128.0579833984375, q_loss 126.27827453613281, v_loss 1.7797069549560547 ,lr 0.01
INFO:root:epoch 1, Episode 135, total_loss: 367.22674560546875, q_loss 366.0661315917969, v_loss 1.1606216430664062 ,lr 0.01
INFO:root:epoch 1, Episode 136, total_loss: 140.01443481445312, q_loss 139.27574157714844, v_loss 0.7386935949325562 ,lr 0.01
INFO:root:epoch 1, Episode 137, total_loss: 407.3068542480469, q_loss 406.0917053222656, v_loss 1.2151511907577515 ,lr 0.01
INFO:root:epoch 1, Episode 138, total_loss: 145.18336486816406, q_loss 144.5114288330078, v_loss 0.6719291806221008 ,lr 0.01
INFO:root:epoch 1, Episode 139, total_loss: 405.2414245605469, q_loss 403.65374755859375, v_loss 1.587677001953125 ,lr 0.01
INFO:root:epoch 1, Episode 140, total_loss: 6.266495704650879, q_loss 4.915093898773193, v_loss 1.351401686668396 ,lr 0.01
INFO:root:epoch 1, Episode 141, total_loss: 624.0555419921875, q_loss 623.03076171875, v_loss 1.0247784852981567 ,lr 0.01
INFO:root:epoch 1, Episode 142, total_loss: 2774.99462890625, q_loss 2773.666015625, v_loss 1.3285921812057495 ,lr 0.01
INFO:root:epoch 1, Episode 143, total_loss: 194.07070922851562, q_loss 192.3459930419922, v_loss 1.7247121334075928 ,lr 0.01
INFO:root:val_loss 1.258873462677002
INFO:root:epoch 1, Episode 144, total_loss: 8.212528228759766, q_loss 6.096612453460693, v_loss 2.1159162521362305 ,lr 0.01
INFO:root:epoch 1, Episode 145, total_loss: 115.4673080444336, q_loss 110.06659698486328, v_loss 5.400712490081787 ,lr 0.01
INFO:root:epoch 1, Episode 146, total_loss: 965.6748657226562, q_loss 960.03125, v_loss 5.643627166748047 ,lr 0.01
INFO:root:epoch 1, Episode 147, total_loss: 281.592529296875, q_loss 276.87786865234375, v_loss 4.714672565460205 ,lr 0.01
INFO:root:epoch 1, Episode 148, total_loss: 138.30142211914062, q_loss 134.12486267089844, v_loss 4.176565647125244 ,lr 0.01
INFO:root:epoch 1, Episode 149, total_loss: 123.25272369384766, q_loss 118.79708099365234, v_loss 4.4556427001953125 ,lr 0.01
INFO:root:epoch 1, Episode 150, total_loss: 911.76513671875, q_loss 908.1597290039062, v_loss 3.605400562286377 ,lr 0.01
INFO:root:epoch 1, Episode 151, total_loss: 389.1726989746094, q_loss 382.8798522949219, v_loss 6.292840003967285 ,lr 0.01
INFO:root:epoch 1, Episode 152, total_loss: 10.357683181762695, q_loss 8.880561828613281, v_loss 1.477121353149414 ,lr 0.01
INFO:root:epoch 1, Episode 153, total_loss: 250.80471801757812, q_loss 248.70542907714844, v_loss 2.099287509918213 ,lr 0.01
INFO:root:epoch 1, Episode 154, total_loss: 562.3154296875, q_loss 560.9723510742188, v_loss 1.3430873155593872 ,lr 0.01
INFO:root:epoch 1, Episode 155, total_loss: 289.446044921875, q_loss 288.5268249511719, v_loss 0.9192349910736084 ,lr 0.01
INFO:root:epoch 1, Episode 156, total_loss: 7.771614074707031, q_loss 7.443055629730225, v_loss 0.32855838537216187 ,lr 0.01
INFO:root:epoch 1, Episode 157, total_loss: 3982.248046875, q_loss 3982.0419921875, v_loss 0.2060249149799347 ,lr 0.01
INFO:root:epoch 1, Episode 158, total_loss: 284.84844970703125, q_loss 277.49078369140625, v_loss 7.357671737670898 ,lr 0.01
INFO:root:epoch 1, Episode 159, total_loss: 943.06298828125, q_loss 920.0126342773438, v_loss 23.05036735534668 ,lr 0.01
INFO:root:epoch 1, Episode 160, total_loss: 85.59756469726562, q_loss 71.74332427978516, v_loss 13.854240417480469 ,lr 0.01
INFO:root:epoch 1, Episode 161, total_loss: 628.8656616210938, q_loss 537.1253662109375, v_loss 91.74029541015625 ,lr 0.01
INFO:root:epoch 1, Episode 162, total_loss: 169.19183349609375, q_loss 138.18894958496094, v_loss 31.002887725830078 ,lr 0.01
INFO:root:epoch 1, Episode 163, total_loss: 1573.3594970703125, q_loss 1529.2974853515625, v_loss 44.062034606933594 ,lr 0.01
INFO:root:epoch 1, Episode 164, total_loss: 175.01150512695312, q_loss 163.2418212890625, v_loss 11.769685745239258 ,lr 0.01
INFO:root:epoch 1, Episode 165, total_loss: 285.9222412109375, q_loss 269.1557312011719, v_loss 16.76650619506836 ,lr 0.01
INFO:root:epoch 1, Episode 166, total_loss: 363.47906494140625, q_loss 347.7933654785156, v_loss 15.685690879821777 ,lr 0.01
INFO:root:epoch 1, Episode 167, total_loss: 747.219970703125, q_loss 721.449951171875, v_loss 25.770048141479492 ,lr 0.01
INFO:root:epoch 1, Episode 168, total_loss: 2086.229736328125, q_loss 2075.4384765625, v_loss 10.791318893432617 ,lr 0.01
INFO:root:epoch 1, Episode 169, total_loss: 32.36885452270508, q_loss 29.577852249145508, v_loss 2.791001319885254 ,lr 0.01
INFO:root:epoch 1, Episode 170, total_loss: 94.82337188720703, q_loss 85.88182830810547, v_loss 8.941543579101562 ,lr 0.01
INFO:root:epoch 1, Episode 171, total_loss: 524.2171020507812, q_loss 519.5751342773438, v_loss 4.641943454742432 ,lr 0.01
INFO:root:epoch 1, Episode 172, total_loss: 1539.9036865234375, q_loss 1528.113037109375, v_loss 11.79069709777832 ,lr 0.01
INFO:root:epoch 1, Episode 173, total_loss: 3831.478515625, q_loss 3828.671630859375, v_loss 2.8067753314971924 ,lr 0.01
INFO:root:epoch 1, Episode 174, total_loss: 351.60015869140625, q_loss 344.4121398925781, v_loss 7.188024520874023 ,lr 0.01
INFO:root:epoch 1, Episode 175, total_loss: 7.713131904602051, q_loss 6.545129776000977, v_loss 1.1680018901824951 ,lr 0.01
INFO:root:epoch 1, Episode 176, total_loss: 165.18978881835938, q_loss 160.50511169433594, v_loss 4.684670925140381 ,lr 0.01
INFO:root:epoch 1, Episode 177, total_loss: 1130.7823486328125, q_loss 1125.4559326171875, v_loss 5.326384544372559 ,lr 0.01
INFO:root:epoch 1, Episode 178, total_loss: 582.7363891601562, q_loss 580.5100708007812, v_loss 2.2262916564941406 ,lr 0.01
INFO:root:epoch 1, Episode 179, total_loss: 1498.7841796875, q_loss 1495.194580078125, v_loss 3.5896010398864746 ,lr 0.01
INFO:root:epoch 1, Episode 180, total_loss: 137.80770874023438, q_loss 129.87278747558594, v_loss 7.934919357299805 ,lr 0.01
INFO:root:epoch 1, Episode 181, total_loss: 1130.2691650390625, q_loss 1122.3643798828125, v_loss 7.904738426208496 ,lr 0.01
INFO:root:epoch 1, Episode 182, total_loss: 1253.096923828125, q_loss 1248.3238525390625, v_loss 4.773011684417725 ,lr 0.01
INFO:root:epoch 1, Episode 183, total_loss: 724.2664794921875, q_loss 717.8831787109375, v_loss 6.383270263671875 ,lr 0.01
INFO:root:epoch 1, Episode 184, total_loss: 18.349489212036133, q_loss 11.676387786865234, v_loss 6.67310094833374 ,lr 0.01
INFO:root:epoch 1, Episode 185, total_loss: 838.9356079101562, q_loss 836.8960571289062, v_loss 2.039545774459839 ,lr 0.01
INFO:root:epoch 1, Episode 186, total_loss: 1571.4139404296875, q_loss 1563.5941162109375, v_loss 7.819882392883301 ,lr 0.01
INFO:root:epoch 1, Episode 187, total_loss: 3831.634033203125, q_loss 3827.7666015625, v_loss 3.867365837097168 ,lr 0.01
INFO:root:epoch 1, Episode 188, total_loss: 568.9022827148438, q_loss 565.1710815429688, v_loss 3.7311742305755615 ,lr 0.01
INFO:root:epoch 1, Episode 189, total_loss: 8.258560180664062, q_loss 5.2282395362854, v_loss 3.030320167541504 ,lr 0.01
INFO:root:epoch 1, Episode 190, total_loss: 607.5531616210938, q_loss 603.8571166992188, v_loss 3.696045398712158 ,lr 0.01
INFO:root:epoch 1, Episode 191, total_loss: 161.0232696533203, q_loss 156.19406127929688, v_loss 4.8292059898376465 ,lr 0.01
INFO:root:epoch 1, Episode 192, total_loss: 341.90972900390625, q_loss 336.2059020996094, v_loss 5.703838348388672 ,lr 0.01
INFO:root:epoch 1, Episode 193, total_loss: 10.925284385681152, q_loss 8.219001770019531, v_loss 2.706282377243042 ,lr 0.01
INFO:root:epoch 1, Episode 194, total_loss: 1163.7236328125, q_loss 1159.2093505859375, v_loss 4.51424503326416 ,lr 0.01
INFO:root:epoch 1, Episode 195, total_loss: 223.6217041015625, q_loss 221.0554962158203, v_loss 2.566202402114868 ,lr 0.01
INFO:root:epoch 1, Episode 196, total_loss: 76.01263427734375, q_loss 73.1502685546875, v_loss 2.8623695373535156 ,lr 0.01
INFO:root:epoch 1, Episode 197, total_loss: 4787.02197265625, q_loss 4775.359375, v_loss 11.662519454956055 ,lr 0.01
INFO:root:epoch 1, Episode 198, total_loss: 263.1523742675781, q_loss 259.15362548828125, v_loss 3.998741626739502 ,lr 0.01
INFO:root:epoch 1, Episode 199, total_loss: 620.8623657226562, q_loss 616.60986328125, v_loss 4.252481937408447 ,lr 0.01
INFO:root:epoch 1, Episode 200, total_loss: 257.1053466796875, q_loss 254.6663360595703, v_loss 2.4390053749084473 ,lr 0.01
INFO:root:epoch 1, Episode 201, total_loss: 440.0281982421875, q_loss 436.99267578125, v_loss 3.035512685775757 ,lr 0.01
INFO:root:epoch 1, Episode 202, total_loss: 64.19503784179688, q_loss 61.21379470825195, v_loss 2.98124623298645 ,lr 0.01
INFO:root:epoch 1, Episode 203, total_loss: 2315.095703125, q_loss 2312.418212890625, v_loss 2.6775825023651123 ,lr 0.01
INFO:root:epoch 1, Episode 204, total_loss: 433.25885009765625, q_loss 430.7788391113281, v_loss 2.48002028465271 ,lr 0.01
INFO:root:epoch 1, Episode 205, total_loss: 2199.165283203125, q_loss 2195.614013671875, v_loss 3.55121111869812 ,lr 0.01
INFO:root:epoch 1, Episode 206, total_loss: 7.52242374420166, q_loss 4.993587493896484, v_loss 2.528836488723755 ,lr 0.01
INFO:root:epoch 1, Episode 207, total_loss: 273.1275634765625, q_loss 269.610107421875, v_loss 3.5174615383148193 ,lr 0.01
INFO:root:epoch 1, Episode 208, total_loss: 381.4101257324219, q_loss 377.2738037109375, v_loss 4.136330604553223 ,lr 0.01
INFO:root:epoch 1, Episode 209, total_loss: 10.123578071594238, q_loss 7.2465033531188965, v_loss 2.877074956893921 ,lr 0.01
INFO:root:epoch 1, Episode 210, total_loss: 363.9128723144531, q_loss 360.6422119140625, v_loss 3.2706661224365234 ,lr 0.01
INFO:root:epoch 1, Episode 211, total_loss: 188.71348571777344, q_loss 185.46278381347656, v_loss 3.250694513320923 ,lr 0.01
INFO:root:epoch 1, Episode 212, total_loss: 271.3562927246094, q_loss 266.95782470703125, v_loss 4.398469924926758 ,lr 0.01
INFO:root:epoch 1, Episode 213, total_loss: 1592.9163818359375, q_loss 1590.0186767578125, v_loss 2.8977198600769043 ,lr 0.01
INFO:root:epoch 1, Episode 214, total_loss: 4.847062110900879, q_loss 3.6295101642608643, v_loss 1.2175519466400146 ,lr 0.01
INFO:root:epoch 1, Episode 215, total_loss: 136.32371520996094, q_loss 134.40826416015625, v_loss 1.9154499769210815 ,lr 0.01
INFO:root:epoch 1, Episode 216, total_loss: 221.36941528320312, q_loss 218.41159057617188, v_loss 2.9578278064727783 ,lr 0.01
INFO:root:epoch 1, Episode 217, total_loss: 634.25, q_loss 628.9282836914062, v_loss 5.3217291831970215 ,lr 0.01
INFO:root:epoch 1, Episode 218, total_loss: 137.745361328125, q_loss 136.64993286132812, v_loss 1.0954324007034302 ,lr 0.01
INFO:root:epoch 1, Episode 219, total_loss: 177.15850830078125, q_loss 174.89993286132812, v_loss 2.258568286895752 ,lr 0.01
INFO:root:epoch 1, Episode 220, total_loss: 282.6864013671875, q_loss 280.0161437988281, v_loss 2.670262575149536 ,lr 0.01
INFO:root:epoch 1, Episode 221, total_loss: 1024.9609375, q_loss 1020.2315673828125, v_loss 4.7293596267700195 ,lr 0.01
INFO:root:epoch 1, Episode 222, total_loss: 7.240736961364746, q_loss 5.902206897735596, v_loss 1.3385303020477295 ,lr 0.01
INFO:root:epoch 1, Episode 223, total_loss: 1856.3486328125, q_loss 1854.2042236328125, v_loss 2.144427537918091 ,lr 0.01
INFO:root:epoch 1, Episode 224, total_loss: 156.62803649902344, q_loss 154.28860473632812, v_loss 2.3394365310668945 ,lr 0.01
INFO:root:epoch 1, Episode 225, total_loss: 166.20748901367188, q_loss 164.7100372314453, v_loss 1.4974472522735596 ,lr 0.01
INFO:root:epoch 1, Episode 226, total_loss: 65.32453155517578, q_loss 64.24626159667969, v_loss 1.078266978263855 ,lr 0.01
INFO:root:epoch 1, Episode 227, total_loss: 103.50288391113281, q_loss 102.55736541748047, v_loss 0.9455153346061707 ,lr 0.01
INFO:root:epoch 1, Episode 228, total_loss: 339.9391174316406, q_loss 338.3204040527344, v_loss 1.6187087297439575 ,lr 0.01
INFO:root:epoch 1, Episode 229, total_loss: 301.55328369140625, q_loss 300.0273742675781, v_loss 1.5259202718734741 ,lr 0.01
INFO:root:epoch 1, Episode 230, total_loss: 343.37823486328125, q_loss 342.3421325683594, v_loss 1.0361154079437256 ,lr 0.01
INFO:root:epoch 1, Episode 231, total_loss: 152.34762573242188, q_loss 150.87486267089844, v_loss 1.4727600812911987 ,lr 0.01
INFO:root:epoch 1, Episode 232, total_loss: 1495.9478759765625, q_loss 1494.869384765625, v_loss 1.0785447359085083 ,lr 0.01
INFO:root:epoch 1, Episode 233, total_loss: 1296.513671875, q_loss 1291.1484375, v_loss 5.365257740020752 ,lr 0.01
INFO:root:epoch 1, Episode 234, total_loss: 313.5653076171875, q_loss 310.62353515625, v_loss 2.9417624473571777 ,lr 0.01
INFO:root:epoch 1, Episode 235, total_loss: 5.812345504760742, q_loss 4.616270542144775, v_loss 1.1960748434066772 ,lr 0.01
INFO:root:epoch 1, Episode 236, total_loss: 70.6259536743164, q_loss 68.28273010253906, v_loss 2.343221426010132 ,lr 0.01
INFO:root:epoch 1, Episode 237, total_loss: 1760.9945068359375, q_loss 1756.0677490234375, v_loss 4.926787376403809 ,lr 0.01
INFO:root:epoch 1, Episode 238, total_loss: 2130.31494140625, q_loss 2121.42333984375, v_loss 8.891586303710938 ,lr 0.01
INFO:root:epoch 1, Episode 239, total_loss: 911.6870727539062, q_loss 908.4982299804688, v_loss 3.188866376876831 ,lr 0.01
INFO:root:epoch 1, Episode 240, total_loss: 261.0969543457031, q_loss 258.1085510253906, v_loss 2.988399028778076 ,lr 0.01
INFO:root:epoch 1, Episode 241, total_loss: 346.29840087890625, q_loss 340.6402893066406, v_loss 5.658126354217529 ,lr 0.01
INFO:root:epoch 1, Episode 242, total_loss: 14.006746292114258, q_loss 10.445579528808594, v_loss 3.561166763305664 ,lr 0.01
INFO:root:epoch 1, Episode 243, total_loss: 3466.316650390625, q_loss 3456.4560546875, v_loss 9.860560417175293 ,lr 0.01
INFO:root:val_loss 1.6859956979751587
INFO:root:epoch 1, Episode 244, total_loss: 210.12974548339844, q_loss 202.03396606445312, v_loss 8.095786094665527 ,lr 0.01
INFO:root:epoch 1, Episode 245, total_loss: 3557.11669921875, q_loss 3490.126708984375, v_loss 66.99006652832031 ,lr 0.01
INFO:root:epoch 1, Episode 246, total_loss: 2083.8759765625, q_loss 2028.6268310546875, v_loss 55.24903106689453 ,lr 0.01
INFO:root:epoch 1, Episode 247, total_loss: 93.91304016113281, q_loss 86.26905059814453, v_loss 7.643990993499756 ,lr 0.01
INFO:root:epoch 1, Episode 248, total_loss: 1165.225830078125, q_loss 1160.266357421875, v_loss 4.959481239318848 ,lr 0.01
INFO:root:epoch 1, Episode 249, total_loss: 3878.78662109375, q_loss 3867.3173828125, v_loss 11.469316482543945 ,lr 0.01
INFO:root:epoch 1, Episode 250, total_loss: 268.1425476074219, q_loss 263.49603271484375, v_loss 4.646515369415283 ,lr 0.01
INFO:root:epoch 1, Episode 251, total_loss: 695.1176147460938, q_loss 691.4806518554688, v_loss 3.636934757232666 ,lr 0.01
INFO:root:epoch 1, Episode 252, total_loss: 4133.4228515625, q_loss 4127.4677734375, v_loss 5.955101490020752 ,lr 0.01
INFO:root:epoch 1, Episode 253, total_loss: 137.82521057128906, q_loss 134.34339904785156, v_loss 3.4818098545074463 ,lr 0.01
INFO:root:epoch 1, Episode 254, total_loss: 115.54398345947266, q_loss 111.43647003173828, v_loss 4.107516288757324 ,lr 0.01
INFO:root:epoch 1, Episode 255, total_loss: 1699.7059326171875, q_loss 1695.602294921875, v_loss 4.1035943031311035 ,lr 0.01
INFO:root:epoch 1, Episode 256, total_loss: 288.35906982421875, q_loss 286.7662658691406, v_loss 1.5928183794021606 ,lr 0.01
INFO:root:epoch 1, Episode 257, total_loss: 3064.6064453125, q_loss 3062.298583984375, v_loss 2.307914972305298 ,lr 0.01
INFO:root:epoch 1, Episode 258, total_loss: 518.4987182617188, q_loss 517.1377563476562, v_loss 1.3609592914581299 ,lr 0.01
INFO:root:epoch 1, Episode 259, total_loss: 265.6484680175781, q_loss 263.2174987792969, v_loss 2.4309751987457275 ,lr 0.01
INFO:root:epoch 1, Episode 260, total_loss: 4.254330635070801, q_loss 3.1928887367248535, v_loss 1.0614420175552368 ,lr 0.01
INFO:root:epoch 1, Episode 261, total_loss: 102.40879821777344, q_loss 100.55789947509766, v_loss 1.8508996963500977 ,lr 0.01
INFO:root:epoch 1, Episode 262, total_loss: 1551.391357421875, q_loss 1544.4400634765625, v_loss 6.951336860656738 ,lr 0.01
INFO:root:epoch 1, Episode 263, total_loss: 4.6743011474609375, q_loss 3.4761343002319336, v_loss 1.198166847229004 ,lr 0.01
INFO:root:epoch 1, Episode 264, total_loss: 485.3018493652344, q_loss 483.7907409667969, v_loss 1.5111087560653687 ,lr 0.01
INFO:root:epoch 1, Episode 265, total_loss: 583.1484375, q_loss 581.861572265625, v_loss 1.2868467569351196 ,lr 0.01
INFO:root:epoch 1, Episode 266, total_loss: 73.49330139160156, q_loss 70.89691925048828, v_loss 2.596379280090332 ,lr 0.01
INFO:root:epoch 1, Episode 267, total_loss: 4.95991325378418, q_loss 3.605783700942993, v_loss 1.354129672050476 ,lr 0.01
INFO:root:epoch 1, Episode 268, total_loss: 76.35643768310547, q_loss 73.7091293334961, v_loss 2.647310495376587 ,lr 0.01
INFO:root:epoch 1, Episode 269, total_loss: 434.57647705078125, q_loss 432.2558898925781, v_loss 2.3205971717834473 ,lr 0.01
INFO:root:epoch 1, Episode 270, total_loss: 3040.449462890625, q_loss 3038.440673828125, v_loss 2.008899688720703 ,lr 0.01
INFO:root:epoch 1, Episode 271, total_loss: 79.76990509033203, q_loss 78.33222961425781, v_loss 1.437675952911377 ,lr 0.01
INFO:root:epoch 1, Episode 272, total_loss: 501.573486328125, q_loss 499.018798828125, v_loss 2.5546767711639404 ,lr 0.01
INFO:root:epoch 1, Episode 273, total_loss: 493.0061340332031, q_loss 491.2806091308594, v_loss 1.7255308628082275 ,lr 0.01
INFO:root:epoch 1, Episode 274, total_loss: 5.647512435913086, q_loss 3.8878743648529053, v_loss 1.7596379518508911 ,lr 0.01
INFO:root:epoch 1, Episode 275, total_loss: 601.7715454101562, q_loss 597.6510009765625, v_loss 4.120558261871338 ,lr 0.01
INFO:root:epoch 1, Episode 276, total_loss: 5.988058090209961, q_loss 4.12019157409668, v_loss 1.8678666353225708 ,lr 0.01
INFO:root:epoch 1, Episode 277, total_loss: 2571.839111328125, q_loss 2567.55078125, v_loss 4.288280010223389 ,lr 0.01
INFO:root:epoch 1, Episode 278, total_loss: 3451.277099609375, q_loss 3446.96337890625, v_loss 4.313748836517334 ,lr 0.01
INFO:root:epoch 1, Episode 279, total_loss: 1430.493408203125, q_loss 1428.5042724609375, v_loss 1.9890961647033691 ,lr 0.01
INFO:root:epoch 1, Episode 280, total_loss: 70.00035095214844, q_loss 68.63957214355469, v_loss 1.360779047012329 ,lr 0.01
INFO:root:epoch 1, Episode 281, total_loss: 1567.5467529296875, q_loss 1565.1485595703125, v_loss 2.3982388973236084 ,lr 0.01
INFO:root:epoch 1, Episode 282, total_loss: 3.9698703289031982, q_loss 3.2224957942962646, v_loss 0.7473745942115784 ,lr 0.01
INFO:root:epoch 1, Episode 283, total_loss: 1932.6024169921875, q_loss 1929.3316650390625, v_loss 3.2706942558288574 ,lr 0.01
INFO:root:epoch 1, Episode 284, total_loss: 2742.4921875, q_loss 2739.318115234375, v_loss 3.17399001121521 ,lr 0.01
INFO:root:epoch 1, Episode 285, total_loss: 277.4046936035156, q_loss 274.9638671875, v_loss 2.4408397674560547 ,lr 0.01
INFO:root:epoch 1, Episode 286, total_loss: 8.568662643432617, q_loss 7.036439895629883, v_loss 1.5322232246398926 ,lr 0.01
INFO:root:epoch 1, Episode 287, total_loss: 87.44558715820312, q_loss 83.73603057861328, v_loss 3.70955491065979 ,lr 0.01
INFO:root:epoch 1, Episode 288, total_loss: 1341.8514404296875, q_loss 1333.362548828125, v_loss 8.48893928527832 ,lr 0.01
INFO:root:epoch 1, Episode 289, total_loss: 104.46701049804688, q_loss 102.03006744384766, v_loss 2.436939239501953 ,lr 0.01
INFO:root:epoch 1, Episode 290, total_loss: 789.9854736328125, q_loss 785.4280395507812, v_loss 4.557432651519775 ,lr 0.01
INFO:root:epoch 1, Episode 291, total_loss: 306.2199401855469, q_loss 299.9779052734375, v_loss 6.242023944854736 ,lr 0.01
INFO:root:epoch 1, Episode 292, total_loss: 12.440189361572266, q_loss 9.88792610168457, v_loss 2.552263021469116 ,lr 0.01
INFO:root:epoch 1, Episode 293, total_loss: 390.769287109375, q_loss 387.3033752441406, v_loss 3.46591854095459 ,lr 0.01
INFO:root:epoch 1, Episode 294, total_loss: 453.47125244140625, q_loss 450.68475341796875, v_loss 2.7864902019500732 ,lr 0.01
INFO:root:epoch 1, Episode 295, total_loss: 8.031535148620605, q_loss 6.345030307769775, v_loss 1.6865049600601196 ,lr 0.01
INFO:root:epoch 1, Episode 296, total_loss: 256.20172119140625, q_loss 254.49365234375, v_loss 1.70805823802948 ,lr 0.01
INFO:root:epoch 1, Episode 297, total_loss: 312.1270751953125, q_loss 309.94427490234375, v_loss 2.1827921867370605 ,lr 0.01
INFO:root:epoch 1, Episode 298, total_loss: 141.09666442871094, q_loss 139.7743682861328, v_loss 1.3223023414611816 ,lr 0.01
INFO:root:epoch 1, Episode 299, total_loss: 1147.320068359375, q_loss 1144.5087890625, v_loss 2.8112576007843018 ,lr 0.01
INFO:root:epoch 1, Episode 300, total_loss: 511.31158447265625, q_loss 510.35052490234375, v_loss 0.9610548615455627 ,lr 0.01
INFO:root:epoch 1, Episode 301, total_loss: 82.63704681396484, q_loss 81.75419616699219, v_loss 0.8828494548797607 ,lr 0.01
INFO:root:epoch 1, Episode 302, total_loss: 76.32645416259766, q_loss 75.1971435546875, v_loss 1.1293079853057861 ,lr 0.01
INFO:root:epoch 1, Episode 303, total_loss: 6.961335182189941, q_loss 4.5654215812683105, v_loss 2.395913600921631 ,lr 0.01
INFO:root:epoch 1, Episode 304, total_loss: 1111.4871826171875, q_loss 1108.7576904296875, v_loss 2.729501962661743 ,lr 0.01
INFO:root:epoch 1, Episode 305, total_loss: 2250.565673828125, q_loss 2244.52392578125, v_loss 6.0416436195373535 ,lr 0.01
INFO:root:epoch 1, Episode 306, total_loss: 1492.6943359375, q_loss 1490.152587890625, v_loss 2.5416934490203857 ,lr 0.01
INFO:root:epoch 1, Episode 307, total_loss: 480.16302490234375, q_loss 476.6895446777344, v_loss 3.473480701446533 ,lr 0.01
INFO:root:epoch 1, Episode 308, total_loss: 1161.2965087890625, q_loss 1155.6817626953125, v_loss 5.614686965942383 ,lr 0.01
INFO:root:epoch 1, Episode 309, total_loss: 1526.6622314453125, q_loss 1522.7445068359375, v_loss 3.917699098587036 ,lr 0.01
INFO:root:epoch 1, Episode 310, total_loss: 2252.320556640625, q_loss 2248.464599609375, v_loss 3.856018543243408 ,lr 0.01
INFO:root:epoch 1, Episode 311, total_loss: 1715.8221435546875, q_loss 1713.3184814453125, v_loss 2.5036988258361816 ,lr 0.01
INFO:root:epoch 1, Episode 312, total_loss: 1318.4486083984375, q_loss 1317.4656982421875, v_loss 0.9828526377677917 ,lr 0.01
INFO:root:epoch 1, Episode 313, total_loss: 417.7891845703125, q_loss 415.329833984375, v_loss 2.4593498706817627 ,lr 0.01
INFO:root:epoch 1, Episode 314, total_loss: 1755.06640625, q_loss 1751.69287109375, v_loss 3.3735034465789795 ,lr 0.01
INFO:root:epoch 1, Episode 315, total_loss: 10.034892082214355, q_loss 7.05063533782959, v_loss 2.9842567443847656 ,lr 0.01
INFO:root:epoch 1, Episode 316, total_loss: 368.66326904296875, q_loss 366.76995849609375, v_loss 1.8933169841766357 ,lr 0.01
INFO:root:epoch 1, Episode 317, total_loss: 983.6285400390625, q_loss 980.07666015625, v_loss 3.5518643856048584 ,lr 0.01
INFO:root:epoch 1, Episode 318, total_loss: 12.66477108001709, q_loss 8.990689277648926, v_loss 3.674081563949585 ,lr 0.01
INFO:root:epoch 1, Episode 319, total_loss: 1497.494140625, q_loss 1489.7506103515625, v_loss 7.743541717529297 ,lr 0.01
INFO:root:epoch 1, Episode 320, total_loss: 3941.56591796875, q_loss 3937.504150390625, v_loss 4.061734199523926 ,lr 0.01
INFO:root:epoch 1, Episode 321, total_loss: 107.41691589355469, q_loss 101.26375579833984, v_loss 6.153161525726318 ,lr 0.01
INFO:root:epoch 1, Episode 322, total_loss: 9.391374588012695, q_loss 7.283878326416016, v_loss 2.107496500015259 ,lr 0.01
INFO:root:epoch 1, Episode 323, total_loss: 119.88207244873047, q_loss 113.55375671386719, v_loss 6.32831335067749 ,lr 0.01
INFO:root:epoch 1, Episode 324, total_loss: 174.40505981445312, q_loss 166.29307556152344, v_loss 8.111985206604004 ,lr 0.01
INFO:root:epoch 1, Episode 325, total_loss: 2735.1318359375, q_loss 2731.3046875, v_loss 3.8271613121032715 ,lr 0.01
INFO:root:epoch 1, Episode 326, total_loss: 3396.464599609375, q_loss 3382.90380859375, v_loss 13.560705184936523 ,lr 0.01
INFO:root:epoch 1, Episode 327, total_loss: 306.9522705078125, q_loss 303.35736083984375, v_loss 3.594914197921753 ,lr 0.01
INFO:root:epoch 1, Episode 328, total_loss: 245.09877014160156, q_loss 234.16366577148438, v_loss 10.935099601745605 ,lr 0.01
INFO:root:epoch 1, Episode 329, total_loss: 3656.689697265625, q_loss 3602.886474609375, v_loss 53.80315399169922 ,lr 0.01
INFO:root:epoch 1, Episode 330, total_loss: 117.33707427978516, q_loss 106.41629791259766, v_loss 10.920777320861816 ,lr 0.01
INFO:root:epoch 1, Episode 331, total_loss: 360.1162109375, q_loss 340.5804138183594, v_loss 19.535783767700195 ,lr 0.01
INFO:root:epoch 1, Episode 332, total_loss: 1833.2623291015625, q_loss 1811.979736328125, v_loss 21.282644271850586 ,lr 0.01
INFO:root:epoch 1, Episode 333, total_loss: 1557.83251953125, q_loss 1543.2125244140625, v_loss 14.61996078491211 ,lr 0.01
INFO:root:epoch 1, Episode 334, total_loss: 5144.56103515625, q_loss 5114.4248046875, v_loss 30.136123657226562 ,lr 0.01
INFO:root:epoch 1, Episode 335, total_loss: 113.48043823242188, q_loss 99.46927642822266, v_loss 14.011160850524902 ,lr 0.01
INFO:root:epoch 1, Episode 336, total_loss: 83.85152435302734, q_loss 73.03900146484375, v_loss 10.812521934509277 ,lr 0.01
INFO:root:epoch 1, Episode 337, total_loss: 343.4770812988281, q_loss 315.19830322265625, v_loss 28.278764724731445 ,lr 0.01
INFO:root:epoch 1, Episode 338, total_loss: 1093.3197021484375, q_loss 1083.596435546875, v_loss 9.723248481750488 ,lr 0.01
INFO:root:epoch 1, Episode 339, total_loss: 450.0860290527344, q_loss 423.84686279296875, v_loss 26.239152908325195 ,lr 0.01
INFO:root:epoch 1, Episode 340, total_loss: 9.202339172363281, q_loss 6.45127534866333, v_loss 2.751063585281372 ,lr 0.01
INFO:root:epoch 1, Episode 341, total_loss: 318.6104736328125, q_loss 309.21484375, v_loss 9.3956298828125 ,lr 0.01
INFO:root:epoch 1, Episode 342, total_loss: 131.6485137939453, q_loss 124.38844299316406, v_loss 7.260072231292725 ,lr 0.01
INFO:root:epoch 1, Episode 343, total_loss: 1214.409912109375, q_loss 1210.380859375, v_loss 4.029056072235107 ,lr 0.01
INFO:root:val_loss 1.2257450819015503
INFO:root:epoch 1, Episode 344, total_loss: 647.9459228515625, q_loss 643.9324340820312, v_loss 4.013494968414307 ,lr 0.01
INFO:root:epoch 1, Episode 345, total_loss: 124.96914672851562, q_loss 122.41790771484375, v_loss 2.5512421131134033 ,lr 0.01
INFO:root:epoch 1, Episode 346, total_loss: 939.7647705078125, q_loss 937.63818359375, v_loss 2.1265714168548584 ,lr 0.01
INFO:root:epoch 1, Episode 347, total_loss: 6.124863624572754, q_loss 4.953237056732178, v_loss 1.1716268062591553 ,lr 0.01
INFO:root:epoch 1, Episode 348, total_loss: 296.9542236328125, q_loss 293.3594970703125, v_loss 3.5947372913360596 ,lr 0.01
INFO:root:epoch 1, Episode 349, total_loss: 253.17205810546875, q_loss 251.93417358398438, v_loss 1.237887978553772 ,lr 0.01
INFO:root:epoch 1, Episode 350, total_loss: 165.62046813964844, q_loss 164.71775817871094, v_loss 0.9027095437049866 ,lr 0.01
INFO:root:epoch 1, Episode 351, total_loss: 4.722784519195557, q_loss 4.065432071685791, v_loss 0.6573522686958313 ,lr 0.01
INFO:root:epoch 1, Episode 352, total_loss: 92.95381927490234, q_loss 91.29822540283203, v_loss 1.655592441558838 ,lr 0.01
INFO:root:epoch 1, Episode 353, total_loss: 729.5609741210938, q_loss 726.8430786132812, v_loss 2.7178916931152344 ,lr 0.01
INFO:root:epoch 1, Episode 354, total_loss: 113.47726440429688, q_loss 112.64356231689453, v_loss 0.8337052464485168 ,lr 0.01
INFO:root:epoch 1, Episode 355, total_loss: 198.9224090576172, q_loss 197.53317260742188, v_loss 1.3892414569854736 ,lr 0.01
INFO:root:epoch 1, Episode 356, total_loss: 285.4912414550781, q_loss 283.7848205566406, v_loss 1.7064288854599 ,lr 0.01
INFO:root:epoch 1, Episode 357, total_loss: 400.09515380859375, q_loss 397.5486145019531, v_loss 2.546543836593628 ,lr 0.01
INFO:root:epoch 1, Episode 358, total_loss: 304.04547119140625, q_loss 302.5128479003906, v_loss 1.5326305627822876 ,lr 0.01
INFO:root:epoch 1, Episode 359, total_loss: 300.5152587890625, q_loss 298.24029541015625, v_loss 2.2749760150909424 ,lr 0.01
INFO:root:epoch 1, Episode 360, total_loss: 7.011837005615234, q_loss 4.882426738739014, v_loss 2.1294105052948 ,lr 0.01
INFO:root:epoch 1, Episode 361, total_loss: 4269.06982421875, q_loss 4265.35986328125, v_loss 3.7098960876464844 ,lr 0.01
INFO:root:epoch 1, Episode 362, total_loss: 7.302759170532227, q_loss 4.56702995300293, v_loss 2.7357289791107178 ,lr 0.01
INFO:root:epoch 1, Episode 363, total_loss: 1698.9024658203125, q_loss 1695.97509765625, v_loss 2.9273786544799805 ,lr 0.01
INFO:root:epoch 1, Episode 364, total_loss: 318.46875, q_loss 315.7115173339844, v_loss 2.7572245597839355 ,lr 0.01
INFO:root:epoch 1, Episode 365, total_loss: 5.827584266662598, q_loss 4.009207248687744, v_loss 1.818377137184143 ,lr 0.01
INFO:root:epoch 1, Episode 366, total_loss: 409.30841064453125, q_loss 406.07440185546875, v_loss 3.2339975833892822 ,lr 0.01
INFO:root:epoch 1, Episode 367, total_loss: 2554.720947265625, q_loss 2551.6435546875, v_loss 3.0773158073425293 ,lr 0.01
INFO:root:epoch 1, Episode 368, total_loss: 727.8222045898438, q_loss 725.3915405273438, v_loss 2.4306750297546387 ,lr 0.01
INFO:root:epoch 1, Episode 369, total_loss: 326.8309020996094, q_loss 325.1795349121094, v_loss 1.6513597965240479 ,lr 0.01
INFO:root:epoch 1, Episode 370, total_loss: 381.35784912109375, q_loss 379.30413818359375, v_loss 2.0537006855010986 ,lr 0.01
INFO:root:epoch 1, Episode 371, total_loss: 446.5103759765625, q_loss 444.4195556640625, v_loss 2.090829372406006 ,lr 0.01
INFO:root:epoch 1, Episode 372, total_loss: 4.988398551940918, q_loss 3.914318799972534, v_loss 1.074079990386963 ,lr 0.01
INFO:root:epoch 1, Episode 373, total_loss: 5.51070499420166, q_loss 4.029438018798828, v_loss 1.481266975402832 ,lr 0.01
INFO:root:epoch 1, Episode 374, total_loss: 633.3772583007812, q_loss 631.2823486328125, v_loss 2.0949127674102783 ,lr 0.01
INFO:root:epoch 1, Episode 375, total_loss: 67.63760375976562, q_loss 65.98193359375, v_loss 1.6556702852249146 ,lr 0.01
INFO:root:epoch 1, Episode 376, total_loss: 585.9176025390625, q_loss 582.251220703125, v_loss 3.6663691997528076 ,lr 0.01
INFO:root:epoch 1, Episode 377, total_loss: 4.233562469482422, q_loss 3.2630598545074463, v_loss 0.970502495765686 ,lr 0.01
INFO:root:epoch 1, Episode 378, total_loss: 1953.6417236328125, q_loss 1950.978271484375, v_loss 2.6633944511413574 ,lr 0.01
INFO:root:epoch 1, Episode 379, total_loss: 195.7065887451172, q_loss 194.1781768798828, v_loss 1.5284137725830078 ,lr 0.01
INFO:root:epoch 1, Episode 380, total_loss: 254.977294921875, q_loss 253.41830444335938, v_loss 1.5589839220046997 ,lr 0.01
INFO:root:epoch 1, Episode 381, total_loss: 4.751471996307373, q_loss 3.7907602787017822, v_loss 0.9607115387916565 ,lr 0.01
INFO:root:epoch 1, Episode 382, total_loss: 484.269775390625, q_loss 481.2665710449219, v_loss 3.003190517425537 ,lr 0.01
INFO:root:epoch 1, Episode 383, total_loss: 1854.7337646484375, q_loss 1853.1236572265625, v_loss 1.6101008653640747 ,lr 0.01
INFO:root:epoch 1, Episode 384, total_loss: 473.98419189453125, q_loss 473.1346435546875, v_loss 0.8495575785636902 ,lr 0.01
INFO:root:epoch 1, Episode 385, total_loss: 221.11659240722656, q_loss 220.23753356933594, v_loss 0.8790630102157593 ,lr 0.01
INFO:root:epoch 1, Episode 386, total_loss: 5.247286796569824, q_loss 4.404323577880859, v_loss 0.8429630398750305 ,lr 0.01
INFO:root:epoch 1, Episode 387, total_loss: 3574.779052734375, q_loss 3573.315673828125, v_loss 1.463269591331482 ,lr 0.01
INFO:root:epoch 1, Episode 388, total_loss: 342.3763122558594, q_loss 341.42791748046875, v_loss 0.9483993053436279 ,lr 0.01
INFO:root:epoch 1, Episode 389, total_loss: 3.8453917503356934, q_loss 3.328974962234497, v_loss 0.5164167881011963 ,lr 0.01
INFO:root:epoch 1, Episode 390, total_loss: 596.9893188476562, q_loss 595.034423828125, v_loss 1.9549189805984497 ,lr 0.01
INFO:root:epoch 1, Episode 391, total_loss: 4.647516250610352, q_loss 3.612071990966797, v_loss 1.0354440212249756 ,lr 0.01
INFO:root:epoch 1, Episode 392, total_loss: 302.0144958496094, q_loss 301.0827331542969, v_loss 0.9317570924758911 ,lr 0.01
INFO:root:epoch 1, Episode 393, total_loss: 81.21121215820312, q_loss 79.30131530761719, v_loss 1.9098933935165405 ,lr 0.01
INFO:root:epoch 1, Episode 394, total_loss: 1726.156494140625, q_loss 1719.8695068359375, v_loss 6.287044525146484 ,lr 0.01
INFO:root:epoch 1, Episode 395, total_loss: 729.6497802734375, q_loss 728.4402465820312, v_loss 1.2095063924789429 ,lr 0.01
INFO:root:epoch 1, Episode 396, total_loss: 322.34149169921875, q_loss 321.1143798828125, v_loss 1.227115273475647 ,lr 0.01
INFO:root:epoch 1, Episode 397, total_loss: 7.786864280700684, q_loss 6.2323150634765625, v_loss 1.554549217224121 ,lr 0.01
INFO:root:epoch 1, Episode 398, total_loss: 73.8504409790039, q_loss 71.9455795288086, v_loss 1.9048644304275513 ,lr 0.01
INFO:root:epoch 1, Episode 399, total_loss: 3773.680419921875, q_loss 3771.831298828125, v_loss 1.849012851715088 ,lr 0.01
INFO:root:epoch 1, Episode 400, total_loss: 103.73035430908203, q_loss 102.19080352783203, v_loss 1.539550542831421 ,lr 0.01
INFO:root:epoch 1, Episode 401, total_loss: 147.64218139648438, q_loss 145.48776245117188, v_loss 2.154411792755127 ,lr 0.01
INFO:root:epoch 1, Episode 402, total_loss: 6862.62939453125, q_loss 6859.544921875, v_loss 3.08469557762146 ,lr 0.01
INFO:root:epoch 1, Episode 403, total_loss: 221.91323852539062, q_loss 220.49237060546875, v_loss 1.4208725690841675 ,lr 0.01
INFO:root:epoch 1, Episode 404, total_loss: 240.6564483642578, q_loss 239.40463256835938, v_loss 1.2518168687820435 ,lr 0.01
INFO:root:epoch 1, Episode 405, total_loss: 322.7987365722656, q_loss 321.4981994628906, v_loss 1.3005503416061401 ,lr 0.01
INFO:root:epoch 1, Episode 406, total_loss: 71.89179229736328, q_loss 71.27225494384766, v_loss 0.619540274143219 ,lr 0.01
INFO:root:epoch 1, Episode 407, total_loss: 109.26953887939453, q_loss 108.3072509765625, v_loss 0.962287962436676 ,lr 0.01
INFO:root:epoch 1, Episode 408, total_loss: 710.2791137695312, q_loss 708.2550048828125, v_loss 2.0241305828094482 ,lr 0.01
INFO:root:epoch 1, Episode 409, total_loss: 172.39651489257812, q_loss 171.91702270507812, v_loss 0.4794924855232239 ,lr 0.01
INFO:root:epoch 1, Episode 410, total_loss: 4345.1533203125, q_loss 4343.3349609375, v_loss 1.818422555923462 ,lr 0.01
INFO:root:epoch 1, Episode 411, total_loss: 3.3039660453796387, q_loss 2.835986852645874, v_loss 0.4679791331291199 ,lr 0.01
INFO:root:epoch 1, Episode 412, total_loss: 241.04942321777344, q_loss 239.9092254638672, v_loss 1.1402033567428589 ,lr 0.01
INFO:root:epoch 1, Episode 413, total_loss: 556.0769653320312, q_loss 554.9611206054688, v_loss 1.1158435344696045 ,lr 0.01
INFO:root:epoch 1, Episode 414, total_loss: 5899.78369140625, q_loss 5897.83203125, v_loss 1.9518985748291016 ,lr 0.01
INFO:root:epoch 1, Episode 415, total_loss: 1091.276611328125, q_loss 1090.2535400390625, v_loss 1.0230358839035034 ,lr 0.01
INFO:root:epoch 1, Episode 416, total_loss: 676.959716796875, q_loss 671.5023803710938, v_loss 5.457329750061035 ,lr 0.01
INFO:root:epoch 1, Episode 417, total_loss: 1782.5008544921875, q_loss 1776.7333984375, v_loss 5.767435073852539 ,lr 0.01
INFO:root:epoch 1, Episode 418, total_loss: 76.0805892944336, q_loss 74.8985366821289, v_loss 1.182056188583374 ,lr 0.01
INFO:root:epoch 1, Episode 419, total_loss: 226.1090545654297, q_loss 224.21743774414062, v_loss 1.8916128873825073 ,lr 0.01
INFO:root:epoch 1, Episode 420, total_loss: 378.0710144042969, q_loss 374.73297119140625, v_loss 3.3380391597747803 ,lr 0.01
INFO:root:epoch 1, Episode 421, total_loss: 345.5180969238281, q_loss 342.5337219238281, v_loss 2.984388828277588 ,lr 0.01
INFO:root:epoch 1, Episode 422, total_loss: 1059.43017578125, q_loss 1049.0086669921875, v_loss 10.421546936035156 ,lr 0.01
INFO:root:epoch 1, Episode 423, total_loss: 138.60682678222656, q_loss 131.5957489013672, v_loss 7.011075496673584 ,lr 0.01
INFO:root:epoch 1, Episode 424, total_loss: 1185.160888671875, q_loss 1181.6136474609375, v_loss 3.547278881072998 ,lr 0.01
INFO:root:epoch 1, Episode 425, total_loss: 114.19170379638672, q_loss 107.36286926269531, v_loss 6.828832149505615 ,lr 0.01
INFO:root:epoch 1, Episode 426, total_loss: 128.614501953125, q_loss 120.89629364013672, v_loss 7.71821403503418 ,lr 0.01
INFO:root:epoch 1, Episode 427, total_loss: 520.427978515625, q_loss 508.4347839355469, v_loss 11.993215560913086 ,lr 0.01
INFO:root:epoch 1, Episode 428, total_loss: 721.6736450195312, q_loss 713.762451171875, v_loss 7.911201477050781 ,lr 0.01
INFO:root:epoch 1, Episode 429, total_loss: 530.572509765625, q_loss 515.0092163085938, v_loss 15.563292503356934 ,lr 0.01
INFO:root:epoch 1, Episode 430, total_loss: 360.46038818359375, q_loss 357.1009521484375, v_loss 3.359449625015259 ,lr 0.01
INFO:root:epoch 1, Episode 431, total_loss: 12.888277053833008, q_loss 7.387389659881592, v_loss 5.500887870788574 ,lr 0.01
INFO:root:epoch 1, Episode 432, total_loss: 182.12184143066406, q_loss 174.98077392578125, v_loss 7.141067981719971 ,lr 0.01
INFO:root:epoch 1, Episode 433, total_loss: 743.34912109375, q_loss 737.5360717773438, v_loss 5.813025951385498 ,lr 0.01
INFO:root:epoch 1, Episode 434, total_loss: 16.785907745361328, q_loss 11.918468475341797, v_loss 4.867438793182373 ,lr 0.01
INFO:root:epoch 1, Episode 435, total_loss: 12.259109497070312, q_loss 7.189657211303711, v_loss 5.069452285766602 ,lr 0.01
INFO:root:epoch 1, Episode 436, total_loss: 486.02056884765625, q_loss 481.29278564453125, v_loss 4.727773189544678 ,lr 0.01
INFO:root:epoch 1, Episode 437, total_loss: 702.1544799804688, q_loss 696.7366943359375, v_loss 5.417757034301758 ,lr 0.01
INFO:root:epoch 1, Episode 438, total_loss: 135.4593963623047, q_loss 129.9071044921875, v_loss 5.552297115325928 ,lr 0.01
INFO:root:epoch 1, Episode 439, total_loss: 155.1065216064453, q_loss 152.60618591308594, v_loss 2.500328302383423 ,lr 0.01
INFO:root:epoch 1, Episode 440, total_loss: 443.7096862792969, q_loss 441.54315185546875, v_loss 2.1665194034576416 ,lr 0.01
INFO:root:epoch 1, Episode 441, total_loss: 6.698946475982666, q_loss 4.5610809326171875, v_loss 2.1378655433654785 ,lr 0.01
INFO:root:epoch 1, Episode 442, total_loss: 260.05291748046875, q_loss 257.3560791015625, v_loss 2.696842670440674 ,lr 0.01
INFO:root:epoch 1, Episode 443, total_loss: 4.699042320251465, q_loss 3.2509193420410156, v_loss 1.4481227397918701 ,lr 0.01
INFO:root:val_loss 1.1614190340042114
INFO:root:epoch 1, Episode 444, total_loss: 130.12120056152344, q_loss 127.71265411376953, v_loss 2.408541679382324 ,lr 0.01
INFO:root:epoch 1, Episode 445, total_loss: 5.132221221923828, q_loss 3.579577684402466, v_loss 1.5526435375213623 ,lr 0.01
INFO:root:epoch 1, Episode 446, total_loss: 445.2122802734375, q_loss 441.72137451171875, v_loss 3.490896224975586 ,lr 0.01
INFO:root:epoch 1, Episode 447, total_loss: 7.789193630218506, q_loss 6.315089702606201, v_loss 1.4741039276123047 ,lr 0.01
INFO:root:epoch 1, Episode 448, total_loss: 132.81224060058594, q_loss 131.901611328125, v_loss 0.9106260538101196 ,lr 0.01
INFO:root:epoch 1, Episode 449, total_loss: 204.59274291992188, q_loss 202.6121826171875, v_loss 1.980560541152954 ,lr 0.01
INFO:root:epoch 1, Episode 450, total_loss: 1738.8629150390625, q_loss 1735.9715576171875, v_loss 2.8913211822509766 ,lr 0.01
INFO:root:epoch 1, Episode 451, total_loss: 1292.78173828125, q_loss 1290.65673828125, v_loss 2.1250288486480713 ,lr 0.01
INFO:root:epoch 1, Episode 452, total_loss: 1059.947265625, q_loss 1058.42041015625, v_loss 1.526898741722107 ,lr 0.01
INFO:root:epoch 1, Episode 453, total_loss: 5175.498046875, q_loss 5157.65625, v_loss 17.841777801513672 ,lr 0.01
INFO:root:epoch 1, Episode 454, total_loss: 124.12889862060547, q_loss 122.83361053466797, v_loss 1.2952885627746582 ,lr 0.01
INFO:root:epoch 1, Episode 455, total_loss: 125.28533172607422, q_loss 124.01250457763672, v_loss 1.2728245258331299 ,lr 0.01
INFO:root:epoch 1, Episode 456, total_loss: 258.7203674316406, q_loss 257.77520751953125, v_loss 0.9451640844345093 ,lr 0.01
INFO:root:epoch 2, Episode 0, total_loss: 178.95101928710938, q_loss 177.30755615234375, v_loss 1.6434661149978638 ,lr 0.001
INFO:root:epoch 2, Episode 1, total_loss: 554.9102783203125, q_loss 550.827880859375, v_loss 4.0824079513549805 ,lr 0.001
INFO:root:epoch 2, Episode 2, total_loss: 5.1081976890563965, q_loss 4.0185112953186035, v_loss 1.0896865129470825 ,lr 0.001
INFO:root:epoch 2, Episode 3, total_loss: 5.552332878112793, q_loss 3.991584539413452, v_loss 1.5607482194900513 ,lr 0.001
INFO:root:epoch 2, Episode 4, total_loss: 1480.7757568359375, q_loss 1475.166259765625, v_loss 5.609447956085205 ,lr 0.001
INFO:root:epoch 2, Episode 5, total_loss: 3529.5185546875, q_loss 3513.205810546875, v_loss 16.312789916992188 ,lr 0.001
INFO:root:epoch 2, Episode 6, total_loss: 178.1180877685547, q_loss 176.33006286621094, v_loss 1.7880182266235352 ,lr 0.001
INFO:root:epoch 2, Episode 7, total_loss: 646.0323486328125, q_loss 642.83349609375, v_loss 3.1988415718078613 ,lr 0.001
INFO:root:epoch 2, Episode 8, total_loss: 252.7056427001953, q_loss 251.01165771484375, v_loss 1.6939886808395386 ,lr 0.001
INFO:root:epoch 2, Episode 9, total_loss: 72.96763610839844, q_loss 72.14146423339844, v_loss 0.8261741399765015 ,lr 0.001
INFO:root:epoch 2, Episode 10, total_loss: 2034.9639892578125, q_loss 2009.525634765625, v_loss 25.43839454650879 ,lr 0.001
INFO:root:epoch 2, Episode 11, total_loss: 1325.23193359375, q_loss 1318.946533203125, v_loss 6.285397529602051 ,lr 0.001
INFO:root:epoch 2, Episode 12, total_loss: 2023.6697998046875, q_loss 2005.0789794921875, v_loss 18.59083366394043 ,lr 0.001
INFO:root:epoch 2, Episode 13, total_loss: 134.57699584960938, q_loss 131.45631408691406, v_loss 3.1206789016723633 ,lr 0.001
INFO:root:epoch 2, Episode 14, total_loss: 689.2998046875, q_loss 687.6650390625, v_loss 1.6347906589508057 ,lr 0.001
INFO:root:epoch 2, Episode 15, total_loss: 190.359619140625, q_loss 187.65524291992188, v_loss 2.7043747901916504 ,lr 0.001
INFO:root:epoch 2, Episode 16, total_loss: 61.19729995727539, q_loss 59.24201965332031, v_loss 1.9552809000015259 ,lr 0.001
INFO:root:epoch 2, Episode 17, total_loss: 1152.2994384765625, q_loss 1150.609130859375, v_loss 1.6902999877929688 ,lr 0.001
INFO:root:epoch 2, Episode 18, total_loss: 265.6414489746094, q_loss 260.0056457519531, v_loss 5.635804653167725 ,lr 0.001
INFO:root:epoch 2, Episode 19, total_loss: 2199.00537109375, q_loss 2180.319091796875, v_loss 18.686307907104492 ,lr 0.001
INFO:root:epoch 2, Episode 20, total_loss: 153.25909423828125, q_loss 149.09722900390625, v_loss 4.161866188049316 ,lr 0.001
INFO:root:epoch 2, Episode 21, total_loss: 5729.32177734375, q_loss 5719.11767578125, v_loss 10.20412826538086 ,lr 0.001
INFO:root:epoch 2, Episode 22, total_loss: 434.3651123046875, q_loss 429.4388427734375, v_loss 4.926260471343994 ,lr 0.001
INFO:root:epoch 2, Episode 23, total_loss: 3880.16845703125, q_loss 3820.65087890625, v_loss 59.517478942871094 ,lr 0.001
INFO:root:epoch 2, Episode 24, total_loss: 228.16152954101562, q_loss 226.1599884033203, v_loss 2.001546621322632 ,lr 0.001
INFO:root:epoch 2, Episode 25, total_loss: 4.793432235717773, q_loss 3.686164140701294, v_loss 1.1072678565979004 ,lr 0.001
INFO:root:epoch 2, Episode 26, total_loss: 1848.0400390625, q_loss 1844.016845703125, v_loss 4.023152828216553 ,lr 0.001
INFO:root:epoch 2, Episode 27, total_loss: 2189.077880859375, q_loss 2167.497802734375, v_loss 21.5800838470459 ,lr 0.001
INFO:root:epoch 2, Episode 28, total_loss: 85.5994644165039, q_loss 83.73809814453125, v_loss 1.8613698482513428 ,lr 0.001
INFO:root:epoch 2, Episode 29, total_loss: 354.472900390625, q_loss 350.706298828125, v_loss 3.766597032546997 ,lr 0.001
INFO:root:epoch 2, Episode 30, total_loss: 58.816429138183594, q_loss 57.928619384765625, v_loss 0.8878090977668762 ,lr 0.001
INFO:root:epoch 2, Episode 31, total_loss: 198.72299194335938, q_loss 195.56915283203125, v_loss 3.153839111328125 ,lr 0.001
INFO:root:epoch 2, Episode 32, total_loss: 503.17193603515625, q_loss 500.0744934082031, v_loss 3.0974550247192383 ,lr 0.001
INFO:root:epoch 2, Episode 33, total_loss: 598.2652587890625, q_loss 593.2767944335938, v_loss 4.988460540771484 ,lr 0.001
INFO:root:epoch 2, Episode 34, total_loss: 4.960577487945557, q_loss 3.875499725341797, v_loss 1.0850778818130493 ,lr 0.001
INFO:root:epoch 2, Episode 35, total_loss: 168.30943298339844, q_loss 167.39556884765625, v_loss 0.9138639569282532 ,lr 0.001
INFO:root:epoch 2, Episode 36, total_loss: 1478.35498046875, q_loss 1477.0447998046875, v_loss 1.3101924657821655 ,lr 0.001
INFO:root:epoch 2, Episode 37, total_loss: 93.46898651123047, q_loss 92.31256103515625, v_loss 1.1564241647720337 ,lr 0.001
INFO:root:epoch 2, Episode 38, total_loss: 1184.849365234375, q_loss 1182.5443115234375, v_loss 2.3050994873046875 ,lr 0.001
INFO:root:epoch 2, Episode 39, total_loss: 1183.2418212890625, q_loss 1181.2308349609375, v_loss 2.010977268218994 ,lr 0.001
INFO:root:epoch 2, Episode 40, total_loss: 1351.139892578125, q_loss 1348.8447265625, v_loss 2.2951807975769043 ,lr 0.001
INFO:root:epoch 2, Episode 41, total_loss: 1079.6287841796875, q_loss 1074.734375, v_loss 4.894394397735596 ,lr 0.001
INFO:root:epoch 2, Episode 42, total_loss: 322.95166015625, q_loss 320.6368103027344, v_loss 2.314852476119995 ,lr 0.001
INFO:root:epoch 2, Episode 43, total_loss: 116.13226318359375, q_loss 114.56486511230469, v_loss 1.5673967599868774 ,lr 0.001
INFO:root:epoch 2, Episode 44, total_loss: 62.66505432128906, q_loss 62.109683990478516, v_loss 0.5553717613220215 ,lr 0.001
INFO:root:epoch 2, Episode 45, total_loss: 221.25717163085938, q_loss 219.4691162109375, v_loss 1.788056492805481 ,lr 0.001
INFO:root:epoch 2, Episode 46, total_loss: 73.72785949707031, q_loss 72.94281005859375, v_loss 0.7850465774536133 ,lr 0.001
INFO:root:epoch 2, Episode 47, total_loss: 1121.329833984375, q_loss 1110.4283447265625, v_loss 10.901516914367676 ,lr 0.001
INFO:root:epoch 2, Episode 48, total_loss: 1455.8348388671875, q_loss 1454.0921630859375, v_loss 1.7427215576171875 ,lr 0.001
INFO:root:epoch 2, Episode 49, total_loss: 214.69046020507812, q_loss 213.14910888671875, v_loss 1.5413453578948975 ,lr 0.001
INFO:root:epoch 2, Episode 50, total_loss: 486.3377380371094, q_loss 483.7422790527344, v_loss 2.595447540283203 ,lr 0.001
INFO:root:epoch 2, Episode 51, total_loss: 65.04627990722656, q_loss 64.2354507446289, v_loss 0.8108327984809875 ,lr 0.001
INFO:root:epoch 2, Episode 52, total_loss: 143.0132293701172, q_loss 141.573974609375, v_loss 1.4392555952072144 ,lr 0.001
INFO:root:epoch 2, Episode 53, total_loss: 1189.1025390625, q_loss 1186.626953125, v_loss 2.4755685329437256 ,lr 0.001
INFO:root:epoch 2, Episode 54, total_loss: 383.4952087402344, q_loss 381.74591064453125, v_loss 1.749310851097107 ,lr 0.001
INFO:root:epoch 2, Episode 55, total_loss: 296.24884033203125, q_loss 295.10870361328125, v_loss 1.1401286125183105 ,lr 0.001
INFO:root:epoch 2, Episode 56, total_loss: 1758.8974609375, q_loss 1747.6224365234375, v_loss 11.275030136108398 ,lr 0.001
INFO:root:epoch 2, Episode 57, total_loss: 3.8709254264831543, q_loss 3.0601348876953125, v_loss 0.8107904195785522 ,lr 0.001
INFO:root:epoch 2, Episode 58, total_loss: 106.85839080810547, q_loss 105.75884246826172, v_loss 1.0995488166809082 ,lr 0.001
INFO:root:epoch 2, Episode 59, total_loss: 4200.12451171875, q_loss 4194.11572265625, v_loss 6.0085649490356445 ,lr 0.001
INFO:root:epoch 2, Episode 60, total_loss: 79.76912689208984, q_loss 78.71269989013672, v_loss 1.056425929069519 ,lr 0.001
INFO:root:epoch 2, Episode 61, total_loss: 2256.43994140625, q_loss 2254.08154296875, v_loss 2.3583624362945557 ,lr 0.001
INFO:root:epoch 2, Episode 62, total_loss: 203.73117065429688, q_loss 202.30418395996094, v_loss 1.4269933700561523 ,lr 0.001
INFO:root:epoch 2, Episode 63, total_loss: 4.372676372528076, q_loss 3.7536137104034424, v_loss 0.6190624833106995 ,lr 0.001
INFO:root:epoch 2, Episode 64, total_loss: 250.64772033691406, q_loss 249.1552276611328, v_loss 1.4924941062927246 ,lr 0.001
INFO:root:epoch 2, Episode 65, total_loss: 5235.2666015625, q_loss 5200.62939453125, v_loss 34.63737106323242 ,lr 0.001
INFO:root:epoch 2, Episode 66, total_loss: 3.7023777961730957, q_loss 2.8520119190216064, v_loss 0.8503658771514893 ,lr 0.001
INFO:root:epoch 2, Episode 67, total_loss: 254.4779510498047, q_loss 253.22933959960938, v_loss 1.2486062049865723 ,lr 0.001
INFO:root:epoch 2, Episode 68, total_loss: 702.7445068359375, q_loss 700.7027587890625, v_loss 2.0417184829711914 ,lr 0.001
INFO:root:epoch 2, Episode 69, total_loss: 1298.85791015625, q_loss 1294.9359130859375, v_loss 3.9220328330993652 ,lr 0.001
INFO:root:epoch 2, Episode 70, total_loss: 3.598928689956665, q_loss 3.085245132446289, v_loss 0.513683557510376 ,lr 0.001
INFO:root:epoch 2, Episode 71, total_loss: 424.9042663574219, q_loss 422.6329345703125, v_loss 2.2713184356689453 ,lr 0.001
INFO:root:epoch 2, Episode 72, total_loss: 5.177795886993408, q_loss 3.6573734283447266, v_loss 1.520422339439392 ,lr 0.001
INFO:root:epoch 2, Episode 73, total_loss: 1473.2576904296875, q_loss 1470.12451171875, v_loss 3.1331331729888916 ,lr 0.001
INFO:root:epoch 2, Episode 74, total_loss: 3505.02001953125, q_loss 3478.42041015625, v_loss 26.599578857421875 ,lr 0.001
INFO:root:epoch 2, Episode 75, total_loss: 115.01930236816406, q_loss 114.3003921508789, v_loss 0.7189064621925354 ,lr 0.001
INFO:root:epoch 2, Episode 76, total_loss: 60.606666564941406, q_loss 58.871498107910156, v_loss 1.7351690530776978 ,lr 0.001
INFO:root:epoch 2, Episode 77, total_loss: 4.141862869262695, q_loss 3.177567958831787, v_loss 0.9642946720123291 ,lr 0.001
INFO:root:epoch 2, Episode 78, total_loss: 83.57142639160156, q_loss 82.29047393798828, v_loss 1.280953288078308 ,lr 0.001
INFO:root:epoch 2, Episode 79, total_loss: 693.6839599609375, q_loss 689.7196044921875, v_loss 3.964376211166382 ,lr 0.001
INFO:root:epoch 2, Episode 80, total_loss: 2113.06884765625, q_loss 2102.8515625, v_loss 10.217193603515625 ,lr 0.001
INFO:root:epoch 2, Episode 81, total_loss: 158.65750122070312, q_loss 155.08950805664062, v_loss 3.5679984092712402 ,lr 0.001
INFO:root:epoch 2, Episode 82, total_loss: 1504.125732421875, q_loss 1497.6925048828125, v_loss 6.433210372924805 ,lr 0.001
INFO:root:epoch 2, Episode 83, total_loss: 4.903905868530273, q_loss 3.5624382495880127, v_loss 1.3414677381515503 ,lr 0.001
INFO:root:epoch 2, Episode 84, total_loss: 340.98931884765625, q_loss 338.6478271484375, v_loss 2.3414955139160156 ,lr 0.001
INFO:root:epoch 2, Episode 85, total_loss: 3.817918539047241, q_loss 2.9111711978912354, v_loss 0.9067472815513611 ,lr 0.001
INFO:root:epoch 2, Episode 86, total_loss: 95.98069763183594, q_loss 94.63047790527344, v_loss 1.350217580795288 ,lr 0.001
INFO:root:val_loss 1.0128422975540161
INFO:root:epoch 2, Episode 87, total_loss: 73.56773376464844, q_loss 72.4736557006836, v_loss 1.0940814018249512 ,lr 0.001
INFO:root:epoch 2, Episode 88, total_loss: 154.00851440429688, q_loss 152.6199493408203, v_loss 1.3885631561279297 ,lr 0.001
INFO:root:epoch 2, Episode 89, total_loss: 2025.6968994140625, q_loss 2008.2701416015625, v_loss 17.426807403564453 ,lr 0.001
INFO:root:epoch 2, Episode 90, total_loss: 1486.7950439453125, q_loss 1483.874755859375, v_loss 2.9203107357025146 ,lr 0.001
INFO:root:epoch 2, Episode 91, total_loss: 1372.0660400390625, q_loss 1361.5989990234375, v_loss 10.46709156036377 ,lr 0.001
INFO:root:epoch 2, Episode 92, total_loss: 480.80364990234375, q_loss 478.1971435546875, v_loss 2.606494903564453 ,lr 0.001
INFO:root:epoch 2, Episode 93, total_loss: 288.80364990234375, q_loss 285.1690368652344, v_loss 3.634625196456909 ,lr 0.001
INFO:root:epoch 2, Episode 94, total_loss: 165.54254150390625, q_loss 162.10638427734375, v_loss 3.4361507892608643 ,lr 0.001
INFO:root:epoch 2, Episode 95, total_loss: 496.7347412109375, q_loss 494.3766784667969, v_loss 2.358060359954834 ,lr 0.001
INFO:root:epoch 2, Episode 96, total_loss: 2079.621337890625, q_loss 2074.092529296875, v_loss 5.5288190841674805 ,lr 0.001
INFO:root:epoch 2, Episode 97, total_loss: 1332.2064208984375, q_loss 1326.573974609375, v_loss 5.632424354553223 ,lr 0.001
INFO:root:epoch 2, Episode 98, total_loss: 376.18634033203125, q_loss 374.6959533691406, v_loss 1.4903970956802368 ,lr 0.001
INFO:root:epoch 2, Episode 99, total_loss: 1197.071533203125, q_loss 1190.99072265625, v_loss 6.080810070037842 ,lr 0.001
INFO:root:epoch 2, Episode 100, total_loss: 966.1871948242188, q_loss 958.49169921875, v_loss 7.695488929748535 ,lr 0.001
INFO:root:epoch 2, Episode 101, total_loss: 259.5903625488281, q_loss 257.8517761230469, v_loss 1.7385766506195068 ,lr 0.001
INFO:root:epoch 2, Episode 102, total_loss: 593.03662109375, q_loss 591.4509887695312, v_loss 1.5856555700302124 ,lr 0.001
INFO:root:epoch 2, Episode 103, total_loss: 3040.432861328125, q_loss 3035.9462890625, v_loss 4.486512660980225 ,lr 0.001
INFO:root:epoch 2, Episode 104, total_loss: 251.97149658203125, q_loss 249.85855102539062, v_loss 2.1129446029663086 ,lr 0.001
INFO:root:epoch 2, Episode 105, total_loss: 148.38156127929688, q_loss 146.03732299804688, v_loss 2.344245672225952 ,lr 0.001
INFO:root:epoch 2, Episode 106, total_loss: 536.007080078125, q_loss 533.28955078125, v_loss 2.717529296875 ,lr 0.001
INFO:root:epoch 2, Episode 107, total_loss: 461.7751770019531, q_loss 460.1578674316406, v_loss 1.6173146963119507 ,lr 0.001
INFO:root:epoch 2, Episode 108, total_loss: 5.01638126373291, q_loss 3.7102980613708496, v_loss 1.3060832023620605 ,lr 0.001
INFO:root:epoch 2, Episode 109, total_loss: 1791.9820556640625, q_loss 1767.7821044921875, v_loss 24.19997787475586 ,lr 0.001
INFO:root:epoch 2, Episode 110, total_loss: 2748.397705078125, q_loss 2730.175537109375, v_loss 18.222108840942383 ,lr 0.001
INFO:root:epoch 2, Episode 111, total_loss: 234.69772338867188, q_loss 232.35049438476562, v_loss 2.347224473953247 ,lr 0.001
INFO:root:epoch 2, Episode 112, total_loss: 2692.1513671875, q_loss 2677.01171875, v_loss 15.139726638793945 ,lr 0.001
INFO:root:epoch 2, Episode 113, total_loss: 4.092473983764648, q_loss 3.1906814575195312, v_loss 0.9017926454544067 ,lr 0.001
INFO:root:epoch 2, Episode 114, total_loss: 1249.8905029296875, q_loss 1248.0247802734375, v_loss 1.865674376487732 ,lr 0.001
INFO:root:epoch 2, Episode 115, total_loss: 1285.44873046875, q_loss 1283.92822265625, v_loss 1.5205273628234863 ,lr 0.001
INFO:root:epoch 2, Episode 116, total_loss: 1329.555908203125, q_loss 1324.94189453125, v_loss 4.613955974578857 ,lr 0.001
INFO:root:epoch 2, Episode 117, total_loss: 124.77413177490234, q_loss 123.77703094482422, v_loss 0.9971045255661011 ,lr 0.001
INFO:root:epoch 2, Episode 118, total_loss: 950.4771728515625, q_loss 947.3927001953125, v_loss 3.0844998359680176 ,lr 0.001
INFO:root:epoch 2, Episode 119, total_loss: 4.4472150802612305, q_loss 3.2543866634368896, v_loss 1.1928281784057617 ,lr 0.001
INFO:root:epoch 2, Episode 120, total_loss: 1211.30810546875, q_loss 1210.0941162109375, v_loss 1.2140352725982666 ,lr 0.001
INFO:root:epoch 2, Episode 121, total_loss: 2733.742919921875, q_loss 2730.785888671875, v_loss 2.956955671310425 ,lr 0.001
INFO:root:epoch 2, Episode 122, total_loss: 3200.885986328125, q_loss 3199.261962890625, v_loss 1.624114990234375 ,lr 0.001
INFO:root:epoch 2, Episode 123, total_loss: 1071.9051513671875, q_loss 1069.5811767578125, v_loss 2.323916435241699 ,lr 0.001
INFO:root:epoch 2, Episode 124, total_loss: 580.7129516601562, q_loss 576.2860107421875, v_loss 4.426957130432129 ,lr 0.001
INFO:root:epoch 2, Episode 125, total_loss: 56.32712173461914, q_loss 54.83962631225586, v_loss 1.4874937534332275 ,lr 0.001
INFO:root:epoch 2, Episode 126, total_loss: 5.192004680633545, q_loss 3.6829538345336914, v_loss 1.509050726890564 ,lr 0.001
INFO:root:epoch 2, Episode 127, total_loss: 782.201904296875, q_loss 779.146728515625, v_loss 3.055197238922119 ,lr 0.001
INFO:root:epoch 2, Episode 128, total_loss: 1453.74462890625, q_loss 1451.74169921875, v_loss 2.002890110015869 ,lr 0.001
INFO:root:epoch 2, Episode 129, total_loss: 294.1578063964844, q_loss 291.5062561035156, v_loss 2.6515603065490723 ,lr 0.001
INFO:root:epoch 2, Episode 130, total_loss: 622.266357421875, q_loss 618.0765380859375, v_loss 4.189799785614014 ,lr 0.001
INFO:root:epoch 2, Episode 131, total_loss: 5.128520965576172, q_loss 3.761176586151123, v_loss 1.3673444986343384 ,lr 0.001
INFO:root:epoch 2, Episode 132, total_loss: 167.52731323242188, q_loss 165.6056365966797, v_loss 1.9216737747192383 ,lr 0.001
INFO:root:epoch 2, Episode 133, total_loss: 5617.37353515625, q_loss 5615.54443359375, v_loss 1.8288788795471191 ,lr 0.001
INFO:root:epoch 2, Episode 134, total_loss: 126.78750610351562, q_loss 124.72586059570312, v_loss 2.0616440773010254 ,lr 0.001
INFO:root:epoch 2, Episode 135, total_loss: 357.3940124511719, q_loss 355.8713073730469, v_loss 1.5227001905441284 ,lr 0.001
INFO:root:epoch 2, Episode 136, total_loss: 136.41358947753906, q_loss 135.30795288085938, v_loss 1.1056296825408936 ,lr 0.001
INFO:root:epoch 2, Episode 137, total_loss: 401.1621398925781, q_loss 398.9564208984375, v_loss 2.2057063579559326 ,lr 0.001
INFO:root:epoch 2, Episode 138, total_loss: 141.18780517578125, q_loss 139.63946533203125, v_loss 1.5483324527740479 ,lr 0.001
INFO:root:epoch 2, Episode 139, total_loss: 401.05303955078125, q_loss 398.8471374511719, v_loss 2.20591402053833 ,lr 0.001
INFO:root:epoch 2, Episode 140, total_loss: 4.543556213378906, q_loss 3.43452787399292, v_loss 1.1090282201766968 ,lr 0.001
INFO:root:epoch 2, Episode 141, total_loss: 612.7030639648438, q_loss 611.6650390625, v_loss 1.038010835647583 ,lr 0.001
INFO:root:epoch 2, Episode 142, total_loss: 2729.917236328125, q_loss 2728.15087890625, v_loss 1.7662432193756104 ,lr 0.001
INFO:root:epoch 2, Episode 143, total_loss: 188.5886993408203, q_loss 186.77810668945312, v_loss 1.81059992313385 ,lr 0.001
INFO:root:epoch 2, Episode 144, total_loss: 5.206079483032227, q_loss 3.597304582595825, v_loss 1.6087751388549805 ,lr 0.001
INFO:root:epoch 2, Episode 145, total_loss: 101.76481628417969, q_loss 99.86458587646484, v_loss 1.9002283811569214 ,lr 0.001
INFO:root:epoch 2, Episode 146, total_loss: 940.9013061523438, q_loss 939.2159423828125, v_loss 1.6853916645050049 ,lr 0.001
INFO:root:epoch 2, Episode 147, total_loss: 276.0862121582031, q_loss 274.4173889160156, v_loss 1.6688356399536133 ,lr 0.001
INFO:root:epoch 2, Episode 148, total_loss: 130.71372985839844, q_loss 129.40586853027344, v_loss 1.3078538179397583 ,lr 0.001
INFO:root:epoch 2, Episode 149, total_loss: 109.79822540283203, q_loss 107.70854187011719, v_loss 2.0896828174591064 ,lr 0.001
INFO:root:epoch 2, Episode 150, total_loss: 892.4876708984375, q_loss 891.0101928710938, v_loss 1.4775078296661377 ,lr 0.001
INFO:root:epoch 2, Episode 151, total_loss: 337.5974426269531, q_loss 333.09661865234375, v_loss 4.500823020935059 ,lr 0.001
INFO:root:epoch 2, Episode 152, total_loss: 3.9670825004577637, q_loss 2.9688923358917236, v_loss 0.9981902837753296 ,lr 0.001
INFO:root:epoch 2, Episode 153, total_loss: 222.05865478515625, q_loss 220.08514404296875, v_loss 1.9735145568847656 ,lr 0.001
INFO:root:epoch 2, Episode 154, total_loss: 562.1765747070312, q_loss 560.4102172851562, v_loss 1.7663309574127197 ,lr 0.001
INFO:root:epoch 2, Episode 155, total_loss: 285.6323547363281, q_loss 283.9988708496094, v_loss 1.6334911584854126 ,lr 0.001
INFO:root:epoch 2, Episode 156, total_loss: 10.115911483764648, q_loss 9.243339538574219, v_loss 0.8725717663764954 ,lr 0.001
INFO:root:epoch 2, Episode 157, total_loss: 3853.94140625, q_loss 3853.146484375, v_loss 0.7948881983757019 ,lr 0.001
INFO:root:epoch 2, Episode 158, total_loss: 261.244384765625, q_loss 259.0169372558594, v_loss 2.227437734603882 ,lr 0.001
INFO:root:epoch 2, Episode 159, total_loss: 1039.9576416015625, q_loss 1034.599609375, v_loss 5.358086585998535 ,lr 0.001
INFO:root:epoch 2, Episode 160, total_loss: 4.387670993804932, q_loss 3.146615505218506, v_loss 1.2410553693771362 ,lr 0.001
INFO:root:epoch 2, Episode 161, total_loss: 373.8060302734375, q_loss 369.7919006347656, v_loss 4.014139652252197 ,lr 0.001
INFO:root:epoch 2, Episode 162, total_loss: 4.545177459716797, q_loss 3.38781476020813, v_loss 1.157362937927246 ,lr 0.001
INFO:root:epoch 2, Episode 163, total_loss: 1308.0870361328125, q_loss 1306.4090576171875, v_loss 1.6780213117599487 ,lr 0.001
INFO:root:epoch 2, Episode 164, total_loss: 70.33280944824219, q_loss 69.40718841552734, v_loss 0.9256203770637512 ,lr 0.001
INFO:root:epoch 2, Episode 165, total_loss: 196.14093017578125, q_loss 194.6612548828125, v_loss 1.4796795845031738 ,lr 0.001
INFO:root:epoch 2, Episode 166, total_loss: 255.0655517578125, q_loss 253.81094360351562, v_loss 1.254610300064087 ,lr 0.001
INFO:root:epoch 2, Episode 167, total_loss: 491.2331848144531, q_loss 488.41180419921875, v_loss 2.8213768005371094 ,lr 0.001
INFO:root:epoch 2, Episode 168, total_loss: 1861.2574462890625, q_loss 1858.652099609375, v_loss 2.605367660522461 ,lr 0.001
INFO:root:epoch 2, Episode 169, total_loss: 8.029406547546387, q_loss 7.440711498260498, v_loss 0.5886948704719543 ,lr 0.001
INFO:root:epoch 2, Episode 170, total_loss: 63.99946212768555, q_loss 62.829803466796875, v_loss 1.1696593761444092 ,lr 0.001
INFO:root:epoch 2, Episode 171, total_loss: 487.78497314453125, q_loss 485.642333984375, v_loss 2.142629623413086 ,lr 0.001
INFO:root:epoch 2, Episode 172, total_loss: 1516.94580078125, q_loss 1510.27587890625, v_loss 6.669977188110352 ,lr 0.001
INFO:root:epoch 2, Episode 173, total_loss: 3782.6474609375, q_loss 3781.540771484375, v_loss 1.1066325902938843 ,lr 0.001
INFO:root:epoch 2, Episode 174, total_loss: 341.97900390625, q_loss 337.4432373046875, v_loss 4.535770416259766 ,lr 0.001
INFO:root:epoch 2, Episode 175, total_loss: 4.929559230804443, q_loss 4.162790298461914, v_loss 0.7667690515518188 ,lr 0.001
INFO:root:epoch 2, Episode 176, total_loss: 149.8508758544922, q_loss 147.81809997558594, v_loss 2.032780170440674 ,lr 0.001
INFO:root:epoch 2, Episode 177, total_loss: 1101.687744140625, q_loss 1100.282958984375, v_loss 1.4047842025756836 ,lr 0.001
INFO:root:epoch 2, Episode 178, total_loss: 564.313232421875, q_loss 563.454833984375, v_loss 0.8583801984786987 ,lr 0.001
INFO:root:epoch 2, Episode 179, total_loss: 1489.1641845703125, q_loss 1485.8887939453125, v_loss 3.275428533554077 ,lr 0.001
INFO:root:epoch 2, Episode 180, total_loss: 118.52101135253906, q_loss 117.30052947998047, v_loss 1.2204800844192505 ,lr 0.001
INFO:root:epoch 2, Episode 181, total_loss: 1072.745849609375, q_loss 1071.1859130859375, v_loss 1.5599403381347656 ,lr 0.001
INFO:root:epoch 2, Episode 182, total_loss: 1188.3953857421875, q_loss 1187.5986328125, v_loss 0.7967357039451599 ,lr 0.001
INFO:root:epoch 2, Episode 183, total_loss: 650.38623046875, q_loss 647.934326171875, v_loss 2.4519290924072266 ,lr 0.001
INFO:root:epoch 2, Episode 184, total_loss: 3.895357608795166, q_loss 3.0870842933654785, v_loss 0.8082732558250427 ,lr 0.001
INFO:root:epoch 2, Episode 185, total_loss: 820.5890502929688, q_loss 819.97216796875, v_loss 0.6168693900108337 ,lr 0.001
INFO:root:epoch 2, Episode 186, total_loss: 1539.0926513671875, q_loss 1536.9132080078125, v_loss 2.1794841289520264 ,lr 0.001
INFO:root:val_loss 1.0571027994155884
INFO:root:epoch 2, Episode 187, total_loss: 3769.873291015625, q_loss 3767.6728515625, v_loss 2.2004942893981934 ,lr 0.001
INFO:root:epoch 2, Episode 188, total_loss: 560.45068359375, q_loss 558.5740966796875, v_loss 1.8766165971755981 ,lr 0.001
INFO:root:epoch 2, Episode 189, total_loss: 3.7288331985473633, q_loss 3.0164849758148193, v_loss 0.7123483419418335 ,lr 0.001
INFO:root:epoch 2, Episode 190, total_loss: 552.3057250976562, q_loss 550.6640014648438, v_loss 1.6416984796524048 ,lr 0.001
INFO:root:epoch 2, Episode 191, total_loss: 153.39846801757812, q_loss 152.3222198486328, v_loss 1.0762468576431274 ,lr 0.001
INFO:root:epoch 2, Episode 192, total_loss: 313.727294921875, q_loss 312.7021484375, v_loss 1.0251377820968628 ,lr 0.001
INFO:root:epoch 2, Episode 193, total_loss: 3.302457571029663, q_loss 2.4219980239868164, v_loss 0.8804594874382019 ,lr 0.001
INFO:root:epoch 2, Episode 194, total_loss: 1161.6876220703125, q_loss 1158.02197265625, v_loss 3.665672779083252 ,lr 0.001
INFO:root:epoch 2, Episode 195, total_loss: 214.07240295410156, q_loss 213.14974975585938, v_loss 0.9226469397544861 ,lr 0.001
INFO:root:epoch 2, Episode 196, total_loss: 64.0633544921875, q_loss 63.27050018310547, v_loss 0.7928512096405029 ,lr 0.001
INFO:root:epoch 2, Episode 197, total_loss: 4643.23046875, q_loss 4640.3603515625, v_loss 2.86993670463562 ,lr 0.001
INFO:root:epoch 2, Episode 198, total_loss: 243.88633728027344, q_loss 242.6728515625, v_loss 1.2134848833084106 ,lr 0.001
INFO:root:epoch 2, Episode 199, total_loss: 589.715087890625, q_loss 588.4829711914062, v_loss 1.2321405410766602 ,lr 0.001
INFO:root:epoch 2, Episode 200, total_loss: 250.56275939941406, q_loss 249.7034454345703, v_loss 0.8593076467514038 ,lr 0.001
INFO:root:epoch 2, Episode 201, total_loss: 414.4951477050781, q_loss 412.6834411621094, v_loss 1.811716079711914 ,lr 0.001
INFO:root:epoch 2, Episode 202, total_loss: 65.13447570800781, q_loss 64.35173797607422, v_loss 0.782737672328949 ,lr 0.001
INFO:root:epoch 2, Episode 203, total_loss: 2292.697021484375, q_loss 2291.607666015625, v_loss 1.0894290208816528 ,lr 0.001
INFO:root:epoch 2, Episode 204, total_loss: 428.2303771972656, q_loss 427.45452880859375, v_loss 0.7758454084396362 ,lr 0.001
INFO:root:epoch 2, Episode 205, total_loss: 2180.615966796875, q_loss 2178.21044921875, v_loss 2.4055333137512207 ,lr 0.001
INFO:root:epoch 2, Episode 206, total_loss: 3.686964273452759, q_loss 2.8323495388031006, v_loss 0.8546146750450134 ,lr 0.001
INFO:root:epoch 2, Episode 207, total_loss: 256.8612060546875, q_loss 255.2769317626953, v_loss 1.5842703580856323 ,lr 0.001
INFO:root:epoch 2, Episode 208, total_loss: 344.62530517578125, q_loss 343.64385986328125, v_loss 0.9814575910568237 ,lr 0.001
INFO:root:epoch 2, Episode 209, total_loss: 3.853271961212158, q_loss 3.014859914779663, v_loss 0.8384121656417847 ,lr 0.001
INFO:root:epoch 2, Episode 210, total_loss: 330.87945556640625, q_loss 329.6388244628906, v_loss 1.240620732307434 ,lr 0.001
INFO:root:epoch 2, Episode 211, total_loss: 179.00262451171875, q_loss 177.97836303710938, v_loss 1.0242594480514526 ,lr 0.001
INFO:root:epoch 2, Episode 212, total_loss: 266.0849304199219, q_loss 264.3795166015625, v_loss 1.705427885055542 ,lr 0.001
INFO:root:epoch 2, Episode 213, total_loss: 1557.9542236328125, q_loss 1556.7034912109375, v_loss 1.250685214996338 ,lr 0.001
INFO:root:epoch 2, Episode 214, total_loss: 3.2048912048339844, q_loss 2.628878355026245, v_loss 0.5760128498077393 ,lr 0.001
INFO:root:epoch 2, Episode 215, total_loss: 132.06228637695312, q_loss 130.87574768066406, v_loss 1.1865386962890625 ,lr 0.001
INFO:root:epoch 2, Episode 216, total_loss: 219.37232971191406, q_loss 217.3497772216797, v_loss 2.022549629211426 ,lr 0.001
INFO:root:epoch 2, Episode 217, total_loss: 643.2190551757812, q_loss 639.6984252929688, v_loss 3.520613670349121 ,lr 0.001
INFO:root:epoch 2, Episode 218, total_loss: 132.59646606445312, q_loss 132.10452270507812, v_loss 0.4919452369213104 ,lr 0.001
INFO:root:epoch 2, Episode 219, total_loss: 168.27578735351562, q_loss 167.37954711914062, v_loss 0.8962447643280029 ,lr 0.001
INFO:root:epoch 2, Episode 220, total_loss: 278.946533203125, q_loss 277.5783996582031, v_loss 1.3681271076202393 ,lr 0.001
INFO:root:epoch 2, Episode 221, total_loss: 989.6055297851562, q_loss 987.1979370117188, v_loss 2.4075934886932373 ,lr 0.001
INFO:root:epoch 2, Episode 222, total_loss: 3.3010668754577637, q_loss 2.6943106651306152, v_loss 0.6067561507225037 ,lr 0.001
INFO:root:epoch 2, Episode 223, total_loss: 1830.4478759765625, q_loss 1829.276611328125, v_loss 1.1712353229522705 ,lr 0.001
INFO:root:epoch 2, Episode 224, total_loss: 156.07070922851562, q_loss 155.01132202148438, v_loss 1.059386134147644 ,lr 0.001
INFO:root:epoch 2, Episode 225, total_loss: 162.86578369140625, q_loss 162.16514587402344, v_loss 0.7006354331970215 ,lr 0.001
INFO:root:epoch 2, Episode 226, total_loss: 64.2030258178711, q_loss 63.39063262939453, v_loss 0.812394917011261 ,lr 0.001
INFO:root:epoch 2, Episode 227, total_loss: 103.89552307128906, q_loss 103.15447235107422, v_loss 0.741048276424408 ,lr 0.001
INFO:root:epoch 2, Episode 228, total_loss: 335.3291015625, q_loss 333.1711730957031, v_loss 2.1579291820526123 ,lr 0.001
INFO:root:epoch 2, Episode 229, total_loss: 295.650390625, q_loss 294.7861633300781, v_loss 0.8642130494117737 ,lr 0.001
INFO:root:epoch 2, Episode 230, total_loss: 342.1301574707031, q_loss 341.0740661621094, v_loss 1.056099534034729 ,lr 0.001
INFO:root:epoch 2, Episode 231, total_loss: 152.2238006591797, q_loss 150.57794189453125, v_loss 1.6458659172058105 ,lr 0.001
INFO:root:epoch 2, Episode 232, total_loss: 1467.4833984375, q_loss 1466.716552734375, v_loss 0.766882061958313 ,lr 0.001
INFO:root:epoch 2, Episode 233, total_loss: 1308.6260986328125, q_loss 1304.7916259765625, v_loss 3.8344509601593018 ,lr 0.001
INFO:root:epoch 2, Episode 234, total_loss: 304.6661682128906, q_loss 303.0911560058594, v_loss 1.575027346611023 ,lr 0.001
INFO:root:epoch 2, Episode 235, total_loss: 4.299221038818359, q_loss 3.512179374694824, v_loss 0.7870415449142456 ,lr 0.001
INFO:root:epoch 2, Episode 236, total_loss: 67.0351333618164, q_loss 66.30524444580078, v_loss 0.7298920154571533 ,lr 0.001
INFO:root:epoch 2, Episode 237, total_loss: 1722.9671630859375, q_loss 1718.2703857421875, v_loss 4.696807861328125 ,lr 0.001
INFO:root:epoch 2, Episode 238, total_loss: 2100.9384765625, q_loss 2093.354248046875, v_loss 7.584171295166016 ,lr 0.001
INFO:root:epoch 2, Episode 239, total_loss: 882.8018188476562, q_loss 881.6738891601562, v_loss 1.127951979637146 ,lr 0.001
INFO:root:epoch 2, Episode 240, total_loss: 258.8560485839844, q_loss 257.9022521972656, v_loss 0.9538050889968872 ,lr 0.001
INFO:root:epoch 2, Episode 241, total_loss: 354.826416015625, q_loss 352.424072265625, v_loss 2.402357578277588 ,lr 0.001
INFO:root:epoch 2, Episode 242, total_loss: 4.057121753692627, q_loss 3.4045257568359375, v_loss 0.6525959372520447 ,lr 0.001
INFO:root:epoch 2, Episode 243, total_loss: 3399.1767578125, q_loss 3397.726318359375, v_loss 1.4505101442337036 ,lr 0.001
INFO:root:epoch 2, Episode 244, total_loss: 190.81842041015625, q_loss 189.47036743164062, v_loss 1.348059892654419 ,lr 0.001
INFO:root:epoch 2, Episode 245, total_loss: 3420.400390625, q_loss 3405.8505859375, v_loss 14.5499267578125 ,lr 0.001
INFO:root:epoch 2, Episode 246, total_loss: 2110.26708984375, q_loss 2099.180419921875, v_loss 11.086694717407227 ,lr 0.001
INFO:root:epoch 2, Episode 247, total_loss: 79.54605865478516, q_loss 78.53071594238281, v_loss 1.0153430700302124 ,lr 0.001
INFO:root:epoch 2, Episode 248, total_loss: 1116.6480712890625, q_loss 1111.6719970703125, v_loss 4.976044178009033 ,lr 0.001
INFO:root:epoch 2, Episode 249, total_loss: 3838.988525390625, q_loss 3837.15283203125, v_loss 1.8357667922973633 ,lr 0.001
INFO:root:epoch 2, Episode 250, total_loss: 255.9219512939453, q_loss 254.30734252929688, v_loss 1.6146016120910645 ,lr 0.001
INFO:root:epoch 2, Episode 251, total_loss: 666.9844970703125, q_loss 666.0661010742188, v_loss 0.9184144735336304 ,lr 0.001
INFO:root:epoch 2, Episode 252, total_loss: 4079.791259765625, q_loss 4078.09033203125, v_loss 1.701038122177124 ,lr 0.001
INFO:root:epoch 2, Episode 253, total_loss: 130.4544677734375, q_loss 128.82437133789062, v_loss 1.6300897598266602 ,lr 0.001
INFO:root:epoch 2, Episode 254, total_loss: 112.07038116455078, q_loss 110.81991577148438, v_loss 1.2504663467407227 ,lr 0.001
INFO:root:epoch 2, Episode 255, total_loss: 1684.9061279296875, q_loss 1682.7425537109375, v_loss 2.1635496616363525 ,lr 0.001
INFO:root:epoch 2, Episode 256, total_loss: 296.83807373046875, q_loss 295.02911376953125, v_loss 1.8089494705200195 ,lr 0.001
INFO:root:epoch 2, Episode 257, total_loss: 3049.476318359375, q_loss 3046.85791015625, v_loss 2.6184215545654297 ,lr 0.001
INFO:root:epoch 2, Episode 258, total_loss: 518.1915283203125, q_loss 517.0433349609375, v_loss 1.1481976509094238 ,lr 0.001
INFO:root:epoch 2, Episode 259, total_loss: 267.91241455078125, q_loss 265.8752746582031, v_loss 2.0371272563934326 ,lr 0.001
INFO:root:epoch 2, Episode 260, total_loss: 3.7580580711364746, q_loss 2.7903966903686523, v_loss 0.967661440372467 ,lr 0.001
INFO:root:epoch 2, Episode 261, total_loss: 101.117919921875, q_loss 98.9438247680664, v_loss 2.174093723297119 ,lr 0.001
INFO:root:epoch 2, Episode 262, total_loss: 1474.727783203125, q_loss 1469.42626953125, v_loss 5.3014702796936035 ,lr 0.001
INFO:root:epoch 2, Episode 263, total_loss: 4.076201438903809, q_loss 3.1680843830108643, v_loss 0.9081171154975891 ,lr 0.001
INFO:root:epoch 2, Episode 264, total_loss: 488.9159851074219, q_loss 487.03662109375, v_loss 1.8793662786483765 ,lr 0.001
INFO:root:epoch 2, Episode 265, total_loss: 578.561767578125, q_loss 577.2989501953125, v_loss 1.2628320455551147 ,lr 0.001
INFO:root:epoch 2, Episode 266, total_loss: 72.83211517333984, q_loss 70.75173950195312, v_loss 2.080374240875244 ,lr 0.001
INFO:root:epoch 2, Episode 267, total_loss: 3.7108945846557617, q_loss 2.8650455474853516, v_loss 0.8458489179611206 ,lr 0.001
INFO:root:epoch 2, Episode 268, total_loss: 75.34521484375, q_loss 73.5613784790039, v_loss 1.7838393449783325 ,lr 0.001
INFO:root:epoch 2, Episode 269, total_loss: 431.5341491699219, q_loss 429.82818603515625, v_loss 1.7059566974639893 ,lr 0.001
INFO:root:epoch 2, Episode 270, total_loss: 3023.47607421875, q_loss 3022.2392578125, v_loss 1.2367527484893799 ,lr 0.001
INFO:root:epoch 2, Episode 271, total_loss: 79.5252685546875, q_loss 78.51911926269531, v_loss 1.0061476230621338 ,lr 0.001
INFO:root:epoch 2, Episode 272, total_loss: 513.9512329101562, q_loss 510.92047119140625, v_loss 3.030747652053833 ,lr 0.001
INFO:root:epoch 2, Episode 273, total_loss: 486.7939147949219, q_loss 485.36297607421875, v_loss 1.4309238195419312 ,lr 0.001
INFO:root:epoch 2, Episode 274, total_loss: 3.639863967895508, q_loss 2.8742849826812744, v_loss 0.7655788660049438 ,lr 0.001
INFO:root:epoch 2, Episode 275, total_loss: 559.80029296875, q_loss 556.9360961914062, v_loss 2.8642239570617676 ,lr 0.001
INFO:root:epoch 2, Episode 276, total_loss: 4.493303298950195, q_loss 3.1591410636901855, v_loss 1.3341624736785889 ,lr 0.001
INFO:root:epoch 2, Episode 277, total_loss: 2524.027099609375, q_loss 2521.2353515625, v_loss 2.791806936264038 ,lr 0.001
INFO:root:epoch 2, Episode 278, total_loss: 3349.7744140625, q_loss 3346.897216796875, v_loss 2.877223014831543 ,lr 0.001
INFO:root:epoch 2, Episode 279, total_loss: 1437.4781494140625, q_loss 1436.173583984375, v_loss 1.304589033126831 ,lr 0.001
INFO:root:epoch 2, Episode 280, total_loss: 73.78768920898438, q_loss 71.67036437988281, v_loss 2.1173222064971924 ,lr 0.001
INFO:root:epoch 2, Episode 281, total_loss: 1520.269287109375, q_loss 1512.3651123046875, v_loss 7.904143333435059 ,lr 0.001
INFO:root:epoch 2, Episode 282, total_loss: 4.143664360046387, q_loss 3.1607158184051514, v_loss 0.9829487800598145 ,lr 0.001
INFO:root:epoch 2, Episode 283, total_loss: 1909.6817626953125, q_loss 1906.6038818359375, v_loss 3.07784104347229 ,lr 0.001
INFO:root:epoch 2, Episode 284, total_loss: 2756.1103515625, q_loss 2754.155029296875, v_loss 1.9553303718566895 ,lr 0.001
INFO:root:epoch 2, Episode 285, total_loss: 269.3683776855469, q_loss 267.2019348144531, v_loss 2.1664373874664307 ,lr 0.001
INFO:root:epoch 2, Episode 286, total_loss: 4.05473518371582, q_loss 3.2067699432373047, v_loss 0.8479654788970947 ,lr 0.001
INFO:root:val_loss 1.0622376203536987
INFO:root:epoch 2, Episode 287, total_loss: 74.08662414550781, q_loss 72.09557342529297, v_loss 1.9910500049591064 ,lr 0.001
INFO:root:epoch 2, Episode 288, total_loss: 1328.4180908203125, q_loss 1324.4066162109375, v_loss 4.011469841003418 ,lr 0.001
INFO:root:epoch 2, Episode 289, total_loss: 85.15450286865234, q_loss 84.07209014892578, v_loss 1.0824159383773804 ,lr 0.001
INFO:root:epoch 2, Episode 290, total_loss: 781.129638671875, q_loss 779.7102661132812, v_loss 1.4193772077560425 ,lr 0.001
INFO:root:epoch 2, Episode 291, total_loss: 268.5302734375, q_loss 266.4471740722656, v_loss 2.083111524581909 ,lr 0.001
INFO:root:epoch 2, Episode 292, total_loss: 3.9693636894226074, q_loss 2.9804017543792725, v_loss 0.9889618754386902 ,lr 0.001
INFO:root:epoch 2, Episode 293, total_loss: 346.06195068359375, q_loss 344.5747375488281, v_loss 1.4872007369995117 ,lr 0.001
INFO:root:epoch 2, Episode 294, total_loss: 433.95538330078125, q_loss 432.873291015625, v_loss 1.0820809602737427 ,lr 0.001
INFO:root:epoch 2, Episode 295, total_loss: 4.375280857086182, q_loss 3.557652235031128, v_loss 0.8176284432411194 ,lr 0.001
INFO:root:epoch 2, Episode 296, total_loss: 250.8064727783203, q_loss 249.67478942871094, v_loss 1.1316862106323242 ,lr 0.001
INFO:root:epoch 2, Episode 297, total_loss: 310.3557434082031, q_loss 308.41259765625, v_loss 1.943151593208313 ,lr 0.001
INFO:root:epoch 2, Episode 298, total_loss: 141.58111572265625, q_loss 139.9937286376953, v_loss 1.5873796939849854 ,lr 0.001
INFO:root:epoch 2, Episode 299, total_loss: 1153.0704345703125, q_loss 1149.845458984375, v_loss 3.2250001430511475 ,lr 0.001
INFO:root:epoch 2, Episode 300, total_loss: 511.0133972167969, q_loss 509.82574462890625, v_loss 1.187641978263855 ,lr 0.001
INFO:root:epoch 2, Episode 301, total_loss: 80.369384765625, q_loss 79.77093505859375, v_loss 0.5984522104263306 ,lr 0.001
INFO:root:epoch 2, Episode 302, total_loss: 72.70704650878906, q_loss 71.73290252685547, v_loss 0.9741438031196594 ,lr 0.001
INFO:root:epoch 2, Episode 303, total_loss: 5.504563331604004, q_loss 3.8753814697265625, v_loss 1.6291818618774414 ,lr 0.001
INFO:root:epoch 2, Episode 304, total_loss: 1093.6544189453125, q_loss 1091.0289306640625, v_loss 2.6254827976226807 ,lr 0.001
INFO:root:epoch 2, Episode 305, total_loss: 2232.169677734375, q_loss 2229.95654296875, v_loss 2.213120222091675 ,lr 0.001
INFO:root:epoch 2, Episode 306, total_loss: 1522.4896240234375, q_loss 1516.5108642578125, v_loss 5.978766441345215 ,lr 0.001
INFO:root:epoch 2, Episode 307, total_loss: 469.1165771484375, q_loss 467.1922607421875, v_loss 1.9243285655975342 ,lr 0.001
INFO:root:epoch 2, Episode 308, total_loss: 1170.162841796875, q_loss 1164.97412109375, v_loss 5.188755035400391 ,lr 0.001
INFO:root:epoch 2, Episode 309, total_loss: 1507.7779541015625, q_loss 1504.627197265625, v_loss 3.1507203578948975 ,lr 0.001
INFO:root:epoch 2, Episode 310, total_loss: 2036.4569091796875, q_loss 2029.505126953125, v_loss 6.95174503326416 ,lr 0.001
INFO:root:epoch 2, Episode 311, total_loss: 1675.0885009765625, q_loss 1674.0191650390625, v_loss 1.0693178176879883 ,lr 0.001
INFO:root:epoch 2, Episode 312, total_loss: 1317.9459228515625, q_loss 1312.9395751953125, v_loss 5.006364822387695 ,lr 0.001
INFO:root:epoch 2, Episode 313, total_loss: 407.86297607421875, q_loss 406.4068298339844, v_loss 1.4561454057693481 ,lr 0.001
INFO:root:epoch 2, Episode 314, total_loss: 1775.2197265625, q_loss 1770.370849609375, v_loss 4.848865032196045 ,lr 0.001
INFO:root:epoch 2, Episode 315, total_loss: 4.286317825317383, q_loss 3.451277732849121, v_loss 0.8350401520729065 ,lr 0.001
INFO:root:epoch 2, Episode 316, total_loss: 357.1712646484375, q_loss 355.4905700683594, v_loss 1.6807081699371338 ,lr 0.001
INFO:root:epoch 2, Episode 317, total_loss: 939.3333129882812, q_loss 934.7957763671875, v_loss 4.537520408630371 ,lr 0.001
INFO:root:epoch 2, Episode 318, total_loss: 3.4176502227783203, q_loss 2.6845593452453613, v_loss 0.7330908179283142 ,lr 0.001
INFO:root:epoch 2, Episode 319, total_loss: 1511.6317138671875, q_loss 1507.622314453125, v_loss 4.009408473968506 ,lr 0.001
INFO:root:epoch 2, Episode 320, total_loss: 3858.427490234375, q_loss 3856.847900390625, v_loss 1.5795210599899292 ,lr 0.001
INFO:root:epoch 2, Episode 321, total_loss: 92.69657135009766, q_loss 91.59156799316406, v_loss 1.1050063371658325 ,lr 0.001
INFO:root:epoch 2, Episode 322, total_loss: 4.852311611175537, q_loss 4.305787563323975, v_loss 0.5465240478515625 ,lr 0.001
INFO:root:epoch 2, Episode 323, total_loss: 105.98202514648438, q_loss 104.61393737792969, v_loss 1.368085503578186 ,lr 0.001
INFO:root:epoch 2, Episode 324, total_loss: 159.498779296875, q_loss 157.98719787597656, v_loss 1.5115854740142822 ,lr 0.001
INFO:root:epoch 2, Episode 325, total_loss: 2708.181396484375, q_loss 2706.411865234375, v_loss 1.769454002380371 ,lr 0.001
INFO:root:epoch 2, Episode 326, total_loss: 3464.642822265625, q_loss 3449.74951171875, v_loss 14.893363952636719 ,lr 0.001
INFO:root:epoch 2, Episode 327, total_loss: 292.51312255859375, q_loss 291.73272705078125, v_loss 0.7803968787193298 ,lr 0.001
INFO:root:epoch 2, Episode 328, total_loss: 224.84912109375, q_loss 223.0684814453125, v_loss 1.7806414365768433 ,lr 0.001
INFO:root:epoch 2, Episode 329, total_loss: 3420.830322265625, q_loss 3404.9697265625, v_loss 15.860563278198242 ,lr 0.001
INFO:root:epoch 2, Episode 330, total_loss: 86.88923645019531, q_loss 85.68133544921875, v_loss 1.2079027891159058 ,lr 0.001
INFO:root:epoch 2, Episode 331, total_loss: 317.5906982421875, q_loss 315.669677734375, v_loss 1.921008586883545 ,lr 0.001
INFO:root:epoch 2, Episode 332, total_loss: 1954.7625732421875, q_loss 1944.6209716796875, v_loss 10.14156436920166 ,lr 0.001
INFO:root:epoch 2, Episode 333, total_loss: 1505.023193359375, q_loss 1503.14453125, v_loss 1.8786901235580444 ,lr 0.001
INFO:root:epoch 2, Episode 334, total_loss: 5171.83203125, q_loss 5153.6943359375, v_loss 18.13789939880371 ,lr 0.001
INFO:root:epoch 2, Episode 335, total_loss: 88.1146240234375, q_loss 86.23627471923828, v_loss 1.878347635269165 ,lr 0.001
INFO:root:epoch 2, Episode 336, total_loss: 61.702911376953125, q_loss 59.881988525390625, v_loss 1.820921540260315 ,lr 0.001
INFO:root:epoch 2, Episode 337, total_loss: 353.5318298339844, q_loss 350.7567443847656, v_loss 2.7750837802886963 ,lr 0.001
INFO:root:epoch 2, Episode 338, total_loss: 1044.3253173828125, q_loss 1042.4617919921875, v_loss 1.8635202646255493 ,lr 0.001
INFO:root:epoch 2, Episode 339, total_loss: 363.60528564453125, q_loss 358.76556396484375, v_loss 4.839724540710449 ,lr 0.001
INFO:root:epoch 2, Episode 340, total_loss: 4.048954010009766, q_loss 3.158219575881958, v_loss 0.8907345533370972 ,lr 0.001
INFO:root:epoch 2, Episode 341, total_loss: 299.3915710449219, q_loss 296.7335205078125, v_loss 2.6580452919006348 ,lr 0.001
INFO:root:epoch 2, Episode 342, total_loss: 125.2486801147461, q_loss 122.05175018310547, v_loss 3.1969313621520996 ,lr 0.001
INFO:root:epoch 2, Episode 343, total_loss: 1191.186279296875, q_loss 1188.278564453125, v_loss 2.9077560901641846 ,lr 0.001
INFO:root:epoch 2, Episode 344, total_loss: 637.4462280273438, q_loss 633.50146484375, v_loss 3.9447546005249023 ,lr 0.001
INFO:root:epoch 2, Episode 345, total_loss: 125.30164337158203, q_loss 122.63926696777344, v_loss 2.662374258041382 ,lr 0.001
INFO:root:epoch 2, Episode 346, total_loss: 894.810546875, q_loss 889.543701171875, v_loss 5.266876220703125 ,lr 0.001
INFO:root:epoch 2, Episode 347, total_loss: 4.8555121421813965, q_loss 3.6388461589813232, v_loss 1.2166659832000732 ,lr 0.001
INFO:root:epoch 2, Episode 348, total_loss: 298.99444580078125, q_loss 294.3702392578125, v_loss 4.624207496643066 ,lr 0.001
INFO:root:epoch 2, Episode 349, total_loss: 241.93075561523438, q_loss 238.7395477294922, v_loss 3.1912035942077637 ,lr 0.001
INFO:root:epoch 2, Episode 350, total_loss: 158.58555603027344, q_loss 156.81253051757812, v_loss 1.7730330228805542 ,lr 0.001
INFO:root:epoch 2, Episode 351, total_loss: 4.217446327209473, q_loss 3.4301300048828125, v_loss 0.7873165607452393 ,lr 0.001
INFO:root:epoch 2, Episode 352, total_loss: 94.73248291015625, q_loss 91.68338775634766, v_loss 3.049095392227173 ,lr 0.001
INFO:root:epoch 2, Episode 353, total_loss: 724.7686157226562, q_loss 720.510009765625, v_loss 4.2585930824279785 ,lr 0.001
INFO:root:epoch 2, Episode 354, total_loss: 113.69578552246094, q_loss 112.14990234375, v_loss 1.5458859205245972 ,lr 0.001
INFO:root:epoch 2, Episode 355, total_loss: 191.16270446777344, q_loss 188.29318237304688, v_loss 2.8695240020751953 ,lr 0.001
INFO:root:epoch 2, Episode 356, total_loss: 283.5278625488281, q_loss 281.3635559082031, v_loss 2.164292573928833 ,lr 0.001
INFO:root:epoch 2, Episode 357, total_loss: 418.0633850097656, q_loss 414.9974670410156, v_loss 3.065905809402466 ,lr 0.001
INFO:root:epoch 2, Episode 358, total_loss: 291.1912841796875, q_loss 289.142578125, v_loss 2.0486936569213867 ,lr 0.001
INFO:root:epoch 2, Episode 359, total_loss: 299.79437255859375, q_loss 295.6876525878906, v_loss 4.106705665588379 ,lr 0.001
INFO:root:epoch 2, Episode 360, total_loss: 8.522734642028809, q_loss 5.47327184677124, v_loss 3.0494625568389893 ,lr 0.001
INFO:root:epoch 2, Episode 361, total_loss: 4240.3525390625, q_loss 4237.14599609375, v_loss 3.2065558433532715 ,lr 0.001
INFO:root:epoch 2, Episode 362, total_loss: 8.454303741455078, q_loss 5.3554840087890625, v_loss 3.0988194942474365 ,lr 0.001
INFO:root:epoch 2, Episode 363, total_loss: 1689.6082763671875, q_loss 1685.6676025390625, v_loss 3.9407174587249756 ,lr 0.001
INFO:root:epoch 2, Episode 364, total_loss: 335.4859924316406, q_loss 332.3443908691406, v_loss 3.141599178314209 ,lr 0.001
INFO:root:epoch 2, Episode 365, total_loss: 6.614400863647461, q_loss 4.546392917633057, v_loss 2.0680079460144043 ,lr 0.001
INFO:root:epoch 2, Episode 366, total_loss: 416.3502197265625, q_loss 412.14990234375, v_loss 4.200323581695557 ,lr 0.001
INFO:root:epoch 2, Episode 367, total_loss: 2533.252197265625, q_loss 2530.4208984375, v_loss 2.8312671184539795 ,lr 0.001
INFO:root:epoch 2, Episode 368, total_loss: 716.407470703125, q_loss 713.4536743164062, v_loss 2.953784465789795 ,lr 0.001
INFO:root:epoch 2, Episode 369, total_loss: 322.30712890625, q_loss 319.6087646484375, v_loss 2.6983673572540283 ,lr 0.001
INFO:root:epoch 2, Episode 370, total_loss: 371.8551330566406, q_loss 370.41009521484375, v_loss 1.4450289011001587 ,lr 0.001
INFO:root:epoch 2, Episode 371, total_loss: 449.74420166015625, q_loss 446.69036865234375, v_loss 3.0538220405578613 ,lr 0.001
INFO:root:epoch 2, Episode 372, total_loss: 5.743245601654053, q_loss 4.37083625793457, v_loss 1.3724093437194824 ,lr 0.001
INFO:root:epoch 2, Episode 373, total_loss: 6.471807956695557, q_loss 4.6591715812683105, v_loss 1.8126364946365356 ,lr 0.001
INFO:root:epoch 2, Episode 374, total_loss: 620.0214233398438, q_loss 618.2736206054688, v_loss 1.7478076219558716 ,lr 0.001
INFO:root:epoch 2, Episode 375, total_loss: 66.00165557861328, q_loss 64.9900131225586, v_loss 1.0116392374038696 ,lr 0.001
INFO:root:epoch 2, Episode 376, total_loss: 594.945068359375, q_loss 587.5197143554688, v_loss 7.425325870513916 ,lr 0.001
INFO:root:epoch 2, Episode 377, total_loss: 3.6079816818237305, q_loss 3.0661282539367676, v_loss 0.5418534874916077 ,lr 0.001
INFO:root:epoch 2, Episode 378, total_loss: 1908.28662109375, q_loss 1906.052490234375, v_loss 2.234179735183716 ,lr 0.001
INFO:root:epoch 2, Episode 379, total_loss: 197.1065216064453, q_loss 194.83242797851562, v_loss 2.2740914821624756 ,lr 0.001
INFO:root:epoch 2, Episode 380, total_loss: 250.7088165283203, q_loss 249.66220092773438, v_loss 1.0466192960739136 ,lr 0.001
INFO:root:epoch 2, Episode 381, total_loss: 4.574978828430176, q_loss 3.3733723163604736, v_loss 1.2016063928604126 ,lr 0.001
INFO:root:epoch 2, Episode 382, total_loss: 499.443603515625, q_loss 496.8487243652344, v_loss 2.5948667526245117 ,lr 0.001
INFO:root:epoch 2, Episode 383, total_loss: 1820.3380126953125, q_loss 1818.364013671875, v_loss 1.9740153551101685 ,lr 0.001
INFO:root:epoch 2, Episode 384, total_loss: 473.9339599609375, q_loss 472.42669677734375, v_loss 1.5072773694992065 ,lr 0.001
INFO:root:epoch 2, Episode 385, total_loss: 221.72900390625, q_loss 220.54714965820312, v_loss 1.1818573474884033 ,lr 0.001
INFO:root:epoch 2, Episode 386, total_loss: 7.737553596496582, q_loss 5.843796253204346, v_loss 1.8937575817108154 ,lr 0.001
INFO:root:val_loss 1.0929940938949585
INFO:root:epoch 2, Episode 387, total_loss: 3577.810546875, q_loss 3575.19384765625, v_loss 2.616664171218872 ,lr 0.001
INFO:root:epoch 2, Episode 388, total_loss: 340.00885009765625, q_loss 338.9119873046875, v_loss 1.0968639850616455 ,lr 0.001
INFO:root:epoch 2, Episode 389, total_loss: 3.7481253147125244, q_loss 3.2728657722473145, v_loss 0.4752594530582428 ,lr 0.001
INFO:root:epoch 2, Episode 390, total_loss: 577.60693359375, q_loss 575.4351806640625, v_loss 2.171778440475464 ,lr 0.001
INFO:root:epoch 2, Episode 391, total_loss: 4.099349021911621, q_loss 3.0210275650024414, v_loss 1.0783214569091797 ,lr 0.001
INFO:root:epoch 2, Episode 392, total_loss: 300.5242004394531, q_loss 299.4374694824219, v_loss 1.0867364406585693 ,lr 0.001
INFO:root:epoch 2, Episode 393, total_loss: 78.20972442626953, q_loss 77.06358337402344, v_loss 1.146141529083252 ,lr 0.001
INFO:root:epoch 2, Episode 394, total_loss: 1720.25146484375, q_loss 1714.01220703125, v_loss 6.239307403564453 ,lr 0.001
INFO:root:epoch 2, Episode 395, total_loss: 716.8434448242188, q_loss 715.6344604492188, v_loss 1.2090003490447998 ,lr 0.001
INFO:root:epoch 2, Episode 396, total_loss: 319.8848876953125, q_loss 318.2196044921875, v_loss 1.6652714014053345 ,lr 0.001
INFO:root:epoch 2, Episode 397, total_loss: 4.103752136230469, q_loss 2.933547019958496, v_loss 1.1702052354812622 ,lr 0.001
INFO:root:epoch 2, Episode 398, total_loss: 71.11808013916016, q_loss 69.93819427490234, v_loss 1.1798875331878662 ,lr 0.001
INFO:root:epoch 2, Episode 399, total_loss: 3723.84228515625, q_loss 3722.241455078125, v_loss 1.6007956266403198 ,lr 0.001
INFO:root:epoch 2, Episode 400, total_loss: 99.96663665771484, q_loss 98.27791595458984, v_loss 1.6887223720550537 ,lr 0.001
INFO:root:epoch 2, Episode 401, total_loss: 147.61196899414062, q_loss 145.958740234375, v_loss 1.6532272100448608 ,lr 0.001
INFO:root:epoch 2, Episode 402, total_loss: 6750.59375, q_loss 6747.5498046875, v_loss 3.0441815853118896 ,lr 0.001
INFO:root:epoch 2, Episode 403, total_loss: 209.87356567382812, q_loss 207.8846435546875, v_loss 1.9889235496520996 ,lr 0.001
INFO:root:epoch 2, Episode 404, total_loss: 240.25022888183594, q_loss 238.49716186523438, v_loss 1.7530648708343506 ,lr 0.001
INFO:root:epoch 2, Episode 405, total_loss: 316.3119812011719, q_loss 314.5988464355469, v_loss 1.7131438255310059 ,lr 0.001
INFO:root:epoch 2, Episode 406, total_loss: 72.7182388305664, q_loss 71.95402526855469, v_loss 0.7642152309417725 ,lr 0.001
INFO:root:epoch 2, Episode 407, total_loss: 111.60671997070312, q_loss 110.23622131347656, v_loss 1.3704949617385864 ,lr 0.001
INFO:root:epoch 2, Episode 408, total_loss: 706.7543334960938, q_loss 704.3510131835938, v_loss 2.4033262729644775 ,lr 0.001
INFO:root:epoch 2, Episode 409, total_loss: 170.0884246826172, q_loss 169.48040771484375, v_loss 0.6080219745635986 ,lr 0.001
INFO:root:epoch 2, Episode 410, total_loss: 4226.5205078125, q_loss 4224.6015625, v_loss 1.9188621044158936 ,lr 0.001
INFO:root:epoch 2, Episode 411, total_loss: 3.3663129806518555, q_loss 2.7957701683044434, v_loss 0.5705429315567017 ,lr 0.001
INFO:root:epoch 2, Episode 412, total_loss: 243.82752990722656, q_loss 241.68362426757812, v_loss 2.1439003944396973 ,lr 0.001
INFO:root:epoch 2, Episode 413, total_loss: 549.0020141601562, q_loss 547.8416137695312, v_loss 1.1603732109069824 ,lr 0.001
INFO:root:epoch 2, Episode 414, total_loss: 5870.0224609375, q_loss 5867.46630859375, v_loss 2.556246042251587 ,lr 0.001
INFO:root:epoch 2, Episode 415, total_loss: 1080.2877197265625, q_loss 1079.4351806640625, v_loss 0.8525366187095642 ,lr 0.001
INFO:root:epoch 2, Episode 416, total_loss: 646.451171875, q_loss 642.170654296875, v_loss 4.280511856079102 ,lr 0.001
INFO:root:epoch 2, Episode 417, total_loss: 1750.498046875, q_loss 1741.525634765625, v_loss 8.972457885742188 ,lr 0.001
INFO:root:epoch 2, Episode 418, total_loss: 74.91004943847656, q_loss 74.13471984863281, v_loss 0.7753329873085022 ,lr 0.001
INFO:root:epoch 2, Episode 419, total_loss: 222.95497131347656, q_loss 222.05401611328125, v_loss 0.9009604454040527 ,lr 0.001
INFO:root:epoch 2, Episode 420, total_loss: 367.83087158203125, q_loss 366.4776916503906, v_loss 1.3531664609909058 ,lr 0.001
INFO:root:epoch 2, Episode 421, total_loss: 334.76080322265625, q_loss 334.0191955566406, v_loss 0.7416180968284607 ,lr 0.001
INFO:root:epoch 2, Episode 422, total_loss: 1057.26171875, q_loss 1054.8994140625, v_loss 2.36224365234375 ,lr 0.001
INFO:root:epoch 2, Episode 423, total_loss: 121.57772827148438, q_loss 120.23339080810547, v_loss 1.344339370727539 ,lr 0.001
INFO:root:epoch 2, Episode 424, total_loss: 1163.270751953125, q_loss 1161.5089111328125, v_loss 1.7617974281311035 ,lr 0.001
INFO:root:epoch 2, Episode 425, total_loss: 100.8155517578125, q_loss 100.01530456542969, v_loss 0.800244927406311 ,lr 0.001
INFO:root:epoch 2, Episode 426, total_loss: 114.66523742675781, q_loss 113.40739440917969, v_loss 1.2578424215316772 ,lr 0.001
INFO:root:epoch 2, Episode 427, total_loss: 500.253173828125, q_loss 498.570556640625, v_loss 1.6826242208480835 ,lr 0.001
INFO:root:epoch 2, Episode 428, total_loss: 693.2656860351562, q_loss 691.9487915039062, v_loss 1.3168721199035645 ,lr 0.001
INFO:root:epoch 2, Episode 429, total_loss: 499.71368408203125, q_loss 497.6787109375, v_loss 2.034982681274414 ,lr 0.001
INFO:root:epoch 2, Episode 430, total_loss: 351.97784423828125, q_loss 350.4498291015625, v_loss 1.5280144214630127 ,lr 0.001
INFO:root:epoch 2, Episode 431, total_loss: 4.193898677825928, q_loss 3.0497846603393555, v_loss 1.1441138982772827 ,lr 0.001
INFO:root:epoch 2, Episode 432, total_loss: 169.31649780273438, q_loss 168.44371032714844, v_loss 0.8727834224700928 ,lr 0.001
INFO:root:epoch 2, Episode 433, total_loss: 784.8637084960938, q_loss 782.547607421875, v_loss 2.316100597381592 ,lr 0.001
INFO:root:epoch 2, Episode 434, total_loss: 8.996234893798828, q_loss 8.163932800292969, v_loss 0.8323022127151489 ,lr 0.001
INFO:root:epoch 2, Episode 435, total_loss: 4.58485221862793, q_loss 3.550065279006958, v_loss 1.0347871780395508 ,lr 0.001
INFO:root:epoch 2, Episode 436, total_loss: 473.8079833984375, q_loss 472.4686584472656, v_loss 1.3393161296844482 ,lr 0.001
INFO:root:epoch 2, Episode 437, total_loss: 694.0247192382812, q_loss 689.5062866210938, v_loss 4.518458843231201 ,lr 0.001
INFO:root:epoch 2, Episode 438, total_loss: 125.6935043334961, q_loss 124.04169464111328, v_loss 1.651806354522705 ,lr 0.001
INFO:root:epoch 2, Episode 439, total_loss: 155.1470947265625, q_loss 153.01239013671875, v_loss 2.134705066680908 ,lr 0.001
INFO:root:epoch 2, Episode 440, total_loss: 433.9174499511719, q_loss 430.724365234375, v_loss 3.1930902004241943 ,lr 0.001
INFO:root:epoch 2, Episode 441, total_loss: 5.684841156005859, q_loss 3.9646201133728027, v_loss 1.7202210426330566 ,lr 0.001
INFO:root:epoch 2, Episode 442, total_loss: 256.9866943359375, q_loss 255.266357421875, v_loss 1.720339298248291 ,lr 0.001
INFO:root:epoch 2, Episode 443, total_loss: 3.443237543106079, q_loss 2.6257517337799072, v_loss 0.8174857497215271 ,lr 0.001
INFO:root:epoch 2, Episode 444, total_loss: 128.04298400878906, q_loss 126.64360809326172, v_loss 1.399378776550293 ,lr 0.001
INFO:root:epoch 2, Episode 445, total_loss: 4.427103042602539, q_loss 3.416428804397583, v_loss 1.0106743574142456 ,lr 0.001
INFO:root:epoch 2, Episode 446, total_loss: 414.81439208984375, q_loss 411.85028076171875, v_loss 2.9641199111938477 ,lr 0.001
INFO:root:epoch 2, Episode 447, total_loss: 6.8177947998046875, q_loss 5.8403520584106445, v_loss 0.9774428606033325 ,lr 0.001
INFO:root:epoch 2, Episode 448, total_loss: 132.1707000732422, q_loss 131.27493286132812, v_loss 0.8957616090774536 ,lr 0.001
INFO:root:epoch 2, Episode 449, total_loss: 199.0228729248047, q_loss 197.86891174316406, v_loss 1.1539552211761475 ,lr 0.001
INFO:root:epoch 2, Episode 450, total_loss: 1740.8126220703125, q_loss 1737.5625, v_loss 3.2500903606414795 ,lr 0.001
INFO:root:epoch 2, Episode 451, total_loss: 1290.674072265625, q_loss 1287.0010986328125, v_loss 3.6729724407196045 ,lr 0.001
INFO:root:epoch 2, Episode 452, total_loss: 1058.0753173828125, q_loss 1056.734375, v_loss 1.3409395217895508 ,lr 0.001
INFO:root:epoch 2, Episode 453, total_loss: 5164.32861328125, q_loss 5136.322265625, v_loss 28.00653839111328 ,lr 0.001
INFO:root:epoch 2, Episode 454, total_loss: 124.41961669921875, q_loss 122.83207702636719, v_loss 1.5875416994094849 ,lr 0.001
INFO:root:epoch 2, Episode 455, total_loss: 124.41614532470703, q_loss 123.4729232788086, v_loss 0.9432229399681091 ,lr 0.001
INFO:root:epoch 2, Episode 456, total_loss: 258.1124572753906, q_loss 255.989013671875, v_loss 2.123432159423828 ,lr 0.001
INFO:root:epoch 0, Episode 0, total_loss: 128834.5546875, q_loss 100721.5859375, v_loss 28112.966796875 ,lr 0.01
INFO:root:val_loss 13443.8330078125
INFO:root:epoch 0, Episode 1, total_loss: 1079532160.0, q_loss 1071147904.0, v_loss 8384201.0 ,lr 0.01
INFO:root:epoch 0, Episode 2, total_loss: 5155475968.0, q_loss 4226924032.0, v_loss 928551936.0 ,lr 0.01
INFO:root:epoch 0, Episode 3, total_loss: 199712832.0, q_loss 199233392.0, v_loss 479447.125 ,lr 0.01
INFO:root:epoch 0, Episode 4, total_loss: 8916307.0, q_loss 8340788.0, v_loss 575519.0 ,lr 0.01
INFO:root:epoch 0, Episode 5, total_loss: 4723256.0, q_loss 3792284.0, v_loss 930972.0625 ,lr 0.01
INFO:root:epoch 0, Episode 6, total_loss: 689356.3125, q_loss 485490.25, v_loss 203866.0625 ,lr 0.01
INFO:root:epoch 0, Episode 7, total_loss: 469090.46875, q_loss 261963.421875, v_loss 207127.046875 ,lr 0.01
INFO:root:epoch 0, Episode 8, total_loss: 1287534.625, q_loss 794229.3125, v_loss 493305.34375 ,lr 0.01
INFO:root:epoch 0, Episode 9, total_loss: 1019331.0625, q_loss 622210.5, v_loss 397120.5625 ,lr 0.01
INFO:root:epoch 0, Episode 10, total_loss: 298753.625, q_loss 244506.171875, v_loss 54247.4453125 ,lr 0.01
INFO:root:epoch 0, Episode 11, total_loss: 172658.671875, q_loss 164569.8125, v_loss 8088.86474609375 ,lr 0.01
INFO:root:epoch 0, Episode 12, total_loss: 317938.75, q_loss 153905.328125, v_loss 164033.40625 ,lr 0.01
INFO:root:epoch 0, Episode 13, total_loss: 410067.5625, q_loss 202712.625, v_loss 207354.953125 ,lr 0.01
INFO:root:epoch 0, Episode 14, total_loss: 89822.6015625, q_loss 61739.11328125, v_loss 28083.490234375 ,lr 0.01
INFO:root:epoch 0, Episode 15, total_loss: 22689.638671875, q_loss 22207.580078125, v_loss 482.05877685546875 ,lr 0.01
INFO:root:epoch 0, Episode 16, total_loss: 177425.765625, q_loss 109964.59375, v_loss 67461.171875 ,lr 0.01
INFO:root:epoch 0, Episode 17, total_loss: 22834.818359375, q_loss 18085.603515625, v_loss 4749.21484375 ,lr 0.01
INFO:root:epoch 0, Episode 18, total_loss: 10952.9638671875, q_loss 10002.62890625, v_loss 950.3348999023438 ,lr 0.01
INFO:root:epoch 0, Episode 19, total_loss: 20982.81640625, q_loss 10698.3701171875, v_loss 10284.4453125 ,lr 0.01
INFO:root:epoch 0, Episode 0, total_loss: 139418.40625, q_loss 66998.25, v_loss 72420.1484375 ,lr 0.01
INFO:root:val_loss 15889.3271484375
INFO:root:epoch 0, Episode 1, total_loss: 3595269376.0, q_loss 3590292736.0, v_loss 4976540.0 ,lr 0.01
INFO:root:epoch 0, Episode 2, total_loss: 325583040.0, q_loss 271532192.0, v_loss 54050844.0 ,lr 0.01
INFO:root:epoch 0, Episode 3, total_loss: 1363889.375, q_loss 1329779.75, v_loss 34109.625 ,lr 0.01
INFO:root:epoch 0, Episode 4, total_loss: 6688406.5, q_loss 2996996.25, v_loss 3691410.25 ,lr 0.01
INFO:root:epoch 0, Episode 5, total_loss: 16520.427734375, q_loss 16452.72265625, v_loss 67.7057113647461 ,lr 0.01
INFO:root:epoch 0, Episode 6, total_loss: 8731.560546875, q_loss 8692.7353515625, v_loss 38.82568359375 ,lr 0.01
INFO:root:epoch 0, Episode 7, total_loss: 404838.78125, q_loss 404005.0, v_loss 833.776123046875 ,lr 0.01
INFO:root:epoch 0, Episode 8, total_loss: 91931.5390625, q_loss 60760.43359375, v_loss 31171.107421875 ,lr 0.01
INFO:root:epoch 0, Episode 9, total_loss: 214410.359375, q_loss 135040.859375, v_loss 79369.5 ,lr 0.01
INFO:root:epoch 0, Episode 10, total_loss: 18888.58203125, q_loss 14217.25, v_loss 4671.33251953125 ,lr 0.01
INFO:root:epoch 0, Episode 11, total_loss: 22516.025390625, q_loss 17711.07421875, v_loss 4804.95166015625 ,lr 0.01
INFO:root:epoch 0, Episode 12, total_loss: 429387.5625, q_loss 194777.5625, v_loss 234610.015625 ,lr 0.01
INFO:root:epoch 0, Episode 13, total_loss: 2371.193359375, q_loss 1219.150146484375, v_loss 1152.0433349609375 ,lr 0.01
INFO:root:epoch 0, Episode 14, total_loss: 9.984333038330078, q_loss 9.300515174865723, v_loss 0.683817982673645 ,lr 0.01
INFO:root:epoch 0, Episode 15, total_loss: 1.1765044927597046, q_loss 1.139374017715454, v_loss 0.03713051229715347 ,lr 0.01
INFO:root:epoch 0, Episode 16, total_loss: 15504.017578125, q_loss 8903.4521484375, v_loss 6600.56591796875 ,lr 0.01
INFO:root:epoch 0, Episode 17, total_loss: 9.744585990905762, q_loss 9.023508071899414, v_loss 0.721077561378479 ,lr 0.01
INFO:root:epoch 0, Episode 18, total_loss: 12.884934425354004, q_loss 12.802599906921387, v_loss 0.08233419805765152 ,lr 0.01
INFO:root:epoch 0, Episode 19, total_loss: 15.869527816772461, q_loss 15.798263549804688, v_loss 0.07126414030790329 ,lr 0.01
INFO:root:epoch 0, Episode 20, total_loss: 10.00485897064209, q_loss 9.98416805267334, v_loss 0.020690809935331345 ,lr 0.01
INFO:root:epoch 0, Episode 21, total_loss: 254.59335327148438, q_loss 160.8235626220703, v_loss 93.7697982788086 ,lr 0.01
INFO:root:epoch 0, Episode 22, total_loss: 1288.16357421875, q_loss 1159.2646484375, v_loss 128.89895629882812 ,lr 0.01
INFO:root:epoch 0, Episode 23, total_loss: 10.514884948730469, q_loss 10.514884948730469, v_loss 2.619183092633648e-08 ,lr 0.01
INFO:root:epoch 0, Episode 24, total_loss: 36.61174011230469, q_loss 16.38132095336914, v_loss 20.23042106628418 ,lr 0.01
INFO:root:epoch 0, Episode 25, total_loss: 3.56667160987854, q_loss 3.56667160987854, v_loss 0.0 ,lr 0.01
INFO:root:epoch 0, Episode 26, total_loss: 0.06595279276371002, q_loss 0.06595276296138763, v_loss 2.720983616200101e-08 ,lr 0.01
INFO:root:epoch 0, Episode 27, total_loss: 16.8487548828125, q_loss 8.010464668273926, v_loss 8.838289260864258 ,lr 0.01
INFO:root:epoch 0, Episode 28, total_loss: 51.694908142089844, q_loss 27.629098892211914, v_loss 24.06580924987793 ,lr 0.01
INFO:root:epoch 0, Episode 29, total_loss: 16.65294075012207, q_loss 16.65294075012207, v_loss 2.814977584364442e-09 ,lr 0.01
INFO:root:epoch 0, Episode 30, total_loss: 13.874045372009277, q_loss 13.874045372009277, v_loss 5.211563181006795e-09 ,lr 0.01
INFO:root:epoch 0, Episode 31, total_loss: 3.14138126373291, q_loss 3.14138126373291, v_loss 2.036893143042562e-08 ,lr 0.01
INFO:root:epoch 0, Episode 32, total_loss: 19.822214126586914, q_loss 15.56887149810791, v_loss 4.253342628479004 ,lr 0.01
INFO:root:epoch 0, Episode 33, total_loss: 17.121383666992188, q_loss 17.121383666992188, v_loss 1.7879047131685866e-09 ,lr 0.01
INFO:root:epoch 0, Episode 34, total_loss: 0.4038623571395874, q_loss 0.4038623571395874, v_loss 2.6120605678414677e-09 ,lr 0.01
INFO:root:epoch 0, Episode 35, total_loss: 6.189123153686523, q_loss 6.189123153686523, v_loss 7.872016816179439e-09 ,lr 0.01
INFO:root:epoch 0, Episode 36, total_loss: 32.96468734741211, q_loss 31.757558822631836, v_loss 1.2071269750595093 ,lr 0.01
INFO:root:epoch 0, Episode 37, total_loss: 12.66308307647705, q_loss 12.66308307647705, v_loss 3.253701752470306e-10 ,lr 0.01
INFO:root:epoch 0, Episode 38, total_loss: 13.137442588806152, q_loss 7.256003379821777, v_loss 5.881439208984375 ,lr 0.01
INFO:root:epoch 0, Episode 39, total_loss: 1.5909911394119263, q_loss 1.5909911394119263, v_loss 2.7795127310881185e-10 ,lr 0.01
INFO:root:epoch 0, Episode 40, total_loss: 16.654645919799805, q_loss 16.654645919799805, v_loss 6.699441001956075e-11 ,lr 0.01
INFO:root:epoch 0, Episode 41, total_loss: 5.2120466232299805, q_loss 5.2120466232299805, v_loss 4.429815195217124e-11 ,lr 0.01
INFO:root:epoch 0, Episode 42, total_loss: 14.35609245300293, q_loss 14.35609245300293, v_loss 1.1016373577255045e-11 ,lr 0.01
INFO:root:epoch 0, Episode 43, total_loss: 9.52692985534668, q_loss 9.52692985534668, v_loss 3.796962744218035e-12 ,lr 0.01
INFO:root:epoch 0, Episode 44, total_loss: 15.282133102416992, q_loss 15.282133102416992, v_loss 0.0 ,lr 0.01
INFO:root:epoch 0, Episode 45, total_loss: 2.0791313648223877, q_loss 2.0791313648223877, v_loss 0.0 ,lr 0.01
INFO:root:epoch 0, Episode 46, total_loss: 3.355029582977295, q_loss 3.355029582977295, v_loss 0.0 ,lr 0.01
INFO:root:epoch 0, Episode 47, total_loss: 6.532832145690918, q_loss 6.532832145690918, v_loss 0.0 ,lr 0.01
INFO:root:epoch 0, Episode 48, total_loss: 12.415297508239746, q_loss 12.415297508239746, v_loss 0.0 ,lr 0.01
INFO:root:epoch 0, Episode 49, total_loss: 2946.193603515625, q_loss 2946.193603515625, v_loss 0.0 ,lr 0.01
INFO:root:epoch 0, Episode 50, total_loss: 0.008141893893480301, q_loss 0.008141893893480301, v_loss 0.0 ,lr 0.01
INFO:root:epoch 0, Episode 51, total_loss: 14.450735092163086, q_loss 12.88300895690918, v_loss 1.567725658416748 ,lr 0.01
INFO:root:epoch 0, Episode 52, total_loss: 9.722583770751953, q_loss 9.468255996704102, v_loss 0.25432753562927246 ,lr 0.01
INFO:root:epoch 0, Episode 53, total_loss: 2.033909559249878, q_loss 2.033909559249878, v_loss 0.0 ,lr 0.01
INFO:root:epoch 0, Episode 54, total_loss: 2.619586706161499, q_loss 2.619586706161499, v_loss 0.0 ,lr 0.01
INFO:root:epoch 0, Episode 55, total_loss: 0.5966933369636536, q_loss 0.5966933369636536, v_loss 0.0 ,lr 0.01
INFO:root:epoch 0, Episode 56, total_loss: 6.957648754119873, q_loss 5.672396659851074, v_loss 1.2852522134780884 ,lr 0.01
INFO:root:epoch 0, Episode 57, total_loss: 13.668966293334961, q_loss 13.668966293334961, v_loss 0.0 ,lr 0.01
INFO:root:epoch 0, Episode 58, total_loss: 58.61653137207031, q_loss 31.15424156188965, v_loss 27.462291717529297 ,lr 0.01
INFO:root:epoch 0, Episode 59, total_loss: 5.83914041519165, q_loss 5.83914041519165, v_loss 0.0 ,lr 0.01
INFO:root:epoch 0, Episode 60, total_loss: 8.381549835205078, q_loss 8.381549835205078, v_loss 0.0 ,lr 0.01
INFO:root:epoch 0, Episode 61, total_loss: 11.379509925842285, q_loss 10.951458930969238, v_loss 0.4280508756637573 ,lr 0.01
INFO:root:epoch 0, Episode 62, total_loss: 14.580581665039062, q_loss 14.580581665039062, v_loss 0.0 ,lr 0.01
INFO:root:epoch 0, Episode 63, total_loss: 44.50674057006836, q_loss 14.98802661895752, v_loss 29.518714904785156 ,lr 0.01
INFO:root:epoch 0, Episode 64, total_loss: 16.507680892944336, q_loss 15.308669090270996, v_loss 1.1990110874176025 ,lr 0.01
INFO:root:epoch 0, Episode 65, total_loss: 3.0741965770721436, q_loss 3.0741965770721436, v_loss 0.0 ,lr 0.01
INFO:root:epoch 0, Episode 66, total_loss: 6.683029651641846, q_loss 3.440993309020996, v_loss 3.2420363426208496 ,lr 0.01
INFO:root:epoch 0, Episode 67, total_loss: 56.875, q_loss 28.44332504272461, v_loss 28.431676864624023 ,lr 0.01
INFO:root:epoch 0, Episode 68, total_loss: 10.996970176696777, q_loss 10.996970176696777, v_loss 0.0 ,lr 0.01
INFO:root:epoch 0, Episode 69, total_loss: 16.9302921295166, q_loss 16.9302921295166, v_loss 0.0 ,lr 0.01
INFO:root:epoch 0, Episode 70, total_loss: 7.1779398918151855, q_loss 7.1779398918151855, v_loss 0.0 ,lr 0.01
INFO:root:epoch 0, Episode 71, total_loss: 1.307726502418518, q_loss 1.307726502418518, v_loss 0.0 ,lr 0.01
INFO:root:epoch 0, Episode 72, total_loss: 10.28962230682373, q_loss 10.28962230682373, v_loss 0.0 ,lr 0.01
INFO:root:epoch 0, Episode 73, total_loss: 2.8060858249664307, q_loss 2.010650157928467, v_loss 0.7954356074333191 ,lr 0.01
INFO:root:epoch 0, Episode 74, total_loss: 4.374414443969727, q_loss 4.374414443969727, v_loss 0.0 ,lr 0.01
INFO:root:epoch 0, Episode 75, total_loss: 16.68675422668457, q_loss 16.68675422668457, v_loss 0.0 ,lr 0.01
INFO:root:epoch 0, Episode 76, total_loss: 5.009040832519531, q_loss 5.009040832519531, v_loss 0.0 ,lr 0.01
INFO:root:epoch 0, Episode 77, total_loss: 4.794937610626221, q_loss 4.794937610626221, v_loss 0.0 ,lr 0.01
INFO:root:epoch 0, Episode 78, total_loss: 16.658828735351562, q_loss 13.280572891235352, v_loss 3.3782548904418945 ,lr 0.01
INFO:root:epoch 0, Episode 79, total_loss: 13.760972023010254, q_loss 13.760972023010254, v_loss 0.0 ,lr 0.01
INFO:root:epoch 0, Episode 80, total_loss: 12.232397079467773, q_loss 12.232397079467773, v_loss 0.0 ,lr 0.01
INFO:root:epoch 0, Episode 81, total_loss: 9.95206356048584, q_loss 9.95206356048584, v_loss 0.0 ,lr 0.01
INFO:root:epoch 0, Episode 82, total_loss: 2.0538604259490967, q_loss 2.0538604259490967, v_loss 0.0 ,lr 0.01
INFO:root:epoch 0, Episode 83, total_loss: 13.987525939941406, q_loss 8.207119941711426, v_loss 5.780406475067139 ,lr 0.01
INFO:root:epoch 0, Episode 84, total_loss: 14.964675903320312, q_loss 13.484445571899414, v_loss 1.4802305698394775 ,lr 0.01
INFO:root:epoch 0, Episode 85, total_loss: 4.454067230224609, q_loss 3.2775840759277344, v_loss 1.176483392715454 ,lr 0.01
INFO:root:epoch 0, Episode 86, total_loss: 8.956771850585938, q_loss 8.956771850585938, v_loss 0.0 ,lr 0.01
INFO:root:epoch 0, Episode 87, total_loss: 9.551054000854492, q_loss 9.551054000854492, v_loss 0.0 ,lr 0.01
INFO:root:epoch 0, Episode 88, total_loss: 13.145417213439941, q_loss 13.145417213439941, v_loss 0.0 ,lr 0.01
INFO:root:epoch 0, Episode 89, total_loss: 16.1568603515625, q_loss 16.1568603515625, v_loss 0.0 ,lr 0.01
INFO:root:epoch 0, Episode 90, total_loss: 22.0123291015625, q_loss 16.913711547851562, v_loss 5.098618507385254 ,lr 0.01
INFO:root:epoch 0, Episode 91, total_loss: 14.260737419128418, q_loss 14.260737419128418, v_loss 0.0 ,lr 0.01
INFO:root:epoch 0, Episode 92, total_loss: 14.583924293518066, q_loss 13.955873489379883, v_loss 0.628050684928894 ,lr 0.01
INFO:root:epoch 0, Episode 93, total_loss: 13.458113670349121, q_loss 13.458113670349121, v_loss 0.0 ,lr 0.01
INFO:root:epoch 0, Episode 94, total_loss: 3.5687198638916016, q_loss 3.003916025161743, v_loss 0.5648038983345032 ,lr 0.01
INFO:root:epoch 0, Episode 95, total_loss: 8.673201560974121, q_loss 8.308944702148438, v_loss 0.36425673961639404 ,lr 0.01
INFO:root:epoch 0, Episode 96, total_loss: 10.406265258789062, q_loss 10.406265258789062, v_loss 0.0 ,lr 0.01
INFO:root:epoch 0, Episode 97, total_loss: 11.496070861816406, q_loss 9.431177139282227, v_loss 2.0648937225341797 ,lr 0.01
INFO:root:epoch 0, Episode 98, total_loss: 13.385209083557129, q_loss 13.385209083557129, v_loss 0.0 ,lr 0.01
INFO:root:epoch 0, Episode 99, total_loss: 11.469110488891602, q_loss 11.456474304199219, v_loss 0.012635970488190651 ,lr 0.01
INFO:root:epoch 0, Episode 100, total_loss: 2.49227237701416, q_loss 1.997484803199768, v_loss 0.4947875738143921 ,lr 0.01
INFO:root:val_loss 1.5702003240585327
INFO:root:epoch 0, Episode 101, total_loss: 14.58497428894043, q_loss 12.6529541015625, v_loss 1.9320205450057983 ,lr 0.01
INFO:root:epoch 0, Episode 102, total_loss: 11.541962623596191, q_loss 11.541962623596191, v_loss 0.0 ,lr 0.01
INFO:root:epoch 0, Episode 103, total_loss: 8.801319122314453, q_loss 8.801319122314453, v_loss 0.0 ,lr 0.01
INFO:root:epoch 0, Episode 104, total_loss: 0.4814049005508423, q_loss 0.4814049005508423, v_loss 0.0 ,lr 0.01
INFO:root:epoch 0, Episode 105, total_loss: 13.115068435668945, q_loss 12.093070030212402, v_loss 1.0219987630844116 ,lr 0.01
INFO:root:epoch 0, Episode 106, total_loss: 8.259186744689941, q_loss 8.259186744689941, v_loss 0.0 ,lr 0.01
INFO:root:epoch 0, Episode 107, total_loss: 7.3211236000061035, q_loss 7.3211236000061035, v_loss 0.0 ,lr 0.01
INFO:root:epoch 0, Episode 108, total_loss: 6.896308422088623, q_loss 6.896308422088623, v_loss 0.0 ,lr 0.01
INFO:root:epoch 0, Episode 109, total_loss: 1.6028988361358643, q_loss 0.6495088934898376, v_loss 0.9533900022506714 ,lr 0.01
INFO:root:epoch 0, Episode 110, total_loss: 9.331189155578613, q_loss 8.41076374053955, v_loss 0.9204254746437073 ,lr 0.01
INFO:root:epoch 0, Episode 111, total_loss: 8.418512344360352, q_loss 8.418512344360352, v_loss 0.0 ,lr 0.01
INFO:root:epoch 0, Episode 112, total_loss: 18.849393844604492, q_loss 14.789468765258789, v_loss 4.059924602508545 ,lr 0.01
INFO:root:epoch 0, Episode 113, total_loss: 7.7525763511657715, q_loss 7.7525763511657715, v_loss 0.0 ,lr 0.01
INFO:root:epoch 0, Episode 114, total_loss: 7.68877649307251, q_loss 7.68877649307251, v_loss 0.0 ,lr 0.01
INFO:root:epoch 0, Episode 115, total_loss: 3.112515687942505, q_loss 3.112515687942505, v_loss 0.0 ,lr 0.01
INFO:root:epoch 0, Episode 116, total_loss: 8.623360633850098, q_loss 8.213187217712402, v_loss 0.41017308831214905 ,lr 0.01
INFO:root:epoch 0, Episode 117, total_loss: 2.529883861541748, q_loss 2.529883861541748, v_loss 0.0 ,lr 0.01
INFO:root:epoch 0, Episode 118, total_loss: 13.22475814819336, q_loss 13.193861961364746, v_loss 0.0308961421251297 ,lr 0.01
INFO:root:epoch 0, Episode 119, total_loss: 7.80454683303833, q_loss 7.80454683303833, v_loss 0.0 ,lr 0.01
INFO:root:epoch 0, Episode 120, total_loss: 6.1742424964904785, q_loss 6.1742424964904785, v_loss 0.0 ,lr 0.01
INFO:root:epoch 0, Episode 121, total_loss: 7.099734783172607, q_loss 6.228710174560547, v_loss 0.8710245490074158 ,lr 0.01
INFO:root:epoch 0, Episode 122, total_loss: 6.399589538574219, q_loss 5.211056232452393, v_loss 1.1885335445404053 ,lr 0.01
INFO:root:epoch 0, Episode 123, total_loss: 3.210500955581665, q_loss 3.210500955581665, v_loss 0.0 ,lr 0.01
INFO:root:epoch 0, Episode 124, total_loss: 17.743595123291016, q_loss 17.743595123291016, v_loss 0.0 ,lr 0.01
INFO:root:epoch 0, Episode 125, total_loss: 7.257755279541016, q_loss 7.257755279541016, v_loss 0.0 ,lr 0.01
INFO:root:epoch 0, Episode 126, total_loss: 6.307140827178955, q_loss 6.307140827178955, v_loss 0.0 ,lr 0.01
INFO:root:epoch 0, Episode 127, total_loss: 3.836315870285034, q_loss 3.352708339691162, v_loss 0.4836074709892273 ,lr 0.01
INFO:root:epoch 0, Episode 128, total_loss: 8.664020538330078, q_loss 8.664020538330078, v_loss 0.0 ,lr 0.01
INFO:root:epoch 0, Episode 129, total_loss: 0.5478397011756897, q_loss 0.5478397011756897, v_loss 0.0 ,lr 0.01
INFO:root:epoch 0, Episode 130, total_loss: 6.418146133422852, q_loss 6.276235103607178, v_loss 0.14191120862960815 ,lr 0.01
INFO:root:epoch 0, Episode 131, total_loss: 5.054535865783691, q_loss 4.894033432006836, v_loss 0.1605025678873062 ,lr 0.01
INFO:root:epoch 0, Episode 132, total_loss: 10.135303497314453, q_loss 10.135303497314453, v_loss 0.0 ,lr 0.01
INFO:root:epoch 0, Episode 133, total_loss: 8.501646041870117, q_loss 8.501646041870117, v_loss 0.0 ,lr 0.01
INFO:root:epoch 0, Episode 134, total_loss: 7.197076320648193, q_loss 6.805657386779785, v_loss 0.39141902327537537 ,lr 0.01
INFO:root:epoch 0, Episode 135, total_loss: 10729.1845703125, q_loss 10729.1845703125, v_loss 0.0 ,lr 0.01
INFO:root:epoch 0, Episode 136, total_loss: 10.535560607910156, q_loss 10.535560607910156, v_loss 0.0 ,lr 0.01
INFO:root:epoch 0, Episode 137, total_loss: 5.056848049163818, q_loss 4.618876934051514, v_loss 0.43797117471694946 ,lr 0.01
INFO:root:epoch 0, Episode 138, total_loss: 8.967976570129395, q_loss 8.967976570129395, v_loss 0.0 ,lr 0.01
INFO:root:epoch 0, Episode 139, total_loss: 7.1558942794799805, q_loss 7.099968433380127, v_loss 0.055925820022821426 ,lr 0.01
INFO:root:epoch 0, Episode 140, total_loss: 16.99262046813965, q_loss 16.99262046813965, v_loss 0.0 ,lr 0.01
INFO:root:epoch 0, Episode 141, total_loss: 2.8520500659942627, q_loss 2.7488725185394287, v_loss 0.10317754745483398 ,lr 0.01
INFO:root:epoch 0, Episode 142, total_loss: 1.263514518737793, q_loss 1.0464730262756348, v_loss 0.21704153716564178 ,lr 0.01
INFO:root:epoch 0, Episode 143, total_loss: 3.3518786430358887, q_loss 3.3518786430358887, v_loss 0.0 ,lr 0.01
INFO:root:epoch 0, Episode 144, total_loss: 9.287483215332031, q_loss 9.287483215332031, v_loss 0.0 ,lr 0.01
INFO:root:epoch 0, Episode 145, total_loss: 1.8403692245483398, q_loss 1.8403692245483398, v_loss 0.0 ,lr 0.01
INFO:root:epoch 0, Episode 146, total_loss: 11.049394607543945, q_loss 11.049394607543945, v_loss 0.0 ,lr 0.01
INFO:root:epoch 0, Episode 147, total_loss: 2.656463384628296, q_loss 2.591808319091797, v_loss 0.06465507298707962 ,lr 0.01
INFO:root:epoch 0, Episode 148, total_loss: 3.028073310852051, q_loss 3.028073310852051, v_loss 0.0 ,lr 0.01
INFO:root:epoch 0, Episode 149, total_loss: 5.905168056488037, q_loss 5.905168056488037, v_loss 0.0 ,lr 0.01
INFO:root:epoch 0, Episode 150, total_loss: 7.848133563995361, q_loss 7.848133563995361, v_loss 0.0 ,lr 0.01
INFO:root:epoch 0, Episode 151, total_loss: 13.76002311706543, q_loss 13.3079252243042, v_loss 0.45209765434265137 ,lr 0.01
INFO:root:epoch 0, Episode 152, total_loss: 18.126998901367188, q_loss 18.126998901367188, v_loss 0.0 ,lr 0.01
INFO:root:epoch 0, Episode 153, total_loss: 10.260154724121094, q_loss 10.260154724121094, v_loss 0.0 ,lr 0.01
INFO:root:epoch 0, Episode 154, total_loss: 0.9514342546463013, q_loss 0.505783200263977, v_loss 0.4456510543823242 ,lr 0.01
INFO:root:epoch 0, Episode 155, total_loss: 17.239444732666016, q_loss 17.239444732666016, v_loss 0.0 ,lr 0.01
INFO:root:epoch 0, Episode 156, total_loss: 8.328376770019531, q_loss 8.328376770019531, v_loss 0.0 ,lr 0.01
INFO:root:epoch 0, Episode 157, total_loss: 14.246309280395508, q_loss 14.246309280395508, v_loss 0.0 ,lr 0.01
INFO:root:epoch 0, Episode 158, total_loss: 7.076240062713623, q_loss 7.076240062713623, v_loss 0.0 ,lr 0.01
INFO:root:epoch 0, Episode 159, total_loss: 9.323386192321777, q_loss 9.315670013427734, v_loss 0.007716283202171326 ,lr 0.01
INFO:root:epoch 0, Episode 160, total_loss: 14.263248443603516, q_loss 14.263248443603516, v_loss 0.0 ,lr 0.01
INFO:root:epoch 0, Episode 161, total_loss: 0.34384116530418396, q_loss 0.34384116530418396, v_loss 0.0 ,lr 0.01
INFO:root:epoch 0, Episode 162, total_loss: 11.132990837097168, q_loss 11.12675666809082, v_loss 0.006234270520508289 ,lr 0.01
INFO:root:epoch 0, Episode 163, total_loss: 3.586229085922241, q_loss 3.4889767169952393, v_loss 0.09725247323513031 ,lr 0.01
INFO:root:epoch 0, Episode 164, total_loss: 2.346217393875122, q_loss 2.346217393875122, v_loss 0.0 ,lr 0.01
INFO:root:epoch 0, Episode 165, total_loss: 4580.06982421875, q_loss 4580.06982421875, v_loss 0.0 ,lr 0.01
INFO:root:epoch 0, Episode 166, total_loss: 4.4632954597473145, q_loss 3.7308993339538574, v_loss 0.7323962450027466 ,lr 0.01
INFO:root:epoch 0, Episode 167, total_loss: 19.250120162963867, q_loss 19.250120162963867, v_loss 0.0 ,lr 0.01
INFO:root:epoch 0, Episode 168, total_loss: 16.75847053527832, q_loss 16.75847053527832, v_loss 0.0 ,lr 0.01
INFO:root:epoch 0, Episode 169, total_loss: 4.672747611999512, q_loss 4.672747611999512, v_loss 0.0 ,lr 0.01
INFO:root:epoch 0, Episode 170, total_loss: 8.907069206237793, q_loss 8.84775161743164, v_loss 0.059317972511053085 ,lr 0.01
INFO:root:epoch 0, Episode 171, total_loss: 1.689149022102356, q_loss 1.689149022102356, v_loss 0.0 ,lr 0.01
INFO:root:epoch 0, Episode 172, total_loss: 8.70445442199707, q_loss 8.70445442199707, v_loss 0.0 ,lr 0.01
INFO:root:epoch 0, Episode 173, total_loss: 3.6858131885528564, q_loss 3.585721731185913, v_loss 0.10009139031171799 ,lr 0.01
INFO:root:epoch 0, Episode 174, total_loss: 13.211162567138672, q_loss 13.211162567138672, v_loss 0.0 ,lr 0.01
INFO:root:epoch 0, Episode 175, total_loss: 14.970056533813477, q_loss 14.970056533813477, v_loss 0.0 ,lr 0.01
INFO:root:epoch 0, Episode 176, total_loss: 6.9299163818359375, q_loss 6.9299163818359375, v_loss 0.0 ,lr 0.01
INFO:root:epoch 0, Episode 177, total_loss: 6.227586269378662, q_loss 6.141631603240967, v_loss 0.08595459163188934 ,lr 0.01
INFO:root:epoch 0, Episode 178, total_loss: 9.918540000915527, q_loss 9.918540000915527, v_loss 0.0 ,lr 0.01
INFO:root:epoch 0, Episode 179, total_loss: 9.153844833374023, q_loss 9.119773864746094, v_loss 0.03407115489244461 ,lr 0.01
INFO:root:epoch 0, Episode 180, total_loss: 8.12078857421875, q_loss 7.991550445556641, v_loss 0.12923844158649445 ,lr 0.01
INFO:root:epoch 0, Episode 181, total_loss: 4.296642303466797, q_loss 4.241909980773926, v_loss 0.054732274264097214 ,lr 0.01
INFO:root:epoch 0, Episode 182, total_loss: 5.554774761199951, q_loss 5.244134426116943, v_loss 0.31064051389694214 ,lr 0.01
INFO:root:epoch 1, Episode 0, total_loss: 3.249910831451416, q_loss 3.249910831451416, v_loss 0.0 ,lr 0.01
INFO:root:epoch 1, Episode 1, total_loss: 10.696632385253906, q_loss 10.696632385253906, v_loss 0.0 ,lr 0.01
INFO:root:epoch 1, Episode 2, total_loss: 12.620664596557617, q_loss 12.586698532104492, v_loss 0.0339658260345459 ,lr 0.01
INFO:root:epoch 1, Episode 3, total_loss: 12.926836013793945, q_loss 12.926836013793945, v_loss 0.0 ,lr 0.01
INFO:root:epoch 1, Episode 4, total_loss: 5.94719934463501, q_loss 5.94719934463501, v_loss 0.0 ,lr 0.01
INFO:root:epoch 1, Episode 5, total_loss: 10.411846160888672, q_loss 10.411846160888672, v_loss 0.0 ,lr 0.01
INFO:root:epoch 1, Episode 6, total_loss: 6.364853858947754, q_loss 6.364853858947754, v_loss 0.0 ,lr 0.01
INFO:root:epoch 1, Episode 7, total_loss: 14.178645133972168, q_loss 14.178645133972168, v_loss 0.0 ,lr 0.01
INFO:root:epoch 1, Episode 8, total_loss: 0.26831212639808655, q_loss 0.26831212639808655, v_loss 0.0 ,lr 0.01
INFO:root:epoch 1, Episode 9, total_loss: 2.4134106636047363, q_loss 2.3489880561828613, v_loss 0.06442270427942276 ,lr 0.01
INFO:root:epoch 1, Episode 10, total_loss: 4.144289016723633, q_loss 3.9744889736175537, v_loss 0.16980023682117462 ,lr 0.01
INFO:root:epoch 1, Episode 11, total_loss: 7.170533657073975, q_loss 7.170533657073975, v_loss 0.0 ,lr 0.01
INFO:root:epoch 1, Episode 12, total_loss: 14.393784523010254, q_loss 14.316075325012207, v_loss 0.07770946621894836 ,lr 0.01
INFO:root:epoch 1, Episode 13, total_loss: 12.69434928894043, q_loss 12.69434928894043, v_loss 0.0 ,lr 0.01
INFO:root:epoch 1, Episode 14, total_loss: 13.959067344665527, q_loss 13.959067344665527, v_loss 0.0 ,lr 0.01
INFO:root:epoch 1, Episode 15, total_loss: 2.361161231994629, q_loss 2.361161231994629, v_loss 0.0 ,lr 0.01
INFO:root:epoch 1, Episode 16, total_loss: 8.330465316772461, q_loss 8.086166381835938, v_loss 0.24429860711097717 ,lr 0.01
INFO:root:epoch 1, Episode 17, total_loss: 10.409255981445312, q_loss 10.409255981445312, v_loss 0.0 ,lr 0.01
INFO:root:val_loss 1.2926427125930786
INFO:root:epoch 1, Episode 18, total_loss: 16.190216064453125, q_loss 16.190216064453125, v_loss 0.0 ,lr 0.01
INFO:root:epoch 1, Episode 19, total_loss: 15.730158805847168, q_loss 15.730158805847168, v_loss 0.0 ,lr 0.01
INFO:root:epoch 1, Episode 20, total_loss: 13.44540023803711, q_loss 13.44540023803711, v_loss 0.0 ,lr 0.01
INFO:root:epoch 1, Episode 21, total_loss: 5.02754545211792, q_loss 4.7973737716674805, v_loss 0.23017184436321259 ,lr 0.01
INFO:root:epoch 1, Episode 22, total_loss: 4.862179279327393, q_loss 3.8007612228393555, v_loss 1.0614181756973267 ,lr 0.01
INFO:root:epoch 1, Episode 23, total_loss: 10.448127746582031, q_loss 10.448127746582031, v_loss 0.0 ,lr 0.01
INFO:root:epoch 1, Episode 24, total_loss: 1.3924998044967651, q_loss 1.317034125328064, v_loss 0.07546567171812057 ,lr 0.01
INFO:root:epoch 1, Episode 25, total_loss: 3.5743002891540527, q_loss 3.5743002891540527, v_loss 0.0 ,lr 0.01
INFO:root:epoch 1, Episode 26, total_loss: 0.07578378170728683, q_loss 0.07578378170728683, v_loss 0.0 ,lr 0.01
INFO:root:epoch 1, Episode 27, total_loss: 4.050299644470215, q_loss 3.7322733402252197, v_loss 0.3180263936519623 ,lr 0.01
INFO:root:epoch 1, Episode 28, total_loss: 13.23473834991455, q_loss 13.178906440734863, v_loss 0.05583152920007706 ,lr 0.01
INFO:root:epoch 1, Episode 29, total_loss: 16.598876953125, q_loss 16.598876953125, v_loss 0.0 ,lr 0.01
INFO:root:epoch 1, Episode 30, total_loss: 13.847402572631836, q_loss 13.847402572631836, v_loss 0.0 ,lr 0.01
INFO:root:epoch 1, Episode 31, total_loss: 3.1829497814178467, q_loss 3.1829497814178467, v_loss 0.0 ,lr 0.01
INFO:root:epoch 1, Episode 32, total_loss: 7.368027210235596, q_loss 7.354727745056152, v_loss 0.013299365527927876 ,lr 0.01
INFO:root:epoch 1, Episode 33, total_loss: 17.110002517700195, q_loss 17.110002517700195, v_loss 0.0 ,lr 0.01
INFO:root:epoch 1, Episode 34, total_loss: 0.40191948413848877, q_loss 0.40191948413848877, v_loss 0.0 ,lr 0.01
INFO:root:epoch 1, Episode 35, total_loss: 6.198121070861816, q_loss 6.198121070861816, v_loss 0.0 ,lr 0.01
INFO:root:epoch 1, Episode 36, total_loss: 4.9620041847229, q_loss 4.637499809265137, v_loss 0.324504554271698 ,lr 0.01
INFO:root:epoch 1, Episode 37, total_loss: 12.655924797058105, q_loss 12.655924797058105, v_loss 0.0 ,lr 0.01
INFO:root:epoch 1, Episode 38, total_loss: 7.565034866333008, q_loss 7.503551959991455, v_loss 0.061482951045036316 ,lr 0.01
INFO:root:epoch 1, Episode 39, total_loss: 1.5803604125976562, q_loss 1.5803604125976562, v_loss 0.0 ,lr 0.01
INFO:root:epoch 1, Episode 40, total_loss: 16.653369903564453, q_loss 16.653369903564453, v_loss 0.0 ,lr 0.01
INFO:root:epoch 1, Episode 41, total_loss: 5.200310707092285, q_loss 5.200310707092285, v_loss 0.0 ,lr 0.01
INFO:root:epoch 1, Episode 42, total_loss: 14.352974891662598, q_loss 14.352974891662598, v_loss 0.0 ,lr 0.01
INFO:root:epoch 1, Episode 43, total_loss: 9.538092613220215, q_loss 9.538092613220215, v_loss 0.0 ,lr 0.01
INFO:root:epoch 1, Episode 44, total_loss: 15.282304763793945, q_loss 15.282304763793945, v_loss 0.0 ,lr 0.01
INFO:root:epoch 1, Episode 45, total_loss: 2.070063352584839, q_loss 2.070063352584839, v_loss 0.0 ,lr 0.01
INFO:root:epoch 1, Episode 46, total_loss: 3.3660409450531006, q_loss 3.3660409450531006, v_loss 0.0 ,lr 0.01
INFO:root:epoch 1, Episode 47, total_loss: 6.526591777801514, q_loss 6.526591777801514, v_loss 0.0 ,lr 0.01
INFO:root:epoch 1, Episode 48, total_loss: 12.42842960357666, q_loss 12.42842960357666, v_loss 0.0 ,lr 0.01
INFO:root:epoch 1, Episode 49, total_loss: 2945.972412109375, q_loss 2945.972412109375, v_loss 0.0 ,lr 0.01
INFO:root:epoch 1, Episode 50, total_loss: 0.006061062216758728, q_loss 0.006061062216758728, v_loss 0.0 ,lr 0.01
INFO:root:epoch 1, Episode 51, total_loss: 1.384279727935791, q_loss 1.3658069372177124, v_loss 0.018472746014595032 ,lr 0.01
INFO:root:epoch 1, Episode 52, total_loss: 3.88869047164917, q_loss 3.800236701965332, v_loss 0.08845376968383789 ,lr 0.01
INFO:root:epoch 1, Episode 53, total_loss: 2.0019474029541016, q_loss 2.0019474029541016, v_loss 0.0 ,lr 0.01
INFO:root:epoch 1, Episode 54, total_loss: 2.626077651977539, q_loss 2.626077651977539, v_loss 0.0 ,lr 0.01
INFO:root:epoch 1, Episode 55, total_loss: 0.5846155881881714, q_loss 0.5846155881881714, v_loss 0.0 ,lr 0.01
INFO:root:epoch 1, Episode 56, total_loss: 3.8196113109588623, q_loss 3.7377586364746094, v_loss 0.08185268938541412 ,lr 0.01
INFO:root:epoch 1, Episode 57, total_loss: 13.656670570373535, q_loss 13.656670570373535, v_loss 0.0 ,lr 0.01
INFO:root:epoch 1, Episode 58, total_loss: 15.475883483886719, q_loss 12.854203224182129, v_loss 2.6216800212860107 ,lr 0.01
INFO:root:epoch 1, Episode 59, total_loss: 5.870489597320557, q_loss 5.870489597320557, v_loss 0.0 ,lr 0.01
INFO:root:epoch 1, Episode 60, total_loss: 8.344465255737305, q_loss 8.344465255737305, v_loss 0.0 ,lr 0.01
INFO:root:epoch 1, Episode 61, total_loss: 4.340245723724365, q_loss 4.112471580505371, v_loss 0.22777396440505981 ,lr 0.01
INFO:root:epoch 1, Episode 62, total_loss: 14.53722095489502, q_loss 14.53722095489502, v_loss 0.0 ,lr 0.01
INFO:root:epoch 1, Episode 63, total_loss: 7.774218559265137, q_loss 7.721697807312012, v_loss 0.052520617842674255 ,lr 0.01
INFO:root:epoch 1, Episode 64, total_loss: 14.134855270385742, q_loss 14.054557800292969, v_loss 0.08029739558696747 ,lr 0.01
INFO:root:epoch 1, Episode 65, total_loss: 3.0591983795166016, q_loss 3.0591983795166016, v_loss 0.0 ,lr 0.01
INFO:root:epoch 1, Episode 66, total_loss: 0.7117788195610046, q_loss 0.5209401249885559, v_loss 0.19083867967128754 ,lr 0.01
INFO:root:epoch 1, Episode 67, total_loss: 7.45948600769043, q_loss 6.999951362609863, v_loss 0.45953455567359924 ,lr 0.01
INFO:root:epoch 1, Episode 68, total_loss: 10.989535331726074, q_loss 10.989535331726074, v_loss 0.0 ,lr 0.01
INFO:root:epoch 1, Episode 69, total_loss: 16.939697265625, q_loss 16.939697265625, v_loss 0.0 ,lr 0.01
INFO:root:epoch 1, Episode 70, total_loss: 7.278165817260742, q_loss 7.278165817260742, v_loss 0.0 ,lr 0.01
INFO:root:epoch 1, Episode 71, total_loss: 1.1909239292144775, q_loss 1.1909239292144775, v_loss 0.0 ,lr 0.01
INFO:root:epoch 1, Episode 72, total_loss: 10.404022216796875, q_loss 10.404022216796875, v_loss 0.0 ,lr 0.01
INFO:root:epoch 1, Episode 73, total_loss: 0.5832685232162476, q_loss 0.20408949255943298, v_loss 0.37917906045913696 ,lr 0.01
INFO:root:epoch 1, Episode 74, total_loss: 4.423328399658203, q_loss 4.423328399658203, v_loss 0.0 ,lr 0.01
INFO:root:epoch 1, Episode 75, total_loss: 17.227510452270508, q_loss 17.227510452270508, v_loss 0.0 ,lr 0.01
INFO:root:epoch 1, Episode 76, total_loss: 5.135164260864258, q_loss 5.135164260864258, v_loss 0.0 ,lr 0.01
INFO:root:epoch 1, Episode 77, total_loss: 4.832441329956055, q_loss 4.832441329956055, v_loss 0.0 ,lr 0.01
INFO:root:epoch 1, Episode 78, total_loss: 9.703076362609863, q_loss 9.107016563415527, v_loss 0.5960596203804016 ,lr 0.01
INFO:root:epoch 1, Episode 79, total_loss: 14.594510078430176, q_loss 14.594510078430176, v_loss 0.0 ,lr 0.01
INFO:root:epoch 1, Episode 80, total_loss: 13.228191375732422, q_loss 13.228191375732422, v_loss 0.0 ,lr 0.01
INFO:root:epoch 1, Episode 81, total_loss: 10.87903118133545, q_loss 10.87903118133545, v_loss 0.0 ,lr 0.01
INFO:root:epoch 1, Episode 82, total_loss: 1.484352946281433, q_loss 1.484352946281433, v_loss 0.0 ,lr 0.01
INFO:root:epoch 1, Episode 83, total_loss: 1.3390706777572632, q_loss 1.2624343633651733, v_loss 0.07663631439208984 ,lr 0.01
INFO:root:epoch 1, Episode 84, total_loss: 4.353344440460205, q_loss 4.351722717285156, v_loss 0.001621939823962748 ,lr 0.01
INFO:root:epoch 1, Episode 85, total_loss: 2.2231497764587402, q_loss 2.199458122253418, v_loss 0.023691590875387192 ,lr 0.01
INFO:root:epoch 1, Episode 86, total_loss: 9.940690040588379, q_loss 9.940690040588379, v_loss 0.0 ,lr 0.01
INFO:root:epoch 1, Episode 87, total_loss: 10.628870010375977, q_loss 10.628870010375977, v_loss 0.0 ,lr 0.01
INFO:root:epoch 1, Episode 88, total_loss: 14.865781784057617, q_loss 14.865781784057617, v_loss 0.0 ,lr 0.01
INFO:root:epoch 1, Episode 89, total_loss: 18.47576141357422, q_loss 18.47576141357422, v_loss 0.0 ,lr 0.01
INFO:root:epoch 1, Episode 90, total_loss: 5.359981536865234, q_loss 5.29083251953125, v_loss 0.06914883106946945 ,lr 0.01
INFO:root:epoch 1, Episode 91, total_loss: 17.034406661987305, q_loss 17.034406661987305, v_loss 0.0 ,lr 0.01
INFO:root:epoch 1, Episode 92, total_loss: 9.600773811340332, q_loss 9.5704927444458, v_loss 0.030281411483883858 ,lr 0.01
INFO:root:epoch 1, Episode 93, total_loss: 15.861595153808594, q_loss 15.861595153808594, v_loss 0.0 ,lr 0.01
INFO:root:epoch 1, Episode 94, total_loss: 1.9335410594940186, q_loss 1.8383007049560547, v_loss 0.09524040669202805 ,lr 0.01
INFO:root:epoch 1, Episode 95, total_loss: 9.648666381835938, q_loss 9.562029838562012, v_loss 0.0866364985704422 ,lr 0.01
INFO:root:epoch 1, Episode 96, total_loss: 12.44371509552002, q_loss 12.44371509552002, v_loss 0.0 ,lr 0.01
INFO:root:epoch 1, Episode 97, total_loss: 6.815553665161133, q_loss 6.717360496520996, v_loss 0.0981929674744606 ,lr 0.01
INFO:root:epoch 1, Episode 98, total_loss: 17.104976654052734, q_loss 17.104976654052734, v_loss 0.0 ,lr 0.01
INFO:root:epoch 1, Episode 99, total_loss: 14.630510330200195, q_loss 14.589969635009766, v_loss 0.040540970861911774 ,lr 0.01
INFO:root:epoch 1, Episode 100, total_loss: 0.8711334466934204, q_loss 0.8505395650863647, v_loss 0.02059389092028141 ,lr 0.01
INFO:root:epoch 1, Episode 101, total_loss: 9.496295928955078, q_loss 9.289091110229492, v_loss 0.20720510184764862 ,lr 0.01
INFO:root:epoch 1, Episode 102, total_loss: 16.941036224365234, q_loss 16.941036224365234, v_loss 0.0 ,lr 0.01
INFO:root:epoch 1, Episode 103, total_loss: 11.761618614196777, q_loss 11.761618614196777, v_loss 0.0 ,lr 0.01
INFO:root:epoch 1, Episode 104, total_loss: 0.0002068851317744702, q_loss 0.0002068851317744702, v_loss 0.0 ,lr 0.01
INFO:root:epoch 1, Episode 105, total_loss: 13.521636962890625, q_loss 13.49670696258545, v_loss 0.024930326268076897 ,lr 0.01
INFO:root:epoch 1, Episode 106, total_loss: 8.969970703125, q_loss 8.969970703125, v_loss 0.0 ,lr 0.01
INFO:root:epoch 1, Episode 107, total_loss: 11.28017520904541, q_loss 11.28017520904541, v_loss 0.0 ,lr 0.01
INFO:root:epoch 1, Episode 108, total_loss: 7.220297336578369, q_loss 7.220297336578369, v_loss 0.0 ,lr 0.01
INFO:root:epoch 1, Episode 109, total_loss: 1.4052298069000244, q_loss 1.3480865955352783, v_loss 0.05714317038655281 ,lr 0.01
INFO:root:epoch 1, Episode 110, total_loss: 9.966032981872559, q_loss 9.82061767578125, v_loss 0.1454157531261444 ,lr 0.01
INFO:root:epoch 1, Episode 111, total_loss: 8.653010368347168, q_loss 8.653010368347168, v_loss 0.0 ,lr 0.01
INFO:root:epoch 1, Episode 112, total_loss: 9.72365665435791, q_loss 9.713937759399414, v_loss 0.009719243273139 ,lr 0.01
INFO:root:epoch 1, Episode 113, total_loss: 16.009607315063477, q_loss 16.009607315063477, v_loss 0.0 ,lr 0.01
INFO:root:epoch 1, Episode 114, total_loss: 10.756928443908691, q_loss 10.756928443908691, v_loss 0.0 ,lr 0.01
INFO:root:epoch 1, Episode 115, total_loss: 0.7736355662345886, q_loss 0.7736355662345886, v_loss 0.0 ,lr 0.01
INFO:root:epoch 1, Episode 116, total_loss: 7.8886260986328125, q_loss 7.847700119018555, v_loss 0.040925849229097366 ,lr 0.01
INFO:root:epoch 1, Episode 117, total_loss: 0.23092380166053772, q_loss 0.23092380166053772, v_loss 0.0 ,lr 0.01
INFO:root:val_loss 1.3009259700775146
INFO:root:epoch 1, Episode 118, total_loss: 15.178468704223633, q_loss 15.092498779296875, v_loss 0.08597003668546677 ,lr 0.01
INFO:root:epoch 1, Episode 119, total_loss: 14.09151840209961, q_loss 14.09151840209961, v_loss 0.0 ,lr 0.01
INFO:root:epoch 1, Episode 120, total_loss: 8.132453918457031, q_loss 8.132453918457031, v_loss 0.0 ,lr 0.01
INFO:root:epoch 1, Episode 121, total_loss: 6.676008224487305, q_loss 6.567965507507324, v_loss 0.10804295539855957 ,lr 0.01
INFO:root:epoch 1, Episode 122, total_loss: 4.746821880340576, q_loss 4.664609432220459, v_loss 0.08221223205327988 ,lr 0.01
INFO:root:epoch 1, Episode 123, total_loss: 4.102091312408447, q_loss 4.102091312408447, v_loss 0.0 ,lr 0.01
INFO:root:epoch 1, Episode 124, total_loss: 6.197926044464111, q_loss 6.197926044464111, v_loss 0.0 ,lr 0.01
INFO:root:epoch 1, Episode 125, total_loss: 13.726762771606445, q_loss 13.726762771606445, v_loss 0.0 ,lr 0.01
INFO:root:epoch 1, Episode 126, total_loss: 7.896377086639404, q_loss 7.896377086639404, v_loss 0.0 ,lr 0.01
INFO:root:epoch 1, Episode 127, total_loss: 2.0728042125701904, q_loss 2.064255714416504, v_loss 0.008548402227461338 ,lr 0.01
INFO:root:epoch 1, Episode 128, total_loss: 13.651862144470215, q_loss 13.651862144470215, v_loss 0.0 ,lr 0.01
INFO:root:epoch 1, Episode 129, total_loss: 0.0027397507801651955, q_loss 0.0027397507801651955, v_loss 0.0 ,lr 0.01
INFO:root:epoch 1, Episode 130, total_loss: 8.941829681396484, q_loss 8.8801851272583, v_loss 0.061644669622182846 ,lr 0.01
INFO:root:epoch 1, Episode 131, total_loss: 2.394413471221924, q_loss 2.3761661052703857, v_loss 0.018247272819280624 ,lr 0.01
INFO:root:epoch 1, Episode 132, total_loss: 11.468968391418457, q_loss 11.468968391418457, v_loss 0.0 ,lr 0.01
INFO:root:epoch 1, Episode 133, total_loss: 8.44426441192627, q_loss 8.44426441192627, v_loss 0.0 ,lr 0.01
INFO:root:epoch 1, Episode 134, total_loss: 9.819872856140137, q_loss 9.764920234680176, v_loss 0.05495217815041542 ,lr 0.01
INFO:root:epoch 1, Episode 135, total_loss: 10495.6796875, q_loss 10495.6796875, v_loss 0.0 ,lr 0.01
INFO:root:epoch 1, Episode 136, total_loss: 13.997604370117188, q_loss 13.997604370117188, v_loss 0.0 ,lr 0.01
INFO:root:epoch 1, Episode 137, total_loss: 3.2266743183135986, q_loss 3.1355953216552734, v_loss 0.09107892215251923 ,lr 0.01
INFO:root:epoch 1, Episode 138, total_loss: 10.02005672454834, q_loss 10.02005672454834, v_loss 0.0 ,lr 0.01
INFO:root:epoch 1, Episode 139, total_loss: 8.16147232055664, q_loss 7.941844463348389, v_loss 0.21962745487689972 ,lr 0.01
INFO:root:epoch 1, Episode 140, total_loss: 19.038042068481445, q_loss 19.038042068481445, v_loss 0.0 ,lr 0.01
INFO:root:epoch 1, Episode 141, total_loss: 2.0639965534210205, q_loss 2.0582966804504395, v_loss 0.005699870176613331 ,lr 0.01
INFO:root:epoch 1, Episode 142, total_loss: 0.7052680253982544, q_loss 0.6281087398529053, v_loss 0.07715931534767151 ,lr 0.01
INFO:root:epoch 1, Episode 143, total_loss: 3.5664923191070557, q_loss 3.5664923191070557, v_loss 0.0 ,lr 0.01
INFO:root:epoch 1, Episode 144, total_loss: 9.467357635498047, q_loss 9.467357635498047, v_loss 0.0 ,lr 0.01
INFO:root:epoch 1, Episode 145, total_loss: 1.7393382787704468, q_loss 1.7393382787704468, v_loss 0.0 ,lr 0.01
INFO:root:epoch 1, Episode 146, total_loss: 11.082368850708008, q_loss 11.082368850708008, v_loss 0.0 ,lr 0.01
INFO:root:epoch 1, Episode 147, total_loss: 2.3662006855010986, q_loss 2.351759433746338, v_loss 0.01444132812321186 ,lr 0.01
INFO:root:epoch 1, Episode 148, total_loss: 3.014754295349121, q_loss 3.014754295349121, v_loss 0.0 ,lr 0.01
INFO:root:epoch 1, Episode 149, total_loss: 5.89286994934082, q_loss 5.89286994934082, v_loss 0.0 ,lr 0.01
INFO:root:epoch 1, Episode 150, total_loss: 7.828282833099365, q_loss 7.828282833099365, v_loss 0.0 ,lr 0.01
INFO:root:epoch 1, Episode 151, total_loss: 13.84693431854248, q_loss 13.629965782165527, v_loss 0.21696899831295013 ,lr 0.01
INFO:root:epoch 1, Episode 152, total_loss: 18.086210250854492, q_loss 18.086210250854492, v_loss 0.0 ,lr 0.01
INFO:root:epoch 1, Episode 153, total_loss: 10.266833305358887, q_loss 10.266833305358887, v_loss 0.0 ,lr 0.01
INFO:root:epoch 1, Episode 154, total_loss: 0.42927074432373047, q_loss 0.2734284996986389, v_loss 0.15584224462509155 ,lr 0.01
INFO:root:epoch 1, Episode 155, total_loss: 17.202735900878906, q_loss 17.202735900878906, v_loss 0.0 ,lr 0.01
INFO:root:epoch 1, Episode 156, total_loss: 8.316789627075195, q_loss 8.316789627075195, v_loss 0.0 ,lr 0.01
INFO:root:epoch 1, Episode 157, total_loss: 14.236316680908203, q_loss 14.236316680908203, v_loss 0.0 ,lr 0.01
INFO:root:epoch 1, Episode 158, total_loss: 7.075812816619873, q_loss 7.075812816619873, v_loss 0.0 ,lr 0.01
INFO:root:epoch 1, Episode 159, total_loss: 9.601920127868652, q_loss 9.498534202575684, v_loss 0.10338594764471054 ,lr 0.01
INFO:root:epoch 1, Episode 160, total_loss: 14.25898265838623, q_loss 14.25898265838623, v_loss 0.0 ,lr 0.01
INFO:root:epoch 1, Episode 161, total_loss: 0.3514188528060913, q_loss 0.3514188528060913, v_loss 0.0 ,lr 0.01
INFO:root:epoch 1, Episode 162, total_loss: 5.810142517089844, q_loss 5.738711357116699, v_loss 0.0714312493801117 ,lr 0.01
INFO:root:epoch 1, Episode 163, total_loss: 3.3611631393432617, q_loss 3.317732334136963, v_loss 0.04343089833855629 ,lr 0.01
INFO:root:epoch 1, Episode 164, total_loss: 2.3564884662628174, q_loss 2.3564884662628174, v_loss 0.0 ,lr 0.01
INFO:root:epoch 1, Episode 165, total_loss: 4579.45751953125, q_loss 4579.45751953125, v_loss 0.0 ,lr 0.01
INFO:root:epoch 1, Episode 166, total_loss: 2.535365104675293, q_loss 2.4105968475341797, v_loss 0.12476827949285507 ,lr 0.01
INFO:root:epoch 1, Episode 167, total_loss: 19.2474308013916, q_loss 19.2474308013916, v_loss 0.0 ,lr 0.01
INFO:root:epoch 1, Episode 168, total_loss: 16.76514434814453, q_loss 16.76514434814453, v_loss 0.0 ,lr 0.01
INFO:root:epoch 1, Episode 169, total_loss: 4.661933422088623, q_loss 4.661933422088623, v_loss 0.0 ,lr 0.01
INFO:root:epoch 1, Episode 170, total_loss: 8.53386116027832, q_loss 8.513245582580566, v_loss 0.020615655928850174 ,lr 0.01
INFO:root:epoch 1, Episode 171, total_loss: 1.6990611553192139, q_loss 1.6990611553192139, v_loss 0.0 ,lr 0.01
INFO:root:epoch 1, Episode 172, total_loss: 8.687663078308105, q_loss 8.687663078308105, v_loss 0.0 ,lr 0.01
INFO:root:epoch 1, Episode 173, total_loss: 3.277329683303833, q_loss 3.256953001022339, v_loss 0.020376717671751976 ,lr 0.01
INFO:root:epoch 1, Episode 174, total_loss: 13.233805656433105, q_loss 13.233805656433105, v_loss 0.0 ,lr 0.01
INFO:root:epoch 1, Episode 175, total_loss: 15.004734992980957, q_loss 15.004734992980957, v_loss 0.0 ,lr 0.01
INFO:root:epoch 1, Episode 176, total_loss: 6.825972557067871, q_loss 6.812591075897217, v_loss 0.013381671160459518 ,lr 0.01
INFO:root:epoch 1, Episode 177, total_loss: 7.4477338790893555, q_loss 7.00001859664917, v_loss 0.4477151930332184 ,lr 0.01
INFO:root:epoch 1, Episode 178, total_loss: 10.010411262512207, q_loss 10.010411262512207, v_loss 0.0 ,lr 0.01
INFO:root:epoch 1, Episode 179, total_loss: 9.159867286682129, q_loss 9.147038459777832, v_loss 0.012829126790165901 ,lr 0.01
INFO:root:epoch 1, Episode 180, total_loss: 8.929028511047363, q_loss 8.905510902404785, v_loss 0.023517919704318047 ,lr 0.01
INFO:root:epoch 1, Episode 181, total_loss: 3.956397771835327, q_loss 3.942178249359131, v_loss 0.0142196174710989 ,lr 0.01
INFO:root:epoch 1, Episode 182, total_loss: 6.031978607177734, q_loss 5.33038854598999, v_loss 0.7015901803970337 ,lr 0.01
INFO:root:epoch 2, Episode 0, total_loss: 3.1197352409362793, q_loss 3.1197352409362793, v_loss 0.0 ,lr 0.001
INFO:root:epoch 2, Episode 1, total_loss: 10.684833526611328, q_loss 10.684833526611328, v_loss 0.0 ,lr 0.001
INFO:root:epoch 2, Episode 2, total_loss: 12.612085342407227, q_loss 12.598033905029297, v_loss 0.014050984755158424 ,lr 0.001
INFO:root:epoch 2, Episode 3, total_loss: 12.94725227355957, q_loss 12.94725227355957, v_loss 0.0 ,lr 0.001
INFO:root:epoch 2, Episode 4, total_loss: 5.95650577545166, q_loss 5.95650577545166, v_loss 0.0 ,lr 0.001
INFO:root:epoch 2, Episode 5, total_loss: 10.407269477844238, q_loss 10.407269477844238, v_loss 0.0 ,lr 0.001
INFO:root:epoch 2, Episode 6, total_loss: 6.322532653808594, q_loss 6.322532653808594, v_loss 0.0 ,lr 0.001
INFO:root:epoch 2, Episode 7, total_loss: 14.183385848999023, q_loss 14.183385848999023, v_loss 0.0 ,lr 0.001
INFO:root:epoch 2, Episode 8, total_loss: 0.24985747039318085, q_loss 0.24985747039318085, v_loss 0.0 ,lr 0.001
INFO:root:epoch 2, Episode 9, total_loss: 2.3376710414886475, q_loss 2.312385082244873, v_loss 0.025285866111516953 ,lr 0.001
INFO:root:epoch 2, Episode 10, total_loss: 4.658464431762695, q_loss 4.271160125732422, v_loss 0.387304425239563 ,lr 0.001
INFO:root:epoch 2, Episode 11, total_loss: 7.196401596069336, q_loss 7.196401596069336, v_loss 0.0 ,lr 0.001
INFO:root:epoch 2, Episode 12, total_loss: 14.28700065612793, q_loss 14.252415657043457, v_loss 0.0345848947763443 ,lr 0.001
INFO:root:epoch 2, Episode 13, total_loss: 12.684250831604004, q_loss 12.684250831604004, v_loss 0.0 ,lr 0.001
INFO:root:epoch 2, Episode 14, total_loss: 13.977188110351562, q_loss 13.977188110351562, v_loss 0.0 ,lr 0.001
INFO:root:epoch 2, Episode 15, total_loss: 2.3739399909973145, q_loss 2.3739399909973145, v_loss 0.0 ,lr 0.001
INFO:root:epoch 2, Episode 16, total_loss: 8.00974178314209, q_loss 7.91843318939209, v_loss 0.09130850434303284 ,lr 0.001
INFO:root:epoch 2, Episode 17, total_loss: 10.423466682434082, q_loss 10.423466682434082, v_loss 0.0 ,lr 0.001
INFO:root:epoch 2, Episode 18, total_loss: 16.234512329101562, q_loss 16.234512329101562, v_loss 0.0 ,lr 0.001
INFO:root:epoch 2, Episode 19, total_loss: 15.756383895874023, q_loss 15.756383895874023, v_loss 0.0 ,lr 0.001
INFO:root:epoch 2, Episode 20, total_loss: 13.460201263427734, q_loss 13.460201263427734, v_loss 0.0 ,lr 0.001
INFO:root:epoch 2, Episode 21, total_loss: 5.16580867767334, q_loss 4.734246730804443, v_loss 0.4315621554851532 ,lr 0.001
INFO:root:epoch 2, Episode 22, total_loss: 5.8394317626953125, q_loss 4.822171688079834, v_loss 1.017259955406189 ,lr 0.001
INFO:root:epoch 2, Episode 23, total_loss: 10.471208572387695, q_loss 10.471208572387695, v_loss 0.0 ,lr 0.001
INFO:root:epoch 2, Episode 24, total_loss: 3.3496756553649902, q_loss 2.911048173904419, v_loss 0.43862760066986084 ,lr 0.001
INFO:root:epoch 2, Episode 25, total_loss: 3.5537943840026855, q_loss 3.5537943840026855, v_loss 0.0 ,lr 0.001
INFO:root:epoch 2, Episode 26, total_loss: 0.06436149775981903, q_loss 0.06436149775981903, v_loss 0.0 ,lr 0.001
INFO:root:epoch 2, Episode 27, total_loss: 3.489429235458374, q_loss 3.337062120437622, v_loss 0.15236711502075195 ,lr 0.001
INFO:root:epoch 2, Episode 28, total_loss: 12.69655704498291, q_loss 12.55903434753418, v_loss 0.13752251863479614 ,lr 0.001
INFO:root:epoch 2, Episode 29, total_loss: 16.6367244720459, q_loss 16.6367244720459, v_loss 0.0 ,lr 0.001
INFO:root:epoch 2, Episode 30, total_loss: 13.841059684753418, q_loss 13.841059684753418, v_loss 0.0 ,lr 0.001
INFO:root:epoch 2, Episode 31, total_loss: 3.062893867492676, q_loss 3.062893867492676, v_loss 0.0 ,lr 0.001
INFO:root:epoch 2, Episode 32, total_loss: 7.245029449462891, q_loss 7.24143123626709, v_loss 0.0035983501002192497 ,lr 0.001
INFO:root:epoch 2, Episode 33, total_loss: 17.088953018188477, q_loss 17.088953018188477, v_loss 0.0 ,lr 0.001
INFO:root:epoch 2, Episode 34, total_loss: 0.40189772844314575, q_loss 0.40189772844314575, v_loss 0.0 ,lr 0.001
INFO:root:val_loss 1.3116241693496704
INFO:root:epoch 2, Episode 35, total_loss: 6.207870960235596, q_loss 6.207870960235596, v_loss 0.0 ,lr 0.001
INFO:root:epoch 2, Episode 36, total_loss: 3.9649131298065186, q_loss 3.7865214347839355, v_loss 0.17839168012142181 ,lr 0.001
INFO:root:epoch 2, Episode 37, total_loss: 12.669029235839844, q_loss 12.669029235839844, v_loss 0.0 ,lr 0.001
INFO:root:epoch 2, Episode 38, total_loss: 7.485983371734619, q_loss 7.461940765380859, v_loss 0.024042708799242973 ,lr 0.001
INFO:root:epoch 2, Episode 39, total_loss: 1.576033115386963, q_loss 1.576033115386963, v_loss 0.0 ,lr 0.001
INFO:root:epoch 2, Episode 40, total_loss: 16.68421173095703, q_loss 16.68421173095703, v_loss 0.0 ,lr 0.001
INFO:root:epoch 2, Episode 41, total_loss: 5.200344562530518, q_loss 5.200344562530518, v_loss 0.0 ,lr 0.001
INFO:root:epoch 2, Episode 42, total_loss: 14.37524700164795, q_loss 14.37524700164795, v_loss 0.0 ,lr 0.001
INFO:root:epoch 2, Episode 43, total_loss: 9.555668830871582, q_loss 9.555668830871582, v_loss 0.0 ,lr 0.001
INFO:root:epoch 2, Episode 44, total_loss: 15.320549964904785, q_loss 15.320549964904785, v_loss 0.0 ,lr 0.001
INFO:root:epoch 2, Episode 45, total_loss: 2.0686914920806885, q_loss 2.0686914920806885, v_loss 0.0 ,lr 0.001
INFO:root:epoch 2, Episode 46, total_loss: 3.416985034942627, q_loss 3.416985034942627, v_loss 0.0 ,lr 0.001
INFO:root:epoch 2, Episode 47, total_loss: 6.524100303649902, q_loss 6.524100303649902, v_loss 0.0 ,lr 0.001
INFO:root:epoch 2, Episode 48, total_loss: 12.460347175598145, q_loss 12.460347175598145, v_loss 0.0 ,lr 0.001
INFO:root:epoch 2, Episode 49, total_loss: 2945.379638671875, q_loss 2945.379638671875, v_loss 0.0 ,lr 0.001
INFO:root:epoch 2, Episode 50, total_loss: 0.0028106372337788343, q_loss 0.0028106372337788343, v_loss 0.0 ,lr 0.001
INFO:root:epoch 2, Episode 51, total_loss: 1.8367201089859009, q_loss 1.6557950973510742, v_loss 0.18092504143714905 ,lr 0.001
INFO:root:epoch 2, Episode 52, total_loss: 1.3247121572494507, q_loss 0.9274493455886841, v_loss 0.397262841463089 ,lr 0.001
INFO:root:epoch 2, Episode 53, total_loss: 2.0021674633026123, q_loss 2.0021674633026123, v_loss 0.0 ,lr 0.001
INFO:root:epoch 2, Episode 54, total_loss: 2.5962026119232178, q_loss 2.5962026119232178, v_loss 0.0 ,lr 0.001
INFO:root:epoch 2, Episode 55, total_loss: 0.5892298221588135, q_loss 0.5892298221588135, v_loss 0.0 ,lr 0.001
INFO:root:epoch 2, Episode 56, total_loss: 3.741070032119751, q_loss 3.695178985595703, v_loss 0.04589100182056427 ,lr 0.001
INFO:root:epoch 2, Episode 57, total_loss: 13.668614387512207, q_loss 13.668614387512207, v_loss 0.0 ,lr 0.001
INFO:root:epoch 2, Episode 58, total_loss: 9.570441246032715, q_loss 9.297385215759277, v_loss 0.2730559706687927 ,lr 0.001
INFO:root:epoch 2, Episode 59, total_loss: 5.874923229217529, q_loss 5.874923229217529, v_loss 0.0 ,lr 0.001
INFO:root:epoch 2, Episode 60, total_loss: 8.378318786621094, q_loss 8.378318786621094, v_loss 0.0 ,lr 0.001
INFO:root:epoch 2, Episode 61, total_loss: 3.8355932235717773, q_loss 3.696126937866211, v_loss 0.1394663155078888 ,lr 0.001
INFO:root:epoch 2, Episode 62, total_loss: 14.540854454040527, q_loss 14.540854454040527, v_loss 0.0 ,lr 0.001
INFO:root:epoch 2, Episode 63, total_loss: 8.202119827270508, q_loss 7.906734943389893, v_loss 0.2953844964504242 ,lr 0.001
INFO:root:epoch 2, Episode 64, total_loss: 14.006686210632324, q_loss 13.976137161254883, v_loss 0.030549224466085434 ,lr 0.001
INFO:root:epoch 2, Episode 65, total_loss: 3.06374192237854, q_loss 3.06374192237854, v_loss 0.0 ,lr 0.001
INFO:root:epoch 2, Episode 66, total_loss: 0.50324547290802, q_loss 0.45509421825408936, v_loss 0.048151254653930664 ,lr 0.001
INFO:root:epoch 2, Episode 67, total_loss: 9.009324073791504, q_loss 8.100000381469727, v_loss 0.909324049949646 ,lr 0.001
INFO:root:epoch 2, Episode 68, total_loss: 10.993986129760742, q_loss 10.993986129760742, v_loss 0.0 ,lr 0.001
INFO:root:epoch 2, Episode 69, total_loss: 16.944669723510742, q_loss 16.944669723510742, v_loss 0.0 ,lr 0.001
INFO:root:epoch 2, Episode 70, total_loss: 7.262704849243164, q_loss 7.262704849243164, v_loss 0.0 ,lr 0.001
INFO:root:epoch 2, Episode 71, total_loss: 1.2047016620635986, q_loss 1.2047016620635986, v_loss 0.0 ,lr 0.001
INFO:root:epoch 2, Episode 72, total_loss: 10.39809513092041, q_loss 10.39809513092041, v_loss 0.0 ,lr 0.001
INFO:root:epoch 2, Episode 73, total_loss: 0.2112930417060852, q_loss 0.08933945000171661, v_loss 0.12195359170436859 ,lr 0.001
INFO:root:epoch 2, Episode 74, total_loss: 4.432859420776367, q_loss 4.432859420776367, v_loss 0.0 ,lr 0.001
INFO:root:epoch 2, Episode 75, total_loss: 17.20479393005371, q_loss 17.20479393005371, v_loss 0.0 ,lr 0.001
INFO:root:epoch 2, Episode 76, total_loss: 5.140748977661133, q_loss 5.140748977661133, v_loss 0.0 ,lr 0.001
INFO:root:epoch 2, Episode 77, total_loss: 4.837465763092041, q_loss 4.837465763092041, v_loss 0.0 ,lr 0.001
INFO:root:epoch 2, Episode 78, total_loss: 8.757549285888672, q_loss 8.590483665466309, v_loss 0.1670655608177185 ,lr 0.001
INFO:root:epoch 2, Episode 79, total_loss: 14.59869384765625, q_loss 14.59869384765625, v_loss 0.0 ,lr 0.001
INFO:root:epoch 2, Episode 80, total_loss: 13.220769882202148, q_loss 13.220769882202148, v_loss 0.0 ,lr 0.001
INFO:root:epoch 2, Episode 81, total_loss: 10.883898735046387, q_loss 10.883898735046387, v_loss 0.0 ,lr 0.001
INFO:root:epoch 2, Episode 82, total_loss: 1.5085071325302124, q_loss 1.5085071325302124, v_loss 0.0 ,lr 0.001
INFO:root:epoch 2, Episode 83, total_loss: 1.5237035751342773, q_loss 1.4828623533248901, v_loss 0.04084126278758049 ,lr 0.001
INFO:root:epoch 2, Episode 84, total_loss: 4.89345121383667, q_loss 4.828771114349365, v_loss 0.06468025594949722 ,lr 0.001
INFO:root:epoch 2, Episode 85, total_loss: 2.18498158454895, q_loss 2.1767895221710205, v_loss 0.008192077279090881 ,lr 0.001
INFO:root:epoch 2, Episode 86, total_loss: 9.926268577575684, q_loss 9.926268577575684, v_loss 0.0 ,lr 0.001
INFO:root:epoch 2, Episode 87, total_loss: 10.60214900970459, q_loss 10.60214900970459, v_loss 0.0 ,lr 0.001
INFO:root:epoch 2, Episode 88, total_loss: 14.868345260620117, q_loss 14.868345260620117, v_loss 0.0 ,lr 0.001
INFO:root:epoch 2, Episode 89, total_loss: 18.48349952697754, q_loss 18.48349952697754, v_loss 0.0 ,lr 0.001
INFO:root:epoch 2, Episode 90, total_loss: 5.667623519897461, q_loss 5.530564308166504, v_loss 0.13705942034721375 ,lr 0.001
INFO:root:epoch 2, Episode 91, total_loss: 17.015625, q_loss 17.015625, v_loss 0.0 ,lr 0.001
INFO:root:epoch 2, Episode 92, total_loss: 8.669991493225098, q_loss 8.480549812316895, v_loss 0.18944151699543 ,lr 0.001
INFO:root:epoch 2, Episode 93, total_loss: 15.8715238571167, q_loss 15.8715238571167, v_loss 0.0 ,lr 0.001
INFO:root:epoch 2, Episode 94, total_loss: 1.8875476121902466, q_loss 1.8329095840454102, v_loss 0.05463799834251404 ,lr 0.001
INFO:root:epoch 2, Episode 95, total_loss: 9.498257637023926, q_loss 9.444449424743652, v_loss 0.053808242082595825 ,lr 0.001
INFO:root:epoch 2, Episode 96, total_loss: 12.445375442504883, q_loss 12.445375442504883, v_loss 0.0 ,lr 0.001
INFO:root:epoch 2, Episode 97, total_loss: 7.081081867218018, q_loss 6.933351993560791, v_loss 0.14772973954677582 ,lr 0.001
INFO:root:epoch 2, Episode 98, total_loss: 17.11559295654297, q_loss 17.11559295654297, v_loss 0.0 ,lr 0.001
INFO:root:epoch 2, Episode 99, total_loss: 14.605782508850098, q_loss 14.580976486206055, v_loss 0.024805806577205658 ,lr 0.001
INFO:root:epoch 2, Episode 100, total_loss: 0.9709511399269104, q_loss 0.9556700587272644, v_loss 0.015281054191291332 ,lr 0.001
INFO:root:epoch 2, Episode 101, total_loss: 10.542905807495117, q_loss 10.440353393554688, v_loss 0.10255268961191177 ,lr 0.001
INFO:root:epoch 2, Episode 102, total_loss: 16.93629264831543, q_loss 16.93629264831543, v_loss 0.0 ,lr 0.001
INFO:root:epoch 2, Episode 103, total_loss: 11.75747299194336, q_loss 11.75747299194336, v_loss 0.0 ,lr 0.001
INFO:root:epoch 2, Episode 104, total_loss: 5.178013088880107e-05, q_loss 5.178013088880107e-05, v_loss 0.0 ,lr 0.001
INFO:root:epoch 2, Episode 105, total_loss: 13.412277221679688, q_loss 13.404746055603027, v_loss 0.007531213108450174 ,lr 0.001
INFO:root:epoch 2, Episode 106, total_loss: 8.947009086608887, q_loss 8.947009086608887, v_loss 0.0 ,lr 0.001
INFO:root:epoch 2, Episode 107, total_loss: 11.256991386413574, q_loss 11.256991386413574, v_loss 0.0 ,lr 0.001
INFO:root:epoch 2, Episode 108, total_loss: 7.211727142333984, q_loss 7.211727142333984, v_loss 0.0 ,lr 0.001
INFO:root:epoch 2, Episode 109, total_loss: 1.3361334800720215, q_loss 1.2969729900360107, v_loss 0.03916054219007492 ,lr 0.001
INFO:root:epoch 2, Episode 110, total_loss: 9.81873607635498, q_loss 9.78253173828125, v_loss 0.03620399162173271 ,lr 0.001
INFO:root:epoch 2, Episode 111, total_loss: 8.644335746765137, q_loss 8.644335746765137, v_loss 0.0 ,lr 0.001
INFO:root:epoch 2, Episode 112, total_loss: 10.957204818725586, q_loss 10.670083999633789, v_loss 0.2871212363243103 ,lr 0.001
INFO:root:epoch 2, Episode 113, total_loss: 16.00467872619629, q_loss 16.00467872619629, v_loss 0.0 ,lr 0.001
INFO:root:epoch 2, Episode 114, total_loss: 10.75407886505127, q_loss 10.75407886505127, v_loss 0.0 ,lr 0.001
INFO:root:epoch 2, Episode 115, total_loss: 0.7703409790992737, q_loss 0.7703409790992737, v_loss 0.0 ,lr 0.001
INFO:root:epoch 2, Episode 116, total_loss: 7.90000057220459, q_loss 7.876226902008057, v_loss 0.02377382107079029 ,lr 0.001
INFO:root:epoch 2, Episode 117, total_loss: 0.23166462779045105, q_loss 0.23166462779045105, v_loss 0.0 ,lr 0.001
INFO:root:epoch 2, Episode 118, total_loss: 15.294849395751953, q_loss 15.24224853515625, v_loss 0.05260095000267029 ,lr 0.001
INFO:root:epoch 2, Episode 119, total_loss: 14.110157012939453, q_loss 14.110157012939453, v_loss 0.0 ,lr 0.001
INFO:root:epoch 2, Episode 120, total_loss: 8.148564338684082, q_loss 8.148564338684082, v_loss 0.0 ,lr 0.001
INFO:root:epoch 2, Episode 121, total_loss: 6.687138080596924, q_loss 6.600062370300293, v_loss 0.0870756134390831 ,lr 0.001
INFO:root:epoch 2, Episode 122, total_loss: 4.709920406341553, q_loss 4.691230773925781, v_loss 0.01868951879441738 ,lr 0.001
INFO:root:epoch 2, Episode 123, total_loss: 4.067371368408203, q_loss 4.067371368408203, v_loss 0.0 ,lr 0.001
INFO:root:epoch 2, Episode 124, total_loss: 6.20273494720459, q_loss 6.20273494720459, v_loss 0.0 ,lr 0.001
INFO:root:epoch 2, Episode 125, total_loss: 13.71336555480957, q_loss 13.71336555480957, v_loss 0.0 ,lr 0.001
INFO:root:epoch 2, Episode 126, total_loss: 7.897443771362305, q_loss 7.897443771362305, v_loss 0.0 ,lr 0.001
INFO:root:epoch 2, Episode 127, total_loss: 1.7998989820480347, q_loss 1.7801401615142822, v_loss 0.019758805632591248 ,lr 0.001
INFO:root:epoch 2, Episode 128, total_loss: 13.671587944030762, q_loss 13.671587944030762, v_loss 0.0 ,lr 0.001
INFO:root:epoch 2, Episode 129, total_loss: 0.001972324214875698, q_loss 0.001972324214875698, v_loss 0.0 ,lr 0.001
INFO:root:epoch 2, Episode 130, total_loss: 9.22323226928711, q_loss 9.032508850097656, v_loss 0.19072304666042328 ,lr 0.001
INFO:root:epoch 2, Episode 131, total_loss: 2.336317300796509, q_loss 2.3276119232177734, v_loss 0.008705276995897293 ,lr 0.001
INFO:root:epoch 2, Episode 132, total_loss: 11.510791778564453, q_loss 11.510791778564453, v_loss 0.0 ,lr 0.001
INFO:root:epoch 2, Episode 133, total_loss: 8.443532943725586, q_loss 8.443532943725586, v_loss 0.0 ,lr 0.001
INFO:root:epoch 2, Episode 134, total_loss: 9.800373077392578, q_loss 9.754534721374512, v_loss 0.045837923884391785 ,lr 0.001
INFO:root:val_loss 1.2969919443130493
INFO:root:epoch 2, Episode 135, total_loss: 10495.9013671875, q_loss 10495.9013671875, v_loss 0.0 ,lr 0.001
INFO:root:epoch 2, Episode 136, total_loss: 14.024746894836426, q_loss 14.024746894836426, v_loss 0.0 ,lr 0.001
INFO:root:epoch 2, Episode 137, total_loss: 3.161656141281128, q_loss 3.1114730834960938, v_loss 0.05018295720219612 ,lr 0.001
INFO:root:epoch 2, Episode 138, total_loss: 10.027759552001953, q_loss 10.027759552001953, v_loss 0.0 ,lr 0.001
INFO:root:epoch 2, Episode 139, total_loss: 8.13998031616211, q_loss 8.129876136779785, v_loss 0.01010457705706358 ,lr 0.001
INFO:root:epoch 2, Episode 140, total_loss: 19.07172203063965, q_loss 19.07172203063965, v_loss 0.0 ,lr 0.001
INFO:root:epoch 2, Episode 141, total_loss: 2.001755952835083, q_loss 1.9990692138671875, v_loss 0.0026868039276450872 ,lr 0.001
INFO:root:epoch 2, Episode 142, total_loss: 0.5863957405090332, q_loss 0.5395311117172241, v_loss 0.046864621341228485 ,lr 0.001
INFO:root:epoch 2, Episode 143, total_loss: 3.5517680644989014, q_loss 3.5517680644989014, v_loss 0.0 ,lr 0.001
INFO:root:epoch 2, Episode 144, total_loss: 9.476245880126953, q_loss 9.476245880126953, v_loss 0.0 ,lr 0.001
INFO:root:epoch 2, Episode 145, total_loss: 1.7143588066101074, q_loss 1.7143588066101074, v_loss 0.0 ,lr 0.001
INFO:root:epoch 2, Episode 146, total_loss: 11.158981323242188, q_loss 11.158981323242188, v_loss 0.0 ,lr 0.001
INFO:root:epoch 2, Episode 147, total_loss: 2.883401870727539, q_loss 2.8480327129364014, v_loss 0.035369232296943665 ,lr 0.001
INFO:root:epoch 2, Episode 148, total_loss: 3.007129192352295, q_loss 3.007129192352295, v_loss 0.0 ,lr 0.001
INFO:root:epoch 2, Episode 149, total_loss: 5.903975486755371, q_loss 5.903975486755371, v_loss 0.0 ,lr 0.001
INFO:root:epoch 2, Episode 150, total_loss: 7.847909927368164, q_loss 7.847909927368164, v_loss 0.0 ,lr 0.001
INFO:root:epoch 2, Episode 151, total_loss: 13.957266807556152, q_loss 13.764910697937012, v_loss 0.1923564225435257 ,lr 0.001
INFO:root:epoch 2, Episode 152, total_loss: 18.153066635131836, q_loss 18.153066635131836, v_loss 0.0 ,lr 0.001
INFO:root:epoch 2, Episode 153, total_loss: 10.242308616638184, q_loss 10.242308616638184, v_loss 0.0 ,lr 0.001
INFO:root:epoch 2, Episode 154, total_loss: 0.31772762537002563, q_loss 0.21531331539154053, v_loss 0.10241430252790451 ,lr 0.001
INFO:root:epoch 2, Episode 155, total_loss: 17.261552810668945, q_loss 17.261552810668945, v_loss 0.0 ,lr 0.001
INFO:root:epoch 2, Episode 156, total_loss: 8.327089309692383, q_loss 8.327089309692383, v_loss 0.0 ,lr 0.001
INFO:root:epoch 2, Episode 157, total_loss: 14.27084732055664, q_loss 14.27084732055664, v_loss 0.0 ,lr 0.001
INFO:root:epoch 2, Episode 158, total_loss: 7.044919967651367, q_loss 7.044919967651367, v_loss 0.0 ,lr 0.001
INFO:root:epoch 2, Episode 159, total_loss: 8.430655479431152, q_loss 8.406743049621582, v_loss 0.023912623524665833 ,lr 0.001
INFO:root:epoch 2, Episode 160, total_loss: 14.285924911499023, q_loss 14.285924911499023, v_loss 0.0 ,lr 0.001
INFO:root:epoch 2, Episode 161, total_loss: 0.33145418763160706, q_loss 0.33145418763160706, v_loss 0.0 ,lr 0.001
INFO:root:epoch 2, Episode 162, total_loss: 10.015604019165039, q_loss 9.758793830871582, v_loss 0.25681009888648987 ,lr 0.001
INFO:root:epoch 2, Episode 163, total_loss: 3.256498336791992, q_loss 3.2215561866760254, v_loss 0.0349421352148056 ,lr 0.001
INFO:root:epoch 2, Episode 164, total_loss: 2.3366639614105225, q_loss 2.3366639614105225, v_loss 0.0 ,lr 0.001
INFO:root:epoch 2, Episode 165, total_loss: 4577.71337890625, q_loss 4577.71337890625, v_loss 0.0 ,lr 0.001
INFO:root:epoch 2, Episode 166, total_loss: 2.2073283195495605, q_loss 2.202579975128174, v_loss 0.004748307168483734 ,lr 0.001
INFO:root:epoch 2, Episode 167, total_loss: 19.23569107055664, q_loss 19.23569107055664, v_loss 0.0 ,lr 0.001
INFO:root:epoch 2, Episode 168, total_loss: 16.78269386291504, q_loss 16.78269386291504, v_loss 0.0 ,lr 0.001
INFO:root:epoch 2, Episode 169, total_loss: 4.643342018127441, q_loss 4.643342018127441, v_loss 0.0 ,lr 0.001
INFO:root:epoch 2, Episode 170, total_loss: 8.492363929748535, q_loss 8.466878890991211, v_loss 0.02548542618751526 ,lr 0.001
INFO:root:epoch 2, Episode 171, total_loss: 1.6928789615631104, q_loss 1.6928789615631104, v_loss 0.0 ,lr 0.001
INFO:root:epoch 2, Episode 172, total_loss: 8.679218292236328, q_loss 8.679218292236328, v_loss 0.0 ,lr 0.001
INFO:root:epoch 2, Episode 173, total_loss: 3.2326810359954834, q_loss 3.2170841693878174, v_loss 0.015596895478665829 ,lr 0.001
INFO:root:epoch 2, Episode 174, total_loss: 13.244577407836914, q_loss 13.244577407836914, v_loss 0.0 ,lr 0.001
INFO:root:epoch 2, Episode 175, total_loss: 15.01722240447998, q_loss 15.01722240447998, v_loss 0.0 ,lr 0.001
INFO:root:epoch 2, Episode 176, total_loss: 6.922554016113281, q_loss 6.922554016113281, v_loss 0.0 ,lr 0.001
INFO:root:epoch 2, Episode 177, total_loss: 6.153326034545898, q_loss 6.146297454833984, v_loss 0.007028478663414717 ,lr 0.001
INFO:root:epoch 2, Episode 178, total_loss: 10.030754089355469, q_loss 10.030754089355469, v_loss 0.0 ,lr 0.001
INFO:root:epoch 2, Episode 179, total_loss: 9.17638111114502, q_loss 9.160295486450195, v_loss 0.016085753217339516 ,lr 0.001
INFO:root:epoch 2, Episode 180, total_loss: 8.894660949707031, q_loss 8.869613647460938, v_loss 0.025046948343515396 ,lr 0.001
INFO:root:epoch 2, Episode 181, total_loss: 3.973482370376587, q_loss 3.946864604949951, v_loss 0.02661769650876522 ,lr 0.001
INFO:root:epoch 2, Episode 182, total_loss: 4.697848320007324, q_loss 4.58682918548584, v_loss 0.11101894825696945 ,lr 0.001
INFO:root:epoch 3, Episode 0, total_loss: 3.1061952114105225, q_loss 3.1061952114105225, v_loss 0.0 ,lr 0.001
INFO:root:epoch 3, Episode 1, total_loss: 10.684037208557129, q_loss 10.684037208557129, v_loss 0.0 ,lr 0.001
INFO:root:epoch 3, Episode 2, total_loss: 12.633974075317383, q_loss 12.610483169555664, v_loss 0.023490918800234795 ,lr 0.001
INFO:root:epoch 3, Episode 3, total_loss: 12.951970100402832, q_loss 12.951970100402832, v_loss 0.0 ,lr 0.001
INFO:root:epoch 3, Episode 4, total_loss: 5.956684112548828, q_loss 5.956684112548828, v_loss 0.0 ,lr 0.001
INFO:root:epoch 3, Episode 5, total_loss: 10.409058570861816, q_loss 10.409058570861816, v_loss 0.0 ,lr 0.001
INFO:root:epoch 3, Episode 6, total_loss: 6.312662601470947, q_loss 6.312662601470947, v_loss 0.0 ,lr 0.001
INFO:root:epoch 3, Episode 7, total_loss: 14.177770614624023, q_loss 14.177770614624023, v_loss 0.0 ,lr 0.001
INFO:root:epoch 3, Episode 8, total_loss: 0.24792687594890594, q_loss 0.24792687594890594, v_loss 0.0 ,lr 0.001
INFO:root:epoch 3, Episode 9, total_loss: 2.355990171432495, q_loss 2.319173574447632, v_loss 0.03681660443544388 ,lr 0.001
INFO:root:epoch 3, Episode 10, total_loss: 4.05336856842041, q_loss 4.04873514175415, v_loss 0.0046334220096468925 ,lr 0.001
INFO:root:epoch 3, Episode 11, total_loss: 7.19838809967041, q_loss 7.19838809967041, v_loss 0.0 ,lr 0.001
INFO:root:epoch 3, Episode 12, total_loss: 14.289641380310059, q_loss 14.242554664611816, v_loss 0.0470866896212101 ,lr 0.001
INFO:root:epoch 3, Episode 13, total_loss: 12.674944877624512, q_loss 12.674944877624512, v_loss 0.0 ,lr 0.001
INFO:root:epoch 3, Episode 14, total_loss: 13.962629318237305, q_loss 13.962629318237305, v_loss 0.0 ,lr 0.001
INFO:root:epoch 3, Episode 15, total_loss: 2.3698785305023193, q_loss 2.3698785305023193, v_loss 0.0 ,lr 0.001
INFO:root:epoch 3, Episode 16, total_loss: 7.9943013191223145, q_loss 7.893983364105225, v_loss 0.1003178134560585 ,lr 0.001
INFO:root:epoch 3, Episode 17, total_loss: 10.40625286102295, q_loss 10.40625286102295, v_loss 0.0 ,lr 0.001
INFO:root:epoch 3, Episode 18, total_loss: 16.220394134521484, q_loss 16.220394134521484, v_loss 0.0 ,lr 0.001
INFO:root:epoch 3, Episode 19, total_loss: 15.73190975189209, q_loss 15.73190975189209, v_loss 0.0 ,lr 0.001
INFO:root:epoch 3, Episode 20, total_loss: 13.438254356384277, q_loss 13.438254356384277, v_loss 0.0 ,lr 0.001
INFO:root:epoch 3, Episode 21, total_loss: 5.826322078704834, q_loss 5.811557769775391, v_loss 0.014764233492314816 ,lr 0.001
INFO:root:epoch 3, Episode 22, total_loss: 3.060762643814087, q_loss 3.013983726501465, v_loss 0.04677881672978401 ,lr 0.001
INFO:root:epoch 3, Episode 23, total_loss: 10.444991111755371, q_loss 10.444991111755371, v_loss 0.0 ,lr 0.001
INFO:root:epoch 3, Episode 24, total_loss: 1.117100477218628, q_loss 1.0594189167022705, v_loss 0.0576816163957119 ,lr 0.001
INFO:root:epoch 3, Episode 25, total_loss: 3.536011219024658, q_loss 3.536011219024658, v_loss 0.0 ,lr 0.001
INFO:root:epoch 3, Episode 26, total_loss: 0.06379696726799011, q_loss 0.06379696726799011, v_loss 0.0 ,lr 0.001
INFO:root:epoch 3, Episode 27, total_loss: 3.4155890941619873, q_loss 3.2906718254089355, v_loss 0.12491733580827713 ,lr 0.001
INFO:root:epoch 3, Episode 28, total_loss: 13.270416259765625, q_loss 13.24667739868164, v_loss 0.02373889461159706 ,lr 0.001
INFO:root:epoch 3, Episode 29, total_loss: 16.57480239868164, q_loss 16.57480239868164, v_loss 0.0 ,lr 0.001
INFO:root:epoch 3, Episode 30, total_loss: 13.771247863769531, q_loss 13.771247863769531, v_loss 0.0 ,lr 0.001
INFO:root:epoch 3, Episode 31, total_loss: 3.047015905380249, q_loss 3.047015905380249, v_loss 0.0 ,lr 0.001
INFO:root:epoch 3, Episode 32, total_loss: 7.211612701416016, q_loss 7.208562850952148, v_loss 0.00304986909031868 ,lr 0.001
INFO:root:epoch 3, Episode 33, total_loss: 16.994232177734375, q_loss 16.994232177734375, v_loss 0.0 ,lr 0.001
INFO:root:epoch 3, Episode 34, total_loss: 0.38981276750564575, q_loss 0.38981276750564575, v_loss 0.0 ,lr 0.001
INFO:root:epoch 3, Episode 35, total_loss: 6.287339687347412, q_loss 6.287339687347412, v_loss 0.0 ,lr 0.001
INFO:root:epoch 3, Episode 36, total_loss: 3.786438226699829, q_loss 3.6402266025543213, v_loss 0.14621157944202423 ,lr 0.001
INFO:root:epoch 3, Episode 37, total_loss: 12.590069770812988, q_loss 12.590069770812988, v_loss 0.0 ,lr 0.001
INFO:root:epoch 3, Episode 38, total_loss: 7.548733234405518, q_loss 7.517971992492676, v_loss 0.030761124566197395 ,lr 0.001
INFO:root:epoch 3, Episode 39, total_loss: 1.604377031326294, q_loss 1.604377031326294, v_loss 0.0 ,lr 0.001
INFO:root:epoch 3, Episode 40, total_loss: 16.581430435180664, q_loss 16.581430435180664, v_loss 0.0 ,lr 0.001
INFO:root:epoch 3, Episode 41, total_loss: 5.210181713104248, q_loss 5.210181713104248, v_loss 0.0 ,lr 0.001
INFO:root:epoch 3, Episode 42, total_loss: 14.306516647338867, q_loss 14.306516647338867, v_loss 0.0 ,lr 0.001
INFO:root:epoch 3, Episode 43, total_loss: 9.534857749938965, q_loss 9.534857749938965, v_loss 0.0 ,lr 0.001
INFO:root:epoch 3, Episode 44, total_loss: 15.231916427612305, q_loss 15.231916427612305, v_loss 0.0 ,lr 0.001
INFO:root:epoch 3, Episode 45, total_loss: 2.105670690536499, q_loss 2.105670690536499, v_loss 0.0 ,lr 0.001
INFO:root:epoch 3, Episode 46, total_loss: 3.433379650115967, q_loss 3.433379650115967, v_loss 0.0 ,lr 0.001
INFO:root:epoch 3, Episode 47, total_loss: 6.501955509185791, q_loss 6.501955509185791, v_loss 0.0 ,lr 0.001
INFO:root:epoch 3, Episode 48, total_loss: 12.363377571105957, q_loss 12.363377571105957, v_loss 0.0 ,lr 0.001
INFO:root:epoch 3, Episode 49, total_loss: 2946.374755859375, q_loss 2946.374755859375, v_loss 0.0 ,lr 0.001
INFO:root:epoch 3, Episode 50, total_loss: 0.002572783036157489, q_loss 0.002572783036157489, v_loss 0.0 ,lr 0.001
INFO:root:epoch 3, Episode 51, total_loss: 1.5419337749481201, q_loss 1.462303638458252, v_loss 0.07963018119335175 ,lr 0.001
INFO:root:val_loss 1.332723617553711
INFO:root:epoch 3, Episode 52, total_loss: 3.1195425987243652, q_loss 2.8548851013183594, v_loss 0.2646574378013611 ,lr 0.001
INFO:root:epoch 3, Episode 53, total_loss: 2.0339112281799316, q_loss 2.0339112281799316, v_loss 0.0 ,lr 0.001
INFO:root:epoch 3, Episode 54, total_loss: 2.6241588592529297, q_loss 2.6241588592529297, v_loss 0.0 ,lr 0.001
INFO:root:epoch 3, Episode 55, total_loss: 0.6059824824333191, q_loss 0.6059824824333191, v_loss 0.0 ,lr 0.001
INFO:root:epoch 3, Episode 56, total_loss: 3.7435998916625977, q_loss 3.7084672451019287, v_loss 0.035132646560668945 ,lr 0.001
INFO:root:epoch 3, Episode 57, total_loss: 13.580418586730957, q_loss 13.580418586730957, v_loss 0.0 ,lr 0.001
INFO:root:epoch 3, Episode 58, total_loss: 9.547303199768066, q_loss 9.464386940002441, v_loss 0.08291587233543396 ,lr 0.001
INFO:root:epoch 3, Episode 59, total_loss: 5.850344181060791, q_loss 5.850344181060791, v_loss 0.0 ,lr 0.001
INFO:root:epoch 3, Episode 60, total_loss: 8.369993209838867, q_loss 8.369993209838867, v_loss 0.0 ,lr 0.001
INFO:root:epoch 3, Episode 61, total_loss: 3.6386618614196777, q_loss 3.530125856399536, v_loss 0.10853590816259384 ,lr 0.001
INFO:root:epoch 3, Episode 62, total_loss: 14.450627326965332, q_loss 14.450627326965332, v_loss 0.0 ,lr 0.001
INFO:root:epoch 3, Episode 63, total_loss: 7.718563079833984, q_loss 7.696577072143555, v_loss 0.021986225619912148 ,lr 0.001
INFO:root:epoch 3, Episode 64, total_loss: 13.955114364624023, q_loss 13.909960746765137, v_loss 0.04515353962779045 ,lr 0.001
INFO:root:epoch 3, Episode 65, total_loss: 3.0473079681396484, q_loss 3.0473079681396484, v_loss 0.0 ,lr 0.001
INFO:root:epoch 3, Episode 66, total_loss: 0.5143134593963623, q_loss 0.4386947751045227, v_loss 0.0756186991930008 ,lr 0.001
INFO:root:epoch 3, Episode 67, total_loss: 6.035515308380127, q_loss 6.018784999847412, v_loss 0.01673022285103798 ,lr 0.001
INFO:root:epoch 3, Episode 68, total_loss: 10.930407524108887, q_loss 10.930407524108887, v_loss 0.0 ,lr 0.001
INFO:root:epoch 3, Episode 69, total_loss: 16.839176177978516, q_loss 16.839176177978516, v_loss 0.0 ,lr 0.001
INFO:root:epoch 3, Episode 70, total_loss: 7.231956481933594, q_loss 7.231956481933594, v_loss 0.0 ,lr 0.001
INFO:root:epoch 3, Episode 71, total_loss: 1.2324763536453247, q_loss 1.2324763536453247, v_loss 0.0 ,lr 0.001
INFO:root:epoch 3, Episode 72, total_loss: 10.336322784423828, q_loss 10.336322784423828, v_loss 0.0 ,lr 0.001
INFO:root:epoch 3, Episode 73, total_loss: 0.3237921893596649, q_loss 0.12368112057447433, v_loss 0.20011106133460999 ,lr 0.001
INFO:root:epoch 3, Episode 74, total_loss: 4.3998236656188965, q_loss 4.3998236656188965, v_loss 0.0 ,lr 0.001
INFO:root:epoch 3, Episode 75, total_loss: 17.075321197509766, q_loss 17.075321197509766, v_loss 0.0 ,lr 0.001
INFO:root:epoch 3, Episode 76, total_loss: 5.101266860961914, q_loss 5.101266860961914, v_loss 0.0 ,lr 0.001
INFO:root:epoch 3, Episode 77, total_loss: 4.823904037475586, q_loss 4.823904037475586, v_loss 0.0 ,lr 0.001
INFO:root:epoch 3, Episode 78, total_loss: 8.710213661193848, q_loss 8.481087684631348, v_loss 0.22912602126598358 ,lr 0.001
INFO:root:epoch 3, Episode 79, total_loss: 14.470619201660156, q_loss 14.470619201660156, v_loss 0.0 ,lr 0.001
INFO:root:epoch 3, Episode 80, total_loss: 13.102604866027832, q_loss 13.102604866027832, v_loss 0.0 ,lr 0.001
INFO:root:epoch 3, Episode 81, total_loss: 10.782093048095703, q_loss 10.782093048095703, v_loss 0.0 ,lr 0.001
INFO:root:epoch 3, Episode 82, total_loss: 1.5403555631637573, q_loss 1.5403555631637573, v_loss 0.0 ,lr 0.001
INFO:root:epoch 3, Episode 83, total_loss: 1.333509087562561, q_loss 1.3252909183502197, v_loss 0.008218146860599518 ,lr 0.001
INFO:root:epoch 3, Episode 84, total_loss: 4.456028461456299, q_loss 4.434989929199219, v_loss 0.02103852666914463 ,lr 0.001
INFO:root:epoch 3, Episode 85, total_loss: 2.196913242340088, q_loss 2.192075490951538, v_loss 0.004837758373469114 ,lr 0.001
INFO:root:epoch 3, Episode 86, total_loss: 9.849809646606445, q_loss 9.849809646606445, v_loss 0.0 ,lr 0.001
INFO:root:epoch 3, Episode 87, total_loss: 10.520565032958984, q_loss 10.520565032958984, v_loss 0.0 ,lr 0.001
INFO:root:epoch 3, Episode 88, total_loss: 14.735841751098633, q_loss 14.735841751098633, v_loss 0.0 ,lr 0.001
INFO:root:epoch 3, Episode 89, total_loss: 18.3135929107666, q_loss 18.3135929107666, v_loss 0.0 ,lr 0.001
INFO:root:epoch 3, Episode 90, total_loss: 5.3385186195373535, q_loss 5.3147149085998535, v_loss 0.02380354329943657 ,lr 0.001
INFO:root:epoch 3, Episode 91, total_loss: 16.829803466796875, q_loss 16.829803466796875, v_loss 0.0 ,lr 0.001
INFO:root:epoch 3, Episode 92, total_loss: 8.577359199523926, q_loss 8.352702140808105, v_loss 0.22465746104717255 ,lr 0.001
INFO:root:epoch 3, Episode 93, total_loss: 15.719470977783203, q_loss 15.719470977783203, v_loss 0.0 ,lr 0.001
INFO:root:epoch 3, Episode 94, total_loss: 1.9052660465240479, q_loss 1.8458220958709717, v_loss 0.059443943202495575 ,lr 0.001
INFO:root:epoch 3, Episode 95, total_loss: 9.3450288772583, q_loss 9.301046371459961, v_loss 0.04398248717188835 ,lr 0.001
INFO:root:epoch 3, Episode 96, total_loss: 12.332746505737305, q_loss 12.332746505737305, v_loss 0.0 ,lr 0.001
INFO:root:epoch 3, Episode 97, total_loss: 7.018935680389404, q_loss 6.85628080368042, v_loss 0.16265510022640228 ,lr 0.001
INFO:root:epoch 3, Episode 98, total_loss: 16.928138732910156, q_loss 16.928138732910156, v_loss 0.0 ,lr 0.001
INFO:root:epoch 3, Episode 99, total_loss: 14.455281257629395, q_loss 14.42438793182373, v_loss 0.030893046408891678 ,lr 0.001
INFO:root:epoch 3, Episode 100, total_loss: 1.026676893234253, q_loss 0.9993611574172974, v_loss 0.027315711602568626 ,lr 0.001
INFO:root:epoch 3, Episode 101, total_loss: 9.602402687072754, q_loss 9.518534660339355, v_loss 0.08386796712875366 ,lr 0.001
INFO:root:epoch 3, Episode 102, total_loss: 16.70943832397461, q_loss 16.70943832397461, v_loss 0.0 ,lr 0.001
INFO:root:epoch 3, Episode 103, total_loss: 11.628119468688965, q_loss 11.628119468688965, v_loss 0.0 ,lr 0.001
INFO:root:epoch 3, Episode 104, total_loss: 0.00038033153396099806, q_loss 0.00038033153396099806, v_loss 0.0 ,lr 0.001
INFO:root:epoch 3, Episode 105, total_loss: 13.266311645507812, q_loss 13.261327743530273, v_loss 0.004984246101230383 ,lr 0.001
INFO:root:epoch 3, Episode 106, total_loss: 8.889013290405273, q_loss 8.889013290405273, v_loss 0.0 ,lr 0.001
INFO:root:epoch 3, Episode 107, total_loss: 11.110859870910645, q_loss 11.110859870910645, v_loss 0.0 ,lr 0.001
INFO:root:epoch 3, Episode 108, total_loss: 7.150681972503662, q_loss 7.150681972503662, v_loss 0.0 ,lr 0.001
INFO:root:epoch 3, Episode 109, total_loss: 1.259709119796753, q_loss 1.2251060009002686, v_loss 0.03460315614938736 ,lr 0.001
INFO:root:epoch 3, Episode 110, total_loss: 9.653653144836426, q_loss 9.65062427520752, v_loss 0.0030291257426142693 ,lr 0.001
INFO:root:epoch 3, Episode 111, total_loss: 8.57568359375, q_loss 8.57568359375, v_loss 0.0 ,lr 0.001
INFO:root:epoch 3, Episode 112, total_loss: 10.083995819091797, q_loss 10.01811695098877, v_loss 0.06587903201580048 ,lr 0.001
INFO:root:epoch 3, Episode 113, total_loss: 15.741377830505371, q_loss 15.741377830505371, v_loss 0.0 ,lr 0.001
INFO:root:epoch 3, Episode 114, total_loss: 10.611038208007812, q_loss 10.611038208007812, v_loss 0.0 ,lr 0.001
INFO:root:epoch 3, Episode 115, total_loss: 0.7708101272583008, q_loss 0.7708101272583008, v_loss 0.0 ,lr 0.001
INFO:root:epoch 3, Episode 116, total_loss: 7.849244117736816, q_loss 7.822515964508057, v_loss 0.026728011667728424 ,lr 0.001
INFO:root:epoch 3, Episode 117, total_loss: 0.22365359961986542, q_loss 0.22365359961986542, v_loss 0.0 ,lr 0.001
INFO:root:epoch 3, Episode 118, total_loss: 15.220717430114746, q_loss 15.159984588623047, v_loss 0.06073260307312012 ,lr 0.001
INFO:root:epoch 3, Episode 119, total_loss: 13.878399848937988, q_loss 13.878399848937988, v_loss 0.0 ,lr 0.001
INFO:root:epoch 3, Episode 120, total_loss: 8.041109085083008, q_loss 8.041109085083008, v_loss 0.0 ,lr 0.001
INFO:root:epoch 3, Episode 121, total_loss: 6.653992176055908, q_loss 6.576467037200928, v_loss 0.07752513885498047 ,lr 0.001
INFO:root:epoch 3, Episode 122, total_loss: 4.795135498046875, q_loss 4.768681526184082, v_loss 0.026454081758856773 ,lr 0.001
INFO:root:epoch 3, Episode 123, total_loss: 4.004136085510254, q_loss 4.004136085510254, v_loss 0.0 ,lr 0.001
INFO:root:epoch 3, Episode 124, total_loss: 6.469803333282471, q_loss 6.469803333282471, v_loss 0.0 ,lr 0.001
INFO:root:epoch 3, Episode 125, total_loss: 13.437071800231934, q_loss 13.437071800231934, v_loss 0.0 ,lr 0.001
INFO:root:epoch 3, Episode 126, total_loss: 7.777225017547607, q_loss 7.777225017547607, v_loss 0.0 ,lr 0.001
INFO:root:epoch 3, Episode 127, total_loss: 1.8012291193008423, q_loss 1.785578966140747, v_loss 0.015650175511837006 ,lr 0.001
INFO:root:epoch 3, Episode 128, total_loss: 13.415682792663574, q_loss 13.415682792663574, v_loss 0.0 ,lr 0.001
INFO:root:epoch 3, Episode 129, total_loss: 0.00421947380527854, q_loss 0.00421947380527854, v_loss 0.0 ,lr 0.001
INFO:root:epoch 3, Episode 130, total_loss: 9.838383674621582, q_loss 9.231030464172363, v_loss 0.607353150844574 ,lr 0.001
INFO:root:epoch 3, Episode 131, total_loss: 2.376946210861206, q_loss 2.367849349975586, v_loss 0.00909697450697422 ,lr 0.001
INFO:root:epoch 3, Episode 132, total_loss: 11.394951820373535, q_loss 11.394951820373535, v_loss 0.0 ,lr 0.001
INFO:root:epoch 3, Episode 133, total_loss: 8.390690803527832, q_loss 8.390690803527832, v_loss 0.0 ,lr 0.001
INFO:root:epoch 3, Episode 134, total_loss: 9.601847648620605, q_loss 9.561874389648438, v_loss 0.039973240345716476 ,lr 0.001
INFO:root:epoch 3, Episode 135, total_loss: 10507.947265625, q_loss 10507.947265625, v_loss 0.0 ,lr 0.001
INFO:root:epoch 3, Episode 136, total_loss: 13.788819313049316, q_loss 13.788819313049316, v_loss 0.0 ,lr 0.001
INFO:root:epoch 3, Episode 137, total_loss: 3.2353944778442383, q_loss 3.180847406387329, v_loss 0.054547134786844254 ,lr 0.001
INFO:root:epoch 3, Episode 138, total_loss: 9.924951553344727, q_loss 9.924951553344727, v_loss 0.0 ,lr 0.001
INFO:root:epoch 3, Episode 139, total_loss: 8.013654708862305, q_loss 7.954502582550049, v_loss 0.05915243923664093 ,lr 0.001
INFO:root:epoch 3, Episode 140, total_loss: 18.82386589050293, q_loss 18.82386589050293, v_loss 0.0 ,lr 0.001
INFO:root:epoch 3, Episode 141, total_loss: 2.0175299644470215, q_loss 2.01546573638916, v_loss 0.0020641107112169266 ,lr 0.001
INFO:root:epoch 3, Episode 142, total_loss: 0.6041722297668457, q_loss 0.5570640563964844, v_loss 0.04710818827152252 ,lr 0.001
INFO:root:epoch 3, Episode 143, total_loss: 3.504397392272949, q_loss 3.504397392272949, v_loss 0.0 ,lr 0.001
INFO:root:epoch 3, Episode 144, total_loss: 9.421496391296387, q_loss 9.421496391296387, v_loss 0.0 ,lr 0.001
INFO:root:epoch 3, Episode 145, total_loss: 1.7579078674316406, q_loss 1.7579078674316406, v_loss 0.0 ,lr 0.001
INFO:root:epoch 3, Episode 146, total_loss: 11.101269721984863, q_loss 11.101269721984863, v_loss 0.0 ,lr 0.001
INFO:root:epoch 3, Episode 147, total_loss: 2.3742053508758545, q_loss 2.3427627086639404, v_loss 0.031442560255527496 ,lr 0.001
INFO:root:epoch 3, Episode 148, total_loss: 3.0725107192993164, q_loss 3.0725107192993164, v_loss 0.0 ,lr 0.001
INFO:root:epoch 3, Episode 149, total_loss: 6.008162498474121, q_loss 6.008162498474121, v_loss 0.0 ,lr 0.001
INFO:root:epoch 3, Episode 150, total_loss: 7.792361736297607, q_loss 7.792361736297607, v_loss 0.0 ,lr 0.001
INFO:root:epoch 3, Episode 151, total_loss: 13.943790435791016, q_loss 13.776695251464844, v_loss 0.16709482669830322 ,lr 0.001
INFO:root:val_loss 1.3089791536331177
INFO:root:epoch 3, Episode 152, total_loss: 18.06348419189453, q_loss 18.06348419189453, v_loss 0.0 ,lr 0.001
INFO:root:epoch 3, Episode 153, total_loss: 10.168866157531738, q_loss 10.168866157531738, v_loss 0.0 ,lr 0.001
INFO:root:epoch 3, Episode 154, total_loss: 0.3424316644668579, q_loss 0.22779157757759094, v_loss 0.11464007198810577 ,lr 0.001
INFO:root:epoch 3, Episode 155, total_loss: 17.163183212280273, q_loss 17.163183212280273, v_loss 0.0 ,lr 0.001
INFO:root:epoch 3, Episode 156, total_loss: 8.273955345153809, q_loss 8.273955345153809, v_loss 0.0 ,lr 0.001
INFO:root:epoch 3, Episode 157, total_loss: 14.200055122375488, q_loss 14.200055122375488, v_loss 0.0 ,lr 0.001
INFO:root:epoch 3, Episode 158, total_loss: 6.998197555541992, q_loss 6.998197555541992, v_loss 0.0 ,lr 0.001
INFO:root:epoch 3, Episode 159, total_loss: 8.282285690307617, q_loss 8.267986297607422, v_loss 0.014299455098807812 ,lr 0.001
INFO:root:epoch 3, Episode 160, total_loss: 14.220466613769531, q_loss 14.220466613769531, v_loss 0.0 ,lr 0.001
INFO:root:epoch 3, Episode 161, total_loss: 0.3414667248725891, q_loss 0.3414667248725891, v_loss 0.0 ,lr 0.001
INFO:root:epoch 3, Episode 162, total_loss: 3.3388419151306152, q_loss 3.236178159713745, v_loss 0.10266385972499847 ,lr 0.001
INFO:root:epoch 3, Episode 163, total_loss: 3.2572147846221924, q_loss 3.2267937660217285, v_loss 0.030421031638979912 ,lr 0.001
INFO:root:epoch 3, Episode 164, total_loss: 2.3709919452667236, q_loss 2.3709919452667236, v_loss 0.0 ,lr 0.001
INFO:root:epoch 3, Episode 165, total_loss: 4578.49755859375, q_loss 4578.49755859375, v_loss 0.0 ,lr 0.001
INFO:root:epoch 3, Episode 166, total_loss: 2.2591493129730225, q_loss 2.1980865001678467, v_loss 0.06106285750865936 ,lr 0.001
INFO:root:epoch 3, Episode 167, total_loss: 19.142711639404297, q_loss 19.142711639404297, v_loss 0.0 ,lr 0.001
INFO:root:epoch 3, Episode 168, total_loss: 16.709672927856445, q_loss 16.709672927856445, v_loss 0.0 ,lr 0.001
INFO:root:epoch 3, Episode 169, total_loss: 4.651621341705322, q_loss 4.651621341705322, v_loss 0.0 ,lr 0.001
INFO:root:epoch 3, Episode 170, total_loss: 8.429781913757324, q_loss 8.404560089111328, v_loss 0.02522185444831848 ,lr 0.001
INFO:root:epoch 3, Episode 171, total_loss: 1.7122100591659546, q_loss 1.7122100591659546, v_loss 0.0 ,lr 0.001
INFO:root:epoch 3, Episode 172, total_loss: 8.66617488861084, q_loss 8.66617488861084, v_loss 0.0 ,lr 0.001
INFO:root:epoch 3, Episode 173, total_loss: 3.219834089279175, q_loss 3.2074241638183594, v_loss 0.012410016730427742 ,lr 0.001
INFO:root:epoch 3, Episode 174, total_loss: 13.205690383911133, q_loss 13.205690383911133, v_loss 0.0 ,lr 0.001
INFO:root:epoch 3, Episode 175, total_loss: 14.977459907531738, q_loss 14.977459907531738, v_loss 0.0 ,lr 0.001
INFO:root:epoch 3, Episode 176, total_loss: 6.897279262542725, q_loss 6.897279262542725, v_loss 0.0 ,lr 0.001
INFO:root:epoch 3, Episode 177, total_loss: 6.178369045257568, q_loss 6.173940181732178, v_loss 0.0044286963529884815 ,lr 0.001
INFO:root:epoch 3, Episode 178, total_loss: 10.018712043762207, q_loss 10.018712043762207, v_loss 0.0 ,lr 0.001
INFO:root:epoch 3, Episode 179, total_loss: 9.162400245666504, q_loss 9.147789001464844, v_loss 0.014611663296818733 ,lr 0.001
INFO:root:epoch 3, Episode 180, total_loss: 8.982279777526855, q_loss 8.963029861450195, v_loss 0.01925012841820717 ,lr 0.001
INFO:root:epoch 3, Episode 181, total_loss: 3.962280750274658, q_loss 3.9378252029418945, v_loss 0.02445542812347412 ,lr 0.001
INFO:root:epoch 3, Episode 182, total_loss: 4.624812602996826, q_loss 4.543638229370117, v_loss 0.08117437362670898 ,lr 0.001
INFO:root:epoch 4, Episode 0, total_loss: 3.1029052734375, q_loss 3.1029052734375, v_loss 0.0 ,lr 0.00010000000000000002
INFO:root:epoch 4, Episode 1, total_loss: 10.665241241455078, q_loss 10.665241241455078, v_loss 0.0 ,lr 0.00010000000000000002
INFO:root:epoch 4, Episode 2, total_loss: 12.60152530670166, q_loss 12.579824447631836, v_loss 0.02170116826891899 ,lr 0.00010000000000000002
INFO:root:epoch 4, Episode 3, total_loss: 12.923562049865723, q_loss 12.923562049865723, v_loss 0.0 ,lr 0.00010000000000000002
INFO:root:epoch 4, Episode 4, total_loss: 5.994498252868652, q_loss 5.994498252868652, v_loss 0.0 ,lr 0.00010000000000000002
INFO:root:epoch 4, Episode 5, total_loss: 10.388561248779297, q_loss 10.388561248779297, v_loss 0.0 ,lr 0.00010000000000000002
INFO:root:epoch 4, Episode 6, total_loss: 6.305500507354736, q_loss 6.305500507354736, v_loss 0.0 ,lr 0.00010000000000000002
INFO:root:epoch 4, Episode 7, total_loss: 14.136091232299805, q_loss 14.136091232299805, v_loss 0.0 ,lr 0.00010000000000000002
INFO:root:epoch 4, Episode 8, total_loss: 0.2495725154876709, q_loss 0.2495725154876709, v_loss 0.0 ,lr 0.00010000000000000002
INFO:root:epoch 4, Episode 9, total_loss: 2.363395929336548, q_loss 2.3296732902526855, v_loss 0.03372274711728096 ,lr 0.00010000000000000002
INFO:root:epoch 4, Episode 10, total_loss: 4.040823936462402, q_loss 4.038366794586182, v_loss 0.002457329537719488 ,lr 0.00010000000000000002
INFO:root:epoch 4, Episode 11, total_loss: 7.187929630279541, q_loss 7.187929630279541, v_loss 0.0 ,lr 0.00010000000000000002
INFO:root:epoch 4, Episode 12, total_loss: 14.239791870117188, q_loss 14.196599960327148, v_loss 0.0431915707886219 ,lr 0.00010000000000000002
INFO:root:epoch 4, Episode 13, total_loss: 12.640013694763184, q_loss 12.640013694763184, v_loss 0.0 ,lr 0.00010000000000000002
INFO:root:epoch 4, Episode 14, total_loss: 13.92817211151123, q_loss 13.92817211151123, v_loss 0.0 ,lr 0.00010000000000000002
INFO:root:epoch 4, Episode 15, total_loss: 2.3583531379699707, q_loss 2.3583531379699707, v_loss 0.0 ,lr 0.00010000000000000002
INFO:root:epoch 4, Episode 16, total_loss: 7.9581685066223145, q_loss 7.868485927581787, v_loss 0.08968240767717361 ,lr 0.00010000000000000002
INFO:root:epoch 4, Episode 17, total_loss: 10.384448051452637, q_loss 10.384448051452637, v_loss 0.0 ,lr 0.00010000000000000002
INFO:root:epoch 4, Episode 18, total_loss: 16.19921112060547, q_loss 16.19921112060547, v_loss 0.0 ,lr 0.00010000000000000002
INFO:root:epoch 4, Episode 19, total_loss: 15.710285186767578, q_loss 15.710285186767578, v_loss 0.0 ,lr 0.00010000000000000002
INFO:root:epoch 4, Episode 20, total_loss: 13.42556095123291, q_loss 13.42556095123291, v_loss 0.0 ,lr 0.00010000000000000002
INFO:root:epoch 4, Episode 21, total_loss: 5.775306701660156, q_loss 5.767360687255859, v_loss 0.007946024648845196 ,lr 0.00010000000000000002
INFO:root:epoch 4, Episode 22, total_loss: 3.028672695159912, q_loss 3.0006582736968994, v_loss 0.028014538809657097 ,lr 0.00010000000000000002
INFO:root:epoch 4, Episode 23, total_loss: 10.437559127807617, q_loss 10.437559127807617, v_loss 0.0 ,lr 0.00010000000000000002
INFO:root:epoch 4, Episode 24, total_loss: 1.1512614488601685, q_loss 1.0822322368621826, v_loss 0.06902924180030823 ,lr 0.00010000000000000002
INFO:root:epoch 4, Episode 25, total_loss: 3.5350921154022217, q_loss 3.5350921154022217, v_loss 0.0 ,lr 0.00010000000000000002
INFO:root:epoch 4, Episode 26, total_loss: 0.06371056288480759, q_loss 0.06371056288480759, v_loss 0.0 ,lr 0.00010000000000000002
INFO:root:epoch 4, Episode 27, total_loss: 3.371175527572632, q_loss 3.2581706047058105, v_loss 0.1130048856139183 ,lr 0.00010000000000000002
INFO:root:epoch 4, Episode 28, total_loss: 13.382201194763184, q_loss 13.361724853515625, v_loss 0.020476238802075386 ,lr 0.00010000000000000002
INFO:root:epoch 4, Episode 29, total_loss: 16.582578659057617, q_loss 16.582578659057617, v_loss 0.0 ,lr 0.00010000000000000002
INFO:root:epoch 4, Episode 30, total_loss: 13.780611038208008, q_loss 13.780611038208008, v_loss 0.0 ,lr 0.00010000000000000002
INFO:root:epoch 4, Episode 31, total_loss: 3.047368288040161, q_loss 3.047368288040161, v_loss 0.0 ,lr 0.00010000000000000002
INFO:root:epoch 4, Episode 32, total_loss: 7.210702896118164, q_loss 7.208053112030029, v_loss 0.002649784553796053 ,lr 0.00010000000000000002
INFO:root:epoch 4, Episode 33, total_loss: 17.021717071533203, q_loss 17.021717071533203, v_loss 0.0 ,lr 0.00010000000000000002
INFO:root:epoch 4, Episode 34, total_loss: 0.3924243748188019, q_loss 0.3924243748188019, v_loss 0.0 ,lr 0.00010000000000000002
INFO:root:epoch 4, Episode 35, total_loss: 6.254733562469482, q_loss 6.254733562469482, v_loss 0.0 ,lr 0.00010000000000000002
INFO:root:epoch 4, Episode 36, total_loss: 3.764167070388794, q_loss 3.6274068355560303, v_loss 0.13676029443740845 ,lr 0.00010000000000000002
INFO:root:epoch 4, Episode 37, total_loss: 12.626141548156738, q_loss 12.626141548156738, v_loss 0.0 ,lr 0.00010000000000000002
INFO:root:epoch 4, Episode 38, total_loss: 7.540502548217773, q_loss 7.512680530548096, v_loss 0.027822237461805344 ,lr 0.00010000000000000002
INFO:root:epoch 4, Episode 39, total_loss: 1.5999243259429932, q_loss 1.5999243259429932, v_loss 0.0 ,lr 0.00010000000000000002
INFO:root:epoch 4, Episode 40, total_loss: 16.630395889282227, q_loss 16.630395889282227, v_loss 0.0 ,lr 0.00010000000000000002
INFO:root:epoch 4, Episode 41, total_loss: 5.212931156158447, q_loss 5.212931156158447, v_loss 0.0 ,lr 0.00010000000000000002
INFO:root:epoch 4, Episode 42, total_loss: 14.343175888061523, q_loss 14.343175888061523, v_loss 0.0 ,lr 0.00010000000000000002
INFO:root:epoch 4, Episode 43, total_loss: 9.541280746459961, q_loss 9.541280746459961, v_loss 0.0 ,lr 0.00010000000000000002
INFO:root:epoch 4, Episode 44, total_loss: 15.28181266784668, q_loss 15.28181266784668, v_loss 0.0 ,lr 0.00010000000000000002
INFO:root:epoch 4, Episode 45, total_loss: 2.091747522354126, q_loss 2.091747522354126, v_loss 0.0 ,lr 0.00010000000000000002
INFO:root:epoch 4, Episode 46, total_loss: 3.4322876930236816, q_loss 3.4322876930236816, v_loss 0.0 ,lr 0.00010000000000000002
INFO:root:epoch 4, Episode 47, total_loss: 6.51549768447876, q_loss 6.51549768447876, v_loss 0.0 ,lr 0.00010000000000000002
INFO:root:epoch 4, Episode 48, total_loss: 12.4164457321167, q_loss 12.4164457321167, v_loss 0.0 ,lr 0.00010000000000000002
INFO:root:epoch 4, Episode 49, total_loss: 2945.757568359375, q_loss 2945.757568359375, v_loss 0.0 ,lr 0.00010000000000000002
INFO:root:epoch 4, Episode 50, total_loss: 0.0025477686431258917, q_loss 0.0025477686431258917, v_loss 0.0 ,lr 0.00010000000000000002
INFO:root:epoch 4, Episode 51, total_loss: 1.4693065881729126, q_loss 1.4689922332763672, v_loss 0.00031440387829206884 ,lr 0.00010000000000000002
INFO:root:epoch 4, Episode 52, total_loss: 3.6145596504211426, q_loss 3.5655980110168457, v_loss 0.04896168410778046 ,lr 0.00010000000000000002
INFO:root:epoch 4, Episode 53, total_loss: 2.0340332984924316, q_loss 2.0340332984924316, v_loss 0.0 ,lr 0.00010000000000000002
INFO:root:epoch 4, Episode 54, total_loss: 2.6078572273254395, q_loss 2.6078572273254395, v_loss 0.0 ,lr 0.00010000000000000002
INFO:root:epoch 4, Episode 55, total_loss: 0.6025246381759644, q_loss 0.6025246381759644, v_loss 0.0 ,lr 0.00010000000000000002
INFO:root:epoch 4, Episode 56, total_loss: 3.733699083328247, q_loss 3.6996726989746094, v_loss 0.03402628004550934 ,lr 0.00010000000000000002
INFO:root:epoch 4, Episode 57, total_loss: 13.623085021972656, q_loss 13.623085021972656, v_loss 0.0 ,lr 0.00010000000000000002
INFO:root:epoch 4, Episode 58, total_loss: 9.63064193725586, q_loss 9.577515602111816, v_loss 0.05312638729810715 ,lr 0.00010000000000000002
INFO:root:epoch 4, Episode 59, total_loss: 5.8526787757873535, q_loss 5.8526787757873535, v_loss 0.0 ,lr 0.00010000000000000002
INFO:root:epoch 4, Episode 60, total_loss: 8.380566596984863, q_loss 8.380566596984863, v_loss 0.0 ,lr 0.00010000000000000002
INFO:root:epoch 4, Episode 61, total_loss: 3.6650350093841553, q_loss 3.5589191913604736, v_loss 0.1061159297823906 ,lr 0.00010000000000000002
INFO:root:epoch 4, Episode 62, total_loss: 14.49846076965332, q_loss 14.49846076965332, v_loss 0.0 ,lr 0.00010000000000000002
INFO:root:epoch 4, Episode 63, total_loss: 7.733436107635498, q_loss 7.69890832901001, v_loss 0.03452754765748978 ,lr 0.00010000000000000002
INFO:root:epoch 4, Episode 64, total_loss: 13.990310668945312, q_loss 13.949471473693848, v_loss 0.04083939269185066 ,lr 0.00010000000000000002
INFO:root:epoch 4, Episode 65, total_loss: 3.0569982528686523, q_loss 3.0569982528686523, v_loss 0.0 ,lr 0.00010000000000000002
INFO:root:epoch 4, Episode 66, total_loss: 0.5112124085426331, q_loss 0.44617193937301636, v_loss 0.0650404691696167 ,lr 0.00010000000000000002
INFO:root:epoch 4, Episode 67, total_loss: 6.1611199378967285, q_loss 6.078901290893555, v_loss 0.08221863210201263 ,lr 0.00010000000000000002
INFO:root:epoch 4, Episode 68, total_loss: 10.961113929748535, q_loss 10.961113929748535, v_loss 0.0 ,lr 0.00010000000000000002
INFO:root:val_loss 1.295481562614441
INFO:root:epoch 4, Episode 69, total_loss: 16.893407821655273, q_loss 16.893407821655273, v_loss 0.0 ,lr 0.00010000000000000002
INFO:root:epoch 4, Episode 70, total_loss: 7.236752986907959, q_loss 7.236752986907959, v_loss 0.0 ,lr 0.00010000000000000002
INFO:root:epoch 4, Episode 71, total_loss: 1.2280209064483643, q_loss 1.2280209064483643, v_loss 0.0 ,lr 0.00010000000000000002
INFO:root:epoch 4, Episode 72, total_loss: 10.369256973266602, q_loss 10.369256973266602, v_loss 0.0 ,lr 0.00010000000000000002
INFO:root:epoch 4, Episode 73, total_loss: 0.2954758405685425, q_loss 0.11757048964500427, v_loss 0.1779053509235382 ,lr 0.00010000000000000002
INFO:root:epoch 4, Episode 74, total_loss: 4.422970771789551, q_loss 4.422970771789551, v_loss 0.0 ,lr 0.00010000000000000002
INFO:root:epoch 4, Episode 75, total_loss: 17.134305953979492, q_loss 17.134305953979492, v_loss 0.0 ,lr 0.00010000000000000002
INFO:root:epoch 4, Episode 76, total_loss: 5.127465724945068, q_loss 5.127465724945068, v_loss 0.0 ,lr 0.00010000000000000002
INFO:root:epoch 4, Episode 77, total_loss: 4.834231376647949, q_loss 4.834231376647949, v_loss 0.0 ,lr 0.00010000000000000002
INFO:root:epoch 4, Episode 78, total_loss: 8.166031837463379, q_loss 8.05728530883789, v_loss 0.10874637961387634 ,lr 0.00010000000000000002
INFO:root:epoch 4, Episode 79, total_loss: 14.547008514404297, q_loss 14.547008514404297, v_loss 0.0 ,lr 0.00010000000000000002
INFO:root:epoch 4, Episode 80, total_loss: 13.162458419799805, q_loss 13.162458419799805, v_loss 0.0 ,lr 0.00010000000000000002
INFO:root:epoch 4, Episode 81, total_loss: 10.846433639526367, q_loss 10.846433639526367, v_loss 0.0 ,lr 0.00010000000000000002
INFO:root:epoch 4, Episode 82, total_loss: 1.5381463766098022, q_loss 1.5381463766098022, v_loss 0.0 ,lr 0.00010000000000000002
INFO:root:epoch 4, Episode 83, total_loss: 1.3331286907196045, q_loss 1.316141963005066, v_loss 0.016986748203635216 ,lr 0.00010000000000000002
INFO:root:epoch 4, Episode 84, total_loss: 4.375764846801758, q_loss 4.374772071838379, v_loss 0.0009929039515554905 ,lr 0.00010000000000000002
INFO:root:epoch 4, Episode 85, total_loss: 2.186183452606201, q_loss 2.1808266639709473, v_loss 0.005356892477720976 ,lr 0.00010000000000000002
INFO:root:epoch 4, Episode 86, total_loss: 9.888002395629883, q_loss 9.888002395629883, v_loss 0.0 ,lr 0.00010000000000000002
INFO:root:epoch 4, Episode 87, total_loss: 10.548426628112793, q_loss 10.548426628112793, v_loss 0.0 ,lr 0.00010000000000000002
INFO:root:epoch 4, Episode 88, total_loss: 14.818002700805664, q_loss 14.818002700805664, v_loss 0.0 ,lr 0.00010000000000000002
INFO:root:epoch 4, Episode 89, total_loss: 18.418466567993164, q_loss 18.418466567993164, v_loss 0.0 ,lr 0.00010000000000000002
INFO:root:epoch 4, Episode 90, total_loss: 4.940497398376465, q_loss 4.838090419769287, v_loss 0.10240679234266281 ,lr 0.00010000000000000002
INFO:root:epoch 4, Episode 91, total_loss: 16.93942642211914, q_loss 16.93942642211914, v_loss 0.0 ,lr 0.00010000000000000002
INFO:root:epoch 4, Episode 92, total_loss: 8.718446731567383, q_loss 8.561490058898926, v_loss 0.1569562554359436 ,lr 0.00010000000000000002
INFO:root:epoch 4, Episode 93, total_loss: 15.814745903015137, q_loss 15.814745903015137, v_loss 0.0 ,lr 0.00010000000000000002
INFO:root:epoch 4, Episode 94, total_loss: 1.9043247699737549, q_loss 1.8468282222747803, v_loss 0.05749651789665222 ,lr 0.00010000000000000002
INFO:root:epoch 4, Episode 95, total_loss: 9.410873413085938, q_loss 9.368255615234375, v_loss 0.04261825233697891 ,lr 0.00010000000000000002
INFO:root:epoch 4, Episode 96, total_loss: 12.395853042602539, q_loss 12.395853042602539, v_loss 0.0 ,lr 0.00010000000000000002
INFO:root:epoch 4, Episode 97, total_loss: 6.899044990539551, q_loss 6.7971014976501465, v_loss 0.10194339603185654 ,lr 0.00010000000000000002
INFO:root:epoch 4, Episode 98, total_loss: 17.04924964904785, q_loss 17.04924964904785, v_loss 0.0 ,lr 0.00010000000000000002
INFO:root:epoch 4, Episode 99, total_loss: 14.555068969726562, q_loss 14.524648666381836, v_loss 0.030420199036598206 ,lr 0.00010000000000000002
INFO:root:epoch 4, Episode 100, total_loss: 1.0874571800231934, q_loss 1.0538851022720337, v_loss 0.033572033047676086 ,lr 0.00010000000000000002
INFO:root:epoch 4, Episode 101, total_loss: 9.338929176330566, q_loss 9.1896333694458, v_loss 0.1492956429719925 ,lr 0.00010000000000000002
INFO:root:epoch 4, Episode 102, total_loss: 16.856971740722656, q_loss 16.856971740722656, v_loss 0.0 ,lr 0.00010000000000000002
INFO:root:epoch 4, Episode 103, total_loss: 11.708562850952148, q_loss 11.708562850952148, v_loss 0.0 ,lr 0.00010000000000000002
INFO:root:epoch 4, Episode 104, total_loss: 5.844613770022988e-05, q_loss 5.844613770022988e-05, v_loss 0.0 ,lr 0.00010000000000000002
INFO:root:epoch 4, Episode 105, total_loss: 13.356257438659668, q_loss 13.351655006408691, v_loss 0.00460260733962059 ,lr 0.00010000000000000002
INFO:root:epoch 4, Episode 106, total_loss: 8.912851333618164, q_loss 8.912851333618164, v_loss 0.0 ,lr 0.00010000000000000002
INFO:root:epoch 4, Episode 107, total_loss: 11.19909954071045, q_loss 11.19909954071045, v_loss 0.0 ,lr 0.00010000000000000002
INFO:root:epoch 4, Episode 108, total_loss: 7.193877220153809, q_loss 7.193877220153809, v_loss 0.0 ,lr 0.00010000000000000002
INFO:root:epoch 4, Episode 109, total_loss: 1.3006746768951416, q_loss 1.2675516605377197, v_loss 0.03312298282980919 ,lr 0.00010000000000000002
INFO:root:epoch 4, Episode 110, total_loss: 9.875194549560547, q_loss 9.796771049499512, v_loss 0.0784234032034874 ,lr 0.00010000000000000002
INFO:root:epoch 4, Episode 111, total_loss: 8.624780654907227, q_loss 8.624780654907227, v_loss 0.0 ,lr 0.00010000000000000002
INFO:root:epoch 4, Episode 112, total_loss: 9.572297096252441, q_loss 9.56595516204834, v_loss 0.006342343986034393 ,lr 0.00010000000000000002
INFO:root:epoch 4, Episode 113, total_loss: 15.920153617858887, q_loss 15.920153617858887, v_loss 0.0 ,lr 0.00010000000000000002
INFO:root:epoch 4, Episode 114, total_loss: 10.713688850402832, q_loss 10.713688850402832, v_loss 0.0 ,lr 0.00010000000000000002
INFO:root:epoch 4, Episode 115, total_loss: 0.7740858793258667, q_loss 0.7740858793258667, v_loss 0.0 ,lr 0.00010000000000000002
INFO:root:epoch 4, Episode 116, total_loss: 7.893877029418945, q_loss 7.8676300048828125, v_loss 0.026247035712003708 ,lr 0.00010000000000000002
INFO:root:epoch 4, Episode 117, total_loss: 0.22987104952335358, q_loss 0.22987104952335358, v_loss 0.0 ,lr 0.00010000000000000002
INFO:root:epoch 4, Episode 118, total_loss: 15.254498481750488, q_loss 15.19475269317627, v_loss 0.059746261686086655 ,lr 0.00010000000000000002
INFO:root:epoch 4, Episode 119, total_loss: 14.047537803649902, q_loss 14.047537803649902, v_loss 0.0 ,lr 0.00010000000000000002
INFO:root:epoch 4, Episode 120, total_loss: 8.11633014678955, q_loss 8.11633014678955, v_loss 0.0 ,lr 0.00010000000000000002
INFO:root:epoch 4, Episode 121, total_loss: 6.6623454093933105, q_loss 6.587029933929443, v_loss 0.07531566917896271 ,lr 0.00010000000000000002
INFO:root:epoch 4, Episode 122, total_loss: 4.76375675201416, q_loss 4.7241668701171875, v_loss 0.03958972916007042 ,lr 0.00010000000000000002
INFO:root:epoch 4, Episode 123, total_loss: 4.04936408996582, q_loss 4.04936408996582, v_loss 0.0 ,lr 0.00010000000000000002
INFO:root:epoch 4, Episode 124, total_loss: 6.267591953277588, q_loss 6.267591953277588, v_loss 0.0 ,lr 0.00010000000000000002
INFO:root:epoch 4, Episode 125, total_loss: 13.645002365112305, q_loss 13.645002365112305, v_loss 0.0 ,lr 0.00010000000000000002
INFO:root:epoch 4, Episode 126, total_loss: 7.863119125366211, q_loss 7.863119125366211, v_loss 0.0 ,lr 0.00010000000000000002
INFO:root:epoch 4, Episode 127, total_loss: 1.7830822467803955, q_loss 1.7805688381195068, v_loss 0.00251340726390481 ,lr 0.00010000000000000002
INFO:root:epoch 4, Episode 128, total_loss: 13.612875938415527, q_loss 13.612875938415527, v_loss 0.0 ,lr 0.00010000000000000002
INFO:root:epoch 4, Episode 129, total_loss: 0.0028592136222869158, q_loss 0.0028592136222869158, v_loss 0.0 ,lr 0.00010000000000000002
INFO:root:epoch 4, Episode 130, total_loss: 9.336669921875, q_loss 9.05400276184082, v_loss 0.2826676070690155 ,lr 0.00010000000000000002
INFO:root:epoch 4, Episode 131, total_loss: 2.3515443801879883, q_loss 2.342848777770996, v_loss 0.008695545606315136 ,lr 0.00010000000000000002
INFO:root:epoch 4, Episode 132, total_loss: 11.488927841186523, q_loss 11.488927841186523, v_loss 0.0 ,lr 0.00010000000000000002
INFO:root:epoch 4, Episode 133, total_loss: 8.43044662475586, q_loss 8.43044662475586, v_loss 0.0 ,lr 0.00010000000000000002
INFO:root:epoch 4, Episode 134, total_loss: 9.731659889221191, q_loss 9.692530632019043, v_loss 0.03912884742021561 ,lr 0.00010000000000000002
INFO:root:epoch 4, Episode 135, total_loss: 10498.6767578125, q_loss 10498.6767578125, v_loss 0.0 ,lr 0.00010000000000000002
INFO:root:epoch 4, Episode 136, total_loss: 13.958417892456055, q_loss 13.958417892456055, v_loss 0.0 ,lr 0.00010000000000000002
INFO:root:epoch 4, Episode 137, total_loss: 3.188913345336914, q_loss 3.1358909606933594, v_loss 0.053022485226392746 ,lr 0.00010000000000000002
INFO:root:epoch 4, Episode 138, total_loss: 9.998324394226074, q_loss 9.998324394226074, v_loss 0.0 ,lr 0.00010000000000000002
INFO:root:epoch 4, Episode 139, total_loss: 8.076748847961426, q_loss 8.023184776306152, v_loss 0.05356399714946747 ,lr 0.00010000000000000002
INFO:root:epoch 4, Episode 140, total_loss: 18.99003791809082, q_loss 18.99003791809082, v_loss 0.0 ,lr 0.00010000000000000002
INFO:root:epoch 4, Episode 141, total_loss: 2.00364089012146, q_loss 2.0016860961914062, v_loss 0.0019549101125448942 ,lr 0.00010000000000000002
INFO:root:epoch 4, Episode 142, total_loss: 0.5937148332595825, q_loss 0.5478223562240601, v_loss 0.04589244723320007 ,lr 0.00010000000000000002
INFO:root:epoch 4, Episode 143, total_loss: 3.5320348739624023, q_loss 3.5320348739624023, v_loss 0.0 ,lr 0.00010000000000000002
INFO:root:epoch 4, Episode 144, total_loss: 9.453277587890625, q_loss 9.453277587890625, v_loss 0.0 ,lr 0.00010000000000000002
INFO:root:epoch 4, Episode 145, total_loss: 1.7293403148651123, q_loss 1.7293403148651123, v_loss 0.0 ,lr 0.00010000000000000002
INFO:root:epoch 4, Episode 146, total_loss: 11.141058921813965, q_loss 11.141058921813965, v_loss 0.0 ,lr 0.00010000000000000002
INFO:root:epoch 4, Episode 147, total_loss: 2.432224750518799, q_loss 2.360259532928467, v_loss 0.07196525484323502 ,lr 0.00010000000000000002
INFO:root:epoch 4, Episode 148, total_loss: 3.0391576290130615, q_loss 3.0391576290130615, v_loss 0.0 ,lr 0.00010000000000000002
INFO:root:epoch 4, Episode 149, total_loss: 5.9525370597839355, q_loss 5.9525370597839355, v_loss 0.0 ,lr 0.00010000000000000002
INFO:root:epoch 4, Episode 150, total_loss: 7.82228422164917, q_loss 7.82228422164917, v_loss 0.0 ,lr 0.00010000000000000002
INFO:root:epoch 4, Episode 151, total_loss: 13.983548164367676, q_loss 13.817520141601562, v_loss 0.16602760553359985 ,lr 0.00010000000000000002
INFO:root:epoch 4, Episode 152, total_loss: 18.110584259033203, q_loss 18.110584259033203, v_loss 0.0 ,lr 0.00010000000000000002
INFO:root:epoch 4, Episode 153, total_loss: 10.200413703918457, q_loss 10.200413703918457, v_loss 0.0 ,lr 0.00010000000000000002
INFO:root:epoch 4, Episode 154, total_loss: 0.3379945158958435, q_loss 0.22557508945465088, v_loss 0.11241944134235382 ,lr 0.00010000000000000002
INFO:root:epoch 4, Episode 155, total_loss: 17.200931549072266, q_loss 17.200931549072266, v_loss 0.0 ,lr 0.00010000000000000002
INFO:root:epoch 4, Episode 156, total_loss: 8.293877601623535, q_loss 8.293877601623535, v_loss 0.0 ,lr 0.00010000000000000002
INFO:root:epoch 4, Episode 157, total_loss: 14.230010032653809, q_loss 14.230010032653809, v_loss 0.0 ,lr 0.00010000000000000002
INFO:root:epoch 4, Episode 158, total_loss: 7.016971588134766, q_loss 7.016971588134766, v_loss 0.0 ,lr 0.00010000000000000002
INFO:root:epoch 4, Episode 159, total_loss: 8.27330207824707, q_loss 8.270036697387695, v_loss 0.0032656979747116566 ,lr 0.00010000000000000002
INFO:root:epoch 4, Episode 160, total_loss: 14.248136520385742, q_loss 14.248136520385742, v_loss 0.0 ,lr 0.00010000000000000002
INFO:root:epoch 4, Episode 161, total_loss: 0.339635968208313, q_loss 0.339635968208313, v_loss 0.0 ,lr 0.00010000000000000002
INFO:root:epoch 4, Episode 162, total_loss: 2.87284255027771, q_loss 2.8297579288482666, v_loss 0.04308453947305679 ,lr 0.00010000000000000002
INFO:root:epoch 4, Episode 163, total_loss: 3.2423465251922607, q_loss 3.2125229835510254, v_loss 0.02982342801988125 ,lr 0.00010000000000000002
INFO:root:epoch 4, Episode 164, total_loss: 2.3587841987609863, q_loss 2.3587841987609863, v_loss 0.0 ,lr 0.00010000000000000002
INFO:root:epoch 4, Episode 165, total_loss: 4578.0478515625, q_loss 4578.0478515625, v_loss 0.0 ,lr 0.00010000000000000002
INFO:root:epoch 4, Episode 166, total_loss: 2.229959726333618, q_loss 2.184922456741333, v_loss 0.04503738135099411 ,lr 0.00010000000000000002
INFO:root:epoch 4, Episode 167, total_loss: 19.17543601989746, q_loss 19.17543601989746, v_loss 0.0 ,lr 0.00010000000000000002
INFO:root:epoch 4, Episode 168, total_loss: 16.730955123901367, q_loss 16.730955123901367, v_loss 0.0 ,lr 0.00010000000000000002
INFO:root:val_loss 1.2943781614303589
INFO:root:epoch 4, Episode 169, total_loss: 4.649980068206787, q_loss 4.649980068206787, v_loss 0.0 ,lr 0.00010000000000000002
INFO:root:epoch 4, Episode 170, total_loss: 8.429902076721191, q_loss 8.405088424682617, v_loss 0.024814113974571228 ,lr 0.00010000000000000002
INFO:root:epoch 4, Episode 171, total_loss: 1.7114461660385132, q_loss 1.7114461660385132, v_loss 0.0 ,lr 0.00010000000000000002
INFO:root:epoch 4, Episode 172, total_loss: 8.667057991027832, q_loss 8.667057991027832, v_loss 0.0 ,lr 0.00010000000000000002
INFO:root:epoch 4, Episode 173, total_loss: 3.21376371383667, q_loss 3.20200777053833, v_loss 0.011755955405533314 ,lr 0.00010000000000000002
INFO:root:epoch 4, Episode 174, total_loss: 13.205810546875, q_loss 13.205810546875, v_loss 0.0 ,lr 0.00010000000000000002
INFO:root:epoch 4, Episode 175, total_loss: 14.976244926452637, q_loss 14.976244926452637, v_loss 0.0 ,lr 0.00010000000000000002
INFO:root:epoch 4, Episode 176, total_loss: 6.896115779876709, q_loss 6.896115779876709, v_loss 0.0 ,lr 0.00010000000000000002
INFO:root:epoch 4, Episode 177, total_loss: 6.179964065551758, q_loss 6.175942897796631, v_loss 0.004021018277853727 ,lr 0.00010000000000000002
INFO:root:epoch 4, Episode 178, total_loss: 10.017578125, q_loss 10.017578125, v_loss 0.0 ,lr 0.00010000000000000002
INFO:root:epoch 4, Episode 179, total_loss: 9.1607027053833, q_loss 9.14638900756836, v_loss 0.014313495717942715 ,lr 0.00010000000000000002
INFO:root:epoch 4, Episode 180, total_loss: 8.99608039855957, q_loss 8.977644920349121, v_loss 0.018435891717672348 ,lr 0.00010000000000000002
INFO:root:epoch 4, Episode 181, total_loss: 3.9586079120635986, q_loss 3.934701681137085, v_loss 0.02390616200864315 ,lr 0.00010000000000000002
INFO:root:epoch 4, Episode 182, total_loss: 4.576286792755127, q_loss 4.517627716064453, v_loss 0.05865897238254547 ,lr 0.00010000000000000002
INFO:root:epoch 5, Episode 0, total_loss: 3.1027915477752686, q_loss 3.1027915477752686, v_loss 0.0 ,lr 0.00010000000000000002
INFO:root:epoch 5, Episode 1, total_loss: 10.663326263427734, q_loss 10.663326263427734, v_loss 0.0 ,lr 0.00010000000000000002
INFO:root:epoch 5, Episode 2, total_loss: 12.597701072692871, q_loss 12.576388359069824, v_loss 0.021312464028596878 ,lr 0.00010000000000000002
INFO:root:epoch 5, Episode 3, total_loss: 12.920595169067383, q_loss 12.920595169067383, v_loss 0.0 ,lr 0.00010000000000000002
INFO:root:epoch 5, Episode 4, total_loss: 5.998380661010742, q_loss 5.998380661010742, v_loss 0.0 ,lr 0.00010000000000000002
INFO:root:epoch 5, Episode 5, total_loss: 10.386422157287598, q_loss 10.386422157287598, v_loss 0.0 ,lr 0.00010000000000000002
INFO:root:epoch 5, Episode 6, total_loss: 6.304901599884033, q_loss 6.304901599884033, v_loss 0.0 ,lr 0.00010000000000000002
INFO:root:epoch 5, Episode 7, total_loss: 14.131933212280273, q_loss 14.131933212280273, v_loss 0.0 ,lr 0.00010000000000000002
INFO:root:epoch 5, Episode 8, total_loss: 0.24975323677062988, q_loss 0.24975323677062988, v_loss 0.0 ,lr 0.00010000000000000002
INFO:root:epoch 5, Episode 9, total_loss: 2.3635263442993164, q_loss 2.3304450511932373, v_loss 0.03308137133717537 ,lr 0.00010000000000000002
INFO:root:epoch 5, Episode 10, total_loss: 3.9972712993621826, q_loss 3.9970176219940186, v_loss 0.0002536465472076088 ,lr 0.00010000000000000002
INFO:root:epoch 5, Episode 11, total_loss: 7.18673849105835, q_loss 7.18673849105835, v_loss 0.0 ,lr 0.00010000000000000002
INFO:root:epoch 5, Episode 12, total_loss: 14.233810424804688, q_loss 14.191333770751953, v_loss 0.04247627034783363 ,lr 0.00010000000000000002
INFO:root:epoch 5, Episode 13, total_loss: 12.635849952697754, q_loss 12.635849952697754, v_loss 0.0 ,lr 0.00010000000000000002
INFO:root:epoch 5, Episode 14, total_loss: 13.924153327941895, q_loss 13.924153327941895, v_loss 0.0 ,lr 0.00010000000000000002
INFO:root:epoch 5, Episode 15, total_loss: 2.356822967529297, q_loss 2.356822967529297, v_loss 0.0 ,lr 0.00010000000000000002
INFO:root:epoch 5, Episode 16, total_loss: 7.952500343322754, q_loss 7.8647541999816895, v_loss 0.08774622529745102 ,lr 0.00010000000000000002
INFO:root:epoch 5, Episode 17, total_loss: 10.38139820098877, q_loss 10.38139820098877, v_loss 0.0 ,lr 0.00010000000000000002
INFO:root:epoch 5, Episode 18, total_loss: 16.195104598999023, q_loss 16.195104598999023, v_loss 0.0 ,lr 0.00010000000000000002
INFO:root:epoch 5, Episode 19, total_loss: 15.706098556518555, q_loss 15.706098556518555, v_loss 0.0 ,lr 0.00010000000000000002
INFO:root:epoch 5, Episode 20, total_loss: 13.421832084655762, q_loss 13.421832084655762, v_loss 0.0 ,lr 0.00010000000000000002
INFO:root:epoch 5, Episode 21, total_loss: 5.728276252746582, q_loss 5.725594520568848, v_loss 0.0026818483602255583 ,lr 0.00010000000000000002
INFO:root:epoch 5, Episode 22, total_loss: 2.9929072856903076, q_loss 2.9854836463928223, v_loss 0.007423690054565668 ,lr 0.00010000000000000002
INFO:root:epoch 5, Episode 23, total_loss: 10.434869766235352, q_loss 10.434869766235352, v_loss 0.0 ,lr 0.00010000000000000002
INFO:root:epoch 5, Episode 24, total_loss: 1.074915885925293, q_loss 1.0306864976882935, v_loss 0.044229380786418915 ,lr 0.00010000000000000002
INFO:root:epoch 5, Episode 25, total_loss: 3.5338046550750732, q_loss 3.5338046550750732, v_loss 0.0 ,lr 0.00010000000000000002
INFO:root:epoch 5, Episode 26, total_loss: 0.06376241147518158, q_loss 0.06376241147518158, v_loss 0.0 ,lr 0.00010000000000000002
INFO:root:epoch 5, Episode 27, total_loss: 3.365370512008667, q_loss 3.2544004917144775, v_loss 0.11096997559070587 ,lr 0.00010000000000000002
INFO:root:epoch 5, Episode 28, total_loss: 13.300222396850586, q_loss 13.269179344177246, v_loss 0.03104300983250141 ,lr 0.00010000000000000002
INFO:root:epoch 5, Episode 29, total_loss: 16.578001022338867, q_loss 16.578001022338867, v_loss 0.0 ,lr 0.00010000000000000002
INFO:root:epoch 5, Episode 30, total_loss: 13.77609634399414, q_loss 13.77609634399414, v_loss 0.0 ,lr 0.00010000000000000002
INFO:root:epoch 5, Episode 31, total_loss: 3.047255516052246, q_loss 3.047255516052246, v_loss 0.0 ,lr 0.00010000000000000002
INFO:root:epoch 5, Episode 32, total_loss: 7.206387996673584, q_loss 7.203858852386475, v_loss 0.0025292804930359125 ,lr 0.00010000000000000002
INFO:root:epoch 5, Episode 33, total_loss: 17.0164794921875, q_loss 17.0164794921875, v_loss 0.0 ,lr 0.00010000000000000002
INFO:root:epoch 5, Episode 34, total_loss: 0.3917804956436157, q_loss 0.3917804956436157, v_loss 0.0 ,lr 0.00010000000000000002
INFO:root:epoch 5, Episode 35, total_loss: 6.2587504386901855, q_loss 6.2587504386901855, v_loss 0.0 ,lr 0.00010000000000000002
INFO:root:epoch 5, Episode 36, total_loss: 3.743290662765503, q_loss 3.6083054542541504, v_loss 0.13498522341251373 ,lr 0.00010000000000000002
INFO:root:epoch 5, Episode 37, total_loss: 12.622275352478027, q_loss 12.622275352478027, v_loss 0.0 ,lr 0.00010000000000000002
INFO:root:epoch 5, Episode 38, total_loss: 7.54047155380249, q_loss 7.5130934715271, v_loss 0.02737819030880928 ,lr 0.00010000000000000002
INFO:root:epoch 5, Episode 39, total_loss: 1.601325273513794, q_loss 1.601325273513794, v_loss 0.0 ,lr 0.00010000000000000002
INFO:root:epoch 5, Episode 40, total_loss: 16.625715255737305, q_loss 16.625715255737305, v_loss 0.0 ,lr 0.00010000000000000002
INFO:root:epoch 5, Episode 41, total_loss: 5.213449001312256, q_loss 5.213449001312256, v_loss 0.0 ,lr 0.00010000000000000002
INFO:root:epoch 5, Episode 42, total_loss: 14.340241432189941, q_loss 14.340241432189941, v_loss 0.0 ,lr 0.00010000000000000002
INFO:root:epoch 5, Episode 43, total_loss: 9.54028606414795, q_loss 9.54028606414795, v_loss 0.0 ,lr 0.00010000000000000002
INFO:root:epoch 5, Episode 44, total_loss: 15.278188705444336, q_loss 15.278188705444336, v_loss 0.0 ,lr 0.00010000000000000002
INFO:root:epoch 5, Episode 45, total_loss: 2.0932559967041016, q_loss 2.0932559967041016, v_loss 0.0 ,lr 0.00010000000000000002
INFO:root:epoch 5, Episode 46, total_loss: 3.432756185531616, q_loss 3.432756185531616, v_loss 0.0 ,lr 0.00010000000000000002
INFO:root:epoch 5, Episode 47, total_loss: 6.5147385597229, q_loss 6.5147385597229, v_loss 0.0 ,lr 0.00010000000000000002
INFO:root:epoch 5, Episode 48, total_loss: 12.412806510925293, q_loss 12.412806510925293, v_loss 0.0 ,lr 0.00010000000000000002
INFO:root:epoch 5, Episode 49, total_loss: 2945.794677734375, q_loss 2945.794677734375, v_loss 0.0 ,lr 0.00010000000000000002
INFO:root:epoch 5, Episode 50, total_loss: 0.0025466897059231997, q_loss 0.0025466897059231997, v_loss 0.0 ,lr 0.00010000000000000002
INFO:root:epoch 5, Episode 51, total_loss: 1.4753304719924927, q_loss 1.4746603965759277, v_loss 0.0006700532394461334 ,lr 0.00010000000000000002
INFO:root:epoch 5, Episode 52, total_loss: 3.364565372467041, q_loss 3.2982144355773926, v_loss 0.06635089218616486 ,lr 0.00010000000000000002
INFO:root:epoch 5, Episode 53, total_loss: 2.035569429397583, q_loss 2.035569429397583, v_loss 0.0 ,lr 0.00010000000000000002
INFO:root:epoch 5, Episode 54, total_loss: 2.6091129779815674, q_loss 2.6091129779815674, v_loss 0.0 ,lr 0.00010000000000000002
INFO:root:epoch 5, Episode 55, total_loss: 0.6032794713973999, q_loss 0.6032794713973999, v_loss 0.0 ,lr 0.00010000000000000002
INFO:root:epoch 5, Episode 56, total_loss: 3.7335708141326904, q_loss 3.7004928588867188, v_loss 0.03307798504829407 ,lr 0.00010000000000000002
INFO:root:epoch 5, Episode 57, total_loss: 13.619194030761719, q_loss 13.619194030761719, v_loss 0.0 ,lr 0.00010000000000000002
INFO:root:epoch 5, Episode 58, total_loss: 9.61948299407959, q_loss 9.566811561584473, v_loss 0.05267158895730972 ,lr 0.00010000000000000002
INFO:root:epoch 5, Episode 59, total_loss: 5.851435661315918, q_loss 5.851435661315918, v_loss 0.0 ,lr 0.00010000000000000002
INFO:root:epoch 5, Episode 60, total_loss: 8.38010311126709, q_loss 8.38010311126709, v_loss 0.0 ,lr 0.00010000000000000002
INFO:root:epoch 5, Episode 61, total_loss: 3.6449708938598633, q_loss 3.5405032634735107, v_loss 0.1044677272439003 ,lr 0.00010000000000000002
INFO:root:epoch 5, Episode 62, total_loss: 14.494486808776855, q_loss 14.494486808776855, v_loss 0.0 ,lr 0.00010000000000000002
INFO:root:epoch 5, Episode 63, total_loss: 7.7431840896606445, q_loss 7.705543041229248, v_loss 0.03764086961746216 ,lr 0.00010000000000000002
INFO:root:epoch 5, Episode 64, total_loss: 13.984649658203125, q_loss 13.944356918334961, v_loss 0.04029287025332451 ,lr 0.00010000000000000002
INFO:root:epoch 5, Episode 65, total_loss: 3.056292772293091, q_loss 3.056292772293091, v_loss 0.0 ,lr 0.00010000000000000002
INFO:root:epoch 5, Episode 66, total_loss: 0.5053722262382507, q_loss 0.44182121753692627, v_loss 0.06355101615190506 ,lr 0.00010000000000000002
INFO:root:epoch 5, Episode 67, total_loss: 6.121882915496826, q_loss 6.0582709312438965, v_loss 0.06361184269189835 ,lr 0.00010000000000000002
INFO:root:epoch 5, Episode 68, total_loss: 10.95844554901123, q_loss 10.95844554901123, v_loss 0.0 ,lr 0.00010000000000000002
INFO:root:epoch 5, Episode 69, total_loss: 16.889110565185547, q_loss 16.889110565185547, v_loss 0.0 ,lr 0.00010000000000000002
INFO:root:epoch 5, Episode 70, total_loss: 7.235419273376465, q_loss 7.235419273376465, v_loss 0.0 ,lr 0.00010000000000000002
INFO:root:epoch 5, Episode 71, total_loss: 1.229230523109436, q_loss 1.229230523109436, v_loss 0.0 ,lr 0.00010000000000000002
INFO:root:epoch 5, Episode 72, total_loss: 10.36694049835205, q_loss 10.36694049835205, v_loss 0.0 ,lr 0.00010000000000000002
INFO:root:epoch 5, Episode 73, total_loss: 0.2906704843044281, q_loss 0.11537451297044754, v_loss 0.17529597878456116 ,lr 0.00010000000000000002
INFO:root:epoch 5, Episode 74, total_loss: 4.421830177307129, q_loss 4.421830177307129, v_loss 0.0 ,lr 0.00010000000000000002
INFO:root:epoch 5, Episode 75, total_loss: 17.129491806030273, q_loss 17.129491806030273, v_loss 0.0 ,lr 0.00010000000000000002
INFO:root:epoch 5, Episode 76, total_loss: 5.126149654388428, q_loss 5.126149654388428, v_loss 0.0 ,lr 0.00010000000000000002
INFO:root:epoch 5, Episode 77, total_loss: 4.833807468414307, q_loss 4.833807468414307, v_loss 0.0 ,lr 0.00010000000000000002
INFO:root:epoch 5, Episode 78, total_loss: 8.237985610961914, q_loss 8.116057395935059, v_loss 0.12192817032337189 ,lr 0.00010000000000000002
INFO:root:epoch 5, Episode 79, total_loss: 14.542807579040527, q_loss 14.542807579040527, v_loss 0.0 ,lr 0.00010000000000000002
INFO:root:epoch 5, Episode 80, total_loss: 13.15845012664795, q_loss 13.15845012664795, v_loss 0.0 ,lr 0.00010000000000000002
INFO:root:epoch 5, Episode 81, total_loss: 10.843290328979492, q_loss 10.843290328979492, v_loss 0.0 ,lr 0.00010000000000000002
INFO:root:epoch 5, Episode 82, total_loss: 1.5394548177719116, q_loss 1.5394548177719116, v_loss 0.0 ,lr 0.00010000000000000002
INFO:root:epoch 5, Episode 83, total_loss: 1.3156846761703491, q_loss 1.3059594631195068, v_loss 0.00972522608935833 ,lr 0.00010000000000000002
INFO:root:epoch 5, Episode 84, total_loss: 4.394108772277832, q_loss 4.394108295440674, v_loss 6.720961209794041e-07 ,lr 0.00010000000000000002
INFO:root:epoch 5, Episode 85, total_loss: 2.1858022212982178, q_loss 2.181002140045166, v_loss 0.0048001958057284355 ,lr 0.00010000000000000002
INFO:root:val_loss 1.1925420761108398
INFO:root:epoch 5, Episode 86, total_loss: 9.885608673095703, q_loss 9.885608673095703, v_loss 0.0 ,lr 0.00010000000000000002
INFO:root:epoch 5, Episode 87, total_loss: 10.545612335205078, q_loss 10.545612335205078, v_loss 0.0 ,lr 0.00010000000000000002
INFO:root:epoch 5, Episode 88, total_loss: 14.814233779907227, q_loss 14.814233779907227, v_loss 0.0 ,lr 0.00010000000000000002
INFO:root:epoch 5, Episode 89, total_loss: 18.413679122924805, q_loss 18.413679122924805, v_loss 0.0 ,lr 0.00010000000000000002
INFO:root:epoch 5, Episode 90, total_loss: 5.002121925354004, q_loss 4.9319353103637695, v_loss 0.07018639892339706 ,lr 0.00010000000000000002
INFO:root:epoch 5, Episode 91, total_loss: 16.934246063232422, q_loss 16.934246063232422, v_loss 0.0 ,lr 0.00010000000000000002
INFO:root:epoch 5, Episode 92, total_loss: 8.716371536254883, q_loss 8.579729080200195, v_loss 0.1366422325372696 ,lr 0.00010000000000000002
INFO:root:epoch 5, Episode 93, total_loss: 15.810715675354004, q_loss 15.810715675354004, v_loss 0.0 ,lr 0.00010000000000000002
INFO:root:epoch 5, Episode 94, total_loss: 1.90305495262146, q_loss 1.8466784954071045, v_loss 0.05637641251087189 ,lr 0.00010000000000000002
INFO:root:epoch 5, Episode 95, total_loss: 9.404335021972656, q_loss 9.362533569335938, v_loss 0.04180099070072174 ,lr 0.00010000000000000002
INFO:root:epoch 5, Episode 96, total_loss: 12.392788887023926, q_loss 12.392788887023926, v_loss 0.0 ,lr 0.00010000000000000002
INFO:root:epoch 5, Episode 97, total_loss: 6.922430992126465, q_loss 6.808575630187988, v_loss 0.11385513097047806 ,lr 0.00010000000000000002
INFO:root:epoch 5, Episode 98, total_loss: 17.04470443725586, q_loss 17.04470443725586, v_loss 0.0 ,lr 0.00010000000000000002
INFO:root:epoch 5, Episode 99, total_loss: 14.550230979919434, q_loss 14.52029800415039, v_loss 0.029933348298072815 ,lr 0.00010000000000000002
INFO:root:epoch 5, Episode 100, total_loss: 1.0986533164978027, q_loss 1.0626041889190674, v_loss 0.03604918718338013 ,lr 0.00010000000000000002
INFO:root:epoch 5, Episode 101, total_loss: 9.335265159606934, q_loss 9.190855979919434, v_loss 0.14440885186195374 ,lr 0.00010000000000000002
INFO:root:epoch 5, Episode 102, total_loss: 16.851842880249023, q_loss 16.851842880249023, v_loss 0.0 ,lr 0.00010000000000000002
INFO:root:epoch 5, Episode 103, total_loss: 11.705568313598633, q_loss 11.705568313598633, v_loss 0.0 ,lr 0.00010000000000000002
INFO:root:epoch 5, Episode 104, total_loss: 6.092093462939374e-05, q_loss 6.092093462939374e-05, v_loss 0.0 ,lr 0.00010000000000000002
INFO:root:epoch 5, Episode 105, total_loss: 13.348918914794922, q_loss 13.34480094909668, v_loss 0.0041183410212397575 ,lr 0.00010000000000000002
INFO:root:epoch 5, Episode 106, total_loss: 8.911216735839844, q_loss 8.911216735839844, v_loss 0.0 ,lr 0.00010000000000000002
INFO:root:epoch 5, Episode 107, total_loss: 11.195839881896973, q_loss 11.195839881896973, v_loss 0.0 ,lr 0.00010000000000000002
INFO:root:epoch 5, Episode 108, total_loss: 7.192741870880127, q_loss 7.192741870880127, v_loss 0.0 ,lr 0.00010000000000000002
INFO:root:epoch 5, Episode 109, total_loss: 1.2965264320373535, q_loss 1.2642217874526978, v_loss 0.032304611057043076 ,lr 0.00010000000000000002
INFO:root:epoch 5, Episode 110, total_loss: 9.876279830932617, q_loss 9.796175956726074, v_loss 0.08010361343622208 ,lr 0.00010000000000000002
INFO:root:epoch 5, Episode 111, total_loss: 8.623563766479492, q_loss 8.623563766479492, v_loss 0.0 ,lr 0.00010000000000000002
INFO:root:epoch 5, Episode 112, total_loss: 9.577108383178711, q_loss 9.571229934692383, v_loss 0.005878221243619919 ,lr 0.00010000000000000002
INFO:root:epoch 5, Episode 113, total_loss: 15.915128707885742, q_loss 15.915128707885742, v_loss 0.0 ,lr 0.00010000000000000002
INFO:root:epoch 5, Episode 114, total_loss: 10.711188316345215, q_loss 10.711188316345215, v_loss 0.0 ,lr 0.00010000000000000002
INFO:root:epoch 5, Episode 115, total_loss: 0.7742424011230469, q_loss 0.7742424011230469, v_loss 0.0 ,lr 0.00010000000000000002
INFO:root:epoch 5, Episode 116, total_loss: 7.892061233520508, q_loss 7.8663201332092285, v_loss 0.025741122663021088 ,lr 0.00010000000000000002
INFO:root:epoch 5, Episode 117, total_loss: 0.22975368797779083, q_loss 0.22975368797779083, v_loss 0.0 ,lr 0.00010000000000000002
INFO:root:epoch 5, Episode 118, total_loss: 15.258275985717773, q_loss 15.199424743652344, v_loss 0.05885138362646103 ,lr 0.00010000000000000002
INFO:root:epoch 5, Episode 119, total_loss: 14.043669700622559, q_loss 14.043669700622559, v_loss 0.0 ,lr 0.00010000000000000002
INFO:root:epoch 5, Episode 120, total_loss: 8.114400863647461, q_loss 8.114400863647461, v_loss 0.0 ,lr 0.00010000000000000002
INFO:root:epoch 5, Episode 121, total_loss: 6.663901329040527, q_loss 6.5897016525268555, v_loss 0.07419973611831665 ,lr 0.00010000000000000002
INFO:root:epoch 5, Episode 122, total_loss: 4.790127754211426, q_loss 4.759399890899658, v_loss 0.03072776459157467 ,lr 0.00010000000000000002
INFO:root:epoch 5, Episode 123, total_loss: 4.048469543457031, q_loss 4.048469543457031, v_loss 0.0 ,lr 0.00010000000000000002
INFO:root:epoch 5, Episode 124, total_loss: 6.271502494812012, q_loss 6.271502494812012, v_loss 0.0 ,lr 0.00010000000000000002
INFO:root:epoch 5, Episode 125, total_loss: 13.640959739685059, q_loss 13.640959739685059, v_loss 0.0 ,lr 0.00010000000000000002
INFO:root:epoch 5, Episode 126, total_loss: 7.861161708831787, q_loss 7.861161708831787, v_loss 0.0 ,lr 0.00010000000000000002
INFO:root:epoch 5, Episode 127, total_loss: 1.7527315616607666, q_loss 1.74332857131958, v_loss 0.009403010830283165 ,lr 0.00010000000000000002
INFO:root:epoch 5, Episode 128, total_loss: 13.609240531921387, q_loss 13.609240531921387, v_loss 0.0 ,lr 0.00010000000000000002
INFO:root:epoch 5, Episode 129, total_loss: 0.0029090025927871466, q_loss 0.0029090025927871466, v_loss 0.0 ,lr 0.00010000000000000002
INFO:root:epoch 5, Episode 130, total_loss: 9.27484130859375, q_loss 9.022631645202637, v_loss 0.2522098422050476 ,lr 0.00010000000000000002
INFO:root:epoch 5, Episode 131, total_loss: 2.350529909133911, q_loss 2.342137336730957, v_loss 0.008392572402954102 ,lr 0.00010000000000000002
INFO:root:epoch 5, Episode 132, total_loss: 11.487370491027832, q_loss 11.487370491027832, v_loss 0.0 ,lr 0.00010000000000000002
INFO:root:epoch 5, Episode 133, total_loss: 8.429701805114746, q_loss 8.429701805114746, v_loss 0.0 ,lr 0.00010000000000000002
INFO:root:epoch 5, Episode 134, total_loss: 9.727343559265137, q_loss 9.688918113708496, v_loss 0.03842553868889809 ,lr 0.00010000000000000002
INFO:root:epoch 5, Episode 135, total_loss: 10498.8359375, q_loss 10498.8359375, v_loss 0.0 ,lr 0.00010000000000000002
INFO:root:epoch 5, Episode 136, total_loss: 13.954557418823242, q_loss 13.954557418823242, v_loss 0.0 ,lr 0.00010000000000000002
INFO:root:epoch 5, Episode 137, total_loss: 3.1885437965393066, q_loss 3.136728286743164, v_loss 0.051815591752529144 ,lr 0.00010000000000000002
INFO:root:epoch 5, Episode 138, total_loss: 9.996533393859863, q_loss 9.996533393859863, v_loss 0.0 ,lr 0.00010000000000000002
INFO:root:epoch 5, Episode 139, total_loss: 8.07436752319336, q_loss 8.0226411819458, v_loss 0.05172599479556084 ,lr 0.00010000000000000002
INFO:root:epoch 5, Episode 140, total_loss: 18.98491668701172, q_loss 18.98491668701172, v_loss 0.0 ,lr 0.00010000000000000002
INFO:root:epoch 5, Episode 141, total_loss: 2.00065541267395, q_loss 1.998887538909912, v_loss 0.0017678666627034545 ,lr 0.00010000000000000002
INFO:root:epoch 5, Episode 142, total_loss: 0.5915871858596802, q_loss 0.5464462041854858, v_loss 0.04514098912477493 ,lr 0.00010000000000000002
INFO:root:epoch 5, Episode 143, total_loss: 3.5309154987335205, q_loss 3.5309154987335205, v_loss 0.0 ,lr 0.00010000000000000002
INFO:root:epoch 5, Episode 144, total_loss: 9.451804161071777, q_loss 9.451804161071777, v_loss 0.0 ,lr 0.00010000000000000002
INFO:root:epoch 5, Episode 145, total_loss: 1.7305134534835815, q_loss 1.7305134534835815, v_loss 0.0 ,lr 0.00010000000000000002
INFO:root:epoch 5, Episode 146, total_loss: 11.139294624328613, q_loss 11.139294624328613, v_loss 0.0 ,lr 0.00010000000000000002
INFO:root:epoch 5, Episode 147, total_loss: 2.4014129638671875, q_loss 2.3463947772979736, v_loss 0.0550181083381176 ,lr 0.00010000000000000002
INFO:root:epoch 5, Episode 148, total_loss: 3.041266441345215, q_loss 3.041266441345215, v_loss 0.0 ,lr 0.00010000000000000002
INFO:root:epoch 5, Episode 149, total_loss: 5.95575475692749, q_loss 5.95575475692749, v_loss 0.0 ,lr 0.00010000000000000002
INFO:root:epoch 5, Episode 150, total_loss: 7.82038688659668, q_loss 7.82038688659668, v_loss 0.0 ,lr 0.00010000000000000002
INFO:root:epoch 5, Episode 151, total_loss: 13.983901977539062, q_loss 13.819384574890137, v_loss 0.16451726853847504 ,lr 0.00010000000000000002
INFO:root:epoch 5, Episode 152, total_loss: 18.107107162475586, q_loss 18.107107162475586, v_loss 0.0 ,lr 0.00010000000000000002
INFO:root:epoch 5, Episode 153, total_loss: 10.197752952575684, q_loss 10.197752952575684, v_loss 0.0 ,lr 0.00010000000000000002
INFO:root:epoch 5, Episode 154, total_loss: 0.33655881881713867, q_loss 0.2249804586172104, v_loss 0.11157836765050888 ,lr 0.00010000000000000002
INFO:root:epoch 5, Episode 155, total_loss: 17.196577072143555, q_loss 17.196577072143555, v_loss 0.0 ,lr 0.00010000000000000002
INFO:root:epoch 5, Episode 156, total_loss: 8.2916259765625, q_loss 8.2916259765625, v_loss 0.0 ,lr 0.00010000000000000002
INFO:root:epoch 5, Episode 157, total_loss: 14.226985931396484, q_loss 14.226985931396484, v_loss 0.0 ,lr 0.00010000000000000002
INFO:root:epoch 5, Episode 158, total_loss: 7.015265941619873, q_loss 7.015265941619873, v_loss 0.0 ,lr 0.00010000000000000002
INFO:root:epoch 5, Episode 159, total_loss: 8.315472602844238, q_loss 8.31205940246582, v_loss 0.0034132215660065413 ,lr 0.00010000000000000002
INFO:root:epoch 5, Episode 160, total_loss: 14.245389938354492, q_loss 14.245389938354492, v_loss 0.0 ,lr 0.00010000000000000002
INFO:root:epoch 5, Episode 161, total_loss: 0.34024059772491455, q_loss 0.34024059772491455, v_loss 0.0 ,lr 0.00010000000000000002
INFO:root:epoch 5, Episode 162, total_loss: 2.8783226013183594, q_loss 2.8329200744628906, v_loss 0.04540253058075905 ,lr 0.00010000000000000002
INFO:root:epoch 5, Episode 163, total_loss: 3.2420263290405273, q_loss 3.2125020027160645, v_loss 0.029524391517043114 ,lr 0.00010000000000000002
INFO:root:epoch 5, Episode 164, total_loss: 2.360365390777588, q_loss 2.360365390777588, v_loss 0.0 ,lr 0.00010000000000000002
INFO:root:epoch 5, Episode 165, total_loss: 4578.08642578125, q_loss 4578.08642578125, v_loss 0.0 ,lr 0.00010000000000000002
INFO:root:epoch 5, Episode 166, total_loss: 2.239563465118408, q_loss 2.1888389587402344, v_loss 0.05072442814707756 ,lr 0.00010000000000000002
INFO:root:epoch 5, Episode 167, total_loss: 19.17133903503418, q_loss 19.17133903503418, v_loss 0.0 ,lr 0.00010000000000000002
INFO:root:epoch 5, Episode 168, total_loss: 16.72719955444336, q_loss 16.72719955444336, v_loss 0.0 ,lr 0.00010000000000000002
INFO:root:epoch 5, Episode 169, total_loss: 4.650605201721191, q_loss 4.650605201721191, v_loss 0.0 ,lr 0.00010000000000000002
INFO:root:epoch 5, Episode 170, total_loss: 8.422181129455566, q_loss 8.39774227142334, v_loss 0.02443927340209484 ,lr 0.00010000000000000002
INFO:root:epoch 5, Episode 171, total_loss: 1.7128305435180664, q_loss 1.7128305435180664, v_loss 0.0 ,lr 0.00010000000000000002
INFO:root:epoch 5, Episode 172, total_loss: 8.66627311706543, q_loss 8.66627311706543, v_loss 0.0 ,lr 0.00010000000000000002
INFO:root:epoch 5, Episode 173, total_loss: 3.2102572917938232, q_loss 3.199036121368408, v_loss 0.011221173219382763 ,lr 0.00010000000000000002
INFO:root:epoch 5, Episode 174, total_loss: 13.202929496765137, q_loss 13.202929496765137, v_loss 0.0 ,lr 0.00010000000000000002
INFO:root:epoch 5, Episode 175, total_loss: 14.973189353942871, q_loss 14.973189353942871, v_loss 0.0 ,lr 0.00010000000000000002
INFO:root:epoch 5, Episode 176, total_loss: 6.894247055053711, q_loss 6.894247055053711, v_loss 0.0 ,lr 0.00010000000000000002
INFO:root:epoch 5, Episode 177, total_loss: 6.18209171295166, q_loss 6.178475856781006, v_loss 0.0036156761925667524 ,lr 0.00010000000000000002
INFO:root:epoch 5, Episode 178, total_loss: 10.016432762145996, q_loss 10.016432762145996, v_loss 0.0 ,lr 0.00010000000000000002
INFO:root:epoch 5, Episode 179, total_loss: 9.159319877624512, q_loss 9.1451997756958, v_loss 0.01411991287022829 ,lr 0.00010000000000000002
INFO:root:epoch 5, Episode 180, total_loss: 9.014670372009277, q_loss 8.997296333312988, v_loss 0.017374148592352867 ,lr 0.00010000000000000002
INFO:root:epoch 5, Episode 181, total_loss: 3.9550399780273438, q_loss 3.93157958984375, v_loss 0.023460276424884796 ,lr 0.00010000000000000002
INFO:root:epoch 5, Episode 182, total_loss: 4.547030448913574, q_loss 4.50165319442749, v_loss 0.04537716507911682 ,lr 0.00010000000000000002
INFO:root:epoch 6, Episode 0, total_loss: 3.102703332901001, q_loss 3.102703332901001, v_loss 0.0 ,lr 1.0000000000000003e-05
INFO:root:epoch 6, Episode 1, total_loss: 10.661863327026367, q_loss 10.661863327026367, v_loss 0.0 ,lr 1.0000000000000003e-05
INFO:root:epoch 6, Episode 2, total_loss: 12.594985008239746, q_loss 12.573877334594727, v_loss 0.021107997745275497 ,lr 1.0000000000000003e-05
INFO:root:val_loss 1.3050490617752075
INFO:root:epoch 6, Episode 3, total_loss: 12.918438911437988, q_loss 12.918438911437988, v_loss 0.0 ,lr 1.0000000000000003e-05
INFO:root:epoch 6, Episode 4, total_loss: 6.001115798950195, q_loss 6.001115798950195, v_loss 0.0 ,lr 1.0000000000000003e-05
INFO:root:epoch 6, Episode 5, total_loss: 10.384981155395508, q_loss 10.384981155395508, v_loss 0.0 ,lr 1.0000000000000003e-05
INFO:root:epoch 6, Episode 6, total_loss: 6.304388999938965, q_loss 6.304388999938965, v_loss 0.0 ,lr 1.0000000000000003e-05
INFO:root:epoch 6, Episode 7, total_loss: 14.129071235656738, q_loss 14.129071235656738, v_loss 0.0 ,lr 1.0000000000000003e-05
INFO:root:epoch 6, Episode 8, total_loss: 0.2498650997877121, q_loss 0.2498650997877121, v_loss 0.0 ,lr 1.0000000000000003e-05
INFO:root:epoch 6, Episode 9, total_loss: 2.3636858463287354, q_loss 2.3310277462005615, v_loss 0.03265813738107681 ,lr 1.0000000000000003e-05
INFO:root:epoch 6, Episode 10, total_loss: 3.964484214782715, q_loss 3.964390993118286, v_loss 9.320233948528767e-05 ,lr 1.0000000000000003e-05
INFO:root:epoch 6, Episode 11, total_loss: 7.186086654663086, q_loss 7.186086654663086, v_loss 0.0 ,lr 1.0000000000000003e-05
INFO:root:epoch 6, Episode 12, total_loss: 14.230430603027344, q_loss 14.188240051269531, v_loss 0.042190082371234894 ,lr 1.0000000000000003e-05
INFO:root:epoch 6, Episode 13, total_loss: 12.63375186920166, q_loss 12.63375186920166, v_loss 0.0 ,lr 1.0000000000000003e-05
INFO:root:epoch 6, Episode 14, total_loss: 13.922037124633789, q_loss 13.922037124633789, v_loss 0.0 ,lr 1.0000000000000003e-05
INFO:root:epoch 6, Episode 15, total_loss: 2.3561789989471436, q_loss 2.3561789989471436, v_loss 0.0 ,lr 1.0000000000000003e-05
INFO:root:epoch 6, Episode 16, total_loss: 7.949056625366211, q_loss 7.8625664710998535, v_loss 0.08649010211229324 ,lr 1.0000000000000003e-05
INFO:root:epoch 6, Episode 17, total_loss: 10.380206108093262, q_loss 10.380206108093262, v_loss 0.0 ,lr 1.0000000000000003e-05
INFO:root:epoch 6, Episode 18, total_loss: 16.19432258605957, q_loss 16.19432258605957, v_loss 0.0 ,lr 1.0000000000000003e-05
INFO:root:epoch 6, Episode 19, total_loss: 15.705268859863281, q_loss 15.705268859863281, v_loss 0.0 ,lr 1.0000000000000003e-05
INFO:root:epoch 6, Episode 20, total_loss: 13.421745300292969, q_loss 13.421745300292969, v_loss 0.0 ,lr 1.0000000000000003e-05
INFO:root:epoch 6, Episode 21, total_loss: 5.700920104980469, q_loss 5.7001848220825195, v_loss 0.0007350490777753294 ,lr 1.0000000000000003e-05
INFO:root:epoch 6, Episode 22, total_loss: 2.982074737548828, q_loss 2.9807651042938232, v_loss 0.0013097157934680581 ,lr 1.0000000000000003e-05
INFO:root:epoch 6, Episode 23, total_loss: 10.434929847717285, q_loss 10.434929847717285, v_loss 0.0 ,lr 1.0000000000000003e-05
INFO:root:epoch 6, Episode 24, total_loss: 1.0334731340408325, q_loss 1.0016382932662964, v_loss 0.03183487057685852 ,lr 1.0000000000000003e-05
INFO:root:epoch 6, Episode 25, total_loss: 3.534090280532837, q_loss 3.534090280532837, v_loss 0.0 ,lr 1.0000000000000003e-05
INFO:root:epoch 6, Episode 26, total_loss: 0.06373964995145798, q_loss 0.06373964995145798, v_loss 0.0 ,lr 1.0000000000000003e-05
INFO:root:epoch 6, Episode 27, total_loss: 3.3613932132720947, q_loss 3.251265287399292, v_loss 0.11012803018093109 ,lr 1.0000000000000003e-05
INFO:root:epoch 6, Episode 28, total_loss: 13.264092445373535, q_loss 13.22639274597168, v_loss 0.03769983351230621 ,lr 1.0000000000000003e-05
INFO:root:epoch 6, Episode 29, total_loss: 16.580062866210938, q_loss 16.580062866210938, v_loss 0.0 ,lr 1.0000000000000003e-05
INFO:root:epoch 6, Episode 30, total_loss: 13.778297424316406, q_loss 13.778297424316406, v_loss 0.0 ,lr 1.0000000000000003e-05
INFO:root:epoch 6, Episode 31, total_loss: 3.0473344326019287, q_loss 3.0473344326019287, v_loss 0.0 ,lr 1.0000000000000003e-05
INFO:root:epoch 6, Episode 32, total_loss: 7.206089973449707, q_loss 7.203623294830322, v_loss 0.0024668609257787466 ,lr 1.0000000000000003e-05
INFO:root:epoch 6, Episode 33, total_loss: 17.02066993713379, q_loss 17.02066993713379, v_loss 0.0 ,lr 1.0000000000000003e-05
INFO:root:epoch 6, Episode 34, total_loss: 0.3922185003757477, q_loss 0.3922185003757477, v_loss 0.0 ,lr 1.0000000000000003e-05
INFO:root:epoch 6, Episode 35, total_loss: 6.254417419433594, q_loss 6.254417419433594, v_loss 0.0 ,lr 1.0000000000000003e-05
INFO:root:epoch 6, Episode 36, total_loss: 3.733888864517212, q_loss 3.599984645843506, v_loss 0.13390418887138367 ,lr 1.0000000000000003e-05
INFO:root:epoch 6, Episode 37, total_loss: 12.62690544128418, q_loss 12.62690544128418, v_loss 0.0 ,lr 1.0000000000000003e-05
INFO:root:epoch 6, Episode 38, total_loss: 7.540358066558838, q_loss 7.513266563415527, v_loss 0.027091726660728455 ,lr 1.0000000000000003e-05
INFO:root:epoch 6, Episode 39, total_loss: 1.6005139350891113, q_loss 1.6005139350891113, v_loss 0.0 ,lr 1.0000000000000003e-05
INFO:root:epoch 6, Episode 40, total_loss: 16.63182258605957, q_loss 16.63182258605957, v_loss 0.0 ,lr 1.0000000000000003e-05
INFO:root:epoch 6, Episode 41, total_loss: 5.213590145111084, q_loss 5.213590145111084, v_loss 0.0 ,lr 1.0000000000000003e-05
INFO:root:epoch 6, Episode 42, total_loss: 14.344655990600586, q_loss 14.344655990600586, v_loss 0.0 ,lr 1.0000000000000003e-05
INFO:root:epoch 6, Episode 43, total_loss: 9.541186332702637, q_loss 9.541186332702637, v_loss 0.0 ,lr 1.0000000000000003e-05
INFO:root:epoch 6, Episode 44, total_loss: 15.28408432006836, q_loss 15.28408432006836, v_loss 0.0 ,lr 1.0000000000000003e-05
INFO:root:epoch 6, Episode 45, total_loss: 2.0914969444274902, q_loss 2.0914969444274902, v_loss 0.0 ,lr 1.0000000000000003e-05
INFO:root:epoch 6, Episode 46, total_loss: 3.432530164718628, q_loss 3.432530164718628, v_loss 0.0 ,lr 1.0000000000000003e-05
INFO:root:epoch 6, Episode 47, total_loss: 6.516281604766846, q_loss 6.516281604766846, v_loss 0.0 ,lr 1.0000000000000003e-05
INFO:root:epoch 6, Episode 48, total_loss: 12.418987274169922, q_loss 12.418987274169922, v_loss 0.0 ,lr 1.0000000000000003e-05
INFO:root:epoch 6, Episode 49, total_loss: 2945.724365234375, q_loss 2945.724365234375, v_loss 0.0 ,lr 1.0000000000000003e-05
INFO:root:epoch 6, Episode 50, total_loss: 0.0025487032253295183, q_loss 0.0025487032253295183, v_loss 0.0 ,lr 1.0000000000000003e-05
INFO:root:epoch 6, Episode 51, total_loss: 1.4770288467407227, q_loss 1.4760541915893555, v_loss 0.0009746479336172342 ,lr 1.0000000000000003e-05
INFO:root:epoch 6, Episode 52, total_loss: 3.294971227645874, q_loss 3.22623872756958, v_loss 0.06873245537281036 ,lr 1.0000000000000003e-05
INFO:root:epoch 6, Episode 53, total_loss: 2.0351736545562744, q_loss 2.0351736545562744, v_loss 0.0 ,lr 1.0000000000000003e-05
INFO:root:epoch 6, Episode 54, total_loss: 2.6071383953094482, q_loss 2.6071383953094482, v_loss 0.0 ,lr 1.0000000000000003e-05
INFO:root:epoch 6, Episode 55, total_loss: 0.6027200818061829, q_loss 0.6027200818061829, v_loss 0.0 ,lr 1.0000000000000003e-05
INFO:root:epoch 6, Episode 56, total_loss: 3.7324464321136475, q_loss 3.6994359493255615, v_loss 0.033010583370923996 ,lr 1.0000000000000003e-05
INFO:root:epoch 6, Episode 57, total_loss: 13.624691009521484, q_loss 13.624691009521484, v_loss 0.0 ,lr 1.0000000000000003e-05
INFO:root:epoch 6, Episode 58, total_loss: 9.61375904083252, q_loss 9.562570571899414, v_loss 0.0511883907020092 ,lr 1.0000000000000003e-05
INFO:root:epoch 6, Episode 59, total_loss: 5.852056980133057, q_loss 5.852056980133057, v_loss 0.0 ,lr 1.0000000000000003e-05
INFO:root:epoch 6, Episode 60, total_loss: 8.381330490112305, q_loss 8.381330490112305, v_loss 0.0 ,lr 1.0000000000000003e-05
INFO:root:epoch 6, Episode 61, total_loss: 3.6432652473449707, q_loss 3.5389037132263184, v_loss 0.1043616458773613 ,lr 1.0000000000000003e-05
INFO:root:epoch 6, Episode 62, total_loss: 14.500676155090332, q_loss 14.500676155090332, v_loss 0.0 ,lr 1.0000000000000003e-05
INFO:root:epoch 6, Episode 63, total_loss: 7.736361026763916, q_loss 7.701122760772705, v_loss 0.035238176584243774 ,lr 1.0000000000000003e-05
INFO:root:epoch 6, Episode 64, total_loss: 13.989433288574219, q_loss 13.949600219726562, v_loss 0.03983284905552864 ,lr 1.0000000000000003e-05
INFO:root:epoch 6, Episode 65, total_loss: 3.057523250579834, q_loss 3.057523250579834, v_loss 0.0 ,lr 1.0000000000000003e-05
INFO:root:epoch 6, Episode 66, total_loss: 0.5042838454246521, q_loss 0.4417473077774048, v_loss 0.06253652274608612 ,lr 1.0000000000000003e-05
INFO:root:epoch 6, Episode 67, total_loss: 6.130376815795898, q_loss 6.063779354095459, v_loss 0.06659767031669617 ,lr 1.0000000000000003e-05
INFO:root:epoch 6, Episode 68, total_loss: 10.962467193603516, q_loss 10.962467193603516, v_loss 0.0 ,lr 1.0000000000000003e-05
INFO:root:epoch 6, Episode 69, total_loss: 16.896087646484375, q_loss 16.896087646484375, v_loss 0.0 ,lr 1.0000000000000003e-05
INFO:root:epoch 6, Episode 70, total_loss: 7.236325263977051, q_loss 7.236325263977051, v_loss 0.0 ,lr 1.0000000000000003e-05
INFO:root:epoch 6, Episode 71, total_loss: 1.2284115552902222, q_loss 1.2284115552902222, v_loss 0.0 ,lr 1.0000000000000003e-05
INFO:root:epoch 6, Episode 72, total_loss: 10.371081352233887, q_loss 10.371081352233887, v_loss 0.0 ,lr 1.0000000000000003e-05
INFO:root:epoch 6, Episode 73, total_loss: 0.2867746651172638, q_loss 0.11419663578271866, v_loss 0.17257803678512573 ,lr 1.0000000000000003e-05
INFO:root:epoch 6, Episode 74, total_loss: 4.424594879150391, q_loss 4.424594879150391, v_loss 0.0 ,lr 1.0000000000000003e-05
INFO:root:epoch 6, Episode 75, total_loss: 17.137056350708008, q_loss 17.137056350708008, v_loss 0.0 ,lr 1.0000000000000003e-05
INFO:root:epoch 6, Episode 76, total_loss: 5.129276275634766, q_loss 5.129276275634766, v_loss 0.0 ,lr 1.0000000000000003e-05
INFO:root:epoch 6, Episode 77, total_loss: 4.835018634796143, q_loss 4.835018634796143, v_loss 0.0 ,lr 1.0000000000000003e-05
INFO:root:epoch 6, Episode 78, total_loss: 8.193946838378906, q_loss 8.082047462463379, v_loss 0.1118994951248169 ,lr 1.0000000000000003e-05
INFO:root:epoch 6, Episode 79, total_loss: 14.551959991455078, q_loss 14.551959991455078, v_loss 0.0 ,lr 1.0000000000000003e-05
INFO:root:epoch 6, Episode 80, total_loss: 13.165793418884277, q_loss 13.165793418884277, v_loss 0.0 ,lr 1.0000000000000003e-05
INFO:root:epoch 6, Episode 81, total_loss: 10.850863456726074, q_loss 10.850863456726074, v_loss 0.0 ,lr 1.0000000000000003e-05
INFO:root:epoch 6, Episode 82, total_loss: 1.5389082431793213, q_loss 1.5389082431793213, v_loss 0.0 ,lr 1.0000000000000003e-05
INFO:root:epoch 6, Episode 83, total_loss: 1.3185750246047974, q_loss 1.3074049949645996, v_loss 0.011169989593327045 ,lr 1.0000000000000003e-05
INFO:root:epoch 6, Episode 84, total_loss: 4.379673957824707, q_loss 4.3796305656433105, v_loss 4.3249317968729883e-05 ,lr 1.0000000000000003e-05
INFO:root:epoch 6, Episode 85, total_loss: 2.184431552886963, q_loss 2.179659843444824, v_loss 0.004771769046783447 ,lr 1.0000000000000003e-05
INFO:root:epoch 6, Episode 86, total_loss: 9.890195846557617, q_loss 9.890195846557617, v_loss 0.0 ,lr 1.0000000000000003e-05
INFO:root:epoch 6, Episode 87, total_loss: 10.549199104309082, q_loss 10.549199104309082, v_loss 0.0 ,lr 1.0000000000000003e-05
INFO:root:epoch 6, Episode 88, total_loss: 14.823748588562012, q_loss 14.823748588562012, v_loss 0.0 ,lr 1.0000000000000003e-05
INFO:root:epoch 6, Episode 89, total_loss: 18.4257869720459, q_loss 18.4257869720459, v_loss 0.0 ,lr 1.0000000000000003e-05
INFO:root:epoch 6, Episode 90, total_loss: 4.992087364196777, q_loss 4.922073841094971, v_loss 0.07001356780529022 ,lr 1.0000000000000003e-05
INFO:root:epoch 6, Episode 91, total_loss: 16.946922302246094, q_loss 16.946922302246094, v_loss 0.0 ,lr 1.0000000000000003e-05
INFO:root:epoch 6, Episode 92, total_loss: 8.726284980773926, q_loss 8.59335994720459, v_loss 0.13292481005191803 ,lr 1.0000000000000003e-05
INFO:root:epoch 6, Episode 93, total_loss: 15.821619987487793, q_loss 15.821619987487793, v_loss 0.0 ,lr 1.0000000000000003e-05
INFO:root:epoch 6, Episode 94, total_loss: 1.902606725692749, q_loss 1.8465793132781982, v_loss 0.056027449667453766 ,lr 1.0000000000000003e-05
INFO:root:epoch 6, Episode 95, total_loss: 9.413025856018066, q_loss 9.371105194091797, v_loss 0.04192075878381729 ,lr 1.0000000000000003e-05
INFO:root:epoch 6, Episode 96, total_loss: 12.400074005126953, q_loss 12.400074005126953, v_loss 0.0 ,lr 1.0000000000000003e-05
INFO:root:epoch 6, Episode 97, total_loss: 6.911565780639648, q_loss 6.80342435836792, v_loss 0.10814131051301956 ,lr 1.0000000000000003e-05
INFO:root:epoch 6, Episode 98, total_loss: 17.058359146118164, q_loss 17.058359146118164, v_loss 0.0 ,lr 1.0000000000000003e-05
INFO:root:epoch 6, Episode 99, total_loss: 14.56120491027832, q_loss 14.531496047973633, v_loss 0.02970839850604534 ,lr 1.0000000000000003e-05
INFO:root:epoch 6, Episode 100, total_loss: 1.099565029144287, q_loss 1.0635757446289062, v_loss 0.03598930686712265 ,lr 1.0000000000000003e-05
INFO:root:epoch 6, Episode 101, total_loss: 9.330987930297852, q_loss 9.178638458251953, v_loss 0.15234969556331635 ,lr 1.0000000000000003e-05
INFO:root:epoch 6, Episode 102, total_loss: 16.868261337280273, q_loss 16.868261337280273, v_loss 0.0 ,lr 1.0000000000000003e-05
INFO:root:val_loss 1.2908649444580078
INFO:root:epoch 6, Episode 103, total_loss: 11.714544296264648, q_loss 11.714544296264648, v_loss 0.0 ,lr 1.0000000000000003e-05
INFO:root:epoch 6, Episode 104, total_loss: 5.387885175878182e-05, q_loss 5.387885175878182e-05, v_loss 0.0 ,lr 1.0000000000000003e-05
INFO:root:epoch 6, Episode 105, total_loss: 13.35866641998291, q_loss 13.354589462280273, v_loss 0.004076582845300436 ,lr 1.0000000000000003e-05
INFO:root:epoch 6, Episode 106, total_loss: 8.914015769958496, q_loss 8.914015769958496, v_loss 0.0 ,lr 1.0000000000000003e-05
INFO:root:epoch 6, Episode 107, total_loss: 11.205571174621582, q_loss 11.205571174621582, v_loss 0.0 ,lr 1.0000000000000003e-05
INFO:root:epoch 6, Episode 108, total_loss: 7.197476387023926, q_loss 7.197476387023926, v_loss 0.0 ,lr 1.0000000000000003e-05
INFO:root:epoch 6, Episode 109, total_loss: 1.3010032176971436, q_loss 1.2687902450561523, v_loss 0.032212983816862106 ,lr 1.0000000000000003e-05
INFO:root:epoch 6, Episode 110, total_loss: 9.894527435302734, q_loss 9.808834075927734, v_loss 0.0856936126947403 ,lr 1.0000000000000003e-05
INFO:root:epoch 6, Episode 111, total_loss: 8.628905296325684, q_loss 8.628905296325684, v_loss 0.0 ,lr 1.0000000000000003e-05
INFO:root:epoch 6, Episode 112, total_loss: 9.553726196289062, q_loss 9.543737411499023, v_loss 0.009988810867071152 ,lr 1.0000000000000003e-05
INFO:root:epoch 6, Episode 113, total_loss: 15.934307098388672, q_loss 15.934307098388672, v_loss 0.0 ,lr 1.0000000000000003e-05
INFO:root:epoch 6, Episode 114, total_loss: 10.722171783447266, q_loss 10.722171783447266, v_loss 0.0 ,lr 1.0000000000000003e-05
INFO:root:epoch 6, Episode 115, total_loss: 0.7746415138244629, q_loss 0.7746415138244629, v_loss 0.0 ,lr 1.0000000000000003e-05
INFO:root:epoch 6, Episode 116, total_loss: 7.896708965301514, q_loss 7.871148586273193, v_loss 0.025560202077031136 ,lr 1.0000000000000003e-05
INFO:root:epoch 6, Episode 117, total_loss: 0.23048493266105652, q_loss 0.23048493266105652, v_loss 0.0 ,lr 1.0000000000000003e-05
INFO:root:epoch 6, Episode 118, total_loss: 15.262697219848633, q_loss 15.204235076904297, v_loss 0.05846251919865608 ,lr 1.0000000000000003e-05
INFO:root:epoch 6, Episode 119, total_loss: 14.06149959564209, q_loss 14.06149959564209, v_loss 0.0 ,lr 1.0000000000000003e-05
INFO:root:epoch 6, Episode 120, total_loss: 8.122354507446289, q_loss 8.122354507446289, v_loss 0.0 ,lr 1.0000000000000003e-05
INFO:root:epoch 6, Episode 121, total_loss: 6.665543079376221, q_loss 6.591304779052734, v_loss 0.07423808425664902 ,lr 1.0000000000000003e-05
INFO:root:epoch 6, Episode 122, total_loss: 4.7876996994018555, q_loss 4.755728244781494, v_loss 0.03197123482823372 ,lr 1.0000000000000003e-05
INFO:root:epoch 6, Episode 123, total_loss: 4.0532355308532715, q_loss 4.0532355308532715, v_loss 0.0 ,lr 1.0000000000000003e-05
INFO:root:epoch 6, Episode 124, total_loss: 6.2506794929504395, q_loss 6.2506794929504395, v_loss 0.0 ,lr 1.0000000000000003e-05
INFO:root:epoch 6, Episode 125, total_loss: 13.66266918182373, q_loss 13.66266918182373, v_loss 0.0 ,lr 1.0000000000000003e-05
INFO:root:epoch 6, Episode 126, total_loss: 7.870197772979736, q_loss 7.870197772979736, v_loss 0.0 ,lr 1.0000000000000003e-05
INFO:root:epoch 6, Episode 127, total_loss: 1.756768822669983, q_loss 1.7495551109313965, v_loss 0.007213730365037918 ,lr 1.0000000000000003e-05
INFO:root:epoch 6, Episode 128, total_loss: 13.629790306091309, q_loss 13.629790306091309, v_loss 0.0 ,lr 1.0000000000000003e-05
INFO:root:epoch 6, Episode 129, total_loss: 0.002805839292705059, q_loss 0.002805839292705059, v_loss 0.0 ,lr 1.0000000000000003e-05
INFO:root:epoch 6, Episode 130, total_loss: 9.236318588256836, q_loss 9.011008262634277, v_loss 0.22531047463417053 ,lr 1.0000000000000003e-05
INFO:root:epoch 6, Episode 131, total_loss: 2.348066806793213, q_loss 2.3397445678710938, v_loss 0.00832214206457138 ,lr 1.0000000000000003e-05
INFO:root:epoch 6, Episode 132, total_loss: 11.497223854064941, q_loss 11.497223854064941, v_loss 0.0 ,lr 1.0000000000000003e-05
INFO:root:epoch 6, Episode 133, total_loss: 8.433965682983398, q_loss 8.433965682983398, v_loss 0.0 ,lr 1.0000000000000003e-05
INFO:root:epoch 6, Episode 134, total_loss: 9.741002082824707, q_loss 9.70250415802002, v_loss 0.03849835693836212 ,lr 1.0000000000000003e-05
INFO:root:epoch 6, Episode 135, total_loss: 10497.8837890625, q_loss 10497.8837890625, v_loss 0.0 ,lr 1.0000000000000003e-05
INFO:root:epoch 6, Episode 136, total_loss: 13.972064971923828, q_loss 13.972064971923828, v_loss 0.0 ,lr 1.0000000000000003e-05
INFO:root:epoch 6, Episode 137, total_loss: 3.183668851852417, q_loss 3.1322197914123535, v_loss 0.05144895240664482 ,lr 1.0000000000000003e-05
INFO:root:epoch 6, Episode 138, total_loss: 10.004151344299316, q_loss 10.004151344299316, v_loss 0.0 ,lr 1.0000000000000003e-05
INFO:root:epoch 6, Episode 139, total_loss: 8.081332206726074, q_loss 8.031058311462402, v_loss 0.05027427524328232 ,lr 1.0000000000000003e-05
INFO:root:epoch 6, Episode 140, total_loss: 19.00206756591797, q_loss 19.00206756591797, v_loss 0.0 ,lr 1.0000000000000003e-05
INFO:root:epoch 6, Episode 141, total_loss: 1.9990699291229248, q_loss 1.9973206520080566, v_loss 0.0017492749029770494 ,lr 1.0000000000000003e-05
INFO:root:epoch 6, Episode 142, total_loss: 0.5899664759635925, q_loss 0.5451083779335022, v_loss 0.04485807567834854 ,lr 1.0000000000000003e-05
INFO:root:epoch 6, Episode 143, total_loss: 3.5337986946105957, q_loss 3.5337986946105957, v_loss 0.0 ,lr 1.0000000000000003e-05
INFO:root:epoch 6, Episode 144, total_loss: 9.45511245727539, q_loss 9.45511245727539, v_loss 0.0 ,lr 1.0000000000000003e-05
INFO:root:epoch 6, Episode 145, total_loss: 1.7275934219360352, q_loss 1.7275934219360352, v_loss 0.0 ,lr 1.0000000000000003e-05
INFO:root:epoch 6, Episode 146, total_loss: 11.143406867980957, q_loss 11.143406867980957, v_loss 0.0 ,lr 1.0000000000000003e-05
INFO:root:epoch 6, Episode 147, total_loss: 2.3863039016723633, q_loss 2.3382785320281982, v_loss 0.04802530258893967 ,lr 1.0000000000000003e-05
INFO:root:epoch 6, Episode 148, total_loss: 3.0378170013427734, q_loss 3.0378170013427734, v_loss 0.0 ,lr 1.0000000000000003e-05
INFO:root:epoch 6, Episode 149, total_loss: 5.950015544891357, q_loss 5.950015544891357, v_loss 0.0 ,lr 1.0000000000000003e-05
INFO:root:epoch 6, Episode 150, total_loss: 7.823491096496582, q_loss 7.823491096496582, v_loss 0.0 ,lr 1.0000000000000003e-05
INFO:root:epoch 6, Episode 151, total_loss: 13.986981391906738, q_loss 13.8221435546875, v_loss 0.16483797132968903 ,lr 1.0000000000000003e-05
INFO:root:epoch 6, Episode 152, total_loss: 18.11199951171875, q_loss 18.11199951171875, v_loss 0.0 ,lr 1.0000000000000003e-05
INFO:root:epoch 6, Episode 153, total_loss: 10.201045036315918, q_loss 10.201045036315918, v_loss 0.0 ,lr 1.0000000000000003e-05
INFO:root:epoch 6, Episode 154, total_loss: 0.3355090320110321, q_loss 0.22451098263263702, v_loss 0.11099804937839508 ,lr 1.0000000000000003e-05
INFO:root:epoch 6, Episode 155, total_loss: 17.20058250427246, q_loss 17.20058250427246, v_loss 0.0 ,lr 1.0000000000000003e-05
INFO:root:epoch 6, Episode 156, total_loss: 8.29373836517334, q_loss 8.29373836517334, v_loss 0.0 ,lr 1.0000000000000003e-05
INFO:root:epoch 6, Episode 157, total_loss: 14.230138778686523, q_loss 14.230138778686523, v_loss 0.0 ,lr 1.0000000000000003e-05
INFO:root:epoch 6, Episode 158, total_loss: 7.0172343254089355, q_loss 7.0172343254089355, v_loss 0.0 ,lr 1.0000000000000003e-05
INFO:root:epoch 6, Episode 159, total_loss: 8.298398971557617, q_loss 8.294365882873535, v_loss 0.004033383913338184 ,lr 1.0000000000000003e-05
INFO:root:epoch 6, Episode 160, total_loss: 14.248313903808594, q_loss 14.248313903808594, v_loss 0.0 ,lr 1.0000000000000003e-05
INFO:root:epoch 6, Episode 161, total_loss: 0.3400193154811859, q_loss 0.3400193154811859, v_loss 0.0 ,lr 1.0000000000000003e-05
INFO:root:epoch 6, Episode 162, total_loss: 2.876677989959717, q_loss 2.8296496868133545, v_loss 0.047028183937072754 ,lr 1.0000000000000003e-05
INFO:root:epoch 6, Episode 163, total_loss: 3.2407515048980713, q_loss 3.2112200260162354, v_loss 0.029531382024288177 ,lr 1.0000000000000003e-05
INFO:root:epoch 6, Episode 164, total_loss: 2.359051465988159, q_loss 2.359051465988159, v_loss 0.0 ,lr 1.0000000000000003e-05
INFO:root:epoch 6, Episode 165, total_loss: 4578.03857421875, q_loss 4578.03857421875, v_loss 0.0 ,lr 1.0000000000000003e-05
INFO:root:epoch 6, Episode 166, total_loss: 2.2387781143188477, q_loss 2.188201427459717, v_loss 0.05057663470506668 ,lr 1.0000000000000003e-05
INFO:root:epoch 6, Episode 167, total_loss: 19.174840927124023, q_loss 19.174840927124023, v_loss 0.0 ,lr 1.0000000000000003e-05
INFO:root:epoch 6, Episode 168, total_loss: 16.72951889038086, q_loss 16.72951889038086, v_loss 0.0 ,lr 1.0000000000000003e-05
INFO:root:epoch 6, Episode 169, total_loss: 4.650415897369385, q_loss 4.650415897369385, v_loss 0.0 ,lr 1.0000000000000003e-05
INFO:root:epoch 6, Episode 170, total_loss: 8.422266960144043, q_loss 8.397897720336914, v_loss 0.024368833750486374 ,lr 1.0000000000000003e-05
INFO:root:epoch 6, Episode 171, total_loss: 1.7127097845077515, q_loss 1.7127097845077515, v_loss 0.0 ,lr 1.0000000000000003e-05
INFO:root:epoch 6, Episode 172, total_loss: 8.666389465332031, q_loss 8.666389465332031, v_loss 0.0 ,lr 1.0000000000000003e-05
INFO:root:epoch 6, Episode 173, total_loss: 3.2096829414367676, q_loss 3.198517322540283, v_loss 0.011165735311806202 ,lr 1.0000000000000003e-05
INFO:root:epoch 6, Episode 174, total_loss: 13.203043937683105, q_loss 13.203043937683105, v_loss 0.0 ,lr 1.0000000000000003e-05
INFO:root:epoch 6, Episode 175, total_loss: 14.973172187805176, q_loss 14.973172187805176, v_loss 0.0 ,lr 1.0000000000000003e-05
INFO:root:epoch 6, Episode 176, total_loss: 6.894199371337891, q_loss 6.894199371337891, v_loss 0.0 ,lr 1.0000000000000003e-05
INFO:root:epoch 6, Episode 177, total_loss: 6.18218469619751, q_loss 6.178597927093506, v_loss 0.0035865691024810076 ,lr 1.0000000000000003e-05
INFO:root:epoch 6, Episode 178, total_loss: 10.016363143920898, q_loss 10.016363143920898, v_loss 0.0 ,lr 1.0000000000000003e-05
INFO:root:epoch 6, Episode 179, total_loss: 9.15921401977539, q_loss 9.145115852355957, v_loss 0.014098145999014378 ,lr 1.0000000000000003e-05
INFO:root:epoch 6, Episode 180, total_loss: 9.015809059143066, q_loss 8.998498916625977, v_loss 0.01731008291244507 ,lr 1.0000000000000003e-05
INFO:root:epoch 6, Episode 181, total_loss: 3.9547369480133057, q_loss 3.931328535079956, v_loss 0.023408515378832817 ,lr 1.0000000000000003e-05
INFO:root:epoch 6, Episode 182, total_loss: 4.54428243637085, q_loss 4.500143051147461, v_loss 0.04413960501551628 ,lr 1.0000000000000003e-05
INFO:root:epoch 7, Episode 0, total_loss: 3.1026949882507324, q_loss 3.1026949882507324, v_loss 0.0 ,lr 1.0000000000000003e-05
INFO:root:epoch 7, Episode 1, total_loss: 10.661726951599121, q_loss 10.661726951599121, v_loss 0.0 ,lr 1.0000000000000003e-05
INFO:root:epoch 7, Episode 2, total_loss: 12.594718933105469, q_loss 12.573637008666992, v_loss 0.021081533282995224 ,lr 1.0000000000000003e-05
INFO:root:epoch 7, Episode 3, total_loss: 12.918230056762695, q_loss 12.918230056762695, v_loss 0.0 ,lr 1.0000000000000003e-05
INFO:root:epoch 7, Episode 4, total_loss: 6.001391410827637, q_loss 6.001391410827637, v_loss 0.0 ,lr 1.0000000000000003e-05
INFO:root:epoch 7, Episode 5, total_loss: 10.384832382202148, q_loss 10.384832382202148, v_loss 0.0 ,lr 1.0000000000000003e-05
INFO:root:epoch 7, Episode 6, total_loss: 6.3043365478515625, q_loss 6.3043365478515625, v_loss 0.0 ,lr 1.0000000000000003e-05
INFO:root:epoch 7, Episode 7, total_loss: 14.128763198852539, q_loss 14.128763198852539, v_loss 0.0 ,lr 1.0000000000000003e-05
INFO:root:epoch 7, Episode 8, total_loss: 0.24987797439098358, q_loss 0.24987797439098358, v_loss 0.0 ,lr 1.0000000000000003e-05
INFO:root:epoch 7, Episode 9, total_loss: 2.3637125492095947, q_loss 2.3310976028442383, v_loss 0.03261500969529152 ,lr 1.0000000000000003e-05
INFO:root:epoch 7, Episode 10, total_loss: 3.960491418838501, q_loss 3.9603283405303955, v_loss 0.00016315499669872224 ,lr 1.0000000000000003e-05
INFO:root:epoch 7, Episode 11, total_loss: 7.186002254486084, q_loss 7.186002254486084, v_loss 0.0 ,lr 1.0000000000000003e-05
INFO:root:epoch 7, Episode 12, total_loss: 14.23001766204834, q_loss 14.187859535217285, v_loss 0.04215859994292259 ,lr 1.0000000000000003e-05
INFO:root:epoch 7, Episode 13, total_loss: 12.633450508117676, q_loss 12.633450508117676, v_loss 0.0 ,lr 1.0000000000000003e-05
INFO:root:epoch 7, Episode 14, total_loss: 13.92172908782959, q_loss 13.92172908782959, v_loss 0.0 ,lr 1.0000000000000003e-05
INFO:root:epoch 7, Episode 15, total_loss: 2.3560667037963867, q_loss 2.3560667037963867, v_loss 0.0 ,lr 1.0000000000000003e-05
INFO:root:epoch 7, Episode 16, total_loss: 7.948657512664795, q_loss 7.862290382385254, v_loss 0.08636713773012161 ,lr 1.0000000000000003e-05
INFO:root:epoch 7, Episode 17, total_loss: 10.379969596862793, q_loss 10.379969596862793, v_loss 0.0 ,lr 1.0000000000000003e-05
INFO:root:epoch 7, Episode 18, total_loss: 16.194026947021484, q_loss 16.194026947021484, v_loss 0.0 ,lr 1.0000000000000003e-05
INFO:root:epoch 7, Episode 19, total_loss: 15.704957962036133, q_loss 15.704957962036133, v_loss 0.0 ,lr 1.0000000000000003e-05
INFO:root:val_loss 1.2970325946807861
INFO:root:epoch 7, Episode 20, total_loss: 13.421480178833008, q_loss 13.421480178833008, v_loss 0.0 ,lr 1.0000000000000003e-05
INFO:root:epoch 7, Episode 21, total_loss: 5.69727087020874, q_loss 5.696707248687744, v_loss 0.0005635121488012373 ,lr 1.0000000000000003e-05
INFO:root:epoch 7, Episode 22, total_loss: 2.981377124786377, q_loss 2.9805169105529785, v_loss 0.0008602642337791622 ,lr 1.0000000000000003e-05
INFO:root:epoch 7, Episode 23, total_loss: 10.434720993041992, q_loss 10.434720993041992, v_loss 0.0 ,lr 1.0000000000000003e-05
INFO:root:epoch 7, Episode 24, total_loss: 1.0270390510559082, q_loss 0.9970504641532898, v_loss 0.029988637194037437 ,lr 1.0000000000000003e-05
INFO:root:epoch 7, Episode 25, total_loss: 3.5339903831481934, q_loss 3.5339903831481934, v_loss 0.0 ,lr 1.0000000000000003e-05
INFO:root:epoch 7, Episode 26, total_loss: 0.06374349445104599, q_loss 0.06374349445104599, v_loss 0.0 ,lr 1.0000000000000003e-05
INFO:root:epoch 7, Episode 27, total_loss: 3.36108136177063, q_loss 3.2510669231414795, v_loss 0.11001452803611755 ,lr 1.0000000000000003e-05
INFO:root:epoch 7, Episode 28, total_loss: 13.258102416992188, q_loss 13.219498634338379, v_loss 0.0386040061712265 ,lr 1.0000000000000003e-05
INFO:root:epoch 7, Episode 29, total_loss: 16.579710006713867, q_loss 16.579710006713867, v_loss 0.0 ,lr 1.0000000000000003e-05
INFO:root:epoch 7, Episode 30, total_loss: 13.777939796447754, q_loss 13.777939796447754, v_loss 0.0 ,lr 1.0000000000000003e-05
INFO:root:epoch 7, Episode 31, total_loss: 3.047325611114502, q_loss 3.047325611114502, v_loss 0.0 ,lr 1.0000000000000003e-05
INFO:root:epoch 7, Episode 32, total_loss: 7.20578145980835, q_loss 7.203322887420654, v_loss 0.0024587027728557587 ,lr 1.0000000000000003e-05
INFO:root:epoch 7, Episode 33, total_loss: 17.020259857177734, q_loss 17.020259857177734, v_loss 0.0 ,lr 1.0000000000000003e-05
INFO:root:epoch 7, Episode 34, total_loss: 0.3921659588813782, q_loss 0.3921659588813782, v_loss 0.0 ,lr 1.0000000000000003e-05
INFO:root:epoch 7, Episode 35, total_loss: 6.254724979400635, q_loss 6.254724979400635, v_loss 0.0 ,lr 1.0000000000000003e-05
INFO:root:epoch 7, Episode 36, total_loss: 3.7318713665008545, q_loss 3.598146438598633, v_loss 0.13372491300106049 ,lr 1.0000000000000003e-05
INFO:root:epoch 7, Episode 37, total_loss: 12.62661075592041, q_loss 12.62661075592041, v_loss 0.0 ,lr 1.0000000000000003e-05
INFO:root:epoch 7, Episode 38, total_loss: 7.540449142456055, q_loss 7.513386249542236, v_loss 0.02706276625394821 ,lr 1.0000000000000003e-05
INFO:root:epoch 7, Episode 39, total_loss: 1.6006367206573486, q_loss 1.6006367206573486, v_loss 0.0 ,lr 1.0000000000000003e-05
INFO:root:epoch 7, Episode 40, total_loss: 16.63145637512207, q_loss 16.63145637512207, v_loss 0.0 ,lr 1.0000000000000003e-05
INFO:root:epoch 7, Episode 41, total_loss: 5.213642597198486, q_loss 5.213642597198486, v_loss 0.0 ,lr 1.0000000000000003e-05
INFO:root:epoch 7, Episode 42, total_loss: 14.344426155090332, q_loss 14.344426155090332, v_loss 0.0 ,lr 1.0000000000000003e-05
INFO:root:epoch 7, Episode 43, total_loss: 9.541102409362793, q_loss 9.541102409362793, v_loss 0.0 ,lr 1.0000000000000003e-05
INFO:root:epoch 7, Episode 44, total_loss: 15.28380012512207, q_loss 15.28380012512207, v_loss 0.0 ,lr 1.0000000000000003e-05
INFO:root:epoch 7, Episode 45, total_loss: 2.0916244983673096, q_loss 2.0916244983673096, v_loss 0.0 ,lr 1.0000000000000003e-05
INFO:root:epoch 7, Episode 46, total_loss: 3.4325733184814453, q_loss 3.4325733184814453, v_loss 0.0 ,lr 1.0000000000000003e-05
INFO:root:epoch 7, Episode 47, total_loss: 6.516224384307861, q_loss 6.516224384307861, v_loss 0.0 ,lr 1.0000000000000003e-05
INFO:root:epoch 7, Episode 48, total_loss: 12.418694496154785, q_loss 12.418694496154785, v_loss 0.0 ,lr 1.0000000000000003e-05
INFO:root:epoch 7, Episode 49, total_loss: 2945.7265625, q_loss 2945.7265625, v_loss 0.0 ,lr 1.0000000000000003e-05
INFO:root:epoch 7, Episode 50, total_loss: 0.0025485835503786802, q_loss 0.0025485835503786802, v_loss 0.0 ,lr 1.0000000000000003e-05
INFO:root:epoch 7, Episode 51, total_loss: 1.4772448539733887, q_loss 1.4759974479675293, v_loss 0.001247449079528451 ,lr 1.0000000000000003e-05
INFO:root:epoch 7, Episode 52, total_loss: 3.276609420776367, q_loss 3.2059152126312256, v_loss 0.07069430500268936 ,lr 1.0000000000000003e-05
INFO:root:epoch 7, Episode 53, total_loss: 2.0353193283081055, q_loss 2.0353193283081055, v_loss 0.0 ,lr 1.0000000000000003e-05
INFO:root:epoch 7, Episode 54, total_loss: 2.6072371006011963, q_loss 2.6072371006011963, v_loss 0.0 ,lr 1.0000000000000003e-05
INFO:root:epoch 7, Episode 55, total_loss: 0.6027867197990417, q_loss 0.6027867197990417, v_loss 0.0 ,lr 1.0000000000000003e-05
INFO:root:epoch 7, Episode 56, total_loss: 3.732457160949707, q_loss 3.69950270652771, v_loss 0.0329543761909008 ,lr 1.0000000000000003e-05
INFO:root:epoch 7, Episode 57, total_loss: 13.624385833740234, q_loss 13.624385833740234, v_loss 0.0 ,lr 1.0000000000000003e-05
INFO:root:epoch 7, Episode 58, total_loss: 9.612285614013672, q_loss 9.561151504516602, v_loss 0.05113377422094345 ,lr 1.0000000000000003e-05
INFO:root:epoch 7, Episode 59, total_loss: 5.8519463539123535, q_loss 5.8519463539123535, v_loss 0.0 ,lr 1.0000000000000003e-05
INFO:root:epoch 7, Episode 60, total_loss: 8.381300926208496, q_loss 8.381300926208496, v_loss 0.0 ,lr 1.0000000000000003e-05
INFO:root:epoch 7, Episode 61, total_loss: 3.6412789821624756, q_loss 3.537090539932251, v_loss 0.1041884794831276 ,lr 1.0000000000000003e-05
INFO:root:epoch 7, Episode 62, total_loss: 14.500370025634766, q_loss 14.500370025634766, v_loss 0.0 ,lr 1.0000000000000003e-05
INFO:root:epoch 7, Episode 63, total_loss: 7.7370924949646, q_loss 7.701643943786621, v_loss 0.03544875606894493 ,lr 1.0000000000000003e-05
INFO:root:epoch 7, Episode 64, total_loss: 13.989026069641113, q_loss 13.949224472045898, v_loss 0.03980158269405365 ,lr 1.0000000000000003e-05
INFO:root:epoch 7, Episode 65, total_loss: 3.057469129562378, q_loss 3.057469129562378, v_loss 0.0 ,lr 1.0000000000000003e-05
INFO:root:epoch 7, Episode 66, total_loss: 0.5038807988166809, q_loss 0.4414170980453491, v_loss 0.062463678419589996 ,lr 1.0000000000000003e-05
INFO:root:epoch 7, Episode 67, total_loss: 6.127297878265381, q_loss 6.062190055847168, v_loss 0.06510797142982483 ,lr 1.0000000000000003e-05
INFO:root:epoch 7, Episode 68, total_loss: 10.962251663208008, q_loss 10.962251663208008, v_loss 0.0 ,lr 1.0000000000000003e-05
INFO:root:epoch 7, Episode 69, total_loss: 16.8957462310791, q_loss 16.8957462310791, v_loss 0.0 ,lr 1.0000000000000003e-05
INFO:root:epoch 7, Episode 70, total_loss: 7.236205577850342, q_loss 7.236205577850342, v_loss 0.0 ,lr 1.0000000000000003e-05
INFO:root:epoch 7, Episode 71, total_loss: 1.228521704673767, q_loss 1.228521704673767, v_loss 0.0 ,lr 1.0000000000000003e-05
INFO:root:epoch 7, Episode 72, total_loss: 10.370895385742188, q_loss 10.370895385742188, v_loss 0.0 ,lr 1.0000000000000003e-05
INFO:root:epoch 7, Episode 73, total_loss: 0.2863501310348511, q_loss 0.1140008196234703, v_loss 0.17234930396080017 ,lr 1.0000000000000003e-05
INFO:root:epoch 7, Episode 74, total_loss: 4.424509048461914, q_loss 4.424509048461914, v_loss 0.0 ,lr 1.0000000000000003e-05
INFO:root:epoch 7, Episode 75, total_loss: 17.13665199279785, q_loss 17.13665199279785, v_loss 0.0 ,lr 1.0000000000000003e-05
INFO:root:epoch 7, Episode 76, total_loss: 5.129175186157227, q_loss 5.129175186157227, v_loss 0.0 ,lr 1.0000000000000003e-05
INFO:root:epoch 7, Episode 77, total_loss: 4.834986686706543, q_loss 4.834986686706543, v_loss 0.0 ,lr 1.0000000000000003e-05
INFO:root:epoch 7, Episode 78, total_loss: 8.201607704162598, q_loss 8.088236808776855, v_loss 0.1133713498711586 ,lr 1.0000000000000003e-05
INFO:root:epoch 7, Episode 79, total_loss: 14.551616668701172, q_loss 14.551616668701172, v_loss 0.0 ,lr 1.0000000000000003e-05
INFO:root:epoch 7, Episode 80, total_loss: 13.16545295715332, q_loss 13.16545295715332, v_loss 0.0 ,lr 1.0000000000000003e-05
INFO:root:epoch 7, Episode 81, total_loss: 10.850607872009277, q_loss 10.850607872009277, v_loss 0.0 ,lr 1.0000000000000003e-05
INFO:root:epoch 7, Episode 82, total_loss: 1.5390342473983765, q_loss 1.5390342473983765, v_loss 0.0 ,lr 1.0000000000000003e-05
INFO:root:epoch 7, Episode 83, total_loss: 1.3172235488891602, q_loss 1.3066425323486328, v_loss 0.010581040754914284 ,lr 1.0000000000000003e-05
INFO:root:epoch 7, Episode 84, total_loss: 4.381060600280762, q_loss 4.381048202514648, v_loss 1.2257917660463136e-05 ,lr 1.0000000000000003e-05
INFO:root:epoch 7, Episode 85, total_loss: 2.1844022274017334, q_loss 2.179675340652466, v_loss 0.004726855084300041 ,lr 1.0000000000000003e-05
INFO:root:epoch 7, Episode 86, total_loss: 9.889988899230957, q_loss 9.889988899230957, v_loss 0.0 ,lr 1.0000000000000003e-05
INFO:root:epoch 7, Episode 87, total_loss: 10.548941612243652, q_loss 10.548941612243652, v_loss 0.0 ,lr 1.0000000000000003e-05
INFO:root:epoch 7, Episode 88, total_loss: 14.823434829711914, q_loss 14.823434829711914, v_loss 0.0 ,lr 1.0000000000000003e-05
INFO:root:epoch 7, Episode 89, total_loss: 18.425384521484375, q_loss 18.425384521484375, v_loss 0.0 ,lr 1.0000000000000003e-05
INFO:root:epoch 7, Episode 90, total_loss: 4.998986721038818, q_loss 4.9312052726745605, v_loss 0.06778140366077423 ,lr 1.0000000000000003e-05
INFO:root:epoch 7, Episode 91, total_loss: 16.94647979736328, q_loss 16.94647979736328, v_loss 0.0 ,lr 1.0000000000000003e-05
INFO:root:epoch 7, Episode 92, total_loss: 8.72625732421875, q_loss 8.595096588134766, v_loss 0.13116025924682617 ,lr 1.0000000000000003e-05
INFO:root:epoch 7, Episode 93, total_loss: 15.821276664733887, q_loss 15.821276664733887, v_loss 0.0 ,lr 1.0000000000000003e-05
INFO:root:epoch 7, Episode 94, total_loss: 1.9025133848190308, q_loss 1.8465735912322998, v_loss 0.055939752608537674 ,lr 1.0000000000000003e-05
INFO:root:epoch 7, Episode 95, total_loss: 9.412569046020508, q_loss 9.370695114135742, v_loss 0.0418735072016716 ,lr 1.0000000000000003e-05
INFO:root:epoch 7, Episode 96, total_loss: 12.399800300598145, q_loss 12.399800300598145, v_loss 0.0 ,lr 1.0000000000000003e-05
INFO:root:epoch 7, Episode 97, total_loss: 6.913429260253906, q_loss 6.804335594177246, v_loss 0.10909384489059448 ,lr 1.0000000000000003e-05
INFO:root:epoch 7, Episode 98, total_loss: 17.057966232299805, q_loss 17.057966232299805, v_loss 0.0 ,lr 1.0000000000000003e-05
INFO:root:epoch 7, Episode 99, total_loss: 14.560782432556152, q_loss 14.531110763549805, v_loss 0.029671218246221542 ,lr 1.0000000000000003e-05
INFO:root:epoch 7, Episode 100, total_loss: 1.1000105142593384, q_loss 1.063909888267517, v_loss 0.036100611090660095 ,lr 1.0000000000000003e-05
INFO:root:epoch 7, Episode 101, total_loss: 9.331576347351074, q_loss 9.180144309997559, v_loss 0.15143196284770966 ,lr 1.0000000000000003e-05
INFO:root:epoch 7, Episode 102, total_loss: 16.8678035736084, q_loss 16.8678035736084, v_loss 0.0 ,lr 1.0000000000000003e-05
INFO:root:epoch 7, Episode 103, total_loss: 11.714273452758789, q_loss 11.714273452758789, v_loss 0.0 ,lr 1.0000000000000003e-05
INFO:root:epoch 7, Episode 104, total_loss: 5.39787724846974e-05, q_loss 5.39787724846974e-05, v_loss 0.0 ,lr 1.0000000000000003e-05
INFO:root:epoch 7, Episode 105, total_loss: 13.357996940612793, q_loss 13.353964805603027, v_loss 0.004032376687973738 ,lr 1.0000000000000003e-05
INFO:root:epoch 7, Episode 106, total_loss: 8.913853645324707, q_loss 8.913853645324707, v_loss 0.0 ,lr 1.0000000000000003e-05
INFO:root:epoch 7, Episode 107, total_loss: 11.205268859863281, q_loss 11.205268859863281, v_loss 0.0 ,lr 1.0000000000000003e-05
INFO:root:epoch 7, Episode 108, total_loss: 7.197376251220703, q_loss 7.197376251220703, v_loss 0.0 ,lr 1.0000000000000003e-05
INFO:root:epoch 7, Episode 109, total_loss: 1.3006627559661865, q_loss 1.268503189086914, v_loss 0.03215955197811127 ,lr 1.0000000000000003e-05
INFO:root:epoch 7, Episode 110, total_loss: 9.893654823303223, q_loss 9.808300018310547, v_loss 0.08535526692867279 ,lr 1.0000000000000003e-05
INFO:root:epoch 7, Episode 111, total_loss: 8.62879467010498, q_loss 8.62879467010498, v_loss 0.0 ,lr 1.0000000000000003e-05
INFO:root:epoch 7, Episode 112, total_loss: 9.555102348327637, q_loss 9.545334815979004, v_loss 0.009767300449311733 ,lr 1.0000000000000003e-05
INFO:root:epoch 7, Episode 113, total_loss: 15.933837890625, q_loss 15.933837890625, v_loss 0.0 ,lr 1.0000000000000003e-05
INFO:root:epoch 7, Episode 114, total_loss: 10.721942901611328, q_loss 10.721942901611328, v_loss 0.0 ,lr 1.0000000000000003e-05
INFO:root:epoch 7, Episode 115, total_loss: 0.7746593952178955, q_loss 0.7746593952178955, v_loss 0.0 ,lr 1.0000000000000003e-05
INFO:root:epoch 7, Episode 116, total_loss: 7.896548271179199, q_loss 7.871030330657959, v_loss 0.02551797218620777 ,lr 1.0000000000000003e-05
INFO:root:epoch 7, Episode 117, total_loss: 0.23047444224357605, q_loss 0.23047444224357605, v_loss 0.0 ,lr 1.0000000000000003e-05
INFO:root:epoch 7, Episode 118, total_loss: 15.262979507446289, q_loss 15.20457935333252, v_loss 0.05840017646551132 ,lr 1.0000000000000003e-05
INFO:root:epoch 7, Episode 119, total_loss: 14.061139106750488, q_loss 14.061139106750488, v_loss 0.0 ,lr 1.0000000000000003e-05
INFO:root:val_loss 1.293520450592041
INFO:root:epoch 7, Episode 120, total_loss: 8.122171401977539, q_loss 8.122171401977539, v_loss 0.0 ,lr 1.0000000000000003e-05
INFO:root:epoch 7, Episode 121, total_loss: 6.665778160095215, q_loss 6.591618537902832, v_loss 0.07415952533483505 ,lr 1.0000000000000003e-05
INFO:root:epoch 7, Episode 122, total_loss: 4.790584087371826, q_loss 4.759448528289795, v_loss 0.031135717406868935 ,lr 1.0000000000000003e-05
INFO:root:epoch 7, Episode 123, total_loss: 4.053152561187744, q_loss 4.053152561187744, v_loss 0.0 ,lr 1.0000000000000003e-05
INFO:root:epoch 7, Episode 124, total_loss: 6.251041889190674, q_loss 6.251041889190674, v_loss 0.0 ,lr 1.0000000000000003e-05
INFO:root:epoch 7, Episode 125, total_loss: 13.662291526794434, q_loss 13.662291526794434, v_loss 0.0 ,lr 1.0000000000000003e-05
INFO:root:epoch 7, Episode 126, total_loss: 7.870009422302246, q_loss 7.870009422302246, v_loss 0.0 ,lr 1.0000000000000003e-05
INFO:root:epoch 7, Episode 127, total_loss: 1.75389564037323, q_loss 1.7458178997039795, v_loss 0.008077755570411682 ,lr 1.0000000000000003e-05
INFO:root:epoch 7, Episode 128, total_loss: 13.629454612731934, q_loss 13.629454612731934, v_loss 0.0 ,lr 1.0000000000000003e-05
INFO:root:epoch 7, Episode 129, total_loss: 0.002810846781358123, q_loss 0.002810846781358123, v_loss 0.0 ,lr 1.0000000000000003e-05
INFO:root:epoch 7, Episode 130, total_loss: 9.232897758483887, q_loss 9.009238243103027, v_loss 0.22365930676460266 ,lr 1.0000000000000003e-05
INFO:root:epoch 7, Episode 131, total_loss: 2.348029136657715, q_loss 2.339724063873291, v_loss 0.00830500666052103 ,lr 1.0000000000000003e-05
INFO:root:epoch 7, Episode 132, total_loss: 11.497076988220215, q_loss 11.497076988220215, v_loss 0.0 ,lr 1.0000000000000003e-05
INFO:root:epoch 7, Episode 133, total_loss: 8.433893203735352, q_loss 8.433893203735352, v_loss 0.0 ,lr 1.0000000000000003e-05
INFO:root:epoch 7, Episode 134, total_loss: 9.740630149841309, q_loss 9.702165603637695, v_loss 0.03846472129225731 ,lr 1.0000000000000003e-05
INFO:root:epoch 7, Episode 135, total_loss: 10497.8994140625, q_loss 10497.8994140625, v_loss 0.0 ,lr 1.0000000000000003e-05
INFO:root:epoch 7, Episode 136, total_loss: 13.97169303894043, q_loss 13.97169303894043, v_loss 0.0 ,lr 1.0000000000000003e-05
INFO:root:epoch 7, Episode 137, total_loss: 3.1836748123168945, q_loss 3.1323082447052, v_loss 0.051366448402404785 ,lr 1.0000000000000003e-05
INFO:root:epoch 7, Episode 138, total_loss: 10.003981590270996, q_loss 10.003981590270996, v_loss 0.0 ,lr 1.0000000000000003e-05
INFO:root:epoch 7, Episode 139, total_loss: 8.081073760986328, q_loss 8.031007766723633, v_loss 0.05006581172347069 ,lr 1.0000000000000003e-05
INFO:root:epoch 7, Episode 140, total_loss: 19.0015811920166, q_loss 19.0015811920166, v_loss 0.0 ,lr 1.0000000000000003e-05
INFO:root:epoch 7, Episode 141, total_loss: 1.9987705945968628, q_loss 1.9970396757125854, v_loss 0.001730969175696373 ,lr 1.0000000000000003e-05
INFO:root:epoch 7, Episode 142, total_loss: 0.5896818041801453, q_loss 0.5449193120002747, v_loss 0.044762514531612396 ,lr 1.0000000000000003e-05
INFO:root:epoch 7, Episode 143, total_loss: 3.53369402885437, q_loss 3.53369402885437, v_loss 0.0 ,lr 1.0000000000000003e-05
INFO:root:epoch 7, Episode 144, total_loss: 9.454973220825195, q_loss 9.454973220825195, v_loss 0.0 ,lr 1.0000000000000003e-05
INFO:root:epoch 7, Episode 145, total_loss: 1.727700114250183, q_loss 1.727700114250183, v_loss 0.0 ,lr 1.0000000000000003e-05
INFO:root:epoch 7, Episode 146, total_loss: 11.1432466506958, q_loss 11.1432466506958, v_loss 0.0 ,lr 1.0000000000000003e-05
INFO:root:epoch 7, Episode 147, total_loss: 2.3839356899261475, q_loss 2.337226390838623, v_loss 0.04670938104391098 ,lr 1.0000000000000003e-05
INFO:root:epoch 7, Episode 148, total_loss: 3.038012981414795, q_loss 3.038012981414795, v_loss 0.0 ,lr 1.0000000000000003e-05
INFO:root:epoch 7, Episode 149, total_loss: 5.950304985046387, q_loss 5.950304985046387, v_loss 0.0 ,lr 1.0000000000000003e-05
INFO:root:epoch 7, Episode 150, total_loss: 7.823319911956787, q_loss 7.823319911956787, v_loss 0.0 ,lr 1.0000000000000003e-05
INFO:root:epoch 7, Episode 151, total_loss: 13.987165451049805, q_loss 13.822531700134277, v_loss 0.1646338552236557 ,lr 1.0000000000000003e-05
INFO:root:epoch 7, Episode 152, total_loss: 18.1116886138916, q_loss 18.1116886138916, v_loss 0.0 ,lr 1.0000000000000003e-05
INFO:root:epoch 7, Episode 153, total_loss: 10.200804710388184, q_loss 10.200804710388184, v_loss 0.0 ,lr 1.0000000000000003e-05
INFO:root:epoch 7, Episode 154, total_loss: 0.3352620601654053, q_loss 0.22440937161445618, v_loss 0.1108526811003685 ,lr 1.0000000000000003e-05
INFO:root:epoch 7, Episode 155, total_loss: 17.20017433166504, q_loss 17.20017433166504, v_loss 0.0 ,lr 1.0000000000000003e-05
INFO:root:epoch 7, Episode 156, total_loss: 8.293530464172363, q_loss 8.293530464172363, v_loss 0.0 ,lr 1.0000000000000003e-05
INFO:root:epoch 7, Episode 157, total_loss: 14.229866027832031, q_loss 14.229866027832031, v_loss 0.0 ,lr 1.0000000000000003e-05
INFO:root:epoch 7, Episode 158, total_loss: 7.017082214355469, q_loss 7.017082214355469, v_loss 0.0 ,lr 1.0000000000000003e-05
INFO:root:epoch 7, Episode 159, total_loss: 8.303214073181152, q_loss 8.299209594726562, v_loss 0.0040046279318630695 ,lr 1.0000000000000003e-05
INFO:root:epoch 7, Episode 160, total_loss: 14.248064041137695, q_loss 14.248064041137695, v_loss 0.0 ,lr 1.0000000000000003e-05
INFO:root:epoch 7, Episode 161, total_loss: 0.34008127450942993, q_loss 0.34008127450942993, v_loss 0.0 ,lr 1.0000000000000003e-05
INFO:root:epoch 7, Episode 162, total_loss: 2.8780319690704346, q_loss 2.83073091506958, v_loss 0.04730115830898285 ,lr 1.0000000000000003e-05
INFO:root:epoch 7, Episode 163, total_loss: 3.2406697273254395, q_loss 3.211177349090576, v_loss 0.029492389410734177 ,lr 1.0000000000000003e-05
INFO:root:epoch 7, Episode 164, total_loss: 2.3592031002044678, q_loss 2.3592031002044678, v_loss 0.0 ,lr 1.0000000000000003e-05
INFO:root:epoch 7, Episode 165, total_loss: 4578.0419921875, q_loss 4578.0419921875, v_loss 0.0 ,lr 1.0000000000000003e-05
INFO:root:epoch 7, Episode 166, total_loss: 2.240084171295166, q_loss 2.188751220703125, v_loss 0.05133294314146042 ,lr 1.0000000000000003e-05
INFO:root:epoch 7, Episode 167, total_loss: 19.174476623535156, q_loss 19.174476623535156, v_loss 0.0 ,lr 1.0000000000000003e-05
INFO:root:epoch 7, Episode 168, total_loss: 16.729177474975586, q_loss 16.729177474975586, v_loss 0.0 ,lr 1.0000000000000003e-05
INFO:root:epoch 7, Episode 169, total_loss: 4.650475978851318, q_loss 4.650475978851318, v_loss 0.0 ,lr 1.0000000000000003e-05
INFO:root:epoch 7, Episode 170, total_loss: 8.421415328979492, q_loss 8.397098541259766, v_loss 0.024316862225532532 ,lr 1.0000000000000003e-05
INFO:root:epoch 7, Episode 171, total_loss: 1.7128486633300781, q_loss 1.7128486633300781, v_loss 0.0 ,lr 1.0000000000000003e-05
INFO:root:epoch 7, Episode 172, total_loss: 8.666316986083984, q_loss 8.666316986083984, v_loss 0.0 ,lr 1.0000000000000003e-05
INFO:root:epoch 7, Episode 173, total_loss: 3.2092506885528564, q_loss 3.1981465816497803, v_loss 0.011104216799139977 ,lr 1.0000000000000003e-05
INFO:root:epoch 7, Episode 174, total_loss: 13.202781677246094, q_loss 13.202781677246094, v_loss 0.0 ,lr 1.0000000000000003e-05
INFO:root:epoch 7, Episode 175, total_loss: 14.97289752960205, q_loss 14.97289752960205, v_loss 0.0 ,lr 1.0000000000000003e-05
INFO:root:epoch 7, Episode 176, total_loss: 6.894036293029785, q_loss 6.894036293029785, v_loss 0.0 ,lr 1.0000000000000003e-05
INFO:root:epoch 7, Episode 177, total_loss: 6.182383060455322, q_loss 6.178840637207031, v_loss 0.003542342921718955 ,lr 1.0000000000000003e-05
INFO:root:epoch 7, Episode 178, total_loss: 10.016260147094727, q_loss 10.016260147094727, v_loss 0.0 ,lr 1.0000000000000003e-05
INFO:root:epoch 7, Episode 179, total_loss: 9.159077644348145, q_loss 9.145008087158203, v_loss 0.014069436118006706 ,lr 1.0000000000000003e-05
INFO:root:epoch 7, Episode 180, total_loss: 9.017931938171387, q_loss 9.000740051269531, v_loss 0.017191508784890175 ,lr 1.0000000000000003e-05
INFO:root:epoch 7, Episode 181, total_loss: 3.9542789459228516, q_loss 3.930933952331543, v_loss 0.023345086723566055 ,lr 1.0000000000000003e-05
INFO:root:epoch 7, Episode 182, total_loss: 4.5413336753845215, q_loss 4.498523712158203, v_loss 0.042809776961803436 ,lr 1.0000000000000003e-05
INFO:root:epoch 8, Episode 0, total_loss: 3.102687358856201, q_loss 3.102687358856201, v_loss 0.0 ,lr 1.0000000000000002e-06
INFO:root:epoch 8, Episode 1, total_loss: 10.661598205566406, q_loss 10.661598205566406, v_loss 0.0 ,lr 1.0000000000000002e-06
INFO:root:epoch 8, Episode 2, total_loss: 12.59444808959961, q_loss 12.573402404785156, v_loss 0.021045317873358727 ,lr 1.0000000000000002e-06
INFO:root:epoch 8, Episode 3, total_loss: 12.918044090270996, q_loss 12.918044090270996, v_loss 0.0 ,lr 1.0000000000000002e-06
INFO:root:epoch 8, Episode 4, total_loss: 6.001629829406738, q_loss 6.001629829406738, v_loss 0.0 ,lr 1.0000000000000002e-06
INFO:root:epoch 8, Episode 5, total_loss: 10.384711265563965, q_loss 10.384711265563965, v_loss 0.0 ,lr 1.0000000000000002e-06
INFO:root:epoch 8, Episode 6, total_loss: 6.304285526275635, q_loss 6.304285526275635, v_loss 0.0 ,lr 1.0000000000000002e-06
INFO:root:epoch 8, Episode 7, total_loss: 14.128506660461426, q_loss 14.128506660461426, v_loss 0.0 ,lr 1.0000000000000002e-06
INFO:root:epoch 8, Episode 8, total_loss: 0.24988749623298645, q_loss 0.24988749623298645, v_loss 0.0 ,lr 1.0000000000000002e-06
INFO:root:epoch 8, Episode 9, total_loss: 2.3637025356292725, q_loss 2.331148862838745, v_loss 0.03255356475710869 ,lr 1.0000000000000002e-06
INFO:root:epoch 8, Episode 10, total_loss: 3.957078218460083, q_loss 3.9568352699279785, v_loss 0.00024287081032525748 ,lr 1.0000000000000002e-06
INFO:root:epoch 8, Episode 11, total_loss: 7.185949325561523, q_loss 7.185949325561523, v_loss 0.0 ,lr 1.0000000000000002e-06
INFO:root:epoch 8, Episode 12, total_loss: 14.229659080505371, q_loss 14.187557220458984, v_loss 0.042101867496967316 ,lr 1.0000000000000002e-06
INFO:root:epoch 8, Episode 13, total_loss: 12.633279800415039, q_loss 12.633279800415039, v_loss 0.0 ,lr 1.0000000000000002e-06
INFO:root:epoch 8, Episode 14, total_loss: 13.921549797058105, q_loss 13.921549797058105, v_loss 0.0 ,lr 1.0000000000000002e-06
INFO:root:epoch 8, Episode 15, total_loss: 2.3560168743133545, q_loss 2.3560168743133545, v_loss 0.0 ,lr 1.0000000000000002e-06
INFO:root:epoch 8, Episode 16, total_loss: 7.948207378387451, q_loss 7.862036228179932, v_loss 0.08617096394300461 ,lr 1.0000000000000002e-06
INFO:root:epoch 8, Episode 17, total_loss: 10.379875183105469, q_loss 10.379875183105469, v_loss 0.0 ,lr 1.0000000000000002e-06
INFO:root:epoch 8, Episode 18, total_loss: 16.193994522094727, q_loss 16.193994522094727, v_loss 0.0 ,lr 1.0000000000000002e-06
INFO:root:epoch 8, Episode 19, total_loss: 15.704916000366211, q_loss 15.704916000366211, v_loss 0.0 ,lr 1.0000000000000002e-06
INFO:root:epoch 8, Episode 20, total_loss: 13.421521186828613, q_loss 13.421521186828613, v_loss 0.0 ,lr 1.0000000000000002e-06
INFO:root:epoch 8, Episode 21, total_loss: 5.694401264190674, q_loss 5.6939616203308105, v_loss 0.00043987450771965086 ,lr 1.0000000000000002e-06
INFO:root:epoch 8, Episode 22, total_loss: 2.980848789215088, q_loss 2.9802894592285156, v_loss 0.0005593543173745275 ,lr 1.0000000000000002e-06
INFO:root:epoch 8, Episode 23, total_loss: 10.43475341796875, q_loss 10.43475341796875, v_loss 0.0 ,lr 1.0000000000000002e-06
INFO:root:epoch 8, Episode 24, total_loss: 1.0227904319763184, q_loss 0.994002640247345, v_loss 0.02878773771226406 ,lr 1.0000000000000002e-06
INFO:root:epoch 8, Episode 25, total_loss: 3.534034490585327, q_loss 3.534034490585327, v_loss 0.0 ,lr 1.0000000000000002e-06
INFO:root:epoch 8, Episode 26, total_loss: 0.06374044716358185, q_loss 0.06374044716358185, v_loss 0.0 ,lr 1.0000000000000002e-06
INFO:root:epoch 8, Episode 27, total_loss: 3.360473394393921, q_loss 3.250595808029175, v_loss 0.10987753421068192 ,lr 1.0000000000000002e-06
INFO:root:epoch 8, Episode 28, total_loss: 13.253750801086426, q_loss 13.21417236328125, v_loss 0.03957877680659294 ,lr 1.0000000000000002e-06
INFO:root:epoch 8, Episode 29, total_loss: 16.579973220825195, q_loss 16.579973220825195, v_loss 0.0 ,lr 1.0000000000000002e-06
INFO:root:epoch 8, Episode 30, total_loss: 13.778219223022461, q_loss 13.778219223022461, v_loss 0.0 ,lr 1.0000000000000002e-06
INFO:root:epoch 8, Episode 31, total_loss: 3.047334671020508, q_loss 3.047334671020508, v_loss 0.0 ,lr 1.0000000000000002e-06
INFO:root:epoch 8, Episode 32, total_loss: 7.205709934234619, q_loss 7.2032599449157715, v_loss 0.002449766965582967 ,lr 1.0000000000000002e-06
INFO:root:epoch 8, Episode 33, total_loss: 17.02076530456543, q_loss 17.02076530456543, v_loss 0.0 ,lr 1.0000000000000002e-06
INFO:root:epoch 8, Episode 34, total_loss: 0.3922184407711029, q_loss 0.3922184407711029, v_loss 0.0 ,lr 1.0000000000000002e-06
INFO:root:epoch 8, Episode 35, total_loss: 6.254217147827148, q_loss 6.254217147827148, v_loss 0.0 ,lr 1.0000000000000002e-06
INFO:root:epoch 8, Episode 36, total_loss: 3.7307627201080322, q_loss 3.5971620082855225, v_loss 0.13360075652599335 ,lr 1.0000000000000002e-06
INFO:root:val_loss 1.0563217401504517
INFO:root:epoch 8, Episode 37, total_loss: 12.627147674560547, q_loss 12.627147674560547, v_loss 0.0 ,lr 1.0000000000000002e-06
INFO:root:epoch 8, Episode 38, total_loss: 7.5403666496276855, q_loss 7.51334810256958, v_loss 0.027018379420042038 ,lr 1.0000000000000002e-06
INFO:root:epoch 8, Episode 39, total_loss: 1.6005419492721558, q_loss 1.6005419492721558, v_loss 0.0 ,lr 1.0000000000000002e-06
INFO:root:epoch 8, Episode 40, total_loss: 16.632158279418945, q_loss 16.632158279418945, v_loss 0.0 ,lr 1.0000000000000002e-06
INFO:root:epoch 8, Episode 41, total_loss: 5.213658332824707, q_loss 5.213658332824707, v_loss 0.0 ,lr 1.0000000000000002e-06
INFO:root:epoch 8, Episode 42, total_loss: 14.344930648803711, q_loss 14.344930648803711, v_loss 0.0 ,lr 1.0000000000000002e-06
INFO:root:epoch 8, Episode 43, total_loss: 9.541205406188965, q_loss 9.541205406188965, v_loss 0.0 ,lr 1.0000000000000002e-06
INFO:root:epoch 8, Episode 44, total_loss: 15.284466743469238, q_loss 15.284466743469238, v_loss 0.0 ,lr 1.0000000000000002e-06
INFO:root:epoch 8, Episode 45, total_loss: 2.0914254188537598, q_loss 2.0914254188537598, v_loss 0.0 ,lr 1.0000000000000002e-06
INFO:root:epoch 8, Episode 46, total_loss: 3.4325478076934814, q_loss 3.4325478076934814, v_loss 0.0 ,lr 1.0000000000000002e-06
INFO:root:epoch 8, Episode 47, total_loss: 6.516397953033447, q_loss 6.516397953033447, v_loss 0.0 ,lr 1.0000000000000002e-06
INFO:root:epoch 8, Episode 48, total_loss: 12.419389724731445, q_loss 12.419389724731445, v_loss 0.0 ,lr 1.0000000000000002e-06
INFO:root:epoch 8, Episode 49, total_loss: 2945.719482421875, q_loss 2945.719482421875, v_loss 0.0 ,lr 1.0000000000000002e-06
INFO:root:epoch 8, Episode 50, total_loss: 0.002548876916989684, q_loss 0.002548876916989684, v_loss 0.0 ,lr 1.0000000000000002e-06
INFO:root:epoch 8, Episode 51, total_loss: 1.4773530960083008, q_loss 1.476069450378418, v_loss 0.0012836282839998603 ,lr 1.0000000000000002e-06
INFO:root:epoch 8, Episode 52, total_loss: 3.2632875442504883, q_loss 3.192237615585327, v_loss 0.07104998081922531 ,lr 1.0000000000000002e-06
INFO:root:epoch 8, Episode 53, total_loss: 2.0352730751037598, q_loss 2.0352730751037598, v_loss 0.0 ,lr 1.0000000000000002e-06
INFO:root:epoch 8, Episode 54, total_loss: 2.6070122718811035, q_loss 2.6070122718811035, v_loss 0.0 ,lr 1.0000000000000002e-06
INFO:root:epoch 8, Episode 55, total_loss: 0.6027223467826843, q_loss 0.6027223467826843, v_loss 0.0 ,lr 1.0000000000000002e-06
INFO:root:epoch 8, Episode 56, total_loss: 3.732318639755249, q_loss 3.6993825435638428, v_loss 0.032936181873083115 ,lr 1.0000000000000002e-06
INFO:root:epoch 8, Episode 57, total_loss: 13.625017166137695, q_loss 13.625017166137695, v_loss 0.0 ,lr 1.0000000000000002e-06
INFO:root:epoch 8, Episode 58, total_loss: 9.611247062683105, q_loss 9.560379981994629, v_loss 0.05086667835712433 ,lr 1.0000000000000002e-06
INFO:root:epoch 8, Episode 59, total_loss: 5.852019309997559, q_loss 5.852019309997559, v_loss 0.0 ,lr 1.0000000000000002e-06
INFO:root:epoch 8, Episode 60, total_loss: 8.38144302368164, q_loss 8.38144302368164, v_loss 0.0 ,lr 1.0000000000000002e-06
INFO:root:epoch 8, Episode 61, total_loss: 3.6410841941833496, q_loss 3.536900758743286, v_loss 0.10418350994586945 ,lr 1.0000000000000002e-06
INFO:root:epoch 8, Episode 62, total_loss: 14.501087188720703, q_loss 14.501087188720703, v_loss 0.0 ,lr 1.0000000000000002e-06
INFO:root:epoch 8, Episode 63, total_loss: 7.736150741577148, q_loss 7.701047897338867, v_loss 0.03510286286473274 ,lr 1.0000000000000002e-06
INFO:root:epoch 8, Episode 64, total_loss: 13.989524841308594, q_loss 13.949793815612793, v_loss 0.03973096236586571 ,lr 1.0000000000000002e-06
INFO:root:epoch 8, Episode 65, total_loss: 3.0576114654541016, q_loss 3.0576114654541016, v_loss 0.0 ,lr 1.0000000000000002e-06
INFO:root:epoch 8, Episode 66, total_loss: 0.503678560256958, q_loss 0.44137337803840637, v_loss 0.06230518966913223 ,lr 1.0000000000000002e-06
INFO:root:epoch 8, Episode 67, total_loss: 6.128188610076904, q_loss 6.062795162200928, v_loss 0.0653933733701706 ,lr 1.0000000000000002e-06
INFO:root:epoch 8, Episode 68, total_loss: 10.962715148925781, q_loss 10.962715148925781, v_loss 0.0 ,lr 1.0000000000000002e-06
INFO:root:epoch 8, Episode 69, total_loss: 16.896543502807617, q_loss 16.896543502807617, v_loss 0.0 ,lr 1.0000000000000002e-06
INFO:root:epoch 8, Episode 70, total_loss: 7.236309051513672, q_loss 7.236309051513672, v_loss 0.0 ,lr 1.0000000000000002e-06
INFO:root:epoch 8, Episode 71, total_loss: 1.2284282445907593, q_loss 1.2284282445907593, v_loss 0.0 ,lr 1.0000000000000002e-06
INFO:root:epoch 8, Episode 72, total_loss: 10.371367454528809, q_loss 10.371367454528809, v_loss 0.0 ,lr 1.0000000000000002e-06
INFO:root:epoch 8, Episode 73, total_loss: 0.28580477833747864, q_loss 0.11383198946714401, v_loss 0.17197278141975403 ,lr 1.0000000000000002e-06
INFO:root:epoch 8, Episode 74, total_loss: 4.424822807312012, q_loss 4.424822807312012, v_loss 0.0 ,lr 1.0000000000000002e-06
INFO:root:epoch 8, Episode 75, total_loss: 17.137508392333984, q_loss 17.137508392333984, v_loss 0.0 ,lr 1.0000000000000002e-06
INFO:root:epoch 8, Episode 76, total_loss: 5.129527568817139, q_loss 5.129527568817139, v_loss 0.0 ,lr 1.0000000000000002e-06
INFO:root:epoch 8, Episode 77, total_loss: 4.8351240158081055, q_loss 4.8351240158081055, v_loss 0.0 ,lr 1.0000000000000002e-06
INFO:root:epoch 8, Episode 78, total_loss: 8.196189880371094, q_loss 8.08407211303711, v_loss 0.11211814731359482 ,lr 1.0000000000000002e-06
INFO:root:epoch 8, Episode 79, total_loss: 14.552647590637207, q_loss 14.552647590637207, v_loss 0.0 ,lr 1.0000000000000002e-06
INFO:root:epoch 8, Episode 80, total_loss: 13.166274070739746, q_loss 13.166274070739746, v_loss 0.0 ,lr 1.0000000000000002e-06
INFO:root:epoch 8, Episode 81, total_loss: 10.851460456848145, q_loss 10.851460456848145, v_loss 0.0 ,lr 1.0000000000000002e-06
INFO:root:epoch 8, Episode 82, total_loss: 1.5389760732650757, q_loss 1.5389760732650757, v_loss 0.0 ,lr 1.0000000000000002e-06
INFO:root:epoch 8, Episode 83, total_loss: 1.3176870346069336, q_loss 1.3069044351577759, v_loss 0.010782591067254543 ,lr 1.0000000000000002e-06
INFO:root:epoch 8, Episode 84, total_loss: 4.379289627075195, q_loss 4.379270076751709, v_loss 1.9714798327186145e-05 ,lr 1.0000000000000002e-06
INFO:root:epoch 8, Episode 85, total_loss: 2.1842453479766846, q_loss 2.1795241832733154, v_loss 0.0047211674973368645 ,lr 1.0000000000000002e-06
INFO:root:epoch 8, Episode 86, total_loss: 9.89050006866455, q_loss 9.89050006866455, v_loss 0.0 ,lr 1.0000000000000002e-06
INFO:root:epoch 8, Episode 87, total_loss: 10.549336433410645, q_loss 10.549336433410645, v_loss 0.0 ,lr 1.0000000000000002e-06
INFO:root:epoch 8, Episode 88, total_loss: 14.824491500854492, q_loss 14.824491500854492, v_loss 0.0 ,lr 1.0000000000000002e-06
INFO:root:epoch 8, Episode 89, total_loss: 18.426727294921875, q_loss 18.426727294921875, v_loss 0.0 ,lr 1.0000000000000002e-06
INFO:root:epoch 8, Episode 90, total_loss: 4.997652530670166, q_loss 4.929842472076416, v_loss 0.06781009584665298 ,lr 1.0000000000000002e-06
INFO:root:epoch 8, Episode 91, total_loss: 16.947879791259766, q_loss 16.947879791259766, v_loss 0.0 ,lr 1.0000000000000002e-06
INFO:root:epoch 8, Episode 92, total_loss: 8.727275848388672, q_loss 8.596405029296875, v_loss 0.1308707892894745 ,lr 1.0000000000000002e-06
INFO:root:epoch 8, Episode 93, total_loss: 15.822479248046875, q_loss 15.822479248046875, v_loss 0.0 ,lr 1.0000000000000002e-06
INFO:root:epoch 8, Episode 94, total_loss: 1.902438998222351, q_loss 1.8465620279312134, v_loss 0.05587693303823471 ,lr 1.0000000000000002e-06
INFO:root:epoch 8, Episode 95, total_loss: 9.41347885131836, q_loss 9.371602058410645, v_loss 0.04187633842229843 ,lr 1.0000000000000002e-06
INFO:root:epoch 8, Episode 96, total_loss: 12.400599479675293, q_loss 12.400599479675293, v_loss 0.0 ,lr 1.0000000000000002e-06
INFO:root:epoch 8, Episode 97, total_loss: 6.911712169647217, q_loss 6.803509712219238, v_loss 0.1082022488117218 ,lr 1.0000000000000002e-06
INFO:root:epoch 8, Episode 98, total_loss: 17.059463500976562, q_loss 17.059463500976562, v_loss 0.0 ,lr 1.0000000000000002e-06
INFO:root:epoch 8, Episode 99, total_loss: 14.561965942382812, q_loss 14.532331466674805, v_loss 0.029634444043040276 ,lr 1.0000000000000002e-06
INFO:root:epoch 8, Episode 100, total_loss: 1.1004786491394043, q_loss 1.0642986297607422, v_loss 0.0361800491809845 ,lr 1.0000000000000002e-06
INFO:root:epoch 8, Episode 101, total_loss: 9.330784797668457, q_loss 9.178274154663086, v_loss 0.15251031517982483 ,lr 1.0000000000000002e-06
INFO:root:epoch 8, Episode 102, total_loss: 16.869600296020508, q_loss 16.869600296020508, v_loss 0.0 ,lr 1.0000000000000002e-06
INFO:root:epoch 8, Episode 103, total_loss: 11.715252876281738, q_loss 11.715252876281738, v_loss 0.0 ,lr 1.0000000000000002e-06
INFO:root:epoch 8, Episode 104, total_loss: 5.355018947739154e-05, q_loss 5.355018947739154e-05, v_loss 0.0 ,lr 1.0000000000000002e-06
INFO:root:epoch 8, Episode 105, total_loss: 13.359033584594727, q_loss 13.355008125305176, v_loss 0.004025073256343603 ,lr 1.0000000000000002e-06
INFO:root:epoch 8, Episode 106, total_loss: 8.914153099060059, q_loss 8.914153099060059, v_loss 0.0 ,lr 1.0000000000000002e-06
INFO:root:epoch 8, Episode 107, total_loss: 11.206320762634277, q_loss 11.206320762634277, v_loss 0.0 ,lr 1.0000000000000002e-06
INFO:root:epoch 8, Episode 108, total_loss: 7.197892665863037, q_loss 7.197892665863037, v_loss 0.0 ,lr 1.0000000000000002e-06
INFO:root:epoch 8, Episode 109, total_loss: 1.3011283874511719, q_loss 1.2689875364303589, v_loss 0.03214080631732941 ,lr 1.0000000000000002e-06
INFO:root:epoch 8, Episode 110, total_loss: 9.896279335021973, q_loss 9.809993743896484, v_loss 0.08628514409065247 ,lr 1.0000000000000002e-06
INFO:root:epoch 8, Episode 111, total_loss: 8.629375457763672, q_loss 8.629375457763672, v_loss 0.0 ,lr 1.0000000000000002e-06
INFO:root:epoch 8, Episode 112, total_loss: 9.552672386169434, q_loss 9.542373657226562, v_loss 0.010299090296030045 ,lr 1.0000000000000002e-06
INFO:root:epoch 8, Episode 113, total_loss: 15.935911178588867, q_loss 15.935911178588867, v_loss 0.0 ,lr 1.0000000000000002e-06
INFO:root:epoch 8, Episode 114, total_loss: 10.723133087158203, q_loss 10.723133087158203, v_loss 0.0 ,lr 1.0000000000000002e-06
INFO:root:epoch 8, Episode 115, total_loss: 0.7747054696083069, q_loss 0.7747054696083069, v_loss 0.0 ,lr 1.0000000000000002e-06
INFO:root:epoch 8, Episode 116, total_loss: 7.897042751312256, q_loss 7.871553897857666, v_loss 0.025488710030913353 ,lr 1.0000000000000002e-06
INFO:root:epoch 8, Episode 117, total_loss: 0.2305546998977661, q_loss 0.2305546998977661, v_loss 0.0 ,lr 1.0000000000000002e-06
INFO:root:epoch 8, Episode 118, total_loss: 15.263534545898438, q_loss 15.20520305633545, v_loss 0.05833159014582634 ,lr 1.0000000000000002e-06
INFO:root:epoch 8, Episode 119, total_loss: 14.063063621520996, q_loss 14.063063621520996, v_loss 0.0 ,lr 1.0000000000000002e-06
INFO:root:epoch 8, Episode 120, total_loss: 8.123025894165039, q_loss 8.123025894165039, v_loss 0.0 ,lr 1.0000000000000002e-06
INFO:root:epoch 8, Episode 121, total_loss: 6.665929317474365, q_loss 6.591784954071045, v_loss 0.07414457201957703 ,lr 1.0000000000000002e-06
INFO:root:epoch 8, Episode 122, total_loss: 4.790131568908691, q_loss 4.758814334869385, v_loss 0.0313170962035656 ,lr 1.0000000000000002e-06
INFO:root:epoch 8, Episode 123, total_loss: 4.0536675453186035, q_loss 4.0536675453186035, v_loss 0.0 ,lr 1.0000000000000002e-06
INFO:root:epoch 8, Episode 124, total_loss: 6.248799800872803, q_loss 6.248799800872803, v_loss 0.0 ,lr 1.0000000000000002e-06
INFO:root:epoch 8, Episode 125, total_loss: 13.664632797241211, q_loss 13.664632797241211, v_loss 0.0 ,lr 1.0000000000000002e-06
INFO:root:epoch 8, Episode 126, total_loss: 7.870980739593506, q_loss 7.870980739593506, v_loss 0.0 ,lr 1.0000000000000002e-06
INFO:root:epoch 8, Episode 127, total_loss: 1.7542346715927124, q_loss 1.7464030981063843, v_loss 0.007831620052456856 ,lr 1.0000000000000002e-06
INFO:root:epoch 8, Episode 128, total_loss: 13.63166332244873, q_loss 13.63166332244873, v_loss 0.0 ,lr 1.0000000000000002e-06
INFO:root:epoch 8, Episode 129, total_loss: 0.002800464164465666, q_loss 0.002800464164465666, v_loss 0.0 ,lr 1.0000000000000002e-06
INFO:root:epoch 8, Episode 130, total_loss: 9.227667808532715, q_loss 9.007450103759766, v_loss 0.22021758556365967 ,lr 1.0000000000000002e-06
INFO:root:epoch 8, Episode 131, total_loss: 2.347743511199951, q_loss 2.3394534587860107, v_loss 0.008289949037134647 ,lr 1.0000000000000002e-06
INFO:root:epoch 8, Episode 132, total_loss: 11.498141288757324, q_loss 11.498141288757324, v_loss 0.0 ,lr 1.0000000000000002e-06
INFO:root:epoch 8, Episode 133, total_loss: 8.434351921081543, q_loss 8.434351921081543, v_loss 0.0 ,lr 1.0000000000000002e-06
INFO:root:epoch 8, Episode 134, total_loss: 9.742076873779297, q_loss 9.703615188598633, v_loss 0.03846189007163048 ,lr 1.0000000000000002e-06
INFO:root:epoch 8, Episode 135, total_loss: 10497.796875, q_loss 10497.796875, v_loss 0.0 ,lr 1.0000000000000002e-06
INFO:root:epoch 8, Episode 136, total_loss: 13.973569869995117, q_loss 13.973569869995117, v_loss 0.0 ,lr 1.0000000000000002e-06
INFO:root:val_loss 1.283609390258789
INFO:root:epoch 8, Episode 137, total_loss: 3.1831278800964355, q_loss 3.131826877593994, v_loss 0.05130108445882797 ,lr 1.0000000000000002e-06
INFO:root:epoch 8, Episode 138, total_loss: 10.004801750183105, q_loss 10.004801750183105, v_loss 0.0 ,lr 1.0000000000000002e-06
INFO:root:epoch 8, Episode 139, total_loss: 8.081826210021973, q_loss 8.031970024108887, v_loss 0.049856312572956085 ,lr 1.0000000000000002e-06
INFO:root:epoch 8, Episode 140, total_loss: 19.003429412841797, q_loss 19.003429412841797, v_loss 0.0 ,lr 1.0000000000000002e-06
INFO:root:epoch 8, Episode 141, total_loss: 1.9985960721969604, q_loss 1.9968674182891846, v_loss 0.00172865588683635 ,lr 1.0000000000000002e-06
INFO:root:epoch 8, Episode 142, total_loss: 0.5895108580589294, q_loss 0.5447787046432495, v_loss 0.04473213478922844 ,lr 1.0000000000000002e-06
INFO:root:epoch 8, Episode 143, total_loss: 3.5340042114257812, q_loss 3.5340042114257812, v_loss 0.0 ,lr 1.0000000000000002e-06
INFO:root:epoch 8, Episode 144, total_loss: 9.455328941345215, q_loss 9.455328941345215, v_loss 0.0 ,lr 1.0000000000000002e-06
INFO:root:epoch 8, Episode 145, total_loss: 1.7273845672607422, q_loss 1.7273845672607422, v_loss 0.0 ,lr 1.0000000000000002e-06
INFO:root:epoch 8, Episode 146, total_loss: 11.143691062927246, q_loss 11.143691062927246, v_loss 0.0 ,lr 1.0000000000000002e-06
INFO:root:epoch 8, Episode 147, total_loss: 2.382124185562134, q_loss 2.3362650871276855, v_loss 0.04585906118154526 ,lr 1.0000000000000002e-06
INFO:root:epoch 8, Episode 148, total_loss: 3.037640333175659, q_loss 3.037640333175659, v_loss 0.0 ,lr 1.0000000000000002e-06
INFO:root:epoch 8, Episode 149, total_loss: 5.949681758880615, q_loss 5.949681758880615, v_loss 0.0 ,lr 1.0000000000000002e-06
INFO:root:epoch 8, Episode 150, total_loss: 7.823657512664795, q_loss 7.823657512664795, v_loss 0.0 ,lr 1.0000000000000002e-06
INFO:root:epoch 8, Episode 151, total_loss: 13.987472534179688, q_loss 13.822792053222656, v_loss 0.16468024253845215 ,lr 1.0000000000000002e-06
INFO:root:epoch 8, Episode 152, total_loss: 18.112220764160156, q_loss 18.112220764160156, v_loss 0.0 ,lr 1.0000000000000002e-06
INFO:root:epoch 8, Episode 153, total_loss: 10.201163291931152, q_loss 10.201163291931152, v_loss 0.0 ,lr 1.0000000000000002e-06
INFO:root:epoch 8, Episode 154, total_loss: 0.33514127135276794, q_loss 0.22435665130615234, v_loss 0.110784612596035 ,lr 1.0000000000000002e-06
INFO:root:epoch 8, Episode 155, total_loss: 17.200613021850586, q_loss 17.200613021850586, v_loss 0.0 ,lr 1.0000000000000002e-06
INFO:root:epoch 8, Episode 156, total_loss: 8.293760299682617, q_loss 8.293760299682617, v_loss 0.0 ,lr 1.0000000000000002e-06
INFO:root:epoch 8, Episode 157, total_loss: 14.230208396911621, q_loss 14.230208396911621, v_loss 0.0 ,lr 1.0000000000000002e-06
INFO:root:epoch 8, Episode 158, total_loss: 7.01729679107666, q_loss 7.01729679107666, v_loss 0.0 ,lr 1.0000000000000002e-06
INFO:root:epoch 8, Episode 159, total_loss: 8.300865173339844, q_loss 8.296745300292969, v_loss 0.004119804594665766 ,lr 1.0000000000000002e-06
INFO:root:epoch 8, Episode 160, total_loss: 14.248382568359375, q_loss 14.248382568359375, v_loss 0.0 ,lr 1.0000000000000002e-06
INFO:root:epoch 8, Episode 161, total_loss: 0.34005793929100037, q_loss 0.34005793929100037, v_loss 0.0 ,lr 1.0000000000000002e-06
INFO:root:epoch 8, Episode 162, total_loss: 2.877734661102295, q_loss 2.830439805984497, v_loss 0.04729483276605606 ,lr 1.0000000000000002e-06
INFO:root:epoch 8, Episode 163, total_loss: 3.2405340671539307, q_loss 3.2110402584075928, v_loss 0.029493827372789383 ,lr 1.0000000000000002e-06
INFO:root:epoch 8, Episode 164, total_loss: 2.3590610027313232, q_loss 2.3590610027313232, v_loss 0.0 ,lr 1.0000000000000002e-06
INFO:root:epoch 8, Episode 165, total_loss: 4578.03759765625, q_loss 4578.03759765625, v_loss 0.0 ,lr 1.0000000000000002e-06
INFO:root:epoch 8, Episode 166, total_loss: 2.2399544715881348, q_loss 2.188671112060547, v_loss 0.05128347501158714 ,lr 1.0000000000000002e-06
INFO:root:epoch 8, Episode 167, total_loss: 19.174861907958984, q_loss 19.174861907958984, v_loss 0.0 ,lr 1.0000000000000002e-06
INFO:root:epoch 8, Episode 168, total_loss: 16.729433059692383, q_loss 16.729433059692383, v_loss 0.0 ,lr 1.0000000000000002e-06
INFO:root:epoch 8, Episode 169, total_loss: 4.650455474853516, q_loss 4.650455474853516, v_loss 0.0 ,lr 1.0000000000000002e-06
INFO:root:epoch 8, Episode 170, total_loss: 8.421424865722656, q_loss 8.397115707397461, v_loss 0.024308940395712852 ,lr 1.0000000000000002e-06
INFO:root:epoch 8, Episode 171, total_loss: 1.7128350734710693, q_loss 1.7128350734710693, v_loss 0.0 ,lr 1.0000000000000002e-06
INFO:root:epoch 8, Episode 172, total_loss: 8.666330337524414, q_loss 8.666330337524414, v_loss 0.0 ,lr 1.0000000000000002e-06
INFO:root:epoch 8, Episode 173, total_loss: 3.2091708183288574, q_loss 3.1980745792388916, v_loss 0.011096223257482052 ,lr 1.0000000000000002e-06
INFO:root:epoch 8, Episode 174, total_loss: 13.202797889709473, q_loss 13.202797889709473, v_loss 0.0 ,lr 1.0000000000000002e-06
INFO:root:epoch 8, Episode 175, total_loss: 14.97290325164795, q_loss 14.97290325164795, v_loss 0.0 ,lr 1.0000000000000002e-06
INFO:root:epoch 8, Episode 176, total_loss: 6.894033432006836, q_loss 6.894033432006836, v_loss 0.0 ,lr 1.0000000000000002e-06
INFO:root:epoch 8, Episode 177, total_loss: 6.182389259338379, q_loss 6.178850173950195, v_loss 0.003539249999448657 ,lr 1.0000000000000002e-06
INFO:root:epoch 8, Episode 178, total_loss: 10.016255378723145, q_loss 10.016255378723145, v_loss 0.0 ,lr 1.0000000000000002e-06
INFO:root:epoch 8, Episode 179, total_loss: 9.15906810760498, q_loss 9.145001411437988, v_loss 0.014067000709474087 ,lr 1.0000000000000002e-06
INFO:root:epoch 8, Episode 180, total_loss: 9.018036842346191, q_loss 9.00085163116455, v_loss 0.01718561351299286 ,lr 1.0000000000000002e-06
INFO:root:epoch 8, Episode 181, total_loss: 3.954245090484619, q_loss 3.930906057357788, v_loss 0.023339122533798218 ,lr 1.0000000000000002e-06
INFO:root:epoch 8, Episode 182, total_loss: 4.541054725646973, q_loss 4.49837064743042, v_loss 0.04268394038081169 ,lr 1.0000000000000002e-06
INFO:root:epoch 9, Episode 0, total_loss: 3.102686643600464, q_loss 3.102686643600464, v_loss 0.0 ,lr 1.0000000000000002e-06
INFO:root:epoch 9, Episode 1, total_loss: 10.661584854125977, q_loss 10.661584854125977, v_loss 0.0 ,lr 1.0000000000000002e-06
INFO:root:epoch 9, Episode 2, total_loss: 12.594425201416016, q_loss 12.573382377624512, v_loss 0.02104276232421398 ,lr 1.0000000000000002e-06
INFO:root:epoch 9, Episode 3, total_loss: 12.9180269241333, q_loss 12.9180269241333, v_loss 0.0 ,lr 1.0000000000000002e-06
INFO:root:epoch 9, Episode 4, total_loss: 6.001654624938965, q_loss 6.001654624938965, v_loss 0.0 ,lr 1.0000000000000002e-06
INFO:root:epoch 9, Episode 5, total_loss: 10.384697914123535, q_loss 10.384697914123535, v_loss 0.0 ,lr 1.0000000000000002e-06
INFO:root:epoch 9, Episode 6, total_loss: 6.304279327392578, q_loss 6.304279327392578, v_loss 0.0 ,lr 1.0000000000000002e-06
INFO:root:epoch 9, Episode 7, total_loss: 14.12847900390625, q_loss 14.12847900390625, v_loss 0.0 ,lr 1.0000000000000002e-06
INFO:root:epoch 9, Episode 8, total_loss: 0.249888613820076, q_loss 0.249888613820076, v_loss 0.0 ,lr 1.0000000000000002e-06
INFO:root:epoch 9, Episode 9, total_loss: 2.363703727722168, q_loss 2.331155300140381, v_loss 0.03254842013120651 ,lr 1.0000000000000002e-06
INFO:root:epoch 9, Episode 10, total_loss: 3.9566423892974854, q_loss 3.9563896656036377, v_loss 0.0002528020122554153 ,lr 1.0000000000000002e-06
INFO:root:epoch 9, Episode 11, total_loss: 7.185941219329834, q_loss 7.185941219329834, v_loss 0.0 ,lr 1.0000000000000002e-06
INFO:root:epoch 9, Episode 12, total_loss: 14.229620933532715, q_loss 14.187522888183594, v_loss 0.04209808632731438 ,lr 1.0000000000000002e-06
INFO:root:epoch 9, Episode 13, total_loss: 12.633254051208496, q_loss 12.633254051208496, v_loss 0.0 ,lr 1.0000000000000002e-06
INFO:root:epoch 9, Episode 14, total_loss: 13.921521186828613, q_loss 13.921521186828613, v_loss 0.0 ,lr 1.0000000000000002e-06
INFO:root:epoch 9, Episode 15, total_loss: 2.356006383895874, q_loss 2.356006383895874, v_loss 0.0 ,lr 1.0000000000000002e-06
INFO:root:epoch 9, Episode 16, total_loss: 7.948166847229004, q_loss 7.862009525299072, v_loss 0.08615709841251373 ,lr 1.0000000000000002e-06
INFO:root:epoch 9, Episode 17, total_loss: 10.379852294921875, q_loss 10.379852294921875, v_loss 0.0 ,lr 1.0000000000000002e-06
INFO:root:epoch 9, Episode 18, total_loss: 16.1939697265625, q_loss 16.1939697265625, v_loss 0.0 ,lr 1.0000000000000002e-06
INFO:root:epoch 9, Episode 19, total_loss: 15.704890251159668, q_loss 15.704890251159668, v_loss 0.0 ,lr 1.0000000000000002e-06
INFO:root:epoch 9, Episode 20, total_loss: 13.42149543762207, q_loss 13.42149543762207, v_loss 0.0 ,lr 1.0000000000000002e-06
INFO:root:epoch 9, Episode 21, total_loss: 5.69403076171875, q_loss 5.693605422973633, v_loss 0.00042536278488114476 ,lr 1.0000000000000002e-06
INFO:root:epoch 9, Episode 22, total_loss: 2.980804681777954, q_loss 2.9802756309509277, v_loss 0.0005289898253977299 ,lr 1.0000000000000002e-06
INFO:root:epoch 9, Episode 23, total_loss: 10.434733390808105, q_loss 10.434733390808105, v_loss 0.0 ,lr 1.0000000000000002e-06
INFO:root:epoch 9, Episode 24, total_loss: 1.0222018957138062, q_loss 0.9935802221298218, v_loss 0.028621725738048553 ,lr 1.0000000000000002e-06
INFO:root:epoch 9, Episode 25, total_loss: 3.5340259075164795, q_loss 3.5340259075164795, v_loss 0.0 ,lr 1.0000000000000002e-06
INFO:root:epoch 9, Episode 26, total_loss: 0.0637407898902893, q_loss 0.0637407898902893, v_loss 0.0 ,lr 1.0000000000000002e-06
INFO:root:epoch 9, Episode 27, total_loss: 3.3604469299316406, q_loss 3.2505788803100586, v_loss 0.10986815392971039 ,lr 1.0000000000000002e-06
INFO:root:epoch 9, Episode 28, total_loss: 13.253073692321777, q_loss 13.21339225769043, v_loss 0.03968111425638199 ,lr 1.0000000000000002e-06
INFO:root:epoch 9, Episode 29, total_loss: 16.57994270324707, q_loss 16.57994270324707, v_loss 0.0 ,lr 1.0000000000000002e-06
INFO:root:epoch 9, Episode 30, total_loss: 13.778186798095703, q_loss 13.778186798095703, v_loss 0.0 ,lr 1.0000000000000002e-06
INFO:root:epoch 9, Episode 31, total_loss: 3.0473344326019287, q_loss 3.0473344326019287, v_loss 0.0 ,lr 1.0000000000000002e-06
INFO:root:epoch 9, Episode 32, total_loss: 7.205678462982178, q_loss 7.2032294273376465, v_loss 0.0024488631170243025 ,lr 1.0000000000000002e-06
INFO:root:epoch 9, Episode 33, total_loss: 17.020727157592773, q_loss 17.020727157592773, v_loss 0.0 ,lr 1.0000000000000002e-06
INFO:root:epoch 9, Episode 34, total_loss: 0.39221352338790894, q_loss 0.39221352338790894, v_loss 0.0 ,lr 1.0000000000000002e-06
INFO:root:epoch 9, Episode 35, total_loss: 6.254244804382324, q_loss 6.254244804382324, v_loss 0.0 ,lr 1.0000000000000002e-06
INFO:root:epoch 9, Episode 36, total_loss: 3.730562686920166, q_loss 3.596975326538086, v_loss 0.13358739018440247 ,lr 1.0000000000000002e-06
INFO:root:epoch 9, Episode 37, total_loss: 12.627120971679688, q_loss 12.627120971679688, v_loss 0.0 ,lr 1.0000000000000002e-06
INFO:root:epoch 9, Episode 38, total_loss: 7.540374279022217, q_loss 7.513359546661377, v_loss 0.02701496332883835 ,lr 1.0000000000000002e-06
INFO:root:epoch 9, Episode 39, total_loss: 1.60055410861969, q_loss 1.60055410861969, v_loss 0.0 ,lr 1.0000000000000002e-06
INFO:root:epoch 9, Episode 40, total_loss: 16.632125854492188, q_loss 16.632125854492188, v_loss 0.0 ,lr 1.0000000000000002e-06
INFO:root:epoch 9, Episode 41, total_loss: 5.213663578033447, q_loss 5.213663578033447, v_loss 0.0 ,lr 1.0000000000000002e-06
INFO:root:epoch 9, Episode 42, total_loss: 14.344910621643066, q_loss 14.344910621643066, v_loss 0.0 ,lr 1.0000000000000002e-06
INFO:root:epoch 9, Episode 43, total_loss: 9.541196823120117, q_loss 9.541196823120117, v_loss 0.0 ,lr 1.0000000000000002e-06
INFO:root:epoch 9, Episode 44, total_loss: 15.284440994262695, q_loss 15.284440994262695, v_loss 0.0 ,lr 1.0000000000000002e-06
INFO:root:epoch 9, Episode 45, total_loss: 2.091437578201294, q_loss 2.091437578201294, v_loss 0.0 ,lr 1.0000000000000002e-06
INFO:root:epoch 9, Episode 46, total_loss: 3.4325520992279053, q_loss 3.4325520992279053, v_loss 0.0 ,lr 1.0000000000000002e-06
INFO:root:epoch 9, Episode 47, total_loss: 6.516392230987549, q_loss 6.516392230987549, v_loss 0.0 ,lr 1.0000000000000002e-06
INFO:root:epoch 9, Episode 48, total_loss: 12.41936206817627, q_loss 12.41936206817627, v_loss 0.0 ,lr 1.0000000000000002e-06
INFO:root:epoch 9, Episode 49, total_loss: 2945.7197265625, q_loss 2945.7197265625, v_loss 0.0 ,lr 1.0000000000000002e-06
INFO:root:epoch 9, Episode 50, total_loss: 0.002548865508288145, q_loss 0.002548865508288145, v_loss 0.0 ,lr 1.0000000000000002e-06
INFO:root:epoch 9, Episode 51, total_loss: 1.4773731231689453, q_loss 1.4760552644729614, v_loss 0.0013179033994674683 ,lr 1.0000000000000002e-06
INFO:root:epoch 9, Episode 52, total_loss: 3.261284589767456, q_loss 3.190000295639038, v_loss 0.07128424942493439 ,lr 1.0000000000000002e-06
INFO:root:epoch 9, Episode 53, total_loss: 2.0352883338928223, q_loss 2.0352883338928223, v_loss 0.0 ,lr 1.0000000000000002e-06
INFO:root:val_loss 1.3231208324432373
INFO:root:epoch 9, Episode 54, total_loss: 2.607020854949951, q_loss 2.607020854949951, v_loss 0.0 ,lr 1.0000000000000002e-06
INFO:root:epoch 9, Episode 55, total_loss: 0.6027288436889648, q_loss 0.6027288436889648, v_loss 0.0 ,lr 1.0000000000000002e-06
INFO:root:epoch 9, Episode 56, total_loss: 3.73231840133667, q_loss 3.699388265609741, v_loss 0.03293009102344513 ,lr 1.0000000000000002e-06
INFO:root:epoch 9, Episode 57, total_loss: 13.624990463256836, q_loss 13.624990463256836, v_loss 0.0 ,lr 1.0000000000000002e-06
INFO:root:epoch 9, Episode 58, total_loss: 9.61104679107666, q_loss 9.56019115447998, v_loss 0.050855398178100586 ,lr 1.0000000000000002e-06
INFO:root:epoch 9, Episode 59, total_loss: 5.85200834274292, q_loss 5.85200834274292, v_loss 0.0 ,lr 1.0000000000000002e-06
INFO:root:epoch 9, Episode 60, total_loss: 8.381441116333008, q_loss 8.381441116333008, v_loss 0.0 ,lr 1.0000000000000002e-06
INFO:root:epoch 9, Episode 61, total_loss: 3.6408865451812744, q_loss 3.5367162227630615, v_loss 0.10417039692401886 ,lr 1.0000000000000002e-06
INFO:root:epoch 9, Episode 62, total_loss: 14.501059532165527, q_loss 14.501059532165527, v_loss 0.0 ,lr 1.0000000000000002e-06
INFO:root:epoch 9, Episode 63, total_loss: 7.7361369132995605, q_loss 7.701051712036133, v_loss 0.035085245966911316 ,lr 1.0000000000000002e-06
INFO:root:epoch 9, Episode 64, total_loss: 13.989485740661621, q_loss 13.949758529663086, v_loss 0.03972712531685829 ,lr 1.0000000000000002e-06
INFO:root:epoch 9, Episode 65, total_loss: 3.0576064586639404, q_loss 3.0576064586639404, v_loss 0.0 ,lr 1.0000000000000002e-06
INFO:root:epoch 9, Episode 66, total_loss: 0.5036332011222839, q_loss 0.44133684039115906, v_loss 0.06229635328054428 ,lr 1.0000000000000002e-06
INFO:root:epoch 9, Episode 67, total_loss: 6.1278510093688965, q_loss 6.0626325607299805, v_loss 0.06521861255168915 ,lr 1.0000000000000002e-06
INFO:root:epoch 9, Episode 68, total_loss: 10.962695121765137, q_loss 10.962695121765137, v_loss 0.0 ,lr 1.0000000000000002e-06
INFO:root:epoch 9, Episode 69, total_loss: 16.896512985229492, q_loss 16.896512985229492, v_loss 0.0 ,lr 1.0000000000000002e-06
INFO:root:epoch 9, Episode 70, total_loss: 7.236297607421875, q_loss 7.236297607421875, v_loss 0.0 ,lr 1.0000000000000002e-06
INFO:root:epoch 9, Episode 71, total_loss: 1.2284393310546875, q_loss 1.2284393310546875, v_loss 0.0 ,lr 1.0000000000000002e-06
INFO:root:epoch 9, Episode 72, total_loss: 10.37134838104248, q_loss 10.37134838104248, v_loss 0.0 ,lr 1.0000000000000002e-06
INFO:root:epoch 9, Episode 73, total_loss: 0.2857624292373657, q_loss 0.11381205916404724, v_loss 0.1719503551721573 ,lr 1.0000000000000002e-06
INFO:root:epoch 9, Episode 74, total_loss: 4.424815654754639, q_loss 4.424815654754639, v_loss 0.0 ,lr 1.0000000000000002e-06
INFO:root:epoch 9, Episode 75, total_loss: 17.13747215270996, q_loss 17.13747215270996, v_loss 0.0 ,lr 1.0000000000000002e-06
INFO:root:epoch 9, Episode 76, total_loss: 5.129518985748291, q_loss 5.129518985748291, v_loss 0.0 ,lr 1.0000000000000002e-06
INFO:root:epoch 9, Episode 77, total_loss: 4.8351216316223145, q_loss 4.8351216316223145, v_loss 0.0 ,lr 1.0000000000000002e-06
INFO:root:epoch 9, Episode 78, total_loss: 8.196802139282227, q_loss 8.084590911865234, v_loss 0.11221076548099518 ,lr 1.0000000000000002e-06
INFO:root:epoch 9, Episode 79, total_loss: 14.552618026733398, q_loss 14.552618026733398, v_loss 0.0 ,lr 1.0000000000000002e-06
INFO:root:epoch 9, Episode 80, total_loss: 13.166244506835938, q_loss 13.166244506835938, v_loss 0.0 ,lr 1.0000000000000002e-06
INFO:root:epoch 9, Episode 81, total_loss: 10.851434707641602, q_loss 10.851434707641602, v_loss 0.0 ,lr 1.0000000000000002e-06
INFO:root:epoch 9, Episode 82, total_loss: 1.5389888286590576, q_loss 1.5389888286590576, v_loss 0.0 ,lr 1.0000000000000002e-06
INFO:root:epoch 9, Episode 83, total_loss: 1.3176108598709106, q_loss 1.306877851486206, v_loss 0.010732991620898247 ,lr 1.0000000000000002e-06
INFO:root:epoch 9, Episode 84, total_loss: 4.379283428192139, q_loss 4.379266738891602, v_loss 1.6742424122639932e-05 ,lr 1.0000000000000002e-06
INFO:root:epoch 9, Episode 85, total_loss: 2.1842410564422607, q_loss 2.1795248985290527, v_loss 0.0047161574475467205 ,lr 1.0000000000000002e-06
INFO:root:epoch 9, Episode 86, total_loss: 9.890480041503906, q_loss 9.890480041503906, v_loss 0.0 ,lr 1.0000000000000002e-06
INFO:root:epoch 9, Episode 87, total_loss: 10.549312591552734, q_loss 10.549312591552734, v_loss 0.0 ,lr 1.0000000000000002e-06
INFO:root:epoch 9, Episode 88, total_loss: 14.824460983276367, q_loss 14.824460983276367, v_loss 0.0 ,lr 1.0000000000000002e-06
INFO:root:epoch 9, Episode 89, total_loss: 18.42669105529785, q_loss 18.42669105529785, v_loss 0.0 ,lr 1.0000000000000002e-06
INFO:root:epoch 9, Episode 90, total_loss: 4.998293399810791, q_loss 4.930688381195068, v_loss 0.06760510802268982 ,lr 1.0000000000000002e-06
INFO:root:epoch 9, Episode 91, total_loss: 16.94784164428711, q_loss 16.94784164428711, v_loss 0.0 ,lr 1.0000000000000002e-06
INFO:root:epoch 9, Episode 92, total_loss: 8.727102279663086, q_loss 8.596282958984375, v_loss 0.1308189183473587 ,lr 1.0000000000000002e-06
INFO:root:epoch 9, Episode 93, total_loss: 15.8224458694458, q_loss 15.8224458694458, v_loss 0.0 ,lr 1.0000000000000002e-06
INFO:root:epoch 9, Episode 94, total_loss: 1.9024301767349243, q_loss 1.8465615510940552, v_loss 0.055868636816740036 ,lr 1.0000000000000002e-06
INFO:root:epoch 9, Episode 95, total_loss: 9.413432121276855, q_loss 9.371561050415039, v_loss 0.04187140613794327 ,lr 1.0000000000000002e-06
INFO:root:epoch 9, Episode 96, total_loss: 12.400571823120117, q_loss 12.400571823120117, v_loss 0.0 ,lr 1.0000000000000002e-06
INFO:root:epoch 9, Episode 97, total_loss: 6.911895751953125, q_loss 6.803599834442139, v_loss 0.10829576849937439 ,lr 1.0000000000000002e-06
INFO:root:epoch 9, Episode 98, total_loss: 17.059425354003906, q_loss 17.059425354003906, v_loss 0.0 ,lr 1.0000000000000002e-06
INFO:root:epoch 9, Episode 99, total_loss: 14.56192398071289, q_loss 14.532293319702148, v_loss 0.02963072434067726 ,lr 1.0000000000000002e-06
INFO:root:epoch 9, Episode 100, total_loss: 1.1005351543426514, q_loss 1.0643409490585327, v_loss 0.036194220185279846 ,lr 1.0000000000000002e-06
INFO:root:epoch 9, Episode 101, total_loss: 9.330831527709961, q_loss 9.1784086227417, v_loss 0.15242281556129456 ,lr 1.0000000000000002e-06
INFO:root:epoch 9, Episode 102, total_loss: 16.86955451965332, q_loss 16.86955451965332, v_loss 0.0 ,lr 1.0000000000000002e-06
INFO:root:epoch 9, Episode 103, total_loss: 11.715225219726562, q_loss 11.715225219726562, v_loss 0.0 ,lr 1.0000000000000002e-06
INFO:root:epoch 9, Episode 104, total_loss: 5.355830580811016e-05, q_loss 5.355830580811016e-05, v_loss 0.0 ,lr 1.0000000000000002e-06
INFO:root:epoch 9, Episode 105, total_loss: 13.358965873718262, q_loss 13.354945182800293, v_loss 0.004020544700324535 ,lr 1.0000000000000002e-06
INFO:root:epoch 9, Episode 106, total_loss: 8.91413688659668, q_loss 8.91413688659668, v_loss 0.0 ,lr 1.0000000000000002e-06
INFO:root:epoch 9, Episode 107, total_loss: 11.206291198730469, q_loss 11.206291198730469, v_loss 0.0 ,lr 1.0000000000000002e-06
INFO:root:epoch 9, Episode 108, total_loss: 7.197882652282715, q_loss 7.197882652282715, v_loss 0.0 ,lr 1.0000000000000002e-06
INFO:root:epoch 9, Episode 109, total_loss: 1.301095962524414, q_loss 1.2689597606658936, v_loss 0.03213619440793991 ,lr 1.0000000000000002e-06
INFO:root:epoch 9, Episode 110, total_loss: 9.896233558654785, q_loss 9.809961318969727, v_loss 0.08627213537693024 ,lr 1.0000000000000002e-06
INFO:root:epoch 9, Episode 111, total_loss: 8.629365921020508, q_loss 8.629365921020508, v_loss 0.0 ,lr 1.0000000000000002e-06
INFO:root:epoch 9, Episode 112, total_loss: 9.552806854248047, q_loss 9.542529106140137, v_loss 0.010277912952005863 ,lr 1.0000000000000002e-06
INFO:root:epoch 9, Episode 113, total_loss: 15.93586540222168, q_loss 15.93586540222168, v_loss 0.0 ,lr 1.0000000000000002e-06
INFO:root:epoch 9, Episode 114, total_loss: 10.723111152648926, q_loss 10.723111152648926, v_loss 0.0 ,lr 1.0000000000000002e-06
INFO:root:epoch 9, Episode 115, total_loss: 0.774707555770874, q_loss 0.774707555770874, v_loss 0.0 ,lr 1.0000000000000002e-06
INFO:root:epoch 9, Episode 116, total_loss: 7.897026062011719, q_loss 7.871542453765869, v_loss 0.025483814999461174 ,lr 1.0000000000000002e-06
INFO:root:epoch 9, Episode 117, total_loss: 0.2305537611246109, q_loss 0.2305537611246109, v_loss 0.0 ,lr 1.0000000000000002e-06
INFO:root:epoch 9, Episode 118, total_loss: 15.263566970825195, q_loss 15.205242156982422, v_loss 0.058325204998254776 ,lr 1.0000000000000002e-06
INFO:root:epoch 9, Episode 119, total_loss: 14.063031196594238, q_loss 14.063031196594238, v_loss 0.0 ,lr 1.0000000000000002e-06
INFO:root:epoch 9, Episode 120, total_loss: 8.123008728027344, q_loss 8.123008728027344, v_loss 0.0 ,lr 1.0000000000000002e-06
INFO:root:epoch 9, Episode 121, total_loss: 6.665957927703857, q_loss 6.5918192863464355, v_loss 0.07413861155509949 ,lr 1.0000000000000002e-06
INFO:root:epoch 9, Episode 122, total_loss: 4.790452480316162, q_loss 4.759227275848389, v_loss 0.031225314363837242 ,lr 1.0000000000000002e-06
INFO:root:epoch 9, Episode 123, total_loss: 4.053659439086914, q_loss 4.053659439086914, v_loss 0.0 ,lr 1.0000000000000002e-06
INFO:root:epoch 9, Episode 124, total_loss: 6.248834133148193, q_loss 6.248834133148193, v_loss 0.0 ,lr 1.0000000000000002e-06
INFO:root:epoch 9, Episode 125, total_loss: 13.66459846496582, q_loss 13.66459846496582, v_loss 0.0 ,lr 1.0000000000000002e-06
INFO:root:epoch 9, Episode 126, total_loss: 7.870963096618652, q_loss 7.870963096618652, v_loss 0.0 ,lr 1.0000000000000002e-06
INFO:root:epoch 9, Episode 127, total_loss: 1.753910779953003, q_loss 1.7459800243377686, v_loss 0.007930761203169823 ,lr 1.0000000000000002e-06
INFO:root:epoch 9, Episode 128, total_loss: 13.631632804870605, q_loss 13.631632804870605, v_loss 0.0 ,lr 1.0000000000000002e-06
INFO:root:epoch 9, Episode 129, total_loss: 0.0028009829111397266, q_loss 0.0028009829111397266, v_loss 0.0 ,lr 1.0000000000000002e-06
INFO:root:epoch 9, Episode 130, total_loss: 9.227228164672852, q_loss 9.007226943969727, v_loss 0.22000078856945038 ,lr 1.0000000000000002e-06
INFO:root:epoch 9, Episode 131, total_loss: 2.347738265991211, q_loss 2.3394503593444824, v_loss 0.00828798208385706 ,lr 1.0000000000000002e-06
INFO:root:epoch 9, Episode 132, total_loss: 11.498126983642578, q_loss 11.498126983642578, v_loss 0.0 ,lr 1.0000000000000002e-06
INFO:root:epoch 9, Episode 133, total_loss: 8.434346199035645, q_loss 8.434346199035645, v_loss 0.0 ,lr 1.0000000000000002e-06
INFO:root:epoch 9, Episode 134, total_loss: 9.742035865783691, q_loss 9.703577995300293, v_loss 0.03845830261707306 ,lr 1.0000000000000002e-06
INFO:root:epoch 9, Episode 135, total_loss: 10497.7978515625, q_loss 10497.7978515625, v_loss 0.0 ,lr 1.0000000000000002e-06
INFO:root:epoch 9, Episode 136, total_loss: 13.973532676696777, q_loss 13.973532676696777, v_loss 0.0 ,lr 1.0000000000000002e-06
INFO:root:epoch 9, Episode 137, total_loss: 3.18312668800354, q_loss 3.1318349838256836, v_loss 0.05129169672727585 ,lr 1.0000000000000002e-06
INFO:root:epoch 9, Episode 138, total_loss: 10.004785537719727, q_loss 10.004785537719727, v_loss 0.0 ,lr 1.0000000000000002e-06
INFO:root:epoch 9, Episode 139, total_loss: 8.081790924072266, q_loss 8.031966209411621, v_loss 0.04982512444257736 ,lr 1.0000000000000002e-06
INFO:root:epoch 9, Episode 140, total_loss: 19.00337791442871, q_loss 19.00337791442871, v_loss 0.0 ,lr 1.0000000000000002e-06
INFO:root:epoch 9, Episode 141, total_loss: 1.9985640048980713, q_loss 1.9968372583389282, v_loss 0.0017267117509618402 ,lr 1.0000000000000002e-06
INFO:root:epoch 9, Episode 142, total_loss: 0.5894913673400879, q_loss 0.5447664260864258, v_loss 0.0447249710559845 ,lr 1.0000000000000002e-06
INFO:root:epoch 9, Episode 143, total_loss: 3.533994674682617, q_loss 3.533994674682617, v_loss 0.0 ,lr 1.0000000000000002e-06
INFO:root:epoch 9, Episode 144, total_loss: 9.455316543579102, q_loss 9.455316543579102, v_loss 0.0 ,lr 1.0000000000000002e-06
INFO:root:epoch 9, Episode 145, total_loss: 1.7273945808410645, q_loss 1.7273945808410645, v_loss 0.0 ,lr 1.0000000000000002e-06
INFO:root:epoch 9, Episode 146, total_loss: 11.1436767578125, q_loss 11.1436767578125, v_loss 0.0 ,lr 1.0000000000000002e-06
INFO:root:epoch 9, Episode 147, total_loss: 2.3819687366485596, q_loss 2.336198091506958, v_loss 0.04577070102095604 ,lr 1.0000000000000002e-06
INFO:root:epoch 9, Episode 148, total_loss: 3.037659168243408, q_loss 3.037659168243408, v_loss 0.0 ,lr 1.0000000000000002e-06
INFO:root:epoch 9, Episode 149, total_loss: 5.949709892272949, q_loss 5.949709892272949, v_loss 0.0 ,lr 1.0000000000000002e-06
INFO:root:epoch 9, Episode 150, total_loss: 7.823641777038574, q_loss 7.823641777038574, v_loss 0.0 ,lr 1.0000000000000002e-06
INFO:root:epoch 9, Episode 151, total_loss: 13.987483024597168, q_loss 13.8228178024292, v_loss 0.1646648794412613 ,lr 1.0000000000000002e-06
INFO:root:epoch 9, Episode 152, total_loss: 18.112194061279297, q_loss 18.112194061279297, v_loss 0.0 ,lr 1.0000000000000002e-06
INFO:root:epoch 9, Episode 153, total_loss: 10.201140403747559, q_loss 10.201140403747559, v_loss 0.0 ,lr 1.0000000000000002e-06
INFO:root:val_loss 1.3008642196655273
INFO:root:epoch 9, Episode 154, total_loss: 0.3351200819015503, q_loss 0.224347785115242, v_loss 0.11077231168746948 ,lr 1.0000000000000002e-06
INFO:root:epoch 9, Episode 155, total_loss: 17.200572967529297, q_loss 17.200572967529297, v_loss 0.0 ,lr 1.0000000000000002e-06
INFO:root:epoch 9, Episode 156, total_loss: 8.293741226196289, q_loss 8.293741226196289, v_loss 0.0 ,lr 1.0000000000000002e-06
INFO:root:epoch 9, Episode 157, total_loss: 14.230184555053711, q_loss 14.230184555053711, v_loss 0.0 ,lr 1.0000000000000002e-06
INFO:root:epoch 9, Episode 158, total_loss: 7.017284393310547, q_loss 7.017284393310547, v_loss 0.0 ,lr 1.0000000000000002e-06
INFO:root:epoch 9, Episode 159, total_loss: 8.30152702331543, q_loss 8.297426223754883, v_loss 0.004100786056369543 ,lr 1.0000000000000002e-06
INFO:root:epoch 9, Episode 160, total_loss: 14.248358726501465, q_loss 14.248358726501465, v_loss 0.0 ,lr 1.0000000000000002e-06
INFO:root:epoch 9, Episode 161, total_loss: 0.34006428718566895, q_loss 0.34006428718566895, v_loss 0.0 ,lr 1.0000000000000002e-06
INFO:root:epoch 9, Episode 162, total_loss: 2.8778531551361084, q_loss 2.8305885791778564, v_loss 0.047264520078897476 ,lr 1.0000000000000002e-06
INFO:root:epoch 9, Episode 163, total_loss: 3.240528106689453, q_loss 3.2110373973846436, v_loss 0.029490699991583824 ,lr 1.0000000000000002e-06
INFO:root:epoch 9, Episode 164, total_loss: 2.3590762615203857, q_loss 2.3590762615203857, v_loss 0.0 ,lr 1.0000000000000002e-06
INFO:root:epoch 9, Episode 165, total_loss: 4578.03759765625, q_loss 4578.03759765625, v_loss 0.0 ,lr 1.0000000000000002e-06
INFO:root:epoch 9, Episode 166, total_loss: 2.240205764770508, q_loss 2.1887388229370117, v_loss 0.051466889679431915 ,lr 1.0000000000000002e-06
INFO:root:epoch 9, Episode 167, total_loss: 19.17483139038086, q_loss 19.17483139038086, v_loss 0.0 ,lr 1.0000000000000002e-06
INFO:root:epoch 9, Episode 168, total_loss: 16.72940444946289, q_loss 16.72940444946289, v_loss 0.0 ,lr 1.0000000000000002e-06
INFO:root:epoch 9, Episode 169, total_loss: 4.650461673736572, q_loss 4.650461673736572, v_loss 0.0 ,lr 1.0000000000000002e-06
INFO:root:epoch 9, Episode 170, total_loss: 8.421337127685547, q_loss 8.39703369140625, v_loss 0.024303674697875977 ,lr 1.0000000000000002e-06
INFO:root:epoch 9, Episode 171, total_loss: 1.7128490209579468, q_loss 1.7128490209579468, v_loss 0.0 ,lr 1.0000000000000002e-06
INFO:root:epoch 9, Episode 172, total_loss: 8.6663236618042, q_loss 8.6663236618042, v_loss 0.0 ,lr 1.0000000000000002e-06
INFO:root:epoch 9, Episode 173, total_loss: 3.2091238498687744, q_loss 3.1980340480804443, v_loss 0.01108977384865284 ,lr 1.0000000000000002e-06
INFO:root:epoch 9, Episode 174, total_loss: 13.202775955200195, q_loss 13.202775955200195, v_loss 0.0 ,lr 1.0000000000000002e-06
INFO:root:epoch 9, Episode 175, total_loss: 14.972874641418457, q_loss 14.972874641418457, v_loss 0.0 ,lr 1.0000000000000002e-06
INFO:root:epoch 9, Episode 176, total_loss: 6.89401912689209, q_loss 6.89401912689209, v_loss 0.0 ,lr 1.0000000000000002e-06
INFO:root:epoch 9, Episode 177, total_loss: 6.182407855987549, q_loss 6.178873538970947, v_loss 0.003534378483891487 ,lr 1.0000000000000002e-06
INFO:root:epoch 9, Episode 178, total_loss: 10.01624584197998, q_loss 10.01624584197998, v_loss 0.0 ,lr 1.0000000000000002e-06
INFO:root:epoch 9, Episode 179, total_loss: 9.159056663513184, q_loss 9.144991874694824, v_loss 0.014064480550587177 ,lr 1.0000000000000002e-06
INFO:root:epoch 9, Episode 180, total_loss: 9.018260955810547, q_loss 9.00108814239502, v_loss 0.0171731598675251 ,lr 1.0000000000000002e-06
INFO:root:epoch 9, Episode 181, total_loss: 3.954198122024536, q_loss 3.9308648109436035, v_loss 0.023333236575126648 ,lr 1.0000000000000002e-06
INFO:root:epoch 9, Episode 182, total_loss: 4.540567398071289, q_loss 4.498105525970459, v_loss 0.04246196150779724 ,lr 1.0000000000000002e-06
