INFO:root:epoch 0, Episode 0, total_loss: 9986.7431640625, q_loss 9934.7138671875, v_loss 52.02934265136719 ,lr 0.01
INFO:root:epoch 0, Episode 1, total_loss: 657421248.0, q_loss 657412672.0, v_loss 8602.21484375 ,lr 0.01
INFO:root:epoch 0, Episode 2, total_loss: 7717683.5, q_loss 7714975.5, v_loss 2708.1611328125 ,lr 0.01
INFO:root:epoch 0, Episode 3, total_loss: 48183948.0, q_loss 48178988.0, v_loss 4960.3701171875 ,lr 0.01
INFO:root:epoch 0, Episode 4, total_loss: 3434646.75, q_loss 3433216.75, v_loss 1429.885009765625 ,lr 0.01
INFO:root:epoch 0, Episode 5, total_loss: 13702686.0, q_loss 13699447.0, v_loss 3239.1767578125 ,lr 0.01
INFO:root:epoch 0, Episode 6, total_loss: 784566.125, q_loss 783899.1875, v_loss 666.9262084960938 ,lr 0.01
INFO:root:epoch 0, Episode 7, total_loss: 14256.7314453125, q_loss 14234.7724609375, v_loss 21.959388732910156 ,lr 0.01
INFO:root:epoch 0, Episode 8, total_loss: 25201.619140625, q_loss 25105.984375, v_loss 95.63561248779297 ,lr 0.01
INFO:root:epoch 0, Episode 9, total_loss: 49590.07421875, q_loss 49491.69921875, v_loss 98.37494659423828 ,lr 0.01
INFO:root:epoch 0, Episode 10, total_loss: 4288.07861328125, q_loss 4281.59521484375, v_loss 6.483543395996094 ,lr 0.01
INFO:root:epoch 0, Episode 11, total_loss: 12427.166015625, q_loss 12356.87890625, v_loss 70.2869644165039 ,lr 0.01
INFO:root:epoch 0, Episode 12, total_loss: 5301.07080078125, q_loss 5280.11474609375, v_loss 20.956287384033203 ,lr 0.01
INFO:root:epoch 0, Episode 13, total_loss: 14224.0966796875, q_loss 14184.294921875, v_loss 39.80190658569336 ,lr 0.01
INFO:root:epoch 0, Episode 14, total_loss: 4099.38330078125, q_loss 4086.9794921875, v_loss 12.403855323791504 ,lr 0.01
INFO:root:epoch 0, Episode 15, total_loss: 6833.439453125, q_loss 6818.099609375, v_loss 15.339899063110352 ,lr 0.01
INFO:root:epoch 0, Episode 16, total_loss: 10078.23046875, q_loss 10042.38671875, v_loss 35.84388732910156 ,lr 0.01
INFO:root:epoch 0, Episode 17, total_loss: 12754.765625, q_loss 12745.11328125, v_loss 9.652275085449219 ,lr 0.01
INFO:root:epoch 0, Episode 18, total_loss: 3606.9462890625, q_loss 3600.339599609375, v_loss 6.606618881225586 ,lr 0.01
INFO:root:epoch 0, Episode 19, total_loss: 1955.6749267578125, q_loss 1951.4346923828125, v_loss 4.240238666534424 ,lr 0.01
INFO:root:epoch 0, Episode 20, total_loss: 2152.756591796875, q_loss 2148.59765625, v_loss 4.15898323059082 ,lr 0.01
INFO:root:epoch 0, Episode 21, total_loss: 2721.4365234375, q_loss 2714.62939453125, v_loss 6.807182312011719 ,lr 0.01
INFO:root:epoch 0, Episode 22, total_loss: 2185.32470703125, q_loss 2180.580322265625, v_loss 4.744399070739746 ,lr 0.01
INFO:root:epoch 0, Episode 23, total_loss: 19449.931640625, q_loss 19403.291015625, v_loss 46.64024353027344 ,lr 0.01
INFO:root:epoch 0, Episode 24, total_loss: 1603.450927734375, q_loss 1601.42626953125, v_loss 2.0246126651763916 ,lr 0.01
INFO:root:epoch 0, Episode 25, total_loss: 2192.825439453125, q_loss 2189.931396484375, v_loss 2.894113779067993 ,lr 0.01
INFO:root:epoch 0, Episode 26, total_loss: 1793.1932373046875, q_loss 1791.2843017578125, v_loss 1.9089138507843018 ,lr 0.01
INFO:root:epoch 0, Episode 27, total_loss: 3009.97607421875, q_loss 3006.422607421875, v_loss 3.553382158279419 ,lr 0.01
INFO:root:epoch 0, Episode 28, total_loss: 1866.853759765625, q_loss 1864.9107666015625, v_loss 1.9429738521575928 ,lr 0.01
INFO:root:epoch 0, Episode 29, total_loss: 4124.7529296875, q_loss 4114.62109375, v_loss 10.131927490234375 ,lr 0.01
INFO:root:epoch 0, Episode 30, total_loss: 4262.54248046875, q_loss 4247.64794921875, v_loss 14.894720077514648 ,lr 0.01
INFO:root:epoch 0, Episode 31, total_loss: 4815.1923828125, q_loss 4805.583984375, v_loss 9.608301162719727 ,lr 0.01
INFO:root:epoch 0, Episode 32, total_loss: 8969.810546875, q_loss 8955.9658203125, v_loss 13.844550132751465 ,lr 0.01
INFO:root:epoch 0, Episode 33, total_loss: 11695.638671875, q_loss 11672.0146484375, v_loss 23.62444305419922 ,lr 0.01
INFO:root:epoch 0, Episode 34, total_loss: 2522.365966796875, q_loss 2520.925048828125, v_loss 1.4408855438232422 ,lr 0.01
INFO:root:epoch 0, Episode 35, total_loss: 4939.115234375, q_loss 4938.0107421875, v_loss 1.1045504808425903 ,lr 0.01
INFO:root:epoch 0, Episode 36, total_loss: 1914.1279296875, q_loss 1913.013427734375, v_loss 1.114443063735962 ,lr 0.01
INFO:root:epoch 0, Episode 37, total_loss: 1365.8861083984375, q_loss 1364.9197998046875, v_loss 0.9663132429122925 ,lr 0.01
INFO:root:epoch 0, Episode 38, total_loss: 2366.397216796875, q_loss 2365.336181640625, v_loss 1.0609163045883179 ,lr 0.01
INFO:root:epoch 0, Episode 39, total_loss: 1652.3651123046875, q_loss 1651.2750244140625, v_loss 1.0900447368621826 ,lr 0.01
INFO:root:epoch 0, Episode 40, total_loss: 2916.207275390625, q_loss 2908.7978515625, v_loss 7.409506320953369 ,lr 0.01
INFO:root:epoch 0, Episode 41, total_loss: 1718.7021484375, q_loss 1717.49169921875, v_loss 1.2103993892669678 ,lr 0.01
INFO:root:epoch 0, Episode 42, total_loss: 1513.292724609375, q_loss 1511.906982421875, v_loss 1.3856987953186035 ,lr 0.01
INFO:root:epoch 0, Episode 43, total_loss: 1190.877197265625, q_loss 1189.7259521484375, v_loss 1.1512147188186646 ,lr 0.01
INFO:root:epoch 0, Episode 44, total_loss: 2621.3427734375, q_loss 2618.31591796875, v_loss 3.026763916015625 ,lr 0.01
INFO:root:epoch 0, Episode 45, total_loss: 3941.728515625, q_loss 3940.088623046875, v_loss 1.6399561166763306 ,lr 0.01
INFO:root:epoch 0, Episode 46, total_loss: 1532.4644775390625, q_loss 1531.372314453125, v_loss 1.0921072959899902 ,lr 0.01
INFO:root:epoch 0, Episode 47, total_loss: 1271.0338134765625, q_loss 1269.856689453125, v_loss 1.1770732402801514 ,lr 0.01
INFO:root:epoch 0, Episode 48, total_loss: 2293.040283203125, q_loss 2291.455810546875, v_loss 1.5845140218734741 ,lr 0.01
INFO:root:epoch 0, Episode 49, total_loss: 1078.7598876953125, q_loss 1077.53955078125, v_loss 1.2203177213668823 ,lr 0.01
INFO:root:epoch 0, Episode 50, total_loss: 2269.439208984375, q_loss 2267.566162109375, v_loss 1.8731389045715332 ,lr 0.01
INFO:root:epoch 0, Episode 51, total_loss: 2188.03857421875, q_loss 2186.58935546875, v_loss 1.4491462707519531 ,lr 0.01
INFO:root:epoch 0, Episode 52, total_loss: 1830.315673828125, q_loss 1828.8392333984375, v_loss 1.476440191268921 ,lr 0.01
INFO:root:epoch 0, Episode 53, total_loss: 2871.857421875, q_loss 2870.502685546875, v_loss 1.3547031879425049 ,lr 0.01
INFO:root:epoch 0, Episode 54, total_loss: 1012.150146484375, q_loss 1010.5634155273438, v_loss 1.586725115776062 ,lr 0.01
INFO:root:epoch 0, Episode 55, total_loss: 2755.017578125, q_loss 2750.6181640625, v_loss 4.399328231811523 ,lr 0.01
INFO:root:epoch 0, Episode 56, total_loss: 3309.842041015625, q_loss 3308.821044921875, v_loss 1.0211039781570435 ,lr 0.01
INFO:root:epoch 0, Episode 57, total_loss: 2254.5390625, q_loss 2253.140380859375, v_loss 1.39874267578125 ,lr 0.01
INFO:root:epoch 0, Episode 58, total_loss: 5695.9287109375, q_loss 5684.97705078125, v_loss 10.951733589172363 ,lr 0.01
INFO:root:epoch 0, Episode 59, total_loss: 1726.3431396484375, q_loss 1724.7098388671875, v_loss 1.6332556009292603 ,lr 0.01
INFO:root:epoch 0, Episode 60, total_loss: 1886.5333251953125, q_loss 1885.3544921875, v_loss 1.1788688898086548 ,lr 0.01
INFO:root:epoch 0, Episode 61, total_loss: 1371.3170166015625, q_loss 1370.404296875, v_loss 0.912734866142273 ,lr 0.01
INFO:root:epoch 0, Episode 62, total_loss: 2876.1552734375, q_loss 2873.64306640625, v_loss 2.5122971534729004 ,lr 0.01
INFO:root:epoch 0, Episode 63, total_loss: 1498.0137939453125, q_loss 1496.996826171875, v_loss 1.0170115232467651 ,lr 0.01
INFO:root:epoch 0, Episode 64, total_loss: 1107.320068359375, q_loss 1106.3675537109375, v_loss 0.9524686336517334 ,lr 0.01
INFO:root:epoch 0, Episode 65, total_loss: 1689.775146484375, q_loss 1688.8204345703125, v_loss 0.954673171043396 ,lr 0.01
INFO:root:epoch 0, Episode 66, total_loss: 2429.5400390625, q_loss 2424.36083984375, v_loss 5.179292678833008 ,lr 0.01
INFO:root:epoch 0, Episode 67, total_loss: 3521.070556640625, q_loss 3519.624755859375, v_loss 1.4458473920822144 ,lr 0.01
INFO:root:epoch 0, Episode 68, total_loss: 3260.39208984375, q_loss 3259.470458984375, v_loss 0.9216306805610657 ,lr 0.01
INFO:root:epoch 0, Episode 69, total_loss: 1396.3857421875, q_loss 1395.363037109375, v_loss 1.0227068662643433 ,lr 0.01
INFO:root:epoch 0, Episode 70, total_loss: 1754.1314697265625, q_loss 1749.937255859375, v_loss 4.194211006164551 ,lr 0.01
INFO:root:epoch 0, Episode 71, total_loss: 2976.64111328125, q_loss 2975.446044921875, v_loss 1.1949701309204102 ,lr 0.01
INFO:root:epoch 0, Episode 72, total_loss: 2527.54736328125, q_loss 2526.596923828125, v_loss 0.9503625631332397 ,lr 0.01
INFO:root:epoch 0, Episode 73, total_loss: 2518.7255859375, q_loss 2516.95458984375, v_loss 1.7710462808609009 ,lr 0.01
INFO:root:epoch 0, Episode 74, total_loss: 1133.1424560546875, q_loss 1132.16943359375, v_loss 0.973018229007721 ,lr 0.01
INFO:root:epoch 0, Episode 75, total_loss: 2631.677001953125, q_loss 2630.422119140625, v_loss 1.2548869848251343 ,lr 0.01
INFO:root:epoch 0, Episode 76, total_loss: 2385.517822265625, q_loss 2382.707763671875, v_loss 2.8100931644439697 ,lr 0.01
INFO:root:epoch 0, Episode 77, total_loss: 3471.418701171875, q_loss 3470.1103515625, v_loss 1.308455467224121 ,lr 0.01
INFO:root:epoch 0, Episode 78, total_loss: 2291.201904296875, q_loss 2289.961669921875, v_loss 1.240288496017456 ,lr 0.01
INFO:root:epoch 0, Episode 79, total_loss: 1641.61865234375, q_loss 1640.5166015625, v_loss 1.102049708366394 ,lr 0.01
INFO:root:epoch 0, Episode 80, total_loss: 2111.016357421875, q_loss 2109.3994140625, v_loss 1.6169050931930542 ,lr 0.01
INFO:root:epoch 0, Episode 81, total_loss: 1449.283203125, q_loss 1447.7857666015625, v_loss 1.4974713325500488 ,lr 0.01
INFO:root:epoch 0, Episode 82, total_loss: 3709.49755859375, q_loss 3707.6162109375, v_loss 1.8814425468444824 ,lr 0.01
INFO:root:epoch 0, Episode 83, total_loss: 924.0324096679688, q_loss 923.0143432617188, v_loss 1.0180716514587402 ,lr 0.01
INFO:root:epoch 0, Episode 84, total_loss: 1624.2491455078125, q_loss 1623.0919189453125, v_loss 1.1571953296661377 ,lr 0.01
INFO:root:epoch 0, Episode 85, total_loss: 2272.272705078125, q_loss 2271.211669921875, v_loss 1.0609278678894043 ,lr 0.01
INFO:root:epoch 0, Episode 86, total_loss: 3353.887451171875, q_loss 3352.798095703125, v_loss 1.089269995689392 ,lr 0.01
INFO:root:epoch 0, Episode 87, total_loss: 1397.38671875, q_loss 1396.3369140625, v_loss 1.049790382385254 ,lr 0.01
INFO:root:epoch 0, Episode 88, total_loss: 1110.7554931640625, q_loss 1109.72412109375, v_loss 1.031396508216858 ,lr 0.01
INFO:root:epoch 0, Episode 89, total_loss: 2667.67822265625, q_loss 2666.656494140625, v_loss 1.0218088626861572 ,lr 0.01
INFO:root:epoch 0, Episode 90, total_loss: 1627.2568359375, q_loss 1625.9908447265625, v_loss 1.265942931175232 ,lr 0.01
INFO:root:epoch 0, Episode 91, total_loss: 3842.27880859375, q_loss 3841.2275390625, v_loss 1.0511752367019653 ,lr 0.01
INFO:root:epoch 0, Episode 92, total_loss: 2327.261962890625, q_loss 2326.20166015625, v_loss 1.0603764057159424 ,lr 0.01
INFO:root:epoch 0, Episode 93, total_loss: 2053.833740234375, q_loss 2052.743896484375, v_loss 1.0897448062896729 ,lr 0.01
INFO:root:epoch 0, Episode 94, total_loss: 1751.8790283203125, q_loss 1750.6912841796875, v_loss 1.1877045631408691 ,lr 0.01
INFO:root:epoch 0, Episode 95, total_loss: 2433.71728515625, q_loss 2432.1015625, v_loss 1.6157841682434082 ,lr 0.01
INFO:root:epoch 0, Episode 96, total_loss: 1996.3223876953125, q_loss 1995.1640625, v_loss 1.1582839488983154 ,lr 0.01
INFO:root:epoch 0, Episode 97, total_loss: 2981.869140625, q_loss 2980.8193359375, v_loss 1.0498073101043701 ,lr 0.01
INFO:root:epoch 0, Episode 98, total_loss: 1800.8262939453125, q_loss 1799.7047119140625, v_loss 1.121522307395935 ,lr 0.01
INFO:root:epoch 0, Episode 99, total_loss: 1781.451416015625, q_loss 1780.313232421875, v_loss 1.1381715536117554 ,lr 0.01
INFO:root:epoch 0, Episode 100, total_loss: 3307.239501953125, q_loss 3306.1787109375, v_loss 1.0607104301452637 ,lr 0.01
INFO:root:epoch 0, Episode 101, total_loss: 1536.3280029296875, q_loss 1535.2249755859375, v_loss 1.1029974222183228 ,lr 0.01
INFO:root:epoch 0, Episode 102, total_loss: 1774.0914306640625, q_loss 1773.03125, v_loss 1.0601845979690552 ,lr 0.01
INFO:root:epoch 0, Episode 103, total_loss: 3422.590576171875, q_loss 3420.205810546875, v_loss 2.3847193717956543 ,lr 0.01
INFO:root:epoch 0, Episode 104, total_loss: 1417.007568359375, q_loss 1415.958251953125, v_loss 1.0492866039276123 ,lr 0.01
INFO:root:epoch 0, Episode 105, total_loss: 1994.0244140625, q_loss 1992.5435791015625, v_loss 1.4807852506637573 ,lr 0.01
INFO:root:epoch 0, Episode 106, total_loss: 2460.702880859375, q_loss 2459.676025390625, v_loss 1.0267807245254517 ,lr 0.01
INFO:root:epoch 0, Episode 107, total_loss: 1078.6650390625, q_loss 1077.59716796875, v_loss 1.06788969039917 ,lr 0.01
INFO:root:epoch 0, Episode 108, total_loss: 2229.6826171875, q_loss 2226.24755859375, v_loss 3.434937000274658 ,lr 0.01
INFO:root:epoch 0, Episode 109, total_loss: 2127.58544921875, q_loss 2126.0732421875, v_loss 1.5121724605560303 ,lr 0.01
INFO:root:epoch 0, Episode 110, total_loss: 2139.27880859375, q_loss 2138.174560546875, v_loss 1.1042428016662598 ,lr 0.01
INFO:root:epoch 0, Episode 111, total_loss: 1341.47802734375, q_loss 1339.009521484375, v_loss 2.4685113430023193 ,lr 0.01
INFO:root:epoch 0, Episode 112, total_loss: 1517.3089599609375, q_loss 1516.254638671875, v_loss 1.0542664527893066 ,lr 0.01
INFO:root:epoch 0, Episode 113, total_loss: 1458.1104736328125, q_loss 1457.05810546875, v_loss 1.0524224042892456 ,lr 0.01
INFO:root:epoch 0, Episode 114, total_loss: 2190.612060546875, q_loss 2189.399658203125, v_loss 1.212359070777893 ,lr 0.01
INFO:root:epoch 0, Episode 115, total_loss: 2502.314208984375, q_loss 2501.21337890625, v_loss 1.100738286972046 ,lr 0.01
INFO:root:epoch 0, Episode 116, total_loss: 3844.419189453125, q_loss 3843.3173828125, v_loss 1.1018550395965576 ,lr 0.01
INFO:root:epoch 0, Episode 117, total_loss: 1531.840087890625, q_loss 1530.6357421875, v_loss 1.2043893337249756 ,lr 0.01
INFO:root:epoch 0, Episode 118, total_loss: 2250.652099609375, q_loss 2249.588134765625, v_loss 1.0639647245407104 ,lr 0.01
INFO:root:epoch 0, Episode 119, total_loss: 1356.3623046875, q_loss 1355.3800048828125, v_loss 0.982327938079834 ,lr 0.01
INFO:root:epoch 0, Episode 120, total_loss: 1868.693115234375, q_loss 1867.6666259765625, v_loss 1.0265246629714966 ,lr 0.01
INFO:root:epoch 0, Episode 121, total_loss: 3084.521484375, q_loss 3083.211669921875, v_loss 1.3098465204238892 ,lr 0.01
INFO:root:epoch 0, Episode 122, total_loss: 2369.981689453125, q_loss 2368.99267578125, v_loss 0.9889123439788818 ,lr 0.01
INFO:root:epoch 0, Episode 123, total_loss: 2966.956787109375, q_loss 2965.974609375, v_loss 0.9820600748062134 ,lr 0.01
INFO:root:epoch 0, Episode 124, total_loss: 2389.92724609375, q_loss 2384.9423828125, v_loss 4.9849042892456055 ,lr 0.01
INFO:root:epoch 0, Episode 125, total_loss: 2100.85546875, q_loss 2099.894775390625, v_loss 0.9605789184570312 ,lr 0.01
INFO:root:epoch 0, Episode 126, total_loss: 1197.12451171875, q_loss 1196.0811767578125, v_loss 1.0433100461959839 ,lr 0.01
INFO:root:epoch 0, Episode 127, total_loss: 2533.635986328125, q_loss 2529.300048828125, v_loss 4.335953712463379 ,lr 0.01
INFO:root:epoch 0, Episode 128, total_loss: 2078.188232421875, q_loss 2077.140380859375, v_loss 1.0479345321655273 ,lr 0.01
INFO:root:epoch 0, Episode 129, total_loss: 2979.949462890625, q_loss 2974.837890625, v_loss 5.111513137817383 ,lr 0.01
INFO:root:epoch 0, Episode 130, total_loss: 3478.484619140625, q_loss 3477.410400390625, v_loss 1.074123740196228 ,lr 0.01
INFO:root:epoch 0, Episode 131, total_loss: 1296.146240234375, q_loss 1295.10009765625, v_loss 1.0461755990982056 ,lr 0.01
INFO:root:epoch 0, Episode 132, total_loss: 1846.048583984375, q_loss 1844.96923828125, v_loss 1.0793540477752686 ,lr 0.01
INFO:root:epoch 0, Episode 133, total_loss: 3304.275634765625, q_loss 3303.1875, v_loss 1.0880669355392456 ,lr 0.01
INFO:root:epoch 0, Episode 134, total_loss: 4298.1484375, q_loss 4291.3056640625, v_loss 6.842717170715332 ,lr 0.01
INFO:root:epoch 0, Episode 135, total_loss: 1128.910888671875, q_loss 1127.82568359375, v_loss 1.0852066278457642 ,lr 0.01
INFO:root:epoch 0, Episode 136, total_loss: 1722.552978515625, q_loss 1720.255126953125, v_loss 2.297853469848633 ,lr 0.01
INFO:root:epoch 0, Episode 137, total_loss: 2586.6640625, q_loss 2585.256103515625, v_loss 1.4079828262329102 ,lr 0.01
INFO:root:epoch 0, Episode 138, total_loss: 2297.461181640625, q_loss 2296.176513671875, v_loss 1.284656047821045 ,lr 0.01
INFO:root:epoch 0, Episode 139, total_loss: 1932.2379150390625, q_loss 1929.6436767578125, v_loss 2.5942599773406982 ,lr 0.01
INFO:root:epoch 0, Episode 140, total_loss: 2090.641357421875, q_loss 2088.075439453125, v_loss 2.5660300254821777 ,lr 0.01
INFO:root:epoch 0, Episode 141, total_loss: 2900.02685546875, q_loss 2897.557861328125, v_loss 2.4690942764282227 ,lr 0.01
INFO:root:epoch 0, Episode 142, total_loss: 1942.2607421875, q_loss 1940.951171875, v_loss 1.3095752000808716 ,lr 0.01
INFO:root:epoch 0, Episode 143, total_loss: 4355.283203125, q_loss 4353.5771484375, v_loss 1.7058594226837158 ,lr 0.01
INFO:root:epoch 0, Episode 144, total_loss: 1752.6986083984375, q_loss 1751.5526123046875, v_loss 1.1460040807724 ,lr 0.01
INFO:root:epoch 0, Episode 145, total_loss: 1956.6895751953125, q_loss 1955.3414306640625, v_loss 1.3481671810150146 ,lr 0.01
INFO:root:epoch 0, Episode 146, total_loss: 2003.22705078125, q_loss 2001.995849609375, v_loss 1.2311421632766724 ,lr 0.01
INFO:root:epoch 0, Episode 147, total_loss: 1422.6279296875, q_loss 1421.5145263671875, v_loss 1.1134239435195923 ,lr 0.01
INFO:root:epoch 0, Episode 148, total_loss: 1555.7454833984375, q_loss 1554.3599853515625, v_loss 1.3855395317077637 ,lr 0.01
INFO:root:epoch 0, Episode 149, total_loss: 1861.1468505859375, q_loss 1859.965087890625, v_loss 1.1817816495895386 ,lr 0.01
INFO:root:epoch 0, Episode 150, total_loss: 2177.74169921875, q_loss 2176.629638671875, v_loss 1.1120660305023193 ,lr 0.01
INFO:root:epoch 0, Episode 151, total_loss: 1796.6566162109375, q_loss 1795.5487060546875, v_loss 1.1079007387161255 ,lr 0.01
INFO:root:epoch 0, Episode 152, total_loss: 2639.51513671875, q_loss 2638.391845703125, v_loss 1.1233699321746826 ,lr 0.01
INFO:root:epoch 0, Episode 153, total_loss: 4061.76171875, q_loss 4060.506591796875, v_loss 1.255048155784607 ,lr 0.01
INFO:root:epoch 0, Episode 154, total_loss: 1125.845947265625, q_loss 1124.531494140625, v_loss 1.3144556283950806 ,lr 0.01
INFO:root:epoch 0, Episode 155, total_loss: 1647.349609375, q_loss 1646.285400390625, v_loss 1.06421959400177 ,lr 0.01
INFO:root:epoch 0, Episode 156, total_loss: 2264.266845703125, q_loss 2263.1826171875, v_loss 1.0843437910079956 ,lr 0.01
INFO:root:epoch 0, Episode 157, total_loss: 1659.7216796875, q_loss 1657.5819091796875, v_loss 2.1397430896759033 ,lr 0.01
INFO:root:epoch 0, Episode 158, total_loss: 4265.6796875, q_loss 4264.486328125, v_loss 1.1934762001037598 ,lr 0.01
INFO:root:epoch 0, Episode 159, total_loss: 1975.2803955078125, q_loss 1974.2047119140625, v_loss 1.0756322145462036 ,lr 0.01
INFO:root:epoch 0, Episode 160, total_loss: 2167.742919921875, q_loss 2166.41748046875, v_loss 1.32550048828125 ,lr 0.01
INFO:root:epoch 0, Episode 161, total_loss: 3096.740478515625, q_loss 3091.58935546875, v_loss 5.151132583618164 ,lr 0.01
INFO:root:epoch 0, Episode 162, total_loss: 2239.177734375, q_loss 2238.085693359375, v_loss 1.0921052694320679 ,lr 0.01
INFO:root:epoch 0, Episode 163, total_loss: 1797.0184326171875, q_loss 1795.702392578125, v_loss 1.3160635232925415 ,lr 0.01
INFO:root:epoch 0, Episode 164, total_loss: 1666.0989990234375, q_loss 1662.8310546875, v_loss 3.268000602722168 ,lr 0.01
INFO:root:epoch 0, Episode 165, total_loss: 3959.102294921875, q_loss 3958.014892578125, v_loss 1.0873003005981445 ,lr 0.01
INFO:root:epoch 0, Episode 166, total_loss: 2288.63916015625, q_loss 2287.622802734375, v_loss 1.0163793563842773 ,lr 0.01
INFO:root:epoch 0, Episode 167, total_loss: 3200.235595703125, q_loss 3199.151611328125, v_loss 1.084039330482483 ,lr 0.01
INFO:root:epoch 0, Episode 168, total_loss: 1743.7347412109375, q_loss 1742.682861328125, v_loss 1.051891803741455 ,lr 0.01
INFO:root:epoch 0, Episode 169, total_loss: 2010.8778076171875, q_loss 2009.814208984375, v_loss 1.0635533332824707 ,lr 0.01
INFO:root:epoch 0, Episode 170, total_loss: 784.5301513671875, q_loss 783.099853515625, v_loss 1.4303146600723267 ,lr 0.01
INFO:root:epoch 0, Episode 171, total_loss: 1913.8760986328125, q_loss 1912.81103515625, v_loss 1.065019965171814 ,lr 0.01
INFO:root:epoch 0, Episode 172, total_loss: 5439.43115234375, q_loss 5435.0634765625, v_loss 4.367578506469727 ,lr 0.01
INFO:root:epoch 0, Episode 173, total_loss: 1748.9244384765625, q_loss 1747.795654296875, v_loss 1.1287728548049927 ,lr 0.01
INFO:root:epoch 0, Episode 174, total_loss: 1546.6893310546875, q_loss 1545.7061767578125, v_loss 0.9831744432449341 ,lr 0.01
INFO:root:epoch 0, Episode 175, total_loss: 4109.11279296875, q_loss 4108.0, v_loss 1.1128345727920532 ,lr 0.01
INFO:root:epoch 0, Episode 176, total_loss: 2477.175048828125, q_loss 2476.123046875, v_loss 1.0520806312561035 ,lr 0.01
INFO:root:epoch 0, Episode 177, total_loss: 2659.98876953125, q_loss 2658.91064453125, v_loss 1.0781078338623047 ,lr 0.01
INFO:root:epoch 0, Episode 178, total_loss: 1447.2198486328125, q_loss 1446.1741943359375, v_loss 1.0457050800323486 ,lr 0.01
INFO:root:epoch 0, Episode 179, total_loss: 2221.489990234375, q_loss 2220.485595703125, v_loss 1.0043230056762695 ,lr 0.01
INFO:root:epoch 0, Episode 180, total_loss: 1590.9200439453125, q_loss 1588.9920654296875, v_loss 1.927988886833191 ,lr 0.01
INFO:root:epoch 0, Episode 181, total_loss: 1860.510498046875, q_loss 1859.4483642578125, v_loss 1.0620825290679932 ,lr 0.01
INFO:root:epoch 0, Episode 182, total_loss: 1976.231689453125, q_loss 1975.1610107421875, v_loss 1.0707069635391235 ,lr 0.01
INFO:root:epoch 0, Episode 183, total_loss: 1998.490966796875, q_loss 1996.0045166015625, v_loss 2.486438751220703 ,lr 0.01
INFO:root:epoch 0, Episode 184, total_loss: 2315.275390625, q_loss 2314.249267578125, v_loss 1.0260316133499146 ,lr 0.01
INFO:root:epoch 0, Episode 185, total_loss: 2957.595458984375, q_loss 2954.9052734375, v_loss 2.690229654312134 ,lr 0.01
INFO:root:epoch 0, Episode 186, total_loss: 2610.156005859375, q_loss 2609.082275390625, v_loss 1.073832631111145 ,lr 0.01
INFO:root:epoch 0, Episode 187, total_loss: 1783.6173095703125, q_loss 1782.562255859375, v_loss 1.055098295211792 ,lr 0.01
INFO:root:epoch 0, Episode 188, total_loss: 3201.99755859375, q_loss 3200.909423828125, v_loss 1.0881412029266357 ,lr 0.01
INFO:root:epoch 0, Episode 189, total_loss: 3454.2158203125, q_loss 3452.5703125, v_loss 1.6455376148223877 ,lr 0.01
INFO:root:epoch 0, Episode 190, total_loss: 1962.206298828125, q_loss 1960.4173583984375, v_loss 1.788955807685852 ,lr 0.01
INFO:root:epoch 0, Episode 191, total_loss: 3656.061279296875, q_loss 3652.46142578125, v_loss 3.5997533798217773 ,lr 0.01
INFO:root:epoch 0, Episode 192, total_loss: 1762.236083984375, q_loss 1761.162109375, v_loss 1.0739810466766357 ,lr 0.01
INFO:root:epoch 0, Episode 193, total_loss: 1087.561279296875, q_loss 1086.389892578125, v_loss 1.1714345216751099 ,lr 0.01
INFO:root:epoch 0, Episode 194, total_loss: 1746.5548095703125, q_loss 1744.7489013671875, v_loss 1.8058719635009766 ,lr 0.01
INFO:root:epoch 0, Episode 195, total_loss: 2009.2479248046875, q_loss 2008.1629638671875, v_loss 1.0849127769470215 ,lr 0.01
INFO:root:epoch 0, Episode 196, total_loss: 2531.83203125, q_loss 2530.730712890625, v_loss 1.1012873649597168 ,lr 0.01
INFO:root:epoch 0, Episode 197, total_loss: 1776.66943359375, q_loss 1774.3382568359375, v_loss 2.3312041759490967 ,lr 0.01
INFO:root:epoch 0, Episode 198, total_loss: 4972.6015625, q_loss 4971.49609375, v_loss 1.1055482625961304 ,lr 0.01
INFO:root:epoch 0, Episode 199, total_loss: 2095.06103515625, q_loss 2092.646728515625, v_loss 2.414306879043579 ,lr 0.01
INFO:root:epoch 0, Episode 200, total_loss: 1797.1090087890625, q_loss 1795.539794921875, v_loss 1.5692113637924194 ,lr 0.01
INFO:root:epoch 0, Episode 201, total_loss: 3000.981201171875, q_loss 2998.37548828125, v_loss 2.6055946350097656 ,lr 0.01
INFO:root:epoch 0, Episode 202, total_loss: 2139.33642578125, q_loss 2138.246337890625, v_loss 1.0900427103042603 ,lr 0.01
INFO:root:epoch 0, Episode 203, total_loss: 2201.546142578125, q_loss 2200.47314453125, v_loss 1.0728766918182373 ,lr 0.01
INFO:root:epoch 0, Episode 204, total_loss: 2220.578369140625, q_loss 2219.502685546875, v_loss 1.075742483139038 ,lr 0.01
INFO:root:epoch 0, Episode 205, total_loss: 1235.86328125, q_loss 1234.7840576171875, v_loss 1.0791912078857422 ,lr 0.01
INFO:root:epoch 0, Episode 206, total_loss: 1089.174560546875, q_loss 1087.400634765625, v_loss 1.7738847732543945 ,lr 0.01
INFO:root:epoch 0, Episode 207, total_loss: 1700.1236572265625, q_loss 1699.0074462890625, v_loss 1.1161991357803345 ,lr 0.01
INFO:root:epoch 0, Episode 208, total_loss: 1645.1072998046875, q_loss 1644.013427734375, v_loss 1.0938445329666138 ,lr 0.01
INFO:root:epoch 0, Episode 209, total_loss: 1735.9083251953125, q_loss 1733.7764892578125, v_loss 2.131805658340454 ,lr 0.01
INFO:root:epoch 0, Episode 210, total_loss: 4233.171875, q_loss 4232.08154296875, v_loss 1.0901987552642822 ,lr 0.01
INFO:root:epoch 0, Episode 211, total_loss: 1323.745849609375, q_loss 1322.3321533203125, v_loss 1.4136972427368164 ,lr 0.01
INFO:root:epoch 0, Episode 212, total_loss: 2739.090087890625, q_loss 2737.99609375, v_loss 1.0939668416976929 ,lr 0.01
INFO:root:epoch 0, Episode 213, total_loss: 1881.42236328125, q_loss 1880.082275390625, v_loss 1.3400471210479736 ,lr 0.01
INFO:root:epoch 0, Episode 214, total_loss: 2772.392578125, q_loss 2771.30712890625, v_loss 1.0854536294937134 ,lr 0.01
INFO:root:epoch 0, Episode 215, total_loss: 2750.44091796875, q_loss 2749.35107421875, v_loss 1.0897644758224487 ,lr 0.01
INFO:root:epoch 0, Episode 216, total_loss: 1782.810302734375, q_loss 1781.5606689453125, v_loss 1.24959397315979 ,lr 0.01
INFO:root:epoch 0, Episode 217, total_loss: 1826.6934814453125, q_loss 1825.6103515625, v_loss 1.08310866355896 ,lr 0.01
INFO:root:epoch 0, Episode 218, total_loss: 2289.40673828125, q_loss 2288.325439453125, v_loss 1.081268072128296 ,lr 0.01
INFO:root:epoch 0, Episode 219, total_loss: 2957.85107421875, q_loss 2956.764892578125, v_loss 1.0860687494277954 ,lr 0.01
INFO:root:epoch 0, Episode 220, total_loss: 1725.0076904296875, q_loss 1723.9212646484375, v_loss 1.0864108800888062 ,lr 0.01
INFO:root:epoch 0, Episode 221, total_loss: 2299.8037109375, q_loss 2298.721435546875, v_loss 1.0822299718856812 ,lr 0.01
INFO:root:epoch 0, Episode 222, total_loss: 1724.1903076171875, q_loss 1723.08642578125, v_loss 1.1038317680358887 ,lr 0.01
INFO:root:epoch 0, Episode 223, total_loss: 2720.911865234375, q_loss 2719.82373046875, v_loss 1.088018774986267 ,lr 0.01
INFO:root:epoch 0, Episode 224, total_loss: 4941.79736328125, q_loss 4940.72607421875, v_loss 1.0711452960968018 ,lr 0.01
INFO:root:epoch 0, Episode 225, total_loss: 1350.1446533203125, q_loss 1348.7796630859375, v_loss 1.3650410175323486 ,lr 0.01
INFO:root:epoch 0, Episode 226, total_loss: 1529.1708984375, q_loss 1528.08447265625, v_loss 1.086456537246704 ,lr 0.01
INFO:root:epoch 0, Episode 227, total_loss: 1815.7919921875, q_loss 1814.7147216796875, v_loss 1.0772252082824707 ,lr 0.01
INFO:root:epoch 0, Episode 228, total_loss: 1881.39501953125, q_loss 1880.30419921875, v_loss 1.0908294916152954 ,lr 0.01
INFO:root:epoch 0, Episode 229, total_loss: 2146.43408203125, q_loss 2145.34716796875, v_loss 1.086982011795044 ,lr 0.01
INFO:root:epoch 0, Episode 230, total_loss: 3122.810791015625, q_loss 3121.465576171875, v_loss 1.3452261686325073 ,lr 0.01
INFO:root:epoch 0, Episode 231, total_loss: 2462.220947265625, q_loss 2461.135009765625, v_loss 1.0860084295272827 ,lr 0.01
INFO:root:epoch 0, Episode 232, total_loss: 2518.665283203125, q_loss 2517.588134765625, v_loss 1.077199935913086 ,lr 0.01
INFO:root:epoch 0, Episode 233, total_loss: 4116.0498046875, q_loss 4115.0322265625, v_loss 1.017482042312622 ,lr 0.01
INFO:root:epoch 0, Episode 234, total_loss: 1837.8192138671875, q_loss 1836.727783203125, v_loss 1.091421365737915 ,lr 0.01
INFO:root:epoch 0, Episode 235, total_loss: 5117.181640625, q_loss 5115.67333984375, v_loss 1.508324384689331 ,lr 0.01
INFO:root:epoch 0, Episode 236, total_loss: 3391.23388671875, q_loss 3389.60009765625, v_loss 1.6337828636169434 ,lr 0.01
INFO:root:epoch 0, Episode 237, total_loss: 1761.2303466796875, q_loss 1760.1864013671875, v_loss 1.0439484119415283 ,lr 0.01
INFO:root:epoch 0, Episode 238, total_loss: 2184.49560546875, q_loss 2183.00732421875, v_loss 1.4882513284683228 ,lr 0.01
INFO:root:epoch 0, Episode 239, total_loss: 1478.588623046875, q_loss 1477.517578125, v_loss 1.070992112159729 ,lr 0.01
INFO:root:epoch 0, Episode 240, total_loss: 1744.987548828125, q_loss 1743.9359130859375, v_loss 1.0516375303268433 ,lr 0.01
INFO:root:epoch 0, Episode 241, total_loss: 3395.381591796875, q_loss 3394.301513671875, v_loss 1.0800690650939941 ,lr 0.01
INFO:root:epoch 0, Episode 242, total_loss: 1899.843017578125, q_loss 1898.7845458984375, v_loss 1.0585119724273682 ,lr 0.01
INFO:root:epoch 0, Episode 243, total_loss: 1969.3662109375, q_loss 1968.2840576171875, v_loss 1.082104206085205 ,lr 0.01
INFO:root:epoch 0, Episode 244, total_loss: 1754.4981689453125, q_loss 1752.137939453125, v_loss 2.3602261543273926 ,lr 0.01
INFO:root:epoch 0, Episode 245, total_loss: 1524.705810546875, q_loss 1523.09326171875, v_loss 1.6125742197036743 ,lr 0.01
INFO:root:epoch 0, Episode 246, total_loss: 2982.680908203125, q_loss 2981.607421875, v_loss 1.0734034776687622 ,lr 0.01
INFO:root:epoch 0, Episode 247, total_loss: 3966.16064453125, q_loss 3965.063232421875, v_loss 1.0975159406661987 ,lr 0.01
INFO:root:epoch 0, Episode 248, total_loss: 3842.75634765625, q_loss 3841.6484375, v_loss 1.1079626083374023 ,lr 0.01
INFO:root:epoch 0, Episode 249, total_loss: 1499.6895751953125, q_loss 1497.4815673828125, v_loss 2.207993507385254 ,lr 0.01
INFO:root:epoch 0, Episode 250, total_loss: 1983.397216796875, q_loss 1981.584716796875, v_loss 1.8125183582305908 ,lr 0.01
INFO:root:epoch 0, Episode 251, total_loss: 1826.395263671875, q_loss 1825.321533203125, v_loss 1.0737675428390503 ,lr 0.01
INFO:root:epoch 0, Episode 252, total_loss: 1817.7015380859375, q_loss 1816.1732177734375, v_loss 1.528336524963379 ,lr 0.01
INFO:root:epoch 0, Episode 253, total_loss: 1505.57275390625, q_loss 1504.5155029296875, v_loss 1.057245135307312 ,lr 0.01
INFO:root:epoch 0, Episode 254, total_loss: 1423.6109619140625, q_loss 1421.8724365234375, v_loss 1.7385530471801758 ,lr 0.01
INFO:root:epoch 0, Episode 255, total_loss: 1900.786376953125, q_loss 1899.426025390625, v_loss 1.3603521585464478 ,lr 0.01
INFO:root:epoch 0, Episode 256, total_loss: 2952.103759765625, q_loss 2951.024658203125, v_loss 1.0789852142333984 ,lr 0.01
INFO:root:epoch 0, Episode 257, total_loss: 1458.2037353515625, q_loss 1457.1328125, v_loss 1.0709460973739624 ,lr 0.01
INFO:root:epoch 0, Episode 258, total_loss: 2646.872314453125, q_loss 2644.115234375, v_loss 2.75716495513916 ,lr 0.01
INFO:root:epoch 0, Episode 259, total_loss: 2195.037109375, q_loss 2193.994140625, v_loss 1.0430046319961548 ,lr 0.01
INFO:root:epoch 0, Episode 260, total_loss: 5177.8427734375, q_loss 5175.171875, v_loss 2.6710219383239746 ,lr 0.01
INFO:root:epoch 0, Episode 261, total_loss: 2057.654541015625, q_loss 2056.21435546875, v_loss 1.4401767253875732 ,lr 0.01
INFO:root:epoch 0, Episode 262, total_loss: 2680.79443359375, q_loss 2678.84130859375, v_loss 1.95309579372406 ,lr 0.01
INFO:root:epoch 0, Episode 263, total_loss: 2957.40380859375, q_loss 2956.305908203125, v_loss 1.0978269577026367 ,lr 0.01
INFO:root:epoch 0, Episode 264, total_loss: 2203.640625, q_loss 2202.516845703125, v_loss 1.123791217803955 ,lr 0.01
INFO:root:epoch 0, Episode 265, total_loss: 1236.6497802734375, q_loss 1235.5506591796875, v_loss 1.0991401672363281 ,lr 0.01
INFO:root:epoch 0, Episode 266, total_loss: 2378.666015625, q_loss 2377.593505859375, v_loss 1.07256019115448 ,lr 0.01
INFO:root:epoch 0, Episode 267, total_loss: 2192.429443359375, q_loss 2186.41650390625, v_loss 6.012984752655029 ,lr 0.01
INFO:root:epoch 0, Episode 268, total_loss: 3559.343505859375, q_loss 3552.244140625, v_loss 7.099252700805664 ,lr 0.01
INFO:root:epoch 0, Episode 269, total_loss: 2170.4150390625, q_loss 2167.78857421875, v_loss 2.6265201568603516 ,lr 0.01
INFO:root:epoch 0, Episode 270, total_loss: 1724.8939208984375, q_loss 1723.815673828125, v_loss 1.0782970190048218 ,lr 0.01
INFO:root:epoch 0, Episode 271, total_loss: 3280.897705078125, q_loss 3277.06982421875, v_loss 3.827916383743286 ,lr 0.01
INFO:root:epoch 0, Episode 272, total_loss: 2927.9736328125, q_loss 2926.8896484375, v_loss 1.083997130393982 ,lr 0.01
INFO:root:epoch 0, Episode 273, total_loss: 2773.99609375, q_loss 2772.905517578125, v_loss 1.0906546115875244 ,lr 0.01
INFO:root:epoch 0, Episode 274, total_loss: 1921.4647216796875, q_loss 1920.3909912109375, v_loss 1.0737711191177368 ,lr 0.01
INFO:root:epoch 0, Episode 275, total_loss: 2464.1142578125, q_loss 2463.05615234375, v_loss 1.0581912994384766 ,lr 0.01
INFO:root:epoch 0, Episode 276, total_loss: 2249.6396484375, q_loss 2248.57470703125, v_loss 1.0650084018707275 ,lr 0.01
INFO:root:epoch 0, Episode 277, total_loss: 1974.700927734375, q_loss 1973.649169921875, v_loss 1.0517231225967407 ,lr 0.01
INFO:root:epoch 0, Episode 278, total_loss: 2190.45703125, q_loss 2189.421630859375, v_loss 1.0353991985321045 ,lr 0.01
INFO:root:epoch 0, Episode 279, total_loss: 2463.2119140625, q_loss 2462.12939453125, v_loss 1.0825343132019043 ,lr 0.01
INFO:root:epoch 0, Episode 280, total_loss: 1895.039794921875, q_loss 1893.9671630859375, v_loss 1.0726381540298462 ,lr 0.01
INFO:root:epoch 0, Episode 281, total_loss: 2140.744384765625, q_loss 2139.680908203125, v_loss 1.0634270906448364 ,lr 0.01
INFO:root:epoch 0, Episode 282, total_loss: 1995.86376953125, q_loss 1994.788330078125, v_loss 1.0754703283309937 ,lr 0.01
INFO:root:epoch 0, Episode 283, total_loss: 965.0673828125, q_loss 964.0216064453125, v_loss 1.0457488298416138 ,lr 0.01
INFO:root:epoch 0, Episode 284, total_loss: 1486.7640380859375, q_loss 1485.7144775390625, v_loss 1.0496108531951904 ,lr 0.01
INFO:root:epoch 0, Episode 285, total_loss: 3287.6123046875, q_loss 3286.67822265625, v_loss 0.9340474605560303 ,lr 0.01
INFO:root:epoch 0, Episode 286, total_loss: 2284.31787109375, q_loss 2281.373046875, v_loss 2.944826602935791 ,lr 0.01
INFO:root:epoch 0, Episode 287, total_loss: 1414.9737548828125, q_loss 1413.8978271484375, v_loss 1.0759116411209106 ,lr 0.01
INFO:root:epoch 0, Episode 288, total_loss: 1820.5889892578125, q_loss 1818.931884765625, v_loss 1.6570749282836914 ,lr 0.01
INFO:root:epoch 0, Episode 289, total_loss: 1411.6387939453125, q_loss 1410.619140625, v_loss 1.0196024179458618 ,lr 0.01
INFO:root:epoch 0, Episode 290, total_loss: 1888.9388427734375, q_loss 1886.4329833984375, v_loss 2.505850076675415 ,lr 0.01
INFO:root:epoch 0, Episode 291, total_loss: 2019.79736328125, q_loss 2018.7119140625, v_loss 1.0854181051254272 ,lr 0.01
INFO:root:epoch 0, Episode 292, total_loss: 2434.082763671875, q_loss 2431.152587890625, v_loss 2.930137872695923 ,lr 0.01
INFO:root:epoch 0, Episode 293, total_loss: 5554.8916015625, q_loss 5549.76123046875, v_loss 5.130250930786133 ,lr 0.01
INFO:root:epoch 0, Episode 294, total_loss: 1642.2918701171875, q_loss 1641.2061767578125, v_loss 1.0856852531433105 ,lr 0.01
INFO:root:epoch 0, Episode 295, total_loss: 2777.698486328125, q_loss 2776.671142578125, v_loss 1.027229905128479 ,lr 0.01
INFO:root:epoch 0, Episode 296, total_loss: 2129.92333984375, q_loss 2128.828125, v_loss 1.0951160192489624 ,lr 0.01
INFO:root:epoch 0, Episode 297, total_loss: 1930.578369140625, q_loss 1929.5008544921875, v_loss 1.0775660276412964 ,lr 0.01
INFO:root:epoch 0, Episode 298, total_loss: 2137.728515625, q_loss 2135.79736328125, v_loss 1.931214451789856 ,lr 0.01
INFO:root:epoch 0, Episode 299, total_loss: 1912.9727783203125, q_loss 1911.51123046875, v_loss 1.4615384340286255 ,lr 0.01
INFO:root:epoch 0, Episode 300, total_loss: 1580.3016357421875, q_loss 1579.20556640625, v_loss 1.0960509777069092 ,lr 0.01
INFO:root:epoch 0, Episode 301, total_loss: 2820.870361328125, q_loss 2819.845458984375, v_loss 1.0248725414276123 ,lr 0.01
INFO:root:epoch 0, Episode 302, total_loss: 1729.4365234375, q_loss 1728.357421875, v_loss 1.0790654420852661 ,lr 0.01
INFO:root:epoch 0, Episode 303, total_loss: 1550.771728515625, q_loss 1549.6759033203125, v_loss 1.095868706703186 ,lr 0.01
INFO:root:epoch 0, Episode 304, total_loss: 1672.353271484375, q_loss 1671.1365966796875, v_loss 1.2166666984558105 ,lr 0.01
INFO:root:epoch 0, Episode 305, total_loss: 2477.26611328125, q_loss 2476.167724609375, v_loss 1.0984303951263428 ,lr 0.01
INFO:root:epoch 0, Episode 306, total_loss: 2317.732177734375, q_loss 2316.247802734375, v_loss 1.484289288520813 ,lr 0.01
INFO:root:epoch 0, Episode 307, total_loss: 1257.0086669921875, q_loss 1255.928955078125, v_loss 1.0797719955444336 ,lr 0.01
INFO:root:epoch 0, Episode 308, total_loss: 1744.98974609375, q_loss 1743.9344482421875, v_loss 1.0553545951843262 ,lr 0.01
INFO:root:epoch 0, Episode 309, total_loss: 2259.72998046875, q_loss 2258.63427734375, v_loss 1.0956230163574219 ,lr 0.01
INFO:root:epoch 0, Episode 310, total_loss: 2483.525146484375, q_loss 2482.433837890625, v_loss 1.0913200378417969 ,lr 0.01
INFO:root:epoch 0, Episode 311, total_loss: 1672.3057861328125, q_loss 1671.213134765625, v_loss 1.0926553010940552 ,lr 0.01
INFO:root:epoch 0, Episode 312, total_loss: 2494.936767578125, q_loss 2493.62841796875, v_loss 1.3082728385925293 ,lr 0.01
INFO:root:epoch 0, Episode 313, total_loss: 2693.240966796875, q_loss 2692.14990234375, v_loss 1.0911107063293457 ,lr 0.01
INFO:root:epoch 0, Episode 314, total_loss: 1604.5081787109375, q_loss 1603.3719482421875, v_loss 1.1362496614456177 ,lr 0.01
INFO:root:epoch 0, Episode 315, total_loss: 1401.2318115234375, q_loss 1399.90673828125, v_loss 1.3250653743743896 ,lr 0.01
INFO:root:epoch 0, Episode 316, total_loss: 2286.31005859375, q_loss 2285.220703125, v_loss 1.0892982482910156 ,lr 0.01
INFO:root:epoch 0, Episode 317, total_loss: 1753.0648193359375, q_loss 1751.9498291015625, v_loss 1.1149448156356812 ,lr 0.01
INFO:root:epoch 0, Episode 318, total_loss: 1490.1357421875, q_loss 1489.03369140625, v_loss 1.1019996404647827 ,lr 0.01
INFO:root:epoch 0, Episode 319, total_loss: 2077.15966796875, q_loss 2076.00927734375, v_loss 1.1503369808197021 ,lr 0.01
INFO:root:epoch 0, Episode 320, total_loss: 1935.6361083984375, q_loss 1934.548583984375, v_loss 1.0875561237335205 ,lr 0.01
INFO:root:epoch 0, Episode 321, total_loss: 5003.7001953125, q_loss 5002.61669921875, v_loss 1.0833479166030884 ,lr 0.01
INFO:root:epoch 0, Episode 322, total_loss: 2963.146728515625, q_loss 2962.054443359375, v_loss 1.092185139656067 ,lr 0.01
INFO:root:epoch 0, Episode 323, total_loss: 2684.655029296875, q_loss 2683.565673828125, v_loss 1.0893675088882446 ,lr 0.01
INFO:root:epoch 0, Episode 324, total_loss: 1907.5938720703125, q_loss 1906.504638671875, v_loss 1.089253306388855 ,lr 0.01
INFO:root:epoch 0, Episode 325, total_loss: 2044.4091796875, q_loss 2043.3519287109375, v_loss 1.0572845935821533 ,lr 0.01
INFO:root:epoch 0, Episode 326, total_loss: 2733.13525390625, q_loss 2731.800048828125, v_loss 1.3351430892944336 ,lr 0.01
INFO:root:epoch 0, Episode 327, total_loss: 2837.61767578125, q_loss 2836.525390625, v_loss 1.092245101928711 ,lr 0.01
INFO:root:epoch 0, Episode 328, total_loss: 2080.73046875, q_loss 2079.63720703125, v_loss 1.0932384729385376 ,lr 0.01
INFO:root:epoch 0, Episode 329, total_loss: 2640.064208984375, q_loss 2638.14306640625, v_loss 1.9210641384124756 ,lr 0.01
INFO:root:epoch 0, Episode 330, total_loss: 4399.15087890625, q_loss 4397.98681640625, v_loss 1.1641048192977905 ,lr 0.01
INFO:root:epoch 0, Episode 331, total_loss: 1595.11083984375, q_loss 1594.037109375, v_loss 1.0736744403839111 ,lr 0.01
INFO:root:epoch 0, Episode 332, total_loss: 1943.32861328125, q_loss 1942.155517578125, v_loss 1.1730538606643677 ,lr 0.01
INFO:root:epoch 0, Episode 333, total_loss: 2065.8115234375, q_loss 2064.720947265625, v_loss 1.0905004739761353 ,lr 0.01
INFO:root:epoch 0, Episode 334, total_loss: 1646.845703125, q_loss 1645.705810546875, v_loss 1.1399438381195068 ,lr 0.01
INFO:root:epoch 0, Episode 335, total_loss: 1618.215087890625, q_loss 1617.12548828125, v_loss 1.0895566940307617 ,lr 0.01
INFO:root:epoch 0, Episode 336, total_loss: 1616.468017578125, q_loss 1615.3328857421875, v_loss 1.1351009607315063 ,lr 0.01
INFO:root:epoch 0, Episode 337, total_loss: 1215.5550537109375, q_loss 1214.467041015625, v_loss 1.0879539251327515 ,lr 0.01
INFO:root:epoch 0, Episode 338, total_loss: 3134.486328125, q_loss 3133.277587890625, v_loss 1.2087639570236206 ,lr 0.01
INFO:root:epoch 0, Episode 339, total_loss: 1968.15966796875, q_loss 1967.070556640625, v_loss 1.0891364812850952 ,lr 0.01
INFO:root:epoch 0, Episode 340, total_loss: 1799.01318359375, q_loss 1797.9061279296875, v_loss 1.107004165649414 ,lr 0.01
INFO:root:epoch 0, Episode 341, total_loss: 2469.630615234375, q_loss 2468.418701171875, v_loss 1.211832880973816 ,lr 0.01
INFO:root:epoch 0, Episode 342, total_loss: 3702.468017578125, q_loss 3701.36669921875, v_loss 1.1012057065963745 ,lr 0.01
INFO:root:epoch 0, Episode 343, total_loss: 2607.890625, q_loss 2606.77490234375, v_loss 1.1157537698745728 ,lr 0.01
INFO:root:epoch 0, Episode 344, total_loss: 1463.12353515625, q_loss 1461.58447265625, v_loss 1.5390770435333252 ,lr 0.01
INFO:root:epoch 0, Episode 345, total_loss: 1935.968994140625, q_loss 1934.8751220703125, v_loss 1.0938973426818848 ,lr 0.01
INFO:root:epoch 0, Episode 346, total_loss: 3724.287353515625, q_loss 3723.19921875, v_loss 1.08810293674469 ,lr 0.01
INFO:root:epoch 0, Episode 347, total_loss: 2600.31005859375, q_loss 2598.633544921875, v_loss 1.676600456237793 ,lr 0.01
INFO:root:epoch 0, Episode 348, total_loss: 1895.5103759765625, q_loss 1894.420166015625, v_loss 1.0902146100997925 ,lr 0.01
INFO:root:epoch 0, Episode 349, total_loss: 2813.008544921875, q_loss 2811.9189453125, v_loss 1.0896215438842773 ,lr 0.01
INFO:root:epoch 0, Episode 350, total_loss: 1209.608642578125, q_loss 1208.547119140625, v_loss 1.061572551727295 ,lr 0.01
INFO:root:epoch 0, Episode 351, total_loss: 1658.6697998046875, q_loss 1657.6805419921875, v_loss 0.9892466068267822 ,lr 0.01
INFO:root:epoch 0, Episode 352, total_loss: 3988.722412109375, q_loss 3987.688720703125, v_loss 1.0336835384368896 ,lr 0.01
INFO:root:epoch 0, Episode 353, total_loss: 2532.62646484375, q_loss 2531.182861328125, v_loss 1.443676471710205 ,lr 0.01
INFO:root:epoch 0, Episode 354, total_loss: 2305.485595703125, q_loss 2304.387451171875, v_loss 1.0980278253555298 ,lr 0.01
INFO:root:epoch 0, Episode 355, total_loss: 3002.619140625, q_loss 3001.52490234375, v_loss 1.0941929817199707 ,lr 0.01
INFO:root:epoch 0, Episode 356, total_loss: 2337.2822265625, q_loss 2335.884033203125, v_loss 1.3982508182525635 ,lr 0.01
INFO:root:epoch 0, Episode 357, total_loss: 3292.138671875, q_loss 3291.0166015625, v_loss 1.122056245803833 ,lr 0.01
INFO:root:epoch 0, Episode 358, total_loss: 2032.1033935546875, q_loss 2030.5662841796875, v_loss 1.5370850563049316 ,lr 0.01
INFO:root:epoch 0, Episode 359, total_loss: 2230.2470703125, q_loss 2229.1650390625, v_loss 1.0820591449737549 ,lr 0.01
INFO:root:epoch 0, Episode 360, total_loss: 1344.627685546875, q_loss 1343.5533447265625, v_loss 1.07430100440979 ,lr 0.01
INFO:root:epoch 0, Episode 361, total_loss: 1479.48974609375, q_loss 1478.4227294921875, v_loss 1.0670164823532104 ,lr 0.01
INFO:root:epoch 0, Episode 362, total_loss: 4492.8759765625, q_loss 4491.076171875, v_loss 1.79984450340271 ,lr 0.01
INFO:root:epoch 0, Episode 363, total_loss: 1892.8795166015625, q_loss 1891.830078125, v_loss 1.0494282245635986 ,lr 0.01
INFO:root:epoch 0, Episode 364, total_loss: 1685.1820068359375, q_loss 1684.1270751953125, v_loss 1.0548758506774902 ,lr 0.01
INFO:root:epoch 0, Episode 365, total_loss: 4473.78857421875, q_loss 4472.68994140625, v_loss 1.0985922813415527 ,lr 0.01
INFO:root:epoch 0, Episode 366, total_loss: 1189.81982421875, q_loss 1188.741455078125, v_loss 1.0783281326293945 ,lr 0.01
INFO:root:epoch 0, Episode 367, total_loss: 1185.4830322265625, q_loss 1184.388671875, v_loss 1.0943093299865723 ,lr 0.01
INFO:root:epoch 0, Episode 368, total_loss: 2020.09326171875, q_loss 2018.997802734375, v_loss 1.0954411029815674 ,lr 0.01
INFO:root:epoch 0, Episode 369, total_loss: 2040.9443359375, q_loss 2039.8514404296875, v_loss 1.0929510593414307 ,lr 0.01
INFO:root:epoch 0, Episode 370, total_loss: 2110.350341796875, q_loss 2109.22021484375, v_loss 1.1300158500671387 ,lr 0.01
INFO:root:epoch 0, Episode 371, total_loss: 3455.166015625, q_loss 3454.065185546875, v_loss 1.100923776626587 ,lr 0.01
INFO:root:epoch 0, Episode 372, total_loss: 2894.8173828125, q_loss 2893.738037109375, v_loss 1.0793191194534302 ,lr 0.01
INFO:root:epoch 0, Episode 373, total_loss: 2031.4814453125, q_loss 2030.380126953125, v_loss 1.1012637615203857 ,lr 0.01
INFO:root:epoch 0, Episode 374, total_loss: 3131.969970703125, q_loss 3130.887451171875, v_loss 1.0825340747833252 ,lr 0.01
INFO:root:epoch 0, Episode 375, total_loss: 4514.38818359375, q_loss 4513.30810546875, v_loss 1.0799320936203003 ,lr 0.01
INFO:root:epoch 0, Episode 376, total_loss: 2473.970947265625, q_loss 2472.87255859375, v_loss 1.0982728004455566 ,lr 0.01
INFO:root:epoch 0, Episode 377, total_loss: 4933.357421875, q_loss 4932.23974609375, v_loss 1.1177434921264648 ,lr 0.01
INFO:root:epoch 0, Episode 378, total_loss: 2336.9638671875, q_loss 2335.818115234375, v_loss 1.1456695795059204 ,lr 0.01
INFO:root:epoch 0, Episode 379, total_loss: 1872.2744140625, q_loss 1871.1910400390625, v_loss 1.0834248065948486 ,lr 0.01
INFO:root:epoch 0, Episode 380, total_loss: 3077.813232421875, q_loss 3076.70361328125, v_loss 1.1096693277359009 ,lr 0.01
INFO:root:epoch 0, Episode 381, total_loss: 2237.570556640625, q_loss 2236.486328125, v_loss 1.0843435525894165 ,lr 0.01
INFO:root:epoch 0, Episode 382, total_loss: 2465.7119140625, q_loss 2464.608642578125, v_loss 1.1033737659454346 ,lr 0.01
INFO:root:epoch 0, Episode 383, total_loss: 1768.0643310546875, q_loss 1766.951904296875, v_loss 1.1124413013458252 ,lr 0.01
INFO:root:epoch 0, Episode 384, total_loss: 2400.075439453125, q_loss 2398.93603515625, v_loss 1.1393654346466064 ,lr 0.01
INFO:root:epoch 0, Episode 385, total_loss: 2040.3114013671875, q_loss 2039.13720703125, v_loss 1.1741759777069092 ,lr 0.01
INFO:root:epoch 0, Episode 386, total_loss: 1160.97021484375, q_loss 1159.8741455078125, v_loss 1.0960984230041504 ,lr 0.01
INFO:root:epoch 0, Episode 387, total_loss: 2291.5185546875, q_loss 2290.3505859375, v_loss 1.1680392026901245 ,lr 0.01
INFO:root:epoch 0, Episode 388, total_loss: 2031.5306396484375, q_loss 2030.4200439453125, v_loss 1.1106197834014893 ,lr 0.01
INFO:root:epoch 0, Episode 389, total_loss: 1843.3538818359375, q_loss 1842.2843017578125, v_loss 1.0695405006408691 ,lr 0.01
INFO:root:epoch 0, Episode 390, total_loss: 2303.901611328125, q_loss 2302.8291015625, v_loss 1.072572112083435 ,lr 0.01
INFO:root:epoch 0, Episode 391, total_loss: 2694.06103515625, q_loss 2692.960693359375, v_loss 1.100266695022583 ,lr 0.01
INFO:root:epoch 0, Episode 392, total_loss: 1800.989501953125, q_loss 1799.8541259765625, v_loss 1.135418176651001 ,lr 0.01
INFO:root:epoch 0, Episode 393, total_loss: 1643.466796875, q_loss 1642.3822021484375, v_loss 1.084608554840088 ,lr 0.01
INFO:root:epoch 0, Episode 394, total_loss: 1705.061767578125, q_loss 1703.99267578125, v_loss 1.0691150426864624 ,lr 0.01
INFO:root:epoch 0, Episode 395, total_loss: 2305.460205078125, q_loss 2304.292724609375, v_loss 1.1675108671188354 ,lr 0.01
INFO:root:epoch 0, Episode 396, total_loss: 1775.886474609375, q_loss 1774.798828125, v_loss 1.0875940322875977 ,lr 0.01
INFO:root:epoch 0, Episode 397, total_loss: 1413.8582763671875, q_loss 1412.77880859375, v_loss 1.0795247554779053 ,lr 0.01
INFO:root:epoch 0, Episode 398, total_loss: 2953.280517578125, q_loss 2952.19140625, v_loss 1.0891461372375488 ,lr 0.01
INFO:root:epoch 0, Episode 399, total_loss: 1715.9307861328125, q_loss 1714.83935546875, v_loss 1.0914826393127441 ,lr 0.01
INFO:root:epoch 0, Episode 400, total_loss: 1052.3646240234375, q_loss 1051.2763671875, v_loss 1.0882238149642944 ,lr 0.01
INFO:root:epoch 0, Episode 401, total_loss: 4997.27783203125, q_loss 4996.19677734375, v_loss 1.0808672904968262 ,lr 0.01
INFO:root:epoch 0, Episode 402, total_loss: 1236.215576171875, q_loss 1235.12744140625, v_loss 1.0881810188293457 ,lr 0.01
INFO:root:epoch 0, Episode 403, total_loss: 1022.443359375, q_loss 1021.3585205078125, v_loss 1.0848264694213867 ,lr 0.01
INFO:root:epoch 0, Episode 404, total_loss: 1647.497802734375, q_loss 1646.4173583984375, v_loss 1.080477237701416 ,lr 0.01
INFO:root:epoch 0, Episode 405, total_loss: 2827.79833984375, q_loss 2826.711181640625, v_loss 1.0872490406036377 ,lr 0.01
INFO:root:epoch 0, Episode 406, total_loss: 1856.3028564453125, q_loss 1855.12744140625, v_loss 1.175445318222046 ,lr 0.01
INFO:root:epoch 0, Episode 407, total_loss: 1739.6824951171875, q_loss 1738.41552734375, v_loss 1.2670233249664307 ,lr 0.01
INFO:root:epoch 0, Episode 408, total_loss: 2463.70361328125, q_loss 2462.6328125, v_loss 1.0707429647445679 ,lr 0.01
INFO:root:epoch 0, Episode 409, total_loss: 2053.7880859375, q_loss 2052.6376953125, v_loss 1.1503446102142334 ,lr 0.01
INFO:root:epoch 0, Episode 410, total_loss: 3029.6279296875, q_loss 3028.547607421875, v_loss 1.0802955627441406 ,lr 0.01
INFO:root:epoch 0, Episode 411, total_loss: 2318.477783203125, q_loss 2317.179931640625, v_loss 1.297968864440918 ,lr 0.01
INFO:root:epoch 0, Episode 412, total_loss: 2002.7274169921875, q_loss 2001.6470947265625, v_loss 1.0803625583648682 ,lr 0.01
INFO:root:epoch 0, Episode 413, total_loss: 1681.3714599609375, q_loss 1680.2657470703125, v_loss 1.1057262420654297 ,lr 0.01
INFO:root:epoch 0, Episode 414, total_loss: 1426.0821533203125, q_loss 1424.991943359375, v_loss 1.0902153253555298 ,lr 0.01
INFO:root:epoch 0, Episode 415, total_loss: 2270.82177734375, q_loss 2269.729248046875, v_loss 1.0925166606903076 ,lr 0.01
INFO:root:epoch 0, Episode 416, total_loss: 2166.401123046875, q_loss 2165.3154296875, v_loss 1.0858066082000732 ,lr 0.01
INFO:root:epoch 0, Episode 417, total_loss: 2087.80419921875, q_loss 2086.709716796875, v_loss 1.0944061279296875 ,lr 0.01
INFO:root:epoch 0, Episode 418, total_loss: 2353.66259765625, q_loss 2352.538330078125, v_loss 1.1243724822998047 ,lr 0.01
INFO:root:epoch 0, Episode 419, total_loss: 1672.463623046875, q_loss 1671.2337646484375, v_loss 1.2298766374588013 ,lr 0.01
INFO:root:epoch 0, Episode 420, total_loss: 2826.446044921875, q_loss 2825.346923828125, v_loss 1.0990033149719238 ,lr 0.01
INFO:root:epoch 0, Episode 421, total_loss: 1639.6905517578125, q_loss 1638.6055908203125, v_loss 1.0849676132202148 ,lr 0.01
INFO:root:epoch 0, Episode 422, total_loss: 1712.418212890625, q_loss 1711.29345703125, v_loss 1.1247272491455078 ,lr 0.01
INFO:root:epoch 0, Episode 423, total_loss: 2215.966064453125, q_loss 2214.888427734375, v_loss 1.0776581764221191 ,lr 0.01
INFO:root:epoch 0, Episode 424, total_loss: 1944.845458984375, q_loss 1943.7586669921875, v_loss 1.0868033170700073 ,lr 0.01
INFO:root:epoch 0, Episode 425, total_loss: 1639.4327392578125, q_loss 1638.3720703125, v_loss 1.0606107711791992 ,lr 0.01
INFO:root:epoch 0, Episode 426, total_loss: 1495.84619140625, q_loss 1494.7352294921875, v_loss 1.1109163761138916 ,lr 0.01
INFO:root:epoch 0, Episode 427, total_loss: 1637.04345703125, q_loss 1635.9775390625, v_loss 1.0659568309783936 ,lr 0.01
INFO:root:epoch 0, Episode 428, total_loss: 2046.3865966796875, q_loss 2045.313232421875, v_loss 1.073317050933838 ,lr 0.01
INFO:root:epoch 0, Episode 429, total_loss: 1893.11083984375, q_loss 1892.0421142578125, v_loss 1.0687658786773682 ,lr 0.01
INFO:root:epoch 0, Episode 430, total_loss: 2752.08642578125, q_loss 2750.925537109375, v_loss 1.1609288454055786 ,lr 0.01
INFO:root:epoch 0, Episode 431, total_loss: 1652.593994140625, q_loss 1651.4661865234375, v_loss 1.1277849674224854 ,lr 0.01
INFO:root:epoch 0, Episode 432, total_loss: 4956.66162109375, q_loss 4955.6025390625, v_loss 1.059117078781128 ,lr 0.01
INFO:root:epoch 0, Episode 433, total_loss: 1440.06396484375, q_loss 1438.982177734375, v_loss 1.0817335844039917 ,lr 0.01
INFO:root:epoch 0, Episode 434, total_loss: 1438.9017333984375, q_loss 1437.832275390625, v_loss 1.069478154182434 ,lr 0.01
INFO:root:epoch 0, Episode 435, total_loss: 2016.0731201171875, q_loss 2014.9840087890625, v_loss 1.08906888961792 ,lr 0.01
INFO:root:epoch 0, Episode 436, total_loss: 4979.0869140625, q_loss 4977.716796875, v_loss 1.3703206777572632 ,lr 0.01
INFO:root:epoch 0, Episode 437, total_loss: 3972.5419921875, q_loss 3971.433837890625, v_loss 1.1081923246383667 ,lr 0.01
INFO:root:epoch 0, Episode 438, total_loss: 3401.228759765625, q_loss 3400.15185546875, v_loss 1.0769355297088623 ,lr 0.01
INFO:root:epoch 0, Episode 439, total_loss: 1590.971435546875, q_loss 1589.8380126953125, v_loss 1.1334205865859985 ,lr 0.01
INFO:root:epoch 0, Episode 440, total_loss: 2398.5390625, q_loss 2397.331298828125, v_loss 1.2076798677444458 ,lr 0.01
INFO:root:epoch 0, Episode 441, total_loss: 2453.295166015625, q_loss 2452.1982421875, v_loss 1.0970089435577393 ,lr 0.01
INFO:root:epoch 0, Episode 442, total_loss: 2784.9912109375, q_loss 2783.891845703125, v_loss 1.0994763374328613 ,lr 0.01
INFO:root:epoch 0, Episode 443, total_loss: 2183.3935546875, q_loss 2182.2880859375, v_loss 1.1055198907852173 ,lr 0.01
INFO:root:epoch 0, Episode 444, total_loss: 1551.5731201171875, q_loss 1550.506591796875, v_loss 1.0664888620376587 ,lr 0.01
INFO:root:epoch 0, Episode 445, total_loss: 2031.15869140625, q_loss 2030.0625, v_loss 1.0961685180664062 ,lr 0.01
INFO:root:epoch 0, Episode 446, total_loss: 3120.154052734375, q_loss 3119.068603515625, v_loss 1.0854264497756958 ,lr 0.01
INFO:root:epoch 0, Episode 447, total_loss: 1594.60400390625, q_loss 1593.5203857421875, v_loss 1.0835713148117065 ,lr 0.01
INFO:root:epoch 0, Episode 448, total_loss: 1788.6319580078125, q_loss 1787.641845703125, v_loss 0.9900991916656494 ,lr 0.01
INFO:root:epoch 0, Episode 449, total_loss: 3085.831298828125, q_loss 3084.7451171875, v_loss 1.0862138271331787 ,lr 0.01
INFO:root:epoch 0, Episode 450, total_loss: 1586.527099609375, q_loss 1585.4483642578125, v_loss 1.0787352323532104 ,lr 0.01
INFO:root:epoch 0, Episode 451, total_loss: 1897.436279296875, q_loss 1895.368408203125, v_loss 2.067835569381714 ,lr 0.01
INFO:root:epoch 0, Episode 452, total_loss: 4254.873046875, q_loss 4252.27685546875, v_loss 2.5963778495788574 ,lr 0.01
INFO:root:epoch 0, Episode 453, total_loss: 2168.900390625, q_loss 2167.8359375, v_loss 1.0643583536148071 ,lr 0.01
INFO:root:epoch 0, Episode 454, total_loss: 2010.254638671875, q_loss 2009.15185546875, v_loss 1.1028130054473877 ,lr 0.01
INFO:root:epoch 0, Episode 455, total_loss: 1889.2845458984375, q_loss 1888.1812744140625, v_loss 1.1032401323318481 ,lr 0.01
INFO:root:epoch 0, Episode 456, total_loss: 2186.860107421875, q_loss 2185.466552734375, v_loss 1.393616795539856 ,lr 0.01
INFO:root:epoch 0, Episode 457, total_loss: 2424.483642578125, q_loss 2423.40576171875, v_loss 1.0779497623443604 ,lr 0.01
INFO:root:epoch 0, Episode 458, total_loss: 1576.5909423828125, q_loss 1575.516845703125, v_loss 1.0740407705307007 ,lr 0.01
INFO:root:epoch 0, Episode 459, total_loss: 1835.22802734375, q_loss 1834.159423828125, v_loss 1.0685490369796753 ,lr 0.01
INFO:root:epoch 0, Episode 460, total_loss: 1332.213134765625, q_loss 1331.1837158203125, v_loss 1.0293691158294678 ,lr 0.01
INFO:root:epoch 0, Episode 461, total_loss: 2042.3292236328125, q_loss 2041.112548828125, v_loss 1.2166352272033691 ,lr 0.01
INFO:root:epoch 0, Episode 462, total_loss: 2737.81591796875, q_loss 2736.7783203125, v_loss 1.0376670360565186 ,lr 0.01
INFO:root:epoch 0, Episode 463, total_loss: 1284.7672119140625, q_loss 1283.7418212890625, v_loss 1.0253740549087524 ,lr 0.01
INFO:root:epoch 0, Episode 464, total_loss: 1561.96142578125, q_loss 1560.9154052734375, v_loss 1.0460329055786133 ,lr 0.01
INFO:root:epoch 0, Episode 465, total_loss: 2290.1123046875, q_loss 2289.03369140625, v_loss 1.078645944595337 ,lr 0.01
INFO:root:epoch 0, Episode 466, total_loss: 2662.40625, q_loss 2661.32275390625, v_loss 1.0834295749664307 ,lr 0.01
INFO:root:epoch 0, Episode 467, total_loss: 2112.775634765625, q_loss 2111.680908203125, v_loss 1.094606637954712 ,lr 0.01
INFO:root:epoch 0, Episode 468, total_loss: 2451.139404296875, q_loss 2450.090576171875, v_loss 1.0487712621688843 ,lr 0.01
INFO:root:epoch 0, Episode 469, total_loss: 1330.523681640625, q_loss 1329.4971923828125, v_loss 1.0264337062835693 ,lr 0.01
INFO:root:epoch 0, Episode 470, total_loss: 1636.403564453125, q_loss 1635.225341796875, v_loss 1.1781933307647705 ,lr 0.01
INFO:root:epoch 0, Episode 471, total_loss: 2136.12158203125, q_loss 2135.05517578125, v_loss 1.0663577318191528 ,lr 0.01
INFO:root:epoch 0, Episode 472, total_loss: 3819.355712890625, q_loss 3818.275634765625, v_loss 1.0800247192382812 ,lr 0.01
INFO:root:epoch 0, Episode 473, total_loss: 1963.87744140625, q_loss 1962.7906494140625, v_loss 1.0868300199508667 ,lr 0.01
INFO:root:epoch 0, Episode 474, total_loss: 3164.4189453125, q_loss 3163.297607421875, v_loss 1.12141752243042 ,lr 0.01
INFO:root:epoch 0, Episode 475, total_loss: 1343.910400390625, q_loss 1342.8447265625, v_loss 1.065670132637024 ,lr 0.01
INFO:root:epoch 0, Episode 476, total_loss: 2445.153076171875, q_loss 2444.07470703125, v_loss 1.078406810760498 ,lr 0.01
INFO:root:epoch 0, Episode 477, total_loss: 2370.843994140625, q_loss 2369.318603515625, v_loss 1.5253396034240723 ,lr 0.01
INFO:root:epoch 0, Episode 478, total_loss: 3276.355712890625, q_loss 3275.235107421875, v_loss 1.1207034587860107 ,lr 0.01
INFO:root:epoch 0, Episode 479, total_loss: 2453.558349609375, q_loss 2452.4677734375, v_loss 1.0906860828399658 ,lr 0.01
INFO:root:epoch 0, Episode 480, total_loss: 1811.01025390625, q_loss 1809.941162109375, v_loss 1.0691452026367188 ,lr 0.01
INFO:root:epoch 0, Episode 481, total_loss: 3327.81591796875, q_loss 3325.313720703125, v_loss 2.5021541118621826 ,lr 0.01
INFO:root:epoch 0, Episode 482, total_loss: 2278.5703125, q_loss 2277.49072265625, v_loss 1.0796270370483398 ,lr 0.01
INFO:root:epoch 0, Episode 483, total_loss: 2270.396240234375, q_loss 2269.163818359375, v_loss 1.2325141429901123 ,lr 0.01
INFO:root:epoch 0, Episode 484, total_loss: 4928.4619140625, q_loss 4927.259765625, v_loss 1.2022550106048584 ,lr 0.01
INFO:root:epoch 0, Episode 485, total_loss: 2046.48388671875, q_loss 2045.2332763671875, v_loss 1.2505964040756226 ,lr 0.01
INFO:root:epoch 0, Episode 486, total_loss: 1905.768798828125, q_loss 1904.681884765625, v_loss 1.0869166851043701 ,lr 0.01
INFO:root:epoch 0, Episode 487, total_loss: 2056.8466796875, q_loss 2055.730224609375, v_loss 1.1164512634277344 ,lr 0.01
INFO:root:epoch 0, Episode 488, total_loss: 1360.3199462890625, q_loss 1359.10400390625, v_loss 1.2159416675567627 ,lr 0.01
INFO:root:epoch 0, Episode 489, total_loss: 1647.78955078125, q_loss 1646.673583984375, v_loss 1.116018533706665 ,lr 0.01
INFO:root:epoch 0, Episode 490, total_loss: 2204.892333984375, q_loss 2203.822998046875, v_loss 1.0693795680999756 ,lr 0.01
INFO:root:epoch 0, Episode 491, total_loss: 2194.33837890625, q_loss 2193.294677734375, v_loss 1.0436127185821533 ,lr 0.01
INFO:root:epoch 0, Episode 492, total_loss: 3639.80908203125, q_loss 3638.302978515625, v_loss 1.5061157941818237 ,lr 0.01
INFO:root:epoch 0, Episode 493, total_loss: 1865.7806396484375, q_loss 1864.75537109375, v_loss 1.025273084640503 ,lr 0.01
INFO:root:epoch 0, Episode 494, total_loss: 1108.426025390625, q_loss 1107.4224853515625, v_loss 1.0035052299499512 ,lr 0.01
INFO:root:epoch 0, Episode 495, total_loss: 1838.7442626953125, q_loss 1837.71484375, v_loss 1.0293636322021484 ,lr 0.01
INFO:root:epoch 0, Episode 496, total_loss: 4290.8046875, q_loss 4289.755859375, v_loss 1.0488250255584717 ,lr 0.01
INFO:root:epoch 0, Episode 497, total_loss: 2317.086669921875, q_loss 2316.01708984375, v_loss 1.0696334838867188 ,lr 0.01
INFO:root:epoch 0, Episode 498, total_loss: 1691.1080322265625, q_loss 1689.962890625, v_loss 1.1451034545898438 ,lr 0.01
INFO:root:epoch 0, Episode 499, total_loss: 1819.0377197265625, q_loss 1817.892333984375, v_loss 1.1454241275787354 ,lr 0.01
INFO:root:epoch 1, Episode 0, total_loss: 3221.190673828125, q_loss 3218.775146484375, v_loss 2.41563081741333 ,lr 0.01
INFO:root:epoch 1, Episode 1, total_loss: 1139.2125244140625, q_loss 1138.161865234375, v_loss 1.0507197380065918 ,lr 0.01
INFO:root:epoch 1, Episode 2, total_loss: 861.4737548828125, q_loss 860.4823608398438, v_loss 0.9913895130157471 ,lr 0.01
INFO:root:epoch 1, Episode 3, total_loss: 2816.560791015625, q_loss 2815.53369140625, v_loss 1.0271754264831543 ,lr 0.01
INFO:root:epoch 1, Episode 4, total_loss: 1985.935791015625, q_loss 1984.4229736328125, v_loss 1.5127894878387451 ,lr 0.01
INFO:root:epoch 1, Episode 5, total_loss: 2801.52880859375, q_loss 2800.493408203125, v_loss 1.035304307937622 ,lr 0.01
INFO:root:epoch 1, Episode 6, total_loss: 4148.1171875, q_loss 4147.06201171875, v_loss 1.0552327632904053 ,lr 0.01
INFO:root:epoch 1, Episode 7, total_loss: 4890.40771484375, q_loss 4889.30029296875, v_loss 1.10744309425354 ,lr 0.01
INFO:root:epoch 1, Episode 8, total_loss: 2130.616943359375, q_loss 2129.627197265625, v_loss 0.989654541015625 ,lr 0.01
INFO:root:epoch 1, Episode 9, total_loss: 3947.277587890625, q_loss 3946.15478515625, v_loss 1.1228845119476318 ,lr 0.01
INFO:root:epoch 1, Episode 10, total_loss: 2956.77392578125, q_loss 2955.921630859375, v_loss 0.8523871898651123 ,lr 0.01
INFO:root:epoch 1, Episode 11, total_loss: 1964.70361328125, q_loss 1963.483642578125, v_loss 1.219912052154541 ,lr 0.01
INFO:root:epoch 1, Episode 12, total_loss: 1737.819091796875, q_loss 1736.8721923828125, v_loss 0.9468588829040527 ,lr 0.01
INFO:root:epoch 1, Episode 13, total_loss: 2125.19482421875, q_loss 2124.15771484375, v_loss 1.037137746810913 ,lr 0.01
INFO:root:epoch 1, Episode 14, total_loss: 1823.6656494140625, q_loss 1822.7230224609375, v_loss 0.9425783157348633 ,lr 0.01
INFO:root:epoch 1, Episode 15, total_loss: 1650.946044921875, q_loss 1649.8111572265625, v_loss 1.134838581085205 ,lr 0.01
INFO:root:epoch 1, Episode 16, total_loss: 2884.1943359375, q_loss 2883.139404296875, v_loss 1.054945468902588 ,lr 0.01
INFO:root:epoch 1, Episode 17, total_loss: 2462.145263671875, q_loss 2460.5478515625, v_loss 1.5973482131958008 ,lr 0.01
INFO:root:epoch 1, Episode 18, total_loss: 2906.290283203125, q_loss 2905.276611328125, v_loss 1.013601303100586 ,lr 0.01
INFO:root:epoch 1, Episode 19, total_loss: 1720.4725341796875, q_loss 1719.4432373046875, v_loss 1.0292601585388184 ,lr 0.01
INFO:root:epoch 1, Episode 20, total_loss: 1741.4786376953125, q_loss 1740.2127685546875, v_loss 1.2659053802490234 ,lr 0.01
INFO:root:epoch 1, Episode 21, total_loss: 2125.935546875, q_loss 2124.80859375, v_loss 1.1269340515136719 ,lr 0.01
INFO:root:epoch 1, Episode 22, total_loss: 1804.79345703125, q_loss 1803.686279296875, v_loss 1.107180118560791 ,lr 0.01
INFO:root:epoch 1, Episode 23, total_loss: 2287.49609375, q_loss 2285.845703125, v_loss 1.650435447692871 ,lr 0.01
INFO:root:epoch 1, Episode 24, total_loss: 1615.46533203125, q_loss 1614.3321533203125, v_loss 1.1331958770751953 ,lr 0.01
INFO:root:epoch 1, Episode 25, total_loss: 1968.962890625, q_loss 1967.99658203125, v_loss 0.9662795066833496 ,lr 0.01
INFO:root:epoch 1, Episode 26, total_loss: 1689.640625, q_loss 1688.5970458984375, v_loss 1.0436339378356934 ,lr 0.01
INFO:root:epoch 1, Episode 27, total_loss: 2771.87255859375, q_loss 2770.771728515625, v_loss 1.100766658782959 ,lr 0.01
INFO:root:epoch 1, Episode 28, total_loss: 1599.371337890625, q_loss 1598.3466796875, v_loss 1.0247125625610352 ,lr 0.01
INFO:root:epoch 1, Episode 29, total_loss: 3082.53955078125, q_loss 3081.53125, v_loss 1.00834321975708 ,lr 0.01
INFO:root:epoch 1, Episode 30, total_loss: 1763.325927734375, q_loss 1762.2642822265625, v_loss 1.0616140365600586 ,lr 0.01
INFO:root:epoch 1, Episode 31, total_loss: 3539.303955078125, q_loss 3538.405029296875, v_loss 0.8989129066467285 ,lr 0.01
INFO:root:epoch 1, Episode 32, total_loss: 1867.96923828125, q_loss 1867.0106201171875, v_loss 0.9586434364318848 ,lr 0.01
INFO:root:epoch 1, Episode 33, total_loss: 3444.123779296875, q_loss 3443.077880859375, v_loss 1.046010971069336 ,lr 0.01
INFO:root:epoch 1, Episode 34, total_loss: 2432.935791015625, q_loss 2431.86328125, v_loss 1.0724477767944336 ,lr 0.01
INFO:root:epoch 1, Episode 35, total_loss: 4852.4736328125, q_loss 4851.5771484375, v_loss 0.8966007232666016 ,lr 0.01
INFO:root:epoch 1, Episode 36, total_loss: 1691.1705322265625, q_loss 1690.081298828125, v_loss 1.0892720222473145 ,lr 0.01
INFO:root:epoch 1, Episode 37, total_loss: 1371.01220703125, q_loss 1369.64013671875, v_loss 1.3721065521240234 ,lr 0.01
INFO:root:epoch 1, Episode 38, total_loss: 2372.87646484375, q_loss 2371.55712890625, v_loss 1.3193445205688477 ,lr 0.01
INFO:root:epoch 1, Episode 39, total_loss: 1609.3115234375, q_loss 1607.997802734375, v_loss 1.3137321472167969 ,lr 0.01
INFO:root:epoch 1, Episode 40, total_loss: 1633.5291748046875, q_loss 1632.271728515625, v_loss 1.2574095726013184 ,lr 0.01
INFO:root:epoch 1, Episode 41, total_loss: 1623.7181396484375, q_loss 1622.73046875, v_loss 0.9876651763916016 ,lr 0.01
INFO:root:epoch 1, Episode 42, total_loss: 1470.53759765625, q_loss 1469.5936279296875, v_loss 0.9440126419067383 ,lr 0.01
INFO:root:epoch 1, Episode 43, total_loss: 1153.041015625, q_loss 1152.1949462890625, v_loss 0.8461141586303711 ,lr 0.01
INFO:root:epoch 1, Episode 44, total_loss: 2867.9921875, q_loss 2866.81298828125, v_loss 1.1793184280395508 ,lr 0.01
INFO:root:epoch 1, Episode 45, total_loss: 3912.508056640625, q_loss 3910.434814453125, v_loss 2.0731420516967773 ,lr 0.01
INFO:root:epoch 1, Episode 46, total_loss: 1530.6644287109375, q_loss 1529.6220703125, v_loss 1.0423173904418945 ,lr 0.01
INFO:root:epoch 1, Episode 47, total_loss: 1226.469970703125, q_loss 1225.60546875, v_loss 0.8645076751708984 ,lr 0.01
INFO:root:epoch 1, Episode 48, total_loss: 2213.465576171875, q_loss 2212.26171875, v_loss 1.203944206237793 ,lr 0.01
INFO:root:epoch 1, Episode 49, total_loss: 1037.087890625, q_loss 1036.270263671875, v_loss 0.8176698684692383 ,lr 0.01
INFO:root:epoch 1, Episode 50, total_loss: 2114.848388671875, q_loss 2113.82177734375, v_loss 1.0265188217163086 ,lr 0.01
INFO:root:epoch 1, Episode 51, total_loss: 2165.050537109375, q_loss 2164.01708984375, v_loss 1.0333366394042969 ,lr 0.01
INFO:root:epoch 1, Episode 52, total_loss: 1759.78466796875, q_loss 1758.905029296875, v_loss 0.8795900344848633 ,lr 0.01
INFO:root:epoch 1, Episode 53, total_loss: 2875.320556640625, q_loss 2874.059326171875, v_loss 1.2611465454101562 ,lr 0.01
INFO:root:epoch 1, Episode 54, total_loss: 950.6293334960938, q_loss 950.1777954101562, v_loss 0.45155906677246094 ,lr 0.01
INFO:root:epoch 1, Episode 55, total_loss: 2033.056396484375, q_loss 2032.041259765625, v_loss 1.0151491165161133 ,lr 0.01
INFO:root:epoch 1, Episode 56, total_loss: 3326.9365234375, q_loss 3326.194091796875, v_loss 0.742429256439209 ,lr 0.01
INFO:root:epoch 1, Episode 57, total_loss: 2152.357666015625, q_loss 2151.44921875, v_loss 0.9083633422851562 ,lr 0.01
INFO:root:epoch 1, Episode 58, total_loss: 1513.3916015625, q_loss 1512.39013671875, v_loss 1.0014426708221436 ,lr 0.01
INFO:root:epoch 1, Episode 59, total_loss: 1680.9293212890625, q_loss 1679.9788818359375, v_loss 0.9504457712173462 ,lr 0.01
INFO:root:epoch 1, Episode 60, total_loss: 1833.7120361328125, q_loss 1832.5074462890625, v_loss 1.2045972347259521 ,lr 0.01
INFO:root:epoch 1, Episode 61, total_loss: 1762.9473876953125, q_loss 1760.7579345703125, v_loss 2.1895065307617188 ,lr 0.01
INFO:root:epoch 1, Episode 62, total_loss: 2776.445556640625, q_loss 2775.734130859375, v_loss 0.7113275527954102 ,lr 0.01
INFO:root:epoch 1, Episode 63, total_loss: 1881.21484375, q_loss 1876.564697265625, v_loss 4.65013313293457 ,lr 0.01
INFO:root:epoch 1, Episode 64, total_loss: 1179.1685791015625, q_loss 1178.40478515625, v_loss 0.763758659362793 ,lr 0.01
INFO:root:epoch 1, Episode 65, total_loss: 2080.6796875, q_loss 2075.51171875, v_loss 5.167946815490723 ,lr 0.01
INFO:root:epoch 1, Episode 66, total_loss: 2000.5123291015625, q_loss 1998.8876953125, v_loss 1.6246696710586548 ,lr 0.01
INFO:root:epoch 1, Episode 67, total_loss: 3537.205322265625, q_loss 3535.52099609375, v_loss 1.684402585029602 ,lr 0.01
INFO:root:epoch 1, Episode 68, total_loss: 3338.350341796875, q_loss 3336.497802734375, v_loss 1.85251784324646 ,lr 0.01
INFO:root:epoch 1, Episode 69, total_loss: 1373.5052490234375, q_loss 1372.2320556640625, v_loss 1.2732279300689697 ,lr 0.01
INFO:root:epoch 1, Episode 70, total_loss: 1408.8692626953125, q_loss 1407.8255615234375, v_loss 1.043684720993042 ,lr 0.01
INFO:root:epoch 1, Episode 71, total_loss: 3020.220703125, q_loss 3019.25390625, v_loss 0.9668346047401428 ,lr 0.01
INFO:root:epoch 1, Episode 72, total_loss: 2579.31640625, q_loss 2577.498046875, v_loss 1.818418264389038 ,lr 0.01
INFO:root:epoch 1, Episode 73, total_loss: 2449.173583984375, q_loss 2447.31640625, v_loss 1.8571643829345703 ,lr 0.01
INFO:root:epoch 1, Episode 74, total_loss: 1195.986083984375, q_loss 1194.2567138671875, v_loss 1.729334831237793 ,lr 0.01
INFO:root:epoch 1, Episode 75, total_loss: 2636.3251953125, q_loss 2634.6552734375, v_loss 1.6698405742645264 ,lr 0.01
INFO:root:epoch 1, Episode 76, total_loss: 2268.09228515625, q_loss 2266.74365234375, v_loss 1.348595380783081 ,lr 0.01
INFO:root:epoch 1, Episode 77, total_loss: 3357.551025390625, q_loss 3356.422119140625, v_loss 1.1288328170776367 ,lr 0.01
INFO:root:epoch 1, Episode 78, total_loss: 2028.8843994140625, q_loss 2028.0650634765625, v_loss 0.8193718194961548 ,lr 0.01
INFO:root:epoch 1, Episode 79, total_loss: 1618.333984375, q_loss 1617.30029296875, v_loss 1.0337296724319458 ,lr 0.01
INFO:root:epoch 1, Episode 80, total_loss: 2099.6455078125, q_loss 2098.960205078125, v_loss 0.6852668523788452 ,lr 0.01
INFO:root:epoch 1, Episode 81, total_loss: 1477.057861328125, q_loss 1476.0531005859375, v_loss 1.0047612190246582 ,lr 0.01
INFO:root:epoch 1, Episode 82, total_loss: 3100.90234375, q_loss 3100.260498046875, v_loss 0.6417350769042969 ,lr 0.01
INFO:root:epoch 1, Episode 83, total_loss: 1019.5556030273438, q_loss 1019.1469116210938, v_loss 0.4086942672729492 ,lr 0.01
INFO:root:epoch 1, Episode 84, total_loss: 1564.637939453125, q_loss 1563.3416748046875, v_loss 1.2963018417358398 ,lr 0.01
INFO:root:epoch 1, Episode 85, total_loss: 2297.5966796875, q_loss 2295.199462890625, v_loss 2.397216796875 ,lr 0.01
INFO:root:epoch 1, Episode 86, total_loss: 3450.012451171875, q_loss 3446.841796875, v_loss 3.1707496643066406 ,lr 0.01
INFO:root:epoch 1, Episode 87, total_loss: 1417.6845703125, q_loss 1416.815673828125, v_loss 0.8688898086547852 ,lr 0.01
INFO:root:epoch 1, Episode 88, total_loss: 1146.906982421875, q_loss 1145.8380126953125, v_loss 1.0689153671264648 ,lr 0.01
INFO:root:epoch 1, Episode 89, total_loss: 2652.653564453125, q_loss 2651.5498046875, v_loss 1.1038646697998047 ,lr 0.01
INFO:root:epoch 1, Episode 90, total_loss: 1664.5701904296875, q_loss 1662.77099609375, v_loss 1.7991485595703125 ,lr 0.01
INFO:root:epoch 1, Episode 91, total_loss: 3846.46044921875, q_loss 3845.2041015625, v_loss 1.2564435005187988 ,lr 0.01
INFO:root:epoch 1, Episode 92, total_loss: 2290.097412109375, q_loss 2287.884765625, v_loss 2.212759494781494 ,lr 0.01
INFO:root:epoch 1, Episode 93, total_loss: 2007.9248046875, q_loss 2006.7161865234375, v_loss 1.2086551189422607 ,lr 0.01
INFO:root:epoch 1, Episode 94, total_loss: 1802.54443359375, q_loss 1800.9088134765625, v_loss 1.6356348991394043 ,lr 0.01
INFO:root:epoch 1, Episode 95, total_loss: 2489.603759765625, q_loss 2487.526611328125, v_loss 2.0772109031677246 ,lr 0.01
INFO:root:epoch 1, Episode 96, total_loss: 2000.022705078125, q_loss 1998.9913330078125, v_loss 1.0314197540283203 ,lr 0.01
INFO:root:epoch 1, Episode 97, total_loss: 2702.716064453125, q_loss 2701.57958984375, v_loss 1.1365633010864258 ,lr 0.01
INFO:root:epoch 1, Episode 98, total_loss: 1819.3636474609375, q_loss 1818.2470703125, v_loss 1.1165242195129395 ,lr 0.01
INFO:root:epoch 1, Episode 99, total_loss: 1741.7227783203125, q_loss 1740.811767578125, v_loss 0.911064624786377 ,lr 0.01
INFO:root:epoch 1, Episode 100, total_loss: 3237.907470703125, q_loss 3236.912109375, v_loss 0.99543696641922 ,lr 0.01
INFO:root:epoch 1, Episode 101, total_loss: 1463.8831787109375, q_loss 1463.0001220703125, v_loss 0.8830866813659668 ,lr 0.01
INFO:root:epoch 1, Episode 102, total_loss: 1731.4754638671875, q_loss 1730.6552734375, v_loss 0.8201402425765991 ,lr 0.01
INFO:root:epoch 1, Episode 103, total_loss: 3315.81005859375, q_loss 3314.061767578125, v_loss 1.7481833696365356 ,lr 0.01
INFO:root:epoch 1, Episode 104, total_loss: 1391.7916259765625, q_loss 1390.7093505859375, v_loss 1.0822702646255493 ,lr 0.01
INFO:root:epoch 1, Episode 105, total_loss: 2144.51416015625, q_loss 2143.198486328125, v_loss 1.3156819343566895 ,lr 0.01
INFO:root:epoch 1, Episode 106, total_loss: 2561.588134765625, q_loss 2560.322265625, v_loss 1.2658209800720215 ,lr 0.01
INFO:root:epoch 1, Episode 107, total_loss: 1097.868896484375, q_loss 1095.9168701171875, v_loss 1.952059268951416 ,lr 0.01
INFO:root:epoch 1, Episode 108, total_loss: 2107.2958984375, q_loss 2105.81787109375, v_loss 1.4781179428100586 ,lr 0.01
INFO:root:epoch 1, Episode 109, total_loss: 2101.078857421875, q_loss 2099.78466796875, v_loss 1.2942705154418945 ,lr 0.01
INFO:root:epoch 1, Episode 110, total_loss: 2039.2767333984375, q_loss 2038.1414794921875, v_loss 1.135240077972412 ,lr 0.01
INFO:root:epoch 1, Episode 111, total_loss: 1277.4664306640625, q_loss 1275.5657958984375, v_loss 1.9006147384643555 ,lr 0.01
INFO:root:epoch 1, Episode 112, total_loss: 1500.059326171875, q_loss 1498.8843994140625, v_loss 1.1749792098999023 ,lr 0.01
INFO:root:epoch 1, Episode 113, total_loss: 1441.662109375, q_loss 1440.6260986328125, v_loss 1.0360532999038696 ,lr 0.01
INFO:root:epoch 1, Episode 114, total_loss: 2301.46044921875, q_loss 2300.400390625, v_loss 1.0600793361663818 ,lr 0.01
INFO:root:epoch 1, Episode 115, total_loss: 2123.34423828125, q_loss 2122.47412109375, v_loss 0.8701941967010498 ,lr 0.01
INFO:root:epoch 1, Episode 116, total_loss: 3738.923583984375, q_loss 3737.38232421875, v_loss 1.5413501262664795 ,lr 0.01
INFO:root:epoch 1, Episode 117, total_loss: 1539.4713134765625, q_loss 1538.5838623046875, v_loss 0.8874278664588928 ,lr 0.01
INFO:root:epoch 1, Episode 118, total_loss: 2175.888427734375, q_loss 2174.938232421875, v_loss 0.950140655040741 ,lr 0.01
INFO:root:epoch 1, Episode 119, total_loss: 1312.89404296875, q_loss 1311.8662109375, v_loss 1.0278141498565674 ,lr 0.01
INFO:root:epoch 1, Episode 120, total_loss: 1884.2724609375, q_loss 1882.832763671875, v_loss 1.439739465713501 ,lr 0.01
INFO:root:epoch 1, Episode 121, total_loss: 2946.864501953125, q_loss 2945.359375, v_loss 1.5051894187927246 ,lr 0.01
INFO:root:epoch 1, Episode 122, total_loss: 2488.04248046875, q_loss 2486.86181640625, v_loss 1.180741548538208 ,lr 0.01
INFO:root:epoch 1, Episode 123, total_loss: 2866.532470703125, q_loss 2865.026611328125, v_loss 1.5059168338775635 ,lr 0.01
INFO:root:epoch 1, Episode 124, total_loss: 1854.39306640625, q_loss 1853.011962890625, v_loss 1.381143569946289 ,lr 0.01
INFO:root:epoch 1, Episode 125, total_loss: 1979.0167236328125, q_loss 1978.2762451171875, v_loss 0.7404416799545288 ,lr 0.01
INFO:root:epoch 1, Episode 126, total_loss: 1180.837158203125, q_loss 1180.030029296875, v_loss 0.8071091175079346 ,lr 0.01
INFO:root:epoch 1, Episode 127, total_loss: 2053.278076171875, q_loss 2051.473388671875, v_loss 1.8048073053359985 ,lr 0.01
INFO:root:epoch 1, Episode 128, total_loss: 2027.1494140625, q_loss 2025.933837890625, v_loss 1.2156343460083008 ,lr 0.01
INFO:root:epoch 1, Episode 129, total_loss: 2627.939453125, q_loss 2625.091552734375, v_loss 2.847952365875244 ,lr 0.01
INFO:root:epoch 1, Episode 130, total_loss: 3389.93115234375, q_loss 3388.93701171875, v_loss 0.9940692186355591 ,lr 0.01
INFO:root:epoch 1, Episode 131, total_loss: 1456.9666748046875, q_loss 1455.6083984375, v_loss 1.358245849609375 ,lr 0.01
INFO:root:epoch 1, Episode 132, total_loss: 1937.765869140625, q_loss 1936.6376953125, v_loss 1.1281901597976685 ,lr 0.01
INFO:root:epoch 1, Episode 133, total_loss: 2847.419677734375, q_loss 2846.76171875, v_loss 0.6578960418701172 ,lr 0.01
INFO:root:epoch 1, Episode 134, total_loss: 3213.056884765625, q_loss 3211.953125, v_loss 1.1038730144500732 ,lr 0.01
INFO:root:epoch 1, Episode 135, total_loss: 1137.24755859375, q_loss 1136.464599609375, v_loss 0.7829117774963379 ,lr 0.01
INFO:root:epoch 1, Episode 136, total_loss: 1673.5516357421875, q_loss 1672.5067138671875, v_loss 1.0449321269989014 ,lr 0.01
INFO:root:epoch 1, Episode 137, total_loss: 2851.275146484375, q_loss 2850.01708984375, v_loss 1.2580571174621582 ,lr 0.01
INFO:root:epoch 1, Episode 138, total_loss: 2372.841552734375, q_loss 2371.356689453125, v_loss 1.4847755432128906 ,lr 0.01
INFO:root:epoch 1, Episode 139, total_loss: 1973.1484375, q_loss 1971.8175048828125, v_loss 1.330895185470581 ,lr 0.01
INFO:root:epoch 1, Episode 140, total_loss: 2076.99365234375, q_loss 2075.378662109375, v_loss 1.6150153875350952 ,lr 0.01
INFO:root:epoch 1, Episode 141, total_loss: 2902.15478515625, q_loss 2900.576416015625, v_loss 1.5783638954162598 ,lr 0.01
INFO:root:epoch 1, Episode 142, total_loss: 1872.48388671875, q_loss 1871.37353515625, v_loss 1.1103147268295288 ,lr 0.01
INFO:root:epoch 1, Episode 143, total_loss: 4129.4443359375, q_loss 4127.1220703125, v_loss 2.3220901489257812 ,lr 0.01
INFO:root:epoch 1, Episode 144, total_loss: 1721.9482421875, q_loss 1720.9261474609375, v_loss 1.0221449136734009 ,lr 0.01
INFO:root:epoch 1, Episode 145, total_loss: 1745.172119140625, q_loss 1744.253662109375, v_loss 0.918475866317749 ,lr 0.01
INFO:root:epoch 1, Episode 146, total_loss: 2079.381103515625, q_loss 2077.756103515625, v_loss 1.6250172853469849 ,lr 0.01
INFO:root:epoch 1, Episode 147, total_loss: 1411.296630859375, q_loss 1410.3343505859375, v_loss 0.9622924327850342 ,lr 0.01
INFO:root:epoch 1, Episode 148, total_loss: 1536.078369140625, q_loss 1535.036376953125, v_loss 1.0419999361038208 ,lr 0.01
INFO:root:epoch 1, Episode 149, total_loss: 1772.8465576171875, q_loss 1771.708984375, v_loss 1.1375398635864258 ,lr 0.01
INFO:root:epoch 1, Episode 150, total_loss: 2174.826904296875, q_loss 2173.8486328125, v_loss 0.9783833026885986 ,lr 0.01
INFO:root:epoch 1, Episode 151, total_loss: 1832.588134765625, q_loss 1831.3172607421875, v_loss 1.2709217071533203 ,lr 0.01
INFO:root:epoch 1, Episode 152, total_loss: 2492.68115234375, q_loss 2491.684814453125, v_loss 0.996408224105835 ,lr 0.01
INFO:root:epoch 1, Episode 153, total_loss: 3992.46240234375, q_loss 3991.3740234375, v_loss 1.0883945226669312 ,lr 0.01
INFO:root:epoch 1, Episode 154, total_loss: 1131.052490234375, q_loss 1129.862548828125, v_loss 1.1899607181549072 ,lr 0.01
INFO:root:epoch 1, Episode 155, total_loss: 1561.4981689453125, q_loss 1560.4422607421875, v_loss 1.0558819770812988 ,lr 0.01
INFO:root:epoch 1, Episode 156, total_loss: 2313.36572265625, q_loss 2312.177978515625, v_loss 1.1876922845840454 ,lr 0.01
INFO:root:epoch 1, Episode 157, total_loss: 1657.2991943359375, q_loss 1656.3126220703125, v_loss 0.9866223335266113 ,lr 0.01
INFO:root:epoch 1, Episode 158, total_loss: 3973.606201171875, q_loss 3972.385986328125, v_loss 1.2203021049499512 ,lr 0.01
INFO:root:epoch 1, Episode 159, total_loss: 1895.7835693359375, q_loss 1894.8328857421875, v_loss 0.9506607055664062 ,lr 0.01
INFO:root:epoch 1, Episode 160, total_loss: 2181.690185546875, q_loss 2180.5556640625, v_loss 1.134400486946106 ,lr 0.01
INFO:root:epoch 1, Episode 161, total_loss: 2670.663330078125, q_loss 2669.65234375, v_loss 1.0108764171600342 ,lr 0.01
INFO:root:epoch 1, Episode 162, total_loss: 2276.816650390625, q_loss 2275.7587890625, v_loss 1.0579109191894531 ,lr 0.01
INFO:root:epoch 1, Episode 163, total_loss: 1757.2265625, q_loss 1756.0694580078125, v_loss 1.1570494174957275 ,lr 0.01
INFO:root:epoch 1, Episode 164, total_loss: 1649.86865234375, q_loss 1649.0159912109375, v_loss 0.8526425361633301 ,lr 0.01
INFO:root:epoch 1, Episode 165, total_loss: 5478.7763671875, q_loss 5477.779296875, v_loss 0.9972763061523438 ,lr 0.01
INFO:root:epoch 1, Episode 166, total_loss: 2337.41748046875, q_loss 2335.7783203125, v_loss 1.639075517654419 ,lr 0.01
INFO:root:epoch 1, Episode 167, total_loss: 3131.566650390625, q_loss 3130.535888671875, v_loss 1.0308046340942383 ,lr 0.01
INFO:root:epoch 1, Episode 168, total_loss: 1754.4755859375, q_loss 1753.4647216796875, v_loss 1.0108669996261597 ,lr 0.01
INFO:root:epoch 1, Episode 169, total_loss: 1971.919189453125, q_loss 1970.6920166015625, v_loss 1.2271758317947388 ,lr 0.01
INFO:root:epoch 1, Episode 170, total_loss: 759.919921875, q_loss 758.771484375, v_loss 1.1484174728393555 ,lr 0.01
INFO:root:epoch 1, Episode 171, total_loss: 1878.645751953125, q_loss 1877.5655517578125, v_loss 1.0801899433135986 ,lr 0.01
INFO:root:epoch 1, Episode 172, total_loss: 4703.6357421875, q_loss 4701.36376953125, v_loss 2.27217435836792 ,lr 0.01
INFO:root:epoch 1, Episode 173, total_loss: 1726.28271484375, q_loss 1725.078125, v_loss 1.204538345336914 ,lr 0.01
INFO:root:epoch 1, Episode 174, total_loss: 1553.033447265625, q_loss 1551.8270263671875, v_loss 1.2064805030822754 ,lr 0.01
INFO:root:epoch 1, Episode 175, total_loss: 4063.22216796875, q_loss 4061.633544921875, v_loss 1.5885963439941406 ,lr 0.01
INFO:root:epoch 1, Episode 176, total_loss: 2342.393310546875, q_loss 2341.158935546875, v_loss 1.2343958616256714 ,lr 0.01
INFO:root:epoch 1, Episode 177, total_loss: 2552.034423828125, q_loss 2550.81689453125, v_loss 1.21744704246521 ,lr 0.01
INFO:root:epoch 1, Episode 178, total_loss: 1491.36328125, q_loss 1490.2508544921875, v_loss 1.1124721765518188 ,lr 0.01
INFO:root:epoch 1, Episode 179, total_loss: 2262.923095703125, q_loss 2261.83203125, v_loss 1.0911149978637695 ,lr 0.01
INFO:root:epoch 1, Episode 180, total_loss: 1500.077880859375, q_loss 1498.958740234375, v_loss 1.119104027748108 ,lr 0.01
INFO:root:epoch 1, Episode 181, total_loss: 1821.05908203125, q_loss 1820.0435791015625, v_loss 1.015535593032837 ,lr 0.01
INFO:root:epoch 1, Episode 182, total_loss: 1944.4490966796875, q_loss 1943.4095458984375, v_loss 1.0395983457565308 ,lr 0.01
INFO:root:epoch 1, Episode 183, total_loss: 1963.6405029296875, q_loss 1962.526123046875, v_loss 1.1143884658813477 ,lr 0.01
INFO:root:epoch 1, Episode 184, total_loss: 2318.54345703125, q_loss 2317.51708984375, v_loss 1.0262699127197266 ,lr 0.01
INFO:root:epoch 1, Episode 185, total_loss: 2891.38818359375, q_loss 2890.310791015625, v_loss 1.0774227380752563 ,lr 0.01
INFO:root:epoch 1, Episode 186, total_loss: 2235.66357421875, q_loss 2234.78759765625, v_loss 0.8759400844573975 ,lr 0.01
INFO:root:epoch 1, Episode 187, total_loss: 1839.90283203125, q_loss 1838.832763671875, v_loss 1.0701088905334473 ,lr 0.01
INFO:root:epoch 1, Episode 188, total_loss: 2732.26220703125, q_loss 2731.370849609375, v_loss 0.891251802444458 ,lr 0.01
INFO:root:epoch 1, Episode 189, total_loss: 3392.180419921875, q_loss 3391.083984375, v_loss 1.0963608026504517 ,lr 0.01
INFO:root:epoch 1, Episode 190, total_loss: 1852.6151123046875, q_loss 1851.5916748046875, v_loss 1.023402214050293 ,lr 0.01
INFO:root:epoch 1, Episode 191, total_loss: 3076.8916015625, q_loss 3075.781982421875, v_loss 1.1097171306610107 ,lr 0.01
INFO:root:epoch 1, Episode 192, total_loss: 1673.7344970703125, q_loss 1672.6431884765625, v_loss 1.0912655591964722 ,lr 0.01
INFO:root:epoch 1, Episode 193, total_loss: 1033.773193359375, q_loss 1032.73583984375, v_loss 1.0373696088790894 ,lr 0.01
INFO:root:epoch 1, Episode 194, total_loss: 1819.478759765625, q_loss 1818.5223388671875, v_loss 0.9563896656036377 ,lr 0.01
INFO:root:epoch 1, Episode 195, total_loss: 2106.81005859375, q_loss 2105.569091796875, v_loss 1.2410094738006592 ,lr 0.01
INFO:root:epoch 1, Episode 196, total_loss: 2483.86572265625, q_loss 2482.819580078125, v_loss 1.0462536811828613 ,lr 0.01
INFO:root:epoch 1, Episode 197, total_loss: 1672.2847900390625, q_loss 1671.0860595703125, v_loss 1.1987452507019043 ,lr 0.01
INFO:root:epoch 1, Episode 198, total_loss: 4934.21923828125, q_loss 4932.49365234375, v_loss 1.7255096435546875 ,lr 0.01
INFO:root:epoch 1, Episode 199, total_loss: 2016.6756591796875, q_loss 2015.4351806640625, v_loss 1.240447998046875 ,lr 0.01
INFO:root:epoch 1, Episode 200, total_loss: 1715.8670654296875, q_loss 1714.8626708984375, v_loss 1.0044199228286743 ,lr 0.01
INFO:root:epoch 1, Episode 201, total_loss: 2531.88671875, q_loss 2530.646728515625, v_loss 1.240065336227417 ,lr 0.01
INFO:root:epoch 1, Episode 202, total_loss: 2052.521484375, q_loss 2051.49951171875, v_loss 1.021902084350586 ,lr 0.01
INFO:root:epoch 1, Episode 203, total_loss: 2160.79443359375, q_loss 2159.757080078125, v_loss 1.0373129844665527 ,lr 0.01
INFO:root:epoch 1, Episode 204, total_loss: 2145.319580078125, q_loss 2144.21875, v_loss 1.1008950471878052 ,lr 0.01
INFO:root:epoch 1, Episode 205, total_loss: 1280.48095703125, q_loss 1279.4658203125, v_loss 1.0151491165161133 ,lr 0.01
INFO:root:epoch 1, Episode 206, total_loss: 911.8390502929688, q_loss 910.8462524414062, v_loss 0.9928131103515625 ,lr 0.01
INFO:root:epoch 1, Episode 207, total_loss: 1731.7034912109375, q_loss 1730.679931640625, v_loss 1.0235086679458618 ,lr 0.01
INFO:root:epoch 1, Episode 208, total_loss: 1511.3970947265625, q_loss 1510.417724609375, v_loss 0.9793399572372437 ,lr 0.01
INFO:root:epoch 1, Episode 209, total_loss: 1552.7421875, q_loss 1551.7354736328125, v_loss 1.006664752960205 ,lr 0.01
INFO:root:epoch 1, Episode 210, total_loss: 4493.19482421875, q_loss 4492.0205078125, v_loss 1.174109935760498 ,lr 0.01
INFO:root:epoch 1, Episode 211, total_loss: 1308.7557373046875, q_loss 1307.704345703125, v_loss 1.0513821840286255 ,lr 0.01
INFO:root:epoch 1, Episode 212, total_loss: 2756.628173828125, q_loss 2755.505126953125, v_loss 1.123050332069397 ,lr 0.01
INFO:root:epoch 1, Episode 213, total_loss: 1882.1923828125, q_loss 1881.1385498046875, v_loss 1.0538073778152466 ,lr 0.01
INFO:root:epoch 1, Episode 214, total_loss: 2679.777587890625, q_loss 2678.6884765625, v_loss 1.0890703201293945 ,lr 0.01
INFO:root:epoch 1, Episode 215, total_loss: 2556.6015625, q_loss 2555.516357421875, v_loss 1.0851407051086426 ,lr 0.01
INFO:root:epoch 1, Episode 216, total_loss: 1744.1885986328125, q_loss 1743.07275390625, v_loss 1.1157889366149902 ,lr 0.01
INFO:root:epoch 1, Episode 217, total_loss: 1871.30517578125, q_loss 1870.2008056640625, v_loss 1.1043753623962402 ,lr 0.01
INFO:root:epoch 1, Episode 218, total_loss: 2230.330322265625, q_loss 2229.21923828125, v_loss 1.1109790802001953 ,lr 0.01
INFO:root:epoch 1, Episode 219, total_loss: 2984.044921875, q_loss 2982.904052734375, v_loss 1.1408030986785889 ,lr 0.01
INFO:root:epoch 1, Episode 220, total_loss: 1741.8529052734375, q_loss 1740.7474365234375, v_loss 1.1054118871688843 ,lr 0.01
INFO:root:epoch 1, Episode 221, total_loss: 2268.365478515625, q_loss 2267.281005859375, v_loss 1.0845736265182495 ,lr 0.01
INFO:root:epoch 1, Episode 222, total_loss: 1595.12548828125, q_loss 1594.0281982421875, v_loss 1.0973141193389893 ,lr 0.01
INFO:root:epoch 1, Episode 223, total_loss: 2510.936767578125, q_loss 2509.859619140625, v_loss 1.077241063117981 ,lr 0.01
INFO:root:epoch 1, Episode 224, total_loss: 4548.08154296875, q_loss 4546.88037109375, v_loss 1.2012701034545898 ,lr 0.01
INFO:root:epoch 1, Episode 225, total_loss: 1295.916748046875, q_loss 1294.82666015625, v_loss 1.090084433555603 ,lr 0.01
INFO:root:epoch 1, Episode 226, total_loss: 1567.4283447265625, q_loss 1566.3284912109375, v_loss 1.099905252456665 ,lr 0.01
INFO:root:epoch 1, Episode 227, total_loss: 1783.0335693359375, q_loss 1781.938720703125, v_loss 1.0948123931884766 ,lr 0.01
INFO:root:epoch 1, Episode 228, total_loss: 1859.7451171875, q_loss 1858.608642578125, v_loss 1.1364169120788574 ,lr 0.01
INFO:root:epoch 1, Episode 229, total_loss: 2128.548828125, q_loss 2127.477783203125, v_loss 1.071122169494629 ,lr 0.01
INFO:root:epoch 1, Episode 230, total_loss: 2941.197021484375, q_loss 2940.05224609375, v_loss 1.1447232961654663 ,lr 0.01
INFO:root:epoch 1, Episode 231, total_loss: 2508.282958984375, q_loss 2507.19091796875, v_loss 1.0921368598937988 ,lr 0.01
INFO:root:epoch 1, Episode 232, total_loss: 2488.55224609375, q_loss 2487.474365234375, v_loss 1.0779402256011963 ,lr 0.01
INFO:root:epoch 1, Episode 233, total_loss: 3727.0888671875, q_loss 3726.065185546875, v_loss 1.0237364768981934 ,lr 0.01
INFO:root:epoch 1, Episode 234, total_loss: 1787.323486328125, q_loss 1786.249755859375, v_loss 1.0736844539642334 ,lr 0.01
INFO:root:epoch 1, Episode 235, total_loss: 5092.70068359375, q_loss 5091.25244140625, v_loss 1.4480276107788086 ,lr 0.01
INFO:root:epoch 1, Episode 236, total_loss: 3264.9609375, q_loss 3263.834716796875, v_loss 1.126309871673584 ,lr 0.01
INFO:root:epoch 1, Episode 237, total_loss: 1764.8895263671875, q_loss 1763.87841796875, v_loss 1.011121392250061 ,lr 0.01
INFO:root:epoch 1, Episode 238, total_loss: 2158.518310546875, q_loss 2157.324951171875, v_loss 1.1932475566864014 ,lr 0.01
INFO:root:epoch 1, Episode 239, total_loss: 1543.5885009765625, q_loss 1542.5255126953125, v_loss 1.062935709953308 ,lr 0.01
INFO:root:epoch 1, Episode 240, total_loss: 1692.8931884765625, q_loss 1691.8572998046875, v_loss 1.0358495712280273 ,lr 0.01
INFO:root:epoch 1, Episode 241, total_loss: 3339.396240234375, q_loss 3338.34521484375, v_loss 1.0510753393173218 ,lr 0.01
INFO:root:epoch 1, Episode 242, total_loss: 1878.3538818359375, q_loss 1877.3382568359375, v_loss 1.0155912637710571 ,lr 0.01
INFO:root:epoch 1, Episode 243, total_loss: 1966.135009765625, q_loss 1965.1119384765625, v_loss 1.0231131315231323 ,lr 0.01
INFO:root:epoch 1, Episode 244, total_loss: 1558.9530029296875, q_loss 1557.8720703125, v_loss 1.080916404724121 ,lr 0.01
INFO:root:epoch 1, Episode 245, total_loss: 1419.1768798828125, q_loss 1418.1175537109375, v_loss 1.0593560934066772 ,lr 0.01
INFO:root:epoch 1, Episode 246, total_loss: 3850.7587890625, q_loss 3849.825439453125, v_loss 0.9334688186645508 ,lr 0.01
INFO:root:epoch 1, Episode 247, total_loss: 3471.574462890625, q_loss 3470.659912109375, v_loss 0.9145936965942383 ,lr 0.01
INFO:root:epoch 1, Episode 248, total_loss: 3575.58447265625, q_loss 3574.603271484375, v_loss 0.9811415672302246 ,lr 0.01
INFO:root:epoch 1, Episode 249, total_loss: 1399.1500244140625, q_loss 1398.2470703125, v_loss 0.9029455184936523 ,lr 0.01
INFO:root:epoch 1, Episode 250, total_loss: 1862.130126953125, q_loss 1861.1458740234375, v_loss 0.9841928482055664 ,lr 0.01
INFO:root:epoch 1, Episode 251, total_loss: 1991.6287841796875, q_loss 1990.5830078125, v_loss 1.0457757711410522 ,lr 0.01
INFO:root:epoch 1, Episode 252, total_loss: 1845.556396484375, q_loss 1844.576171875, v_loss 0.9802438020706177 ,lr 0.01
INFO:root:epoch 1, Episode 253, total_loss: 1545.57763671875, q_loss 1544.6522216796875, v_loss 0.9254441261291504 ,lr 0.01
INFO:root:epoch 1, Episode 254, total_loss: 1324.5352783203125, q_loss 1323.559326171875, v_loss 0.975979208946228 ,lr 0.01
INFO:root:epoch 1, Episode 255, total_loss: 1867.4232177734375, q_loss 1866.451904296875, v_loss 0.9713718891143799 ,lr 0.01
INFO:root:epoch 1, Episode 256, total_loss: 2890.341552734375, q_loss 2889.321044921875, v_loss 1.020542860031128 ,lr 0.01
INFO:root:epoch 1, Episode 257, total_loss: 1419.10009765625, q_loss 1418.1640625, v_loss 0.9360071420669556 ,lr 0.01
INFO:root:epoch 1, Episode 258, total_loss: 2534.359130859375, q_loss 2532.935302734375, v_loss 1.423886775970459 ,lr 0.01
INFO:root:epoch 1, Episode 259, total_loss: 2114.130615234375, q_loss 2113.083251953125, v_loss 1.0472853183746338 ,lr 0.01
INFO:root:epoch 1, Episode 260, total_loss: 4771.9697265625, q_loss 4770.1220703125, v_loss 1.847480297088623 ,lr 0.01
INFO:root:epoch 1, Episode 261, total_loss: 2032.268798828125, q_loss 2031.15234375, v_loss 1.1164557933807373 ,lr 0.01
INFO:root:epoch 1, Episode 262, total_loss: 2719.400634765625, q_loss 2718.45654296875, v_loss 0.9440062046051025 ,lr 0.01
INFO:root:epoch 1, Episode 263, total_loss: 2843.083740234375, q_loss 2842.048583984375, v_loss 1.0352520942687988 ,lr 0.01
INFO:root:epoch 1, Episode 264, total_loss: 1699.1744384765625, q_loss 1698.21728515625, v_loss 0.9571964740753174 ,lr 0.01
INFO:root:epoch 1, Episode 265, total_loss: 1219.2191162109375, q_loss 1218.191650390625, v_loss 1.0274237394332886 ,lr 0.01
INFO:root:epoch 1, Episode 266, total_loss: 2072.252197265625, q_loss 2071.27197265625, v_loss 0.9801623821258545 ,lr 0.01
INFO:root:epoch 1, Episode 267, total_loss: 1897.4923095703125, q_loss 1896.396484375, v_loss 1.0957863330841064 ,lr 0.01
INFO:root:epoch 1, Episode 268, total_loss: 2431.021240234375, q_loss 2429.9453125, v_loss 1.0759663581848145 ,lr 0.01
INFO:root:epoch 1, Episode 269, total_loss: 1788.903076171875, q_loss 1787.8037109375, v_loss 1.099342942237854 ,lr 0.01
INFO:root:epoch 1, Episode 270, total_loss: 1760.618408203125, q_loss 1759.573486328125, v_loss 1.0449492931365967 ,lr 0.01
INFO:root:epoch 1, Episode 271, total_loss: 3308.34423828125, q_loss 3306.898193359375, v_loss 1.4461164474487305 ,lr 0.01
INFO:root:epoch 1, Episode 272, total_loss: 2858.04345703125, q_loss 2856.74951171875, v_loss 1.2939114570617676 ,lr 0.01
INFO:root:epoch 1, Episode 273, total_loss: 2812.50927734375, q_loss 2811.2568359375, v_loss 1.2524640560150146 ,lr 0.01
INFO:root:epoch 1, Episode 274, total_loss: 1881.0255126953125, q_loss 1880.00830078125, v_loss 1.0172332525253296 ,lr 0.01
INFO:root:epoch 1, Episode 275, total_loss: 2432.6103515625, q_loss 2431.58349609375, v_loss 1.026855707168579 ,lr 0.01
INFO:root:epoch 1, Episode 276, total_loss: 2397.001953125, q_loss 2395.4755859375, v_loss 1.5264019966125488 ,lr 0.01
INFO:root:epoch 1, Episode 277, total_loss: 1919.531982421875, q_loss 1918.4656982421875, v_loss 1.0663058757781982 ,lr 0.01
INFO:root:epoch 1, Episode 278, total_loss: 2431.9326171875, q_loss 2430.77978515625, v_loss 1.1528115272521973 ,lr 0.01
INFO:root:epoch 1, Episode 279, total_loss: 2397.74072265625, q_loss 2396.734130859375, v_loss 1.0064697265625 ,lr 0.01
INFO:root:epoch 1, Episode 280, total_loss: 1790.6689453125, q_loss 1789.664306640625, v_loss 1.0046460628509521 ,lr 0.01
INFO:root:epoch 1, Episode 281, total_loss: 2040.433349609375, q_loss 2039.4443359375, v_loss 0.98903489112854 ,lr 0.01
INFO:root:epoch 1, Episode 282, total_loss: 1965.2994384765625, q_loss 1964.2933349609375, v_loss 1.0060687065124512 ,lr 0.01
INFO:root:epoch 1, Episode 283, total_loss: 850.6206665039062, q_loss 849.6058959960938, v_loss 1.0147731304168701 ,lr 0.01
INFO:root:epoch 1, Episode 284, total_loss: 1425.09423828125, q_loss 1424.0848388671875, v_loss 1.0093611478805542 ,lr 0.01
INFO:root:epoch 1, Episode 285, total_loss: 4273.97509765625, q_loss 4273.091796875, v_loss 0.883082389831543 ,lr 0.01
INFO:root:epoch 1, Episode 286, total_loss: 2282.217529296875, q_loss 2281.018310546875, v_loss 1.199295997619629 ,lr 0.01
INFO:root:epoch 1, Episode 287, total_loss: 1498.72802734375, q_loss 1497.66650390625, v_loss 1.061513900756836 ,lr 0.01
INFO:root:epoch 1, Episode 288, total_loss: 1770.2581787109375, q_loss 1769.05908203125, v_loss 1.1990970373153687 ,lr 0.01
INFO:root:epoch 1, Episode 289, total_loss: 1393.6463623046875, q_loss 1392.652587890625, v_loss 0.9937567710876465 ,lr 0.01
INFO:root:epoch 1, Episode 290, total_loss: 1688.8165283203125, q_loss 1687.5076904296875, v_loss 1.3088188171386719 ,lr 0.01
INFO:root:epoch 1, Episode 291, total_loss: 1981.0888671875, q_loss 1979.9853515625, v_loss 1.1034679412841797 ,lr 0.01
INFO:root:epoch 1, Episode 292, total_loss: 2170.406494140625, q_loss 2168.802001953125, v_loss 1.6044468879699707 ,lr 0.01
INFO:root:epoch 1, Episode 293, total_loss: 4828.13232421875, q_loss 4825.73779296875, v_loss 2.3944664001464844 ,lr 0.01
INFO:root:epoch 1, Episode 294, total_loss: 1647.353759765625, q_loss 1646.2890625, v_loss 1.0647566318511963 ,lr 0.01
INFO:root:epoch 1, Episode 295, total_loss: 2794.2626953125, q_loss 2793.1943359375, v_loss 1.0684733390808105 ,lr 0.01
INFO:root:epoch 1, Episode 296, total_loss: 2104.569580078125, q_loss 2103.482177734375, v_loss 1.0873985290527344 ,lr 0.01
INFO:root:epoch 1, Episode 297, total_loss: 1910.11181640625, q_loss 1909.022705078125, v_loss 1.0891660451889038 ,lr 0.01
INFO:root:epoch 1, Episode 298, total_loss: 2037.8896484375, q_loss 2036.685546875, v_loss 1.2041465044021606 ,lr 0.01
INFO:root:epoch 1, Episode 299, total_loss: 1812.713134765625, q_loss 1811.669677734375, v_loss 1.0433982610702515 ,lr 0.01
INFO:root:epoch 1, Episode 300, total_loss: 1601.296875, q_loss 1600.2181396484375, v_loss 1.0787224769592285 ,lr 0.01
INFO:root:epoch 1, Episode 301, total_loss: 2926.096923828125, q_loss 2924.867919921875, v_loss 1.229045033454895 ,lr 0.01
INFO:root:epoch 1, Episode 302, total_loss: 1716.186767578125, q_loss 1715.08251953125, v_loss 1.1042354106903076 ,lr 0.01
INFO:root:epoch 1, Episode 303, total_loss: 1458.0079345703125, q_loss 1456.9735107421875, v_loss 1.0343917608261108 ,lr 0.01
INFO:root:epoch 1, Episode 304, total_loss: 1633.1309814453125, q_loss 1631.8875732421875, v_loss 1.2434269189834595 ,lr 0.01
INFO:root:epoch 1, Episode 305, total_loss: 2442.69140625, q_loss 2441.69287109375, v_loss 0.9985257387161255 ,lr 0.01
INFO:root:epoch 1, Episode 306, total_loss: 2300.42529296875, q_loss 2299.2265625, v_loss 1.1986103057861328 ,lr 0.01
INFO:root:epoch 1, Episode 307, total_loss: 1211.20703125, q_loss 1210.118408203125, v_loss 1.088618278503418 ,lr 0.01
INFO:root:epoch 1, Episode 308, total_loss: 1849.2032470703125, q_loss 1847.97265625, v_loss 1.2305303812026978 ,lr 0.01
INFO:root:epoch 1, Episode 309, total_loss: 2323.6953125, q_loss 2322.640380859375, v_loss 1.0548290014266968 ,lr 0.01
INFO:root:epoch 1, Episode 310, total_loss: 2463.3349609375, q_loss 2462.36376953125, v_loss 0.9712334871292114 ,lr 0.01
INFO:root:epoch 1, Episode 311, total_loss: 1632.684814453125, q_loss 1631.68798828125, v_loss 0.9967789053916931 ,lr 0.01
INFO:root:epoch 1, Episode 312, total_loss: 2401.92822265625, q_loss 2400.90869140625, v_loss 1.0195047855377197 ,lr 0.01
INFO:root:epoch 1, Episode 313, total_loss: 2551.236328125, q_loss 2550.27880859375, v_loss 0.9576019048690796 ,lr 0.01
INFO:root:epoch 1, Episode 314, total_loss: 1586.824951171875, q_loss 1585.8287353515625, v_loss 0.9962278008460999 ,lr 0.01
INFO:root:epoch 1, Episode 315, total_loss: 1371.354248046875, q_loss 1370.373779296875, v_loss 0.9805052280426025 ,lr 0.01
INFO:root:epoch 1, Episode 316, total_loss: 2295.335693359375, q_loss 2294.36181640625, v_loss 0.9738863706588745 ,lr 0.01
INFO:root:epoch 1, Episode 317, total_loss: 1737.633544921875, q_loss 1736.592529296875, v_loss 1.0409718751907349 ,lr 0.01
INFO:root:epoch 1, Episode 318, total_loss: 1468.9696044921875, q_loss 1467.9764404296875, v_loss 0.9931066036224365 ,lr 0.01
INFO:root:epoch 1, Episode 319, total_loss: 1995.5517578125, q_loss 1994.54052734375, v_loss 1.0112674236297607 ,lr 0.01
INFO:root:epoch 1, Episode 320, total_loss: 1888.838623046875, q_loss 1887.88037109375, v_loss 0.9582668542861938 ,lr 0.01
INFO:root:epoch 1, Episode 321, total_loss: 5048.2763671875, q_loss 5047.703125, v_loss 0.5731706619262695 ,lr 0.01
INFO:root:epoch 1, Episode 322, total_loss: 2850.796875, q_loss 2849.694091796875, v_loss 1.1027657985687256 ,lr 0.01
INFO:root:epoch 1, Episode 323, total_loss: 2562.790771484375, q_loss 2561.739990234375, v_loss 1.0507673025131226 ,lr 0.01
INFO:root:epoch 1, Episode 324, total_loss: 1849.3883056640625, q_loss 1848.352294921875, v_loss 1.0360426902770996 ,lr 0.01
INFO:root:epoch 1, Episode 325, total_loss: 2170.84326171875, q_loss 2169.613525390625, v_loss 1.2298105955123901 ,lr 0.01
INFO:root:epoch 1, Episode 326, total_loss: 2410.541259765625, q_loss 2409.79296875, v_loss 0.7483012676239014 ,lr 0.01
INFO:root:epoch 1, Episode 327, total_loss: 2854.343017578125, q_loss 2853.294677734375, v_loss 1.0483397245407104 ,lr 0.01
INFO:root:epoch 1, Episode 328, total_loss: 2053.09375, q_loss 2052.039794921875, v_loss 1.0539034605026245 ,lr 0.01
INFO:root:epoch 1, Episode 329, total_loss: 2593.593994140625, q_loss 2591.5830078125, v_loss 2.0110881328582764 ,lr 0.01
INFO:root:epoch 1, Episode 330, total_loss: 4390.2431640625, q_loss 4388.08740234375, v_loss 2.155696153640747 ,lr 0.01
INFO:root:epoch 1, Episode 331, total_loss: 1610.95849609375, q_loss 1609.9754638671875, v_loss 0.9830414056777954 ,lr 0.01
INFO:root:epoch 1, Episode 332, total_loss: 1989.2540283203125, q_loss 1987.962158203125, v_loss 1.2918598651885986 ,lr 0.01
INFO:root:epoch 1, Episode 333, total_loss: 1970.9493408203125, q_loss 1969.933837890625, v_loss 1.0155212879180908 ,lr 0.01
INFO:root:epoch 1, Episode 334, total_loss: 1669.3614501953125, q_loss 1668.3099365234375, v_loss 1.051526427268982 ,lr 0.01
INFO:root:epoch 1, Episode 335, total_loss: 1594.634033203125, q_loss 1593.572998046875, v_loss 1.0610876083374023 ,lr 0.01
INFO:root:epoch 1, Episode 336, total_loss: 1580.907958984375, q_loss 1579.886962890625, v_loss 1.020963430404663 ,lr 0.01
INFO:root:epoch 1, Episode 337, total_loss: 1185.7615966796875, q_loss 1184.671875, v_loss 1.0897085666656494 ,lr 0.01
INFO:root:epoch 1, Episode 338, total_loss: 3035.781494140625, q_loss 3034.693603515625, v_loss 1.0877928733825684 ,lr 0.01
INFO:root:epoch 1, Episode 339, total_loss: 1887.0855712890625, q_loss 1886.06787109375, v_loss 1.0177042484283447 ,lr 0.01
INFO:root:epoch 1, Episode 340, total_loss: 1766.421142578125, q_loss 1765.3599853515625, v_loss 1.061151146888733 ,lr 0.01
INFO:root:epoch 1, Episode 341, total_loss: 2398.66845703125, q_loss 2397.62841796875, v_loss 1.0399649143218994 ,lr 0.01
INFO:root:epoch 1, Episode 342, total_loss: 3753.12939453125, q_loss 3751.944091796875, v_loss 1.185190200805664 ,lr 0.01
INFO:root:epoch 1, Episode 343, total_loss: 2480.632568359375, q_loss 2479.625, v_loss 1.0074596405029297 ,lr 0.01
INFO:root:epoch 1, Episode 344, total_loss: 1402.0452880859375, q_loss 1401.013916015625, v_loss 1.0313626527786255 ,lr 0.01
INFO:root:epoch 1, Episode 345, total_loss: 1866.7576904296875, q_loss 1865.730224609375, v_loss 1.0274394750595093 ,lr 0.01
INFO:root:epoch 1, Episode 346, total_loss: 3019.561767578125, q_loss 3018.266357421875, v_loss 1.2954444885253906 ,lr 0.01
INFO:root:epoch 1, Episode 347, total_loss: 2051.5859375, q_loss 2050.651611328125, v_loss 0.9342186450958252 ,lr 0.01
INFO:root:epoch 1, Episode 348, total_loss: 1876.7113037109375, q_loss 1875.4337158203125, v_loss 1.2775657176971436 ,lr 0.01
INFO:root:epoch 1, Episode 349, total_loss: 2704.380615234375, q_loss 2703.317138671875, v_loss 1.0633987188339233 ,lr 0.01
INFO:root:epoch 1, Episode 350, total_loss: 1205.1536865234375, q_loss 1204.0396728515625, v_loss 1.1140563488006592 ,lr 0.01
INFO:root:epoch 1, Episode 351, total_loss: 1221.48828125, q_loss 1220.692138671875, v_loss 0.7961578369140625 ,lr 0.01
INFO:root:epoch 1, Episode 352, total_loss: 4648.84130859375, q_loss 4646.033203125, v_loss 2.8079609870910645 ,lr 0.01
INFO:root:epoch 1, Episode 353, total_loss: 2215.42529296875, q_loss 2214.37646484375, v_loss 1.0487899780273438 ,lr 0.01
INFO:root:epoch 1, Episode 354, total_loss: 2224.35498046875, q_loss 2223.338623046875, v_loss 1.0164529085159302 ,lr 0.01
INFO:root:epoch 1, Episode 355, total_loss: 3124.30419921875, q_loss 3123.25, v_loss 1.0541061162948608 ,lr 0.01
INFO:root:epoch 1, Episode 356, total_loss: 2394.317138671875, q_loss 2392.96826171875, v_loss 1.3489110469818115 ,lr 0.01
INFO:root:epoch 1, Episode 357, total_loss: 2580.7353515625, q_loss 2579.93115234375, v_loss 0.8041491508483887 ,lr 0.01
INFO:root:epoch 1, Episode 358, total_loss: 1534.077392578125, q_loss 1533.154541015625, v_loss 0.9228534698486328 ,lr 0.01
INFO:root:epoch 1, Episode 359, total_loss: 2178.632080078125, q_loss 2177.568115234375, v_loss 1.0639586448669434 ,lr 0.01
INFO:root:epoch 1, Episode 360, total_loss: 1068.4273681640625, q_loss 1067.424072265625, v_loss 1.0032389163970947 ,lr 0.01
INFO:root:epoch 1, Episode 361, total_loss: 1496.800537109375, q_loss 1495.464111328125, v_loss 1.3364026546478271 ,lr 0.01
INFO:root:epoch 1, Episode 362, total_loss: 4064.255126953125, q_loss 4063.03515625, v_loss 1.219949722290039 ,lr 0.01
INFO:root:epoch 1, Episode 363, total_loss: 2025.697021484375, q_loss 2024.1534423828125, v_loss 1.543579339981079 ,lr 0.01
INFO:root:epoch 1, Episode 364, total_loss: 1532.83740234375, q_loss 1531.8076171875, v_loss 1.0297811031341553 ,lr 0.01
INFO:root:epoch 1, Episode 365, total_loss: 4186.21240234375, q_loss 4184.546875, v_loss 1.6654925346374512 ,lr 0.01
INFO:root:epoch 1, Episode 366, total_loss: 1278.993408203125, q_loss 1277.6868896484375, v_loss 1.306474208831787 ,lr 0.01
INFO:root:epoch 1, Episode 367, total_loss: 1236.6549072265625, q_loss 1235.6610107421875, v_loss 0.9938540458679199 ,lr 0.01
INFO:root:epoch 1, Episode 368, total_loss: 2212.822509765625, q_loss 2211.334228515625, v_loss 1.4883873462677002 ,lr 0.01
INFO:root:epoch 1, Episode 369, total_loss: 1966.6729736328125, q_loss 1965.52197265625, v_loss 1.1509778499603271 ,lr 0.01
INFO:root:epoch 1, Episode 370, total_loss: 1873.638427734375, q_loss 1872.6763916015625, v_loss 0.9620623588562012 ,lr 0.01
INFO:root:epoch 1, Episode 371, total_loss: 3390.149658203125, q_loss 3387.278564453125, v_loss 2.8710947036743164 ,lr 0.01
INFO:root:epoch 1, Episode 372, total_loss: 2562.337646484375, q_loss 2561.393798828125, v_loss 0.9438276290893555 ,lr 0.01
INFO:root:epoch 1, Episode 373, total_loss: 2101.54833984375, q_loss 2100.55908203125, v_loss 0.9892131090164185 ,lr 0.01
INFO:root:epoch 1, Episode 374, total_loss: 2977.40869140625, q_loss 2976.385009765625, v_loss 1.0237841606140137 ,lr 0.01
INFO:root:epoch 1, Episode 375, total_loss: 3842.032958984375, q_loss 3840.795166015625, v_loss 1.2378177642822266 ,lr 0.01
INFO:root:epoch 1, Episode 376, total_loss: 2478.700439453125, q_loss 2477.65380859375, v_loss 1.0465469360351562 ,lr 0.01
INFO:root:epoch 1, Episode 377, total_loss: 4449.830078125, q_loss 4448.8203125, v_loss 1.0097880363464355 ,lr 0.01
INFO:root:epoch 1, Episode 378, total_loss: 2418.069580078125, q_loss 2416.98095703125, v_loss 1.088677167892456 ,lr 0.01
INFO:root:epoch 1, Episode 379, total_loss: 1914.7926025390625, q_loss 1913.7086181640625, v_loss 1.084012746810913 ,lr 0.01
INFO:root:epoch 1, Episode 380, total_loss: 2978.72412109375, q_loss 2977.61474609375, v_loss 1.1094441413879395 ,lr 0.01
INFO:root:epoch 1, Episode 381, total_loss: 2609.48974609375, q_loss 2607.938720703125, v_loss 1.5510129928588867 ,lr 0.01
INFO:root:epoch 1, Episode 382, total_loss: 2675.7890625, q_loss 2674.5703125, v_loss 1.2187633514404297 ,lr 0.01
INFO:root:epoch 1, Episode 383, total_loss: 1494.99462890625, q_loss 1493.8245849609375, v_loss 1.1700692176818848 ,lr 0.01
INFO:root:epoch 1, Episode 384, total_loss: 2451.48193359375, q_loss 2450.419677734375, v_loss 1.0623036623001099 ,lr 0.01
INFO:root:epoch 1, Episode 385, total_loss: 1933.337890625, q_loss 1932.2528076171875, v_loss 1.0850580930709839 ,lr 0.01
INFO:root:epoch 1, Episode 386, total_loss: 1154.3704833984375, q_loss 1153.2845458984375, v_loss 1.0859758853912354 ,lr 0.01
INFO:root:epoch 1, Episode 387, total_loss: 2173.57080078125, q_loss 2172.5419921875, v_loss 1.0287004709243774 ,lr 0.01
INFO:root:epoch 1, Episode 388, total_loss: 1913.4927978515625, q_loss 1912.4608154296875, v_loss 1.03200101852417 ,lr 0.01
INFO:root:epoch 1, Episode 389, total_loss: 1870.93896484375, q_loss 1869.8050537109375, v_loss 1.1339107751846313 ,lr 0.01
INFO:root:epoch 1, Episode 390, total_loss: 2396.640380859375, q_loss 2395.378662109375, v_loss 1.26182222366333 ,lr 0.01
INFO:root:epoch 1, Episode 391, total_loss: 2059.35693359375, q_loss 2058.361328125, v_loss 0.9954943656921387 ,lr 0.01
INFO:root:epoch 1, Episode 392, total_loss: 1744.436279296875, q_loss 1743.4171142578125, v_loss 1.0191408395767212 ,lr 0.01
INFO:root:epoch 1, Episode 393, total_loss: 1439.406982421875, q_loss 1438.3809814453125, v_loss 1.025958776473999 ,lr 0.01
INFO:root:epoch 1, Episode 394, total_loss: 1671.5145263671875, q_loss 1670.4671630859375, v_loss 1.0473543405532837 ,lr 0.01
INFO:root:epoch 1, Episode 395, total_loss: 2272.316162109375, q_loss 2271.263671875, v_loss 1.0523918867111206 ,lr 0.01
INFO:root:epoch 1, Episode 396, total_loss: 1751.0703125, q_loss 1749.9996337890625, v_loss 1.0707131624221802 ,lr 0.01
INFO:root:epoch 1, Episode 397, total_loss: 1483.5545654296875, q_loss 1481.9200439453125, v_loss 1.6345298290252686 ,lr 0.01
INFO:root:epoch 1, Episode 398, total_loss: 2963.308837890625, q_loss 2962.496337890625, v_loss 0.8125896453857422 ,lr 0.01
INFO:root:epoch 1, Episode 399, total_loss: 1621.732177734375, q_loss 1620.7447509765625, v_loss 0.9873936176300049 ,lr 0.01
INFO:root:epoch 1, Episode 400, total_loss: 894.8506469726562, q_loss 893.797607421875, v_loss 1.0530115365982056 ,lr 0.01
INFO:root:epoch 1, Episode 401, total_loss: 4697.2587890625, q_loss 4697.2294921875, v_loss 0.029376983642578125 ,lr 0.01
INFO:root:epoch 1, Episode 402, total_loss: 1143.1065673828125, q_loss 1142.1416015625, v_loss 0.964909553527832 ,lr 0.01
INFO:root:epoch 1, Episode 403, total_loss: 1069.5379638671875, q_loss 1068.51513671875, v_loss 1.0228683948516846 ,lr 0.01
INFO:root:epoch 1, Episode 404, total_loss: 2026.2093505859375, q_loss 2025.3515625, v_loss 0.8578262329101562 ,lr 0.01
INFO:root:epoch 1, Episode 405, total_loss: 2846.631103515625, q_loss 2845.251708984375, v_loss 1.3794126510620117 ,lr 0.01
INFO:root:epoch 1, Episode 406, total_loss: 1913.5518798828125, q_loss 1912.50048828125, v_loss 1.051369309425354 ,lr 0.01
INFO:root:epoch 1, Episode 407, total_loss: 1822.89892578125, q_loss 1821.4903564453125, v_loss 1.4085822105407715 ,lr 0.01
INFO:root:epoch 1, Episode 408, total_loss: 3030.383544921875, q_loss 3028.515380859375, v_loss 1.8682832717895508 ,lr 0.01
INFO:root:epoch 1, Episode 409, total_loss: 2097.106689453125, q_loss 2096.0625, v_loss 1.0442291498184204 ,lr 0.01
INFO:root:epoch 1, Episode 410, total_loss: 2672.2900390625, q_loss 2671.438232421875, v_loss 0.8518052101135254 ,lr 0.01
INFO:root:epoch 1, Episode 411, total_loss: 2382.493408203125, q_loss 2381.56298828125, v_loss 0.9305324554443359 ,lr 0.01
INFO:root:epoch 1, Episode 412, total_loss: 1432.10693359375, q_loss 1431.5084228515625, v_loss 0.5985593795776367 ,lr 0.01
INFO:root:epoch 1, Episode 413, total_loss: 1642.3538818359375, q_loss 1641.312255859375, v_loss 1.0416653156280518 ,lr 0.01
INFO:root:epoch 1, Episode 414, total_loss: 1383.259033203125, q_loss 1382.220703125, v_loss 1.0383785963058472 ,lr 0.01
INFO:root:epoch 1, Episode 415, total_loss: 2120.00439453125, q_loss 2118.96923828125, v_loss 1.0351436138153076 ,lr 0.01
INFO:root:epoch 1, Episode 416, total_loss: 2130.969482421875, q_loss 2129.910400390625, v_loss 1.0589640140533447 ,lr 0.01
INFO:root:epoch 1, Episode 417, total_loss: 2127.34033203125, q_loss 2126.282958984375, v_loss 1.0574930906295776 ,lr 0.01
INFO:root:epoch 1, Episode 418, total_loss: 2159.9453125, q_loss 2158.9755859375, v_loss 0.9697234630584717 ,lr 0.01
INFO:root:epoch 1, Episode 419, total_loss: 1700.8206787109375, q_loss 1699.78369140625, v_loss 1.0370445251464844 ,lr 0.01
INFO:root:epoch 1, Episode 420, total_loss: 2620.77783203125, q_loss 2619.8486328125, v_loss 0.9291286468505859 ,lr 0.01
INFO:root:epoch 1, Episode 421, total_loss: 1533.606201171875, q_loss 1532.5726318359375, v_loss 1.0335426330566406 ,lr 0.01
INFO:root:epoch 1, Episode 422, total_loss: 1713.9659423828125, q_loss 1712.67041015625, v_loss 1.2955032587051392 ,lr 0.01
INFO:root:epoch 1, Episode 423, total_loss: 2413.620361328125, q_loss 2412.6142578125, v_loss 1.0061986446380615 ,lr 0.01
INFO:root:epoch 1, Episode 424, total_loss: 1995.7198486328125, q_loss 1994.5, v_loss 1.2199069261550903 ,lr 0.01
INFO:root:epoch 1, Episode 425, total_loss: 1672.55859375, q_loss 1671.558349609375, v_loss 1.0002682209014893 ,lr 0.01
INFO:root:epoch 1, Episode 426, total_loss: 1453.7025146484375, q_loss 1452.7308349609375, v_loss 0.9716945886611938 ,lr 0.01
INFO:root:epoch 1, Episode 427, total_loss: 1600.9544677734375, q_loss 1599.9595947265625, v_loss 0.9948219060897827 ,lr 0.01
INFO:root:epoch 1, Episode 428, total_loss: 2011.0552978515625, q_loss 2010.0703125, v_loss 0.9849509000778198 ,lr 0.01
INFO:root:epoch 1, Episode 429, total_loss: 1761.7557373046875, q_loss 1760.81201171875, v_loss 0.9436771869659424 ,lr 0.01
INFO:root:epoch 1, Episode 430, total_loss: 2676.57861328125, q_loss 2675.5458984375, v_loss 1.0328271389007568 ,lr 0.01
INFO:root:epoch 1, Episode 431, total_loss: 1653.55615234375, q_loss 1652.6097412109375, v_loss 0.9463634490966797 ,lr 0.01
INFO:root:epoch 1, Episode 432, total_loss: 4370.9658203125, q_loss 4370.115234375, v_loss 0.8506202697753906 ,lr 0.01
INFO:root:epoch 1, Episode 433, total_loss: 1415.972900390625, q_loss 1414.9915771484375, v_loss 0.9812939167022705 ,lr 0.01
INFO:root:epoch 1, Episode 434, total_loss: 1352.6357421875, q_loss 1351.68701171875, v_loss 0.9487178325653076 ,lr 0.01
INFO:root:epoch 1, Episode 435, total_loss: 2104.873779296875, q_loss 2103.38427734375, v_loss 1.489532232284546 ,lr 0.01
INFO:root:epoch 1, Episode 436, total_loss: 4057.82958984375, q_loss 4056.833984375, v_loss 0.9955368041992188 ,lr 0.01
INFO:root:epoch 1, Episode 437, total_loss: 3996.5927734375, q_loss 3995.48388671875, v_loss 1.1088614463806152 ,lr 0.01
INFO:root:epoch 1, Episode 438, total_loss: 3199.13525390625, q_loss 3197.339599609375, v_loss 1.7956304550170898 ,lr 0.01
INFO:root:epoch 1, Episode 439, total_loss: 1554.798583984375, q_loss 1553.743408203125, v_loss 1.05513334274292 ,lr 0.01
INFO:root:epoch 1, Episode 440, total_loss: 2544.8017578125, q_loss 2543.7177734375, v_loss 1.0839213132858276 ,lr 0.01
INFO:root:epoch 1, Episode 441, total_loss: 2520.994384765625, q_loss 2519.598876953125, v_loss 1.3955037593841553 ,lr 0.01
INFO:root:epoch 1, Episode 442, total_loss: 2726.6572265625, q_loss 2725.677490234375, v_loss 0.979731559753418 ,lr 0.01
INFO:root:epoch 1, Episode 443, total_loss: 2187.839599609375, q_loss 2186.899658203125, v_loss 0.9399254322052002 ,lr 0.01
INFO:root:epoch 1, Episode 444, total_loss: 1527.274169921875, q_loss 1526.095458984375, v_loss 1.1786985397338867 ,lr 0.01
INFO:root:epoch 1, Episode 445, total_loss: 2332.696044921875, q_loss 2330.018310546875, v_loss 2.677673816680908 ,lr 0.01
INFO:root:epoch 1, Episode 446, total_loss: 2980.870849609375, q_loss 2979.892822265625, v_loss 0.9779300689697266 ,lr 0.01
INFO:root:epoch 1, Episode 447, total_loss: 1629.1907958984375, q_loss 1628.248046875, v_loss 0.9427361488342285 ,lr 0.01
INFO:root:epoch 1, Episode 448, total_loss: 1955.0828857421875, q_loss 1954.2369384765625, v_loss 0.8459019660949707 ,lr 0.01
INFO:root:epoch 1, Episode 449, total_loss: 3330.550537109375, q_loss 3329.53271484375, v_loss 1.0178146362304688 ,lr 0.01
INFO:root:epoch 1, Episode 450, total_loss: 1590.218017578125, q_loss 1589.40869140625, v_loss 0.8093819618225098 ,lr 0.01
INFO:root:epoch 1, Episode 451, total_loss: 1774.40625, q_loss 1773.103515625, v_loss 1.3027584552764893 ,lr 0.01
INFO:root:epoch 1, Episode 452, total_loss: 3835.720703125, q_loss 3834.586669921875, v_loss 1.1341516971588135 ,lr 0.01
INFO:root:epoch 1, Episode 453, total_loss: 2078.244873046875, q_loss 2077.26171875, v_loss 0.98322594165802 ,lr 0.01
INFO:root:epoch 1, Episode 454, total_loss: 1777.7049560546875, q_loss 1776.6484375, v_loss 1.0564756393432617 ,lr 0.01
INFO:root:epoch 1, Episode 455, total_loss: 1863.52880859375, q_loss 1862.4871826171875, v_loss 1.041638970375061 ,lr 0.01
INFO:root:epoch 1, Episode 456, total_loss: 2248.021484375, q_loss 2246.6943359375, v_loss 1.3272483348846436 ,lr 0.01
INFO:root:epoch 1, Episode 457, total_loss: 2369.807373046875, q_loss 2368.786865234375, v_loss 1.0205519199371338 ,lr 0.01
INFO:root:epoch 1, Episode 458, total_loss: 1590.2967529296875, q_loss 1589.298095703125, v_loss 0.998692512512207 ,lr 0.01
INFO:root:epoch 1, Episode 459, total_loss: 1904.6939697265625, q_loss 1903.2823486328125, v_loss 1.411615014076233 ,lr 0.01
INFO:root:epoch 1, Episode 460, total_loss: 1302.140380859375, q_loss 1301.14892578125, v_loss 0.9914529323577881 ,lr 0.01
INFO:root:epoch 1, Episode 461, total_loss: 1973.528076171875, q_loss 1972.2508544921875, v_loss 1.2772226333618164 ,lr 0.01
INFO:root:epoch 1, Episode 462, total_loss: 2312.16796875, q_loss 2310.105224609375, v_loss 2.0626277923583984 ,lr 0.01
INFO:root:epoch 1, Episode 463, total_loss: 1296.5902099609375, q_loss 1295.62255859375, v_loss 0.9676613807678223 ,lr 0.01
INFO:root:epoch 1, Episode 464, total_loss: 1601.747314453125, q_loss 1600.1934814453125, v_loss 1.5538156032562256 ,lr 0.01
INFO:root:epoch 1, Episode 465, total_loss: 2288.433837890625, q_loss 2287.037841796875, v_loss 1.3960201740264893 ,lr 0.01
INFO:root:epoch 1, Episode 466, total_loss: 2675.41748046875, q_loss 2674.015625, v_loss 1.4019016027450562 ,lr 0.01
INFO:root:epoch 1, Episode 467, total_loss: 2178.5927734375, q_loss 2177.578125, v_loss 1.0146708488464355 ,lr 0.01
INFO:root:epoch 1, Episode 468, total_loss: 2332.993896484375, q_loss 2331.94140625, v_loss 1.0524985790252686 ,lr 0.01
INFO:root:epoch 1, Episode 469, total_loss: 1280.9456787109375, q_loss 1279.958740234375, v_loss 0.9869208335876465 ,lr 0.01
INFO:root:epoch 1, Episode 470, total_loss: 1583.878173828125, q_loss 1582.8720703125, v_loss 1.0061290264129639 ,lr 0.01
INFO:root:epoch 1, Episode 471, total_loss: 2036.406982421875, q_loss 2035.40185546875, v_loss 1.0051698684692383 ,lr 0.01
INFO:root:epoch 1, Episode 472, total_loss: 3561.782470703125, q_loss 3560.854248046875, v_loss 0.9282333850860596 ,lr 0.01
INFO:root:epoch 1, Episode 473, total_loss: 1978.9346923828125, q_loss 1977.966552734375, v_loss 0.9681563377380371 ,lr 0.01
INFO:root:epoch 1, Episode 474, total_loss: 3395.69482421875, q_loss 3394.02392578125, v_loss 1.6708004474639893 ,lr 0.01
INFO:root:epoch 1, Episode 475, total_loss: 1503.640869140625, q_loss 1502.6492919921875, v_loss 0.9915697574615479 ,lr 0.01
INFO:root:epoch 1, Episode 476, total_loss: 2683.432861328125, q_loss 2681.86767578125, v_loss 1.5652785301208496 ,lr 0.01
INFO:root:epoch 1, Episode 477, total_loss: 2323.671142578125, q_loss 2322.67431640625, v_loss 0.9968078136444092 ,lr 0.01
INFO:root:epoch 1, Episode 478, total_loss: 3169.643310546875, q_loss 3168.493896484375, v_loss 1.1493866443634033 ,lr 0.01
INFO:root:epoch 1, Episode 479, total_loss: 2366.726318359375, q_loss 2365.756591796875, v_loss 0.9697353839874268 ,lr 0.01
INFO:root:epoch 1, Episode 480, total_loss: 1719.4940185546875, q_loss 1718.486083984375, v_loss 1.007946252822876 ,lr 0.01
INFO:root:epoch 1, Episode 481, total_loss: 3134.01171875, q_loss 3132.452392578125, v_loss 1.5594415664672852 ,lr 0.01
INFO:root:epoch 1, Episode 482, total_loss: 2180.8330078125, q_loss 2179.93896484375, v_loss 0.8941364288330078 ,lr 0.01
INFO:root:epoch 1, Episode 483, total_loss: 2169.6025390625, q_loss 2168.578125, v_loss 1.0243101119995117 ,lr 0.01
INFO:root:epoch 1, Episode 484, total_loss: 4740.861328125, q_loss 4739.63623046875, v_loss 1.2251811027526855 ,lr 0.01
INFO:root:epoch 1, Episode 485, total_loss: 1925.1123046875, q_loss 1924.007080078125, v_loss 1.1051836013793945 ,lr 0.01
INFO:root:epoch 1, Episode 486, total_loss: 1921.9058837890625, q_loss 1920.71484375, v_loss 1.191058874130249 ,lr 0.01
INFO:root:epoch 1, Episode 487, total_loss: 2009.2081298828125, q_loss 2008.0638427734375, v_loss 1.144242763519287 ,lr 0.01
INFO:root:epoch 1, Episode 488, total_loss: 1335.898681640625, q_loss 1334.8446044921875, v_loss 1.0540571212768555 ,lr 0.01
INFO:root:epoch 1, Episode 489, total_loss: 1468.528076171875, q_loss 1467.666748046875, v_loss 0.8612680435180664 ,lr 0.01
INFO:root:epoch 1, Episode 490, total_loss: 2192.13330078125, q_loss 2191.30615234375, v_loss 0.8272643089294434 ,lr 0.01
INFO:root:epoch 1, Episode 491, total_loss: 1700.08251953125, q_loss 1699.2255859375, v_loss 0.8569202423095703 ,lr 0.01
INFO:root:epoch 1, Episode 492, total_loss: 3201.20263671875, q_loss 3200.08984375, v_loss 1.1127910614013672 ,lr 0.01
INFO:root:epoch 1, Episode 493, total_loss: 1846.95703125, q_loss 1846.130859375, v_loss 0.8261749744415283 ,lr 0.01
INFO:root:epoch 1, Episode 494, total_loss: 1190.5101318359375, q_loss 1189.771240234375, v_loss 0.738847017288208 ,lr 0.01
INFO:root:epoch 1, Episode 495, total_loss: 1775.66064453125, q_loss 1774.8253173828125, v_loss 0.8353488445281982 ,lr 0.01
INFO:root:epoch 1, Episode 496, total_loss: 3902.855224609375, q_loss 3901.9765625, v_loss 0.8785619735717773 ,lr 0.01
INFO:root:epoch 1, Episode 497, total_loss: 2242.33544921875, q_loss 2241.3515625, v_loss 0.9839298725128174 ,lr 0.01
INFO:root:epoch 1, Episode 498, total_loss: 1796.3021240234375, q_loss 1795.4520263671875, v_loss 0.8500585556030273 ,lr 0.01
INFO:root:epoch 1, Episode 499, total_loss: 1836.1815185546875, q_loss 1835.09619140625, v_loss 1.0853149890899658 ,lr 0.01
INFO:root:epoch 2, Episode 0, total_loss: 2424.9521484375, q_loss 2423.84765625, v_loss 1.1045637130737305 ,lr 0.001
INFO:root:epoch 2, Episode 1, total_loss: 1154.4874267578125, q_loss 1153.56396484375, v_loss 0.923497200012207 ,lr 0.001
INFO:root:epoch 2, Episode 2, total_loss: 787.6860961914062, q_loss 786.7740478515625, v_loss 0.9120769500732422 ,lr 0.001
INFO:root:epoch 2, Episode 3, total_loss: 2726.42236328125, q_loss 2725.52099609375, v_loss 0.901313304901123 ,lr 0.001
INFO:root:epoch 2, Episode 4, total_loss: 2531.3916015625, q_loss 2530.331787109375, v_loss 1.0598125457763672 ,lr 0.001
INFO:root:epoch 2, Episode 5, total_loss: 2593.39306640625, q_loss 2592.3837890625, v_loss 1.0093507766723633 ,lr 0.001
INFO:root:epoch 2, Episode 6, total_loss: 4655.427734375, q_loss 4654.3203125, v_loss 1.1072301864624023 ,lr 0.001
INFO:root:epoch 2, Episode 7, total_loss: 5085.66650390625, q_loss 5084.90576171875, v_loss 0.7607707977294922 ,lr 0.001
INFO:root:epoch 2, Episode 8, total_loss: 2309.44677734375, q_loss 2308.2509765625, v_loss 1.1958394050598145 ,lr 0.001
INFO:root:epoch 2, Episode 9, total_loss: 3303.983642578125, q_loss 3303.186767578125, v_loss 0.7967848777770996 ,lr 0.001
INFO:root:epoch 2, Episode 10, total_loss: 2390.87744140625, q_loss 2390.019287109375, v_loss 0.8582267761230469 ,lr 0.001
INFO:root:epoch 2, Episode 11, total_loss: 1965.0791015625, q_loss 1964.1119384765625, v_loss 0.9671585559844971 ,lr 0.001
INFO:root:epoch 2, Episode 12, total_loss: 1751.78369140625, q_loss 1750.81494140625, v_loss 0.9688034057617188 ,lr 0.001
INFO:root:epoch 2, Episode 13, total_loss: 2280.4658203125, q_loss 2279.499755859375, v_loss 0.9659929275512695 ,lr 0.001
INFO:root:epoch 2, Episode 14, total_loss: 1880.1546630859375, q_loss 1879.1165771484375, v_loss 1.0381293296813965 ,lr 0.001
INFO:root:epoch 2, Episode 15, total_loss: 1826.239990234375, q_loss 1825.2529296875, v_loss 0.987065315246582 ,lr 0.001
INFO:root:epoch 2, Episode 16, total_loss: 2554.8876953125, q_loss 2553.99658203125, v_loss 0.8910198211669922 ,lr 0.001
INFO:root:epoch 2, Episode 17, total_loss: 2257.49365234375, q_loss 2256.57568359375, v_loss 0.9179964065551758 ,lr 0.001
INFO:root:epoch 2, Episode 18, total_loss: 3059.46044921875, q_loss 3058.350830078125, v_loss 1.109588623046875 ,lr 0.001
INFO:root:epoch 2, Episode 19, total_loss: 1647.0194091796875, q_loss 1645.9794921875, v_loss 1.0399537086486816 ,lr 0.001
INFO:root:epoch 2, Episode 20, total_loss: 1623.26171875, q_loss 1622.208984375, v_loss 1.0527362823486328 ,lr 0.001
INFO:root:epoch 2, Episode 21, total_loss: 2213.528076171875, q_loss 2212.48193359375, v_loss 1.0460643768310547 ,lr 0.001
INFO:root:epoch 2, Episode 22, total_loss: 1736.798828125, q_loss 1735.8751220703125, v_loss 0.9237117767333984 ,lr 0.001
INFO:root:epoch 2, Episode 23, total_loss: 2220.344482421875, q_loss 2219.466552734375, v_loss 0.8779253959655762 ,lr 0.001
INFO:root:epoch 2, Episode 24, total_loss: 1567.9315185546875, q_loss 1566.890380859375, v_loss 1.0411391258239746 ,lr 0.001
INFO:root:epoch 2, Episode 25, total_loss: 1863.5306396484375, q_loss 1862.5523681640625, v_loss 0.9782431125640869 ,lr 0.001
INFO:root:epoch 2, Episode 26, total_loss: 1669.502685546875, q_loss 1668.554443359375, v_loss 0.948195219039917 ,lr 0.001
INFO:root:epoch 2, Episode 27, total_loss: 2778.251220703125, q_loss 2777.297607421875, v_loss 0.9536408185958862 ,lr 0.001
INFO:root:epoch 2, Episode 28, total_loss: 1609.3673095703125, q_loss 1608.3720703125, v_loss 0.9952893257141113 ,lr 0.001
INFO:root:epoch 2, Episode 29, total_loss: 3467.753173828125, q_loss 3466.71826171875, v_loss 1.0348563194274902 ,lr 0.001
INFO:root:epoch 2, Episode 30, total_loss: 1779.78271484375, q_loss 1778.8153076171875, v_loss 0.9674460887908936 ,lr 0.001
INFO:root:epoch 2, Episode 31, total_loss: 3289.0029296875, q_loss 3288.178466796875, v_loss 0.8243451118469238 ,lr 0.001
INFO:root:epoch 2, Episode 32, total_loss: 1890.967529296875, q_loss 1889.959228515625, v_loss 1.008270025253296 ,lr 0.001
INFO:root:epoch 2, Episode 33, total_loss: 3304.05859375, q_loss 3303.02978515625, v_loss 1.028799295425415 ,lr 0.001
INFO:root:epoch 2, Episode 34, total_loss: 2398.3349609375, q_loss 2397.249267578125, v_loss 1.0858023166656494 ,lr 0.001
INFO:root:epoch 2, Episode 35, total_loss: 4467.74365234375, q_loss 4466.91748046875, v_loss 0.8262195587158203 ,lr 0.001
INFO:root:epoch 2, Episode 36, total_loss: 1589.544921875, q_loss 1588.5606689453125, v_loss 0.9842958450317383 ,lr 0.001
INFO:root:epoch 2, Episode 37, total_loss: 1304.648193359375, q_loss 1303.637939453125, v_loss 1.0102849006652832 ,lr 0.001
INFO:root:epoch 2, Episode 38, total_loss: 2300.6845703125, q_loss 2299.6064453125, v_loss 1.0782227516174316 ,lr 0.001
INFO:root:epoch 2, Episode 39, total_loss: 1550.4384765625, q_loss 1549.424072265625, v_loss 1.014347791671753 ,lr 0.001
INFO:root:epoch 2, Episode 40, total_loss: 2428.40869140625, q_loss 2427.4794921875, v_loss 0.9291324615478516 ,lr 0.001
INFO:root:epoch 2, Episode 41, total_loss: 1602.5816650390625, q_loss 1601.587646484375, v_loss 0.9939775466918945 ,lr 0.001
INFO:root:epoch 2, Episode 42, total_loss: 1472.2060546875, q_loss 1471.354248046875, v_loss 0.8518228530883789 ,lr 0.001
INFO:root:epoch 2, Episode 43, total_loss: 1182.3292236328125, q_loss 1181.393310546875, v_loss 0.935856819152832 ,lr 0.001
INFO:root:epoch 2, Episode 44, total_loss: 2514.810791015625, q_loss 2513.7705078125, v_loss 1.0403118133544922 ,lr 0.001
INFO:root:epoch 2, Episode 45, total_loss: 3494.2197265625, q_loss 3493.31982421875, v_loss 0.8999247550964355 ,lr 0.001
INFO:root:epoch 2, Episode 46, total_loss: 1484.307861328125, q_loss 1483.3507080078125, v_loss 0.9571354389190674 ,lr 0.001
INFO:root:epoch 2, Episode 47, total_loss: 1223.7857666015625, q_loss 1222.7962646484375, v_loss 0.9894490242004395 ,lr 0.001
INFO:root:epoch 2, Episode 48, total_loss: 2378.607421875, q_loss 2377.606689453125, v_loss 1.0008544921875 ,lr 0.001
INFO:root:epoch 2, Episode 49, total_loss: 1068.3902587890625, q_loss 1067.5513916015625, v_loss 0.8388886451721191 ,lr 0.001
INFO:root:epoch 2, Episode 50, total_loss: 2325.39306640625, q_loss 2324.433349609375, v_loss 0.9596724510192871 ,lr 0.001
INFO:root:epoch 2, Episode 51, total_loss: 2014.3785400390625, q_loss 2013.353271484375, v_loss 1.025322437286377 ,lr 0.001
INFO:root:epoch 2, Episode 52, total_loss: 1778.1055908203125, q_loss 1777.1397705078125, v_loss 0.9658045768737793 ,lr 0.001
INFO:root:epoch 2, Episode 53, total_loss: 2565.1689453125, q_loss 2564.13720703125, v_loss 1.0318546295166016 ,lr 0.001
INFO:root:epoch 2, Episode 54, total_loss: 915.9213256835938, q_loss 915.1082763671875, v_loss 0.8130321502685547 ,lr 0.001
INFO:root:epoch 2, Episode 55, total_loss: 2073.989990234375, q_loss 2072.992919921875, v_loss 0.9970235824584961 ,lr 0.001
INFO:root:epoch 2, Episode 56, total_loss: 3400.02978515625, q_loss 3399.038818359375, v_loss 0.9910144805908203 ,lr 0.001
INFO:root:epoch 2, Episode 57, total_loss: 2092.0205078125, q_loss 2090.989501953125, v_loss 1.0309720039367676 ,lr 0.001
INFO:root:epoch 2, Episode 58, total_loss: 1742.8641357421875, q_loss 1741.8431396484375, v_loss 1.0210461616516113 ,lr 0.001
INFO:root:epoch 2, Episode 59, total_loss: 1640.0208740234375, q_loss 1639.0155029296875, v_loss 1.0054097175598145 ,lr 0.001
INFO:root:epoch 2, Episode 60, total_loss: 1885.3477783203125, q_loss 1884.3580322265625, v_loss 0.9897205829620361 ,lr 0.001
INFO:root:epoch 2, Episode 61, total_loss: 1374.189697265625, q_loss 1373.3316650390625, v_loss 0.8580794334411621 ,lr 0.001
INFO:root:epoch 2, Episode 62, total_loss: 2865.995849609375, q_loss 2865.02978515625, v_loss 0.9660673141479492 ,lr 0.001
INFO:root:epoch 2, Episode 63, total_loss: 1514.728271484375, q_loss 1513.8560791015625, v_loss 0.8721489906311035 ,lr 0.001
INFO:root:epoch 2, Episode 64, total_loss: 1083.1519775390625, q_loss 1082.1417236328125, v_loss 1.0102059841156006 ,lr 0.001
INFO:root:epoch 2, Episode 65, total_loss: 1569.8740234375, q_loss 1568.9033203125, v_loss 0.9707458019256592 ,lr 0.001
INFO:root:epoch 2, Episode 66, total_loss: 2018.80078125, q_loss 2017.78662109375, v_loss 1.014214038848877 ,lr 0.001
INFO:root:epoch 2, Episode 67, total_loss: 3570.822998046875, q_loss 3569.650390625, v_loss 1.172607421875 ,lr 0.001
INFO:root:epoch 2, Episode 68, total_loss: 3091.1171875, q_loss 3089.8388671875, v_loss 1.2782659530639648 ,lr 0.001
INFO:root:epoch 2, Episode 69, total_loss: 1304.4798583984375, q_loss 1303.4798583984375, v_loss 1.0000312328338623 ,lr 0.001
INFO:root:epoch 2, Episode 70, total_loss: 1350.8431396484375, q_loss 1349.81689453125, v_loss 1.026254415512085 ,lr 0.001
INFO:root:epoch 2, Episode 71, total_loss: 2945.348876953125, q_loss 2944.406982421875, v_loss 0.9419665336608887 ,lr 0.001
INFO:root:epoch 2, Episode 72, total_loss: 2479.401611328125, q_loss 2478.49658203125, v_loss 0.9050602912902832 ,lr 0.001
INFO:root:epoch 2, Episode 73, total_loss: 2648.890625, q_loss 2647.7900390625, v_loss 1.100687026977539 ,lr 0.001
INFO:root:epoch 2, Episode 74, total_loss: 1063.5498046875, q_loss 1062.62353515625, v_loss 0.9262993335723877 ,lr 0.001
INFO:root:epoch 2, Episode 75, total_loss: 2671.07373046875, q_loss 2670.10595703125, v_loss 0.9678888320922852 ,lr 0.001
INFO:root:epoch 2, Episode 76, total_loss: 2280.014404296875, q_loss 2278.93310546875, v_loss 1.0813381671905518 ,lr 0.001
INFO:root:epoch 2, Episode 77, total_loss: 3330.494873046875, q_loss 3329.292236328125, v_loss 1.2026491165161133 ,lr 0.001
INFO:root:epoch 2, Episode 78, total_loss: 1937.0989990234375, q_loss 1936.03369140625, v_loss 1.0653600692749023 ,lr 0.001
INFO:root:epoch 2, Episode 79, total_loss: 1606.658203125, q_loss 1605.630859375, v_loss 1.02728271484375 ,lr 0.001
INFO:root:epoch 2, Episode 80, total_loss: 2516.001953125, q_loss 2514.91845703125, v_loss 1.0835809707641602 ,lr 0.001
INFO:root:epoch 2, Episode 81, total_loss: 1333.992431640625, q_loss 1333.037109375, v_loss 0.9553050994873047 ,lr 0.001
INFO:root:epoch 2, Episode 82, total_loss: 3754.146240234375, q_loss 3753.10205078125, v_loss 1.044081687927246 ,lr 0.001
INFO:root:epoch 2, Episode 83, total_loss: 892.1226196289062, q_loss 891.1817016601562, v_loss 0.9409174919128418 ,lr 0.001
INFO:root:epoch 2, Episode 84, total_loss: 1575.9722900390625, q_loss 1575.0054931640625, v_loss 0.9667391777038574 ,lr 0.001
INFO:root:epoch 2, Episode 85, total_loss: 2197.73193359375, q_loss 2196.633544921875, v_loss 1.0984928607940674 ,lr 0.001
INFO:root:epoch 2, Episode 86, total_loss: 3144.7763671875, q_loss 3143.71484375, v_loss 1.0614328384399414 ,lr 0.001
INFO:root:epoch 2, Episode 87, total_loss: 1422.0474853515625, q_loss 1421.0391845703125, v_loss 1.008349895477295 ,lr 0.001
INFO:root:epoch 2, Episode 88, total_loss: 1101.2169189453125, q_loss 1100.2274169921875, v_loss 0.9895377159118652 ,lr 0.001
INFO:root:epoch 2, Episode 89, total_loss: 2635.806640625, q_loss 2634.755859375, v_loss 1.0506961345672607 ,lr 0.001
INFO:root:epoch 2, Episode 90, total_loss: 1681.3785400390625, q_loss 1680.342529296875, v_loss 1.0359845161437988 ,lr 0.001
INFO:root:epoch 2, Episode 91, total_loss: 3550.677978515625, q_loss 3549.59423828125, v_loss 1.083658218383789 ,lr 0.001
INFO:root:epoch 2, Episode 92, total_loss: 2152.187744140625, q_loss 2151.16943359375, v_loss 1.0182878971099854 ,lr 0.001
INFO:root:epoch 2, Episode 93, total_loss: 1996.6722412109375, q_loss 1995.56689453125, v_loss 1.105304479598999 ,lr 0.001
INFO:root:epoch 2, Episode 94, total_loss: 1718.74462890625, q_loss 1717.670166015625, v_loss 1.074479341506958 ,lr 0.001
INFO:root:epoch 2, Episode 95, total_loss: 2395.973388671875, q_loss 2394.909912109375, v_loss 1.0634472370147705 ,lr 0.001
INFO:root:epoch 2, Episode 96, total_loss: 1954.986328125, q_loss 1953.963623046875, v_loss 1.022651195526123 ,lr 0.001
INFO:root:epoch 2, Episode 97, total_loss: 2634.9111328125, q_loss 2633.915771484375, v_loss 0.995244026184082 ,lr 0.001
INFO:root:epoch 2, Episode 98, total_loss: 1751.0523681640625, q_loss 1749.9910888671875, v_loss 1.0612571239471436 ,lr 0.001
INFO:root:epoch 2, Episode 99, total_loss: 1724.3912353515625, q_loss 1723.345703125, v_loss 1.0455026626586914 ,lr 0.001
INFO:root:epoch 2, Episode 100, total_loss: 3178.070556640625, q_loss 3177.0224609375, v_loss 1.0479917526245117 ,lr 0.001
INFO:root:epoch 2, Episode 101, total_loss: 1442.137451171875, q_loss 1441.1265869140625, v_loss 1.010828971862793 ,lr 0.001
INFO:root:epoch 2, Episode 102, total_loss: 1713.0775146484375, q_loss 1712.015625, v_loss 1.0618469715118408 ,lr 0.001
INFO:root:epoch 2, Episode 103, total_loss: 3139.427490234375, q_loss 3138.37109375, v_loss 1.0564556121826172 ,lr 0.001
INFO:root:epoch 2, Episode 104, total_loss: 1353.8719482421875, q_loss 1352.79833984375, v_loss 1.0736632347106934 ,lr 0.001
INFO:root:epoch 2, Episode 105, total_loss: 2120.111083984375, q_loss 2119.126708984375, v_loss 0.9844293594360352 ,lr 0.001
INFO:root:epoch 2, Episode 106, total_loss: 2528.92138671875, q_loss 2527.848876953125, v_loss 1.0726032257080078 ,lr 0.001
INFO:root:epoch 2, Episode 107, total_loss: 989.0333251953125, q_loss 987.9557495117188, v_loss 1.0775794982910156 ,lr 0.001
INFO:root:epoch 2, Episode 108, total_loss: 2110.436767578125, q_loss 2109.31494140625, v_loss 1.1218209266662598 ,lr 0.001
INFO:root:epoch 2, Episode 109, total_loss: 2068.615234375, q_loss 2067.4912109375, v_loss 1.1240148544311523 ,lr 0.001
INFO:root:epoch 2, Episode 110, total_loss: 2002.2127685546875, q_loss 2001.1326904296875, v_loss 1.0800645351409912 ,lr 0.001
INFO:root:epoch 2, Episode 111, total_loss: 1178.062255859375, q_loss 1176.967041015625, v_loss 1.0951833724975586 ,lr 0.001
INFO:root:epoch 2, Episode 112, total_loss: 1467.8994140625, q_loss 1466.84716796875, v_loss 1.0522840023040771 ,lr 0.001
INFO:root:epoch 2, Episode 113, total_loss: 1406.640625, q_loss 1405.5869140625, v_loss 1.0537571907043457 ,lr 0.001
INFO:root:epoch 2, Episode 114, total_loss: 2330.12744140625, q_loss 2329.029296875, v_loss 1.0980472564697266 ,lr 0.001
INFO:root:epoch 2, Episode 115, total_loss: 2047.3331298828125, q_loss 2046.322021484375, v_loss 1.0110955238342285 ,lr 0.001
INFO:root:epoch 2, Episode 116, total_loss: 3555.352294921875, q_loss 3554.260986328125, v_loss 1.0913782119750977 ,lr 0.001
INFO:root:epoch 2, Episode 117, total_loss: 1515.5948486328125, q_loss 1514.5584716796875, v_loss 1.0363330841064453 ,lr 0.001
INFO:root:epoch 2, Episode 118, total_loss: 2138.846435546875, q_loss 2137.7939453125, v_loss 1.052607536315918 ,lr 0.001
INFO:root:epoch 2, Episode 119, total_loss: 1299.92236328125, q_loss 1298.8812255859375, v_loss 1.0411386489868164 ,lr 0.001
INFO:root:epoch 2, Episode 120, total_loss: 1806.84521484375, q_loss 1805.753662109375, v_loss 1.091519832611084 ,lr 0.001
INFO:root:epoch 2, Episode 121, total_loss: 2862.775390625, q_loss 2861.654052734375, v_loss 1.1214122772216797 ,lr 0.001
INFO:root:epoch 2, Episode 122, total_loss: 2389.54638671875, q_loss 2388.490478515625, v_loss 1.0558710098266602 ,lr 0.001
INFO:root:epoch 2, Episode 123, total_loss: 2768.852294921875, q_loss 2767.8369140625, v_loss 1.015451431274414 ,lr 0.001
INFO:root:epoch 2, Episode 124, total_loss: 1813.2271728515625, q_loss 1812.2027587890625, v_loss 1.0244426727294922 ,lr 0.001
INFO:root:epoch 2, Episode 125, total_loss: 1957.2581787109375, q_loss 1956.2139892578125, v_loss 1.0441479682922363 ,lr 0.001
INFO:root:epoch 2, Episode 126, total_loss: 1176.8072509765625, q_loss 1175.8193359375, v_loss 0.9879508018493652 ,lr 0.001
INFO:root:epoch 2, Episode 127, total_loss: 1920.580078125, q_loss 1919.505126953125, v_loss 1.0748956203460693 ,lr 0.001
INFO:root:epoch 2, Episode 128, total_loss: 1996.1949462890625, q_loss 1995.115966796875, v_loss 1.0789196491241455 ,lr 0.001
INFO:root:epoch 2, Episode 129, total_loss: 2366.415771484375, q_loss 2365.253173828125, v_loss 1.1626625061035156 ,lr 0.001
INFO:root:epoch 2, Episode 130, total_loss: 3394.831787109375, q_loss 3393.796875, v_loss 1.0349488258361816 ,lr 0.001
INFO:root:epoch 2, Episode 131, total_loss: 1425.2999267578125, q_loss 1424.2886962890625, v_loss 1.011284351348877 ,lr 0.001
INFO:root:epoch 2, Episode 132, total_loss: 1896.7784423828125, q_loss 1895.791748046875, v_loss 0.986748218536377 ,lr 0.001
INFO:root:epoch 2, Episode 133, total_loss: 2855.368896484375, q_loss 2854.400146484375, v_loss 0.9688119888305664 ,lr 0.001
INFO:root:epoch 2, Episode 134, total_loss: 3183.2626953125, q_loss 3182.20654296875, v_loss 1.0561752319335938 ,lr 0.001
INFO:root:epoch 2, Episode 135, total_loss: 1121.50390625, q_loss 1120.468994140625, v_loss 1.0349314212799072 ,lr 0.001
INFO:root:epoch 2, Episode 136, total_loss: 1608.07373046875, q_loss 1607.0523681640625, v_loss 1.021374225616455 ,lr 0.001
INFO:root:epoch 2, Episode 137, total_loss: 2764.5888671875, q_loss 2763.594482421875, v_loss 0.994318962097168 ,lr 0.001
INFO:root:epoch 2, Episode 138, total_loss: 2313.12255859375, q_loss 2312.089599609375, v_loss 1.0329060554504395 ,lr 0.001
INFO:root:epoch 2, Episode 139, total_loss: 1938.3160400390625, q_loss 1937.26806640625, v_loss 1.0479702949523926 ,lr 0.001
INFO:root:epoch 2, Episode 140, total_loss: 2034.2493896484375, q_loss 2033.2205810546875, v_loss 1.0288195610046387 ,lr 0.001
INFO:root:epoch 2, Episode 141, total_loss: 2892.5009765625, q_loss 2891.42041015625, v_loss 1.0806560516357422 ,lr 0.001
INFO:root:epoch 2, Episode 142, total_loss: 1834.5255126953125, q_loss 1833.458984375, v_loss 1.0664987564086914 ,lr 0.001
INFO:root:epoch 2, Episode 143, total_loss: 3786.010986328125, q_loss 3785.025390625, v_loss 0.9854907989501953 ,lr 0.001
INFO:root:epoch 2, Episode 144, total_loss: 1686.5234375, q_loss 1685.447998046875, v_loss 1.075387954711914 ,lr 0.001
INFO:root:epoch 2, Episode 145, total_loss: 1665.045166015625, q_loss 1664.001220703125, v_loss 1.0438942909240723 ,lr 0.001
INFO:root:epoch 2, Episode 146, total_loss: 2017.3271484375, q_loss 2016.270263671875, v_loss 1.0568809509277344 ,lr 0.001
INFO:root:epoch 2, Episode 147, total_loss: 1385.4150390625, q_loss 1384.3612060546875, v_loss 1.0538673400878906 ,lr 0.001
INFO:root:epoch 2, Episode 148, total_loss: 1470.5704345703125, q_loss 1469.52587890625, v_loss 1.0445067882537842 ,lr 0.001
INFO:root:epoch 2, Episode 149, total_loss: 1677.5172119140625, q_loss 1676.475341796875, v_loss 1.041872501373291 ,lr 0.001
INFO:root:epoch 2, Episode 150, total_loss: 2148.45703125, q_loss 2147.411376953125, v_loss 1.045748233795166 ,lr 0.001
INFO:root:epoch 2, Episode 151, total_loss: 1700.4930419921875, q_loss 1699.417724609375, v_loss 1.0753202438354492 ,lr 0.001
INFO:root:epoch 2, Episode 152, total_loss: 2435.934326171875, q_loss 2434.872314453125, v_loss 1.0619544982910156 ,lr 0.001
INFO:root:epoch 2, Episode 153, total_loss: 3955.88720703125, q_loss 3954.80859375, v_loss 1.078653335571289 ,lr 0.001
INFO:root:epoch 2, Episode 154, total_loss: 1118.0340576171875, q_loss 1116.9326171875, v_loss 1.101482629776001 ,lr 0.001
INFO:root:epoch 2, Episode 155, total_loss: 1536.8887939453125, q_loss 1535.797607421875, v_loss 1.0911965370178223 ,lr 0.001
INFO:root:epoch 2, Episode 156, total_loss: 2303.681640625, q_loss 2302.57763671875, v_loss 1.1039962768554688 ,lr 0.001
INFO:root:epoch 2, Episode 157, total_loss: 1702.2562255859375, q_loss 1701.1688232421875, v_loss 1.087364673614502 ,lr 0.001
INFO:root:epoch 2, Episode 158, total_loss: 3640.17822265625, q_loss 3639.117919921875, v_loss 1.0603866577148438 ,lr 0.001
INFO:root:epoch 2, Episode 159, total_loss: 1886.5792236328125, q_loss 1885.51953125, v_loss 1.059706211090088 ,lr 0.001
INFO:root:epoch 2, Episode 160, total_loss: 2174.978759765625, q_loss 2173.925537109375, v_loss 1.0532240867614746 ,lr 0.001
INFO:root:epoch 2, Episode 161, total_loss: 2665.3232421875, q_loss 2664.298095703125, v_loss 1.025069236755371 ,lr 0.001
INFO:root:epoch 2, Episode 162, total_loss: 2247.9716796875, q_loss 2246.917724609375, v_loss 1.0540499687194824 ,lr 0.001
INFO:root:epoch 2, Episode 163, total_loss: 1735.8887939453125, q_loss 1734.84228515625, v_loss 1.0464544296264648 ,lr 0.001
INFO:root:epoch 2, Episode 164, total_loss: 1804.1617431640625, q_loss 1803.1756591796875, v_loss 0.9860568046569824 ,lr 0.001
INFO:root:epoch 2, Episode 165, total_loss: 3467.037109375, q_loss 3465.99462890625, v_loss 1.0423736572265625 ,lr 0.001
INFO:root:epoch 2, Episode 166, total_loss: 2248.131591796875, q_loss 2247.09814453125, v_loss 1.0333867073059082 ,lr 0.001
INFO:root:epoch 2, Episode 167, total_loss: 3113.861083984375, q_loss 3112.8173828125, v_loss 1.04364013671875 ,lr 0.001
INFO:root:epoch 2, Episode 168, total_loss: 1740.3428955078125, q_loss 1739.3236083984375, v_loss 1.0193066596984863 ,lr 0.001
INFO:root:epoch 2, Episode 169, total_loss: 1915.5220947265625, q_loss 1914.4676513671875, v_loss 1.054457664489746 ,lr 0.001
INFO:root:epoch 2, Episode 170, total_loss: 755.8856811523438, q_loss 754.929443359375, v_loss 0.9562463760375977 ,lr 0.001
INFO:root:epoch 2, Episode 171, total_loss: 1826.51708984375, q_loss 1825.474365234375, v_loss 1.0426759719848633 ,lr 0.001
INFO:root:epoch 2, Episode 172, total_loss: 4277.5439453125, q_loss 4276.56298828125, v_loss 0.980952262878418 ,lr 0.001
INFO:root:epoch 2, Episode 173, total_loss: 1699.976806640625, q_loss 1698.9593505859375, v_loss 1.0174345970153809 ,lr 0.001
INFO:root:epoch 2, Episode 174, total_loss: 1496.56005859375, q_loss 1495.5728759765625, v_loss 0.9871258735656738 ,lr 0.001
INFO:root:epoch 2, Episode 175, total_loss: 3871.4755859375, q_loss 3870.367919921875, v_loss 1.1076850891113281 ,lr 0.001
INFO:root:epoch 2, Episode 176, total_loss: 2234.139892578125, q_loss 2233.119384765625, v_loss 1.020449161529541 ,lr 0.001
INFO:root:epoch 2, Episode 177, total_loss: 2458.182373046875, q_loss 2457.11669921875, v_loss 1.0656800270080566 ,lr 0.001
INFO:root:epoch 2, Episode 178, total_loss: 1482.9053955078125, q_loss 1481.83203125, v_loss 1.0733304023742676 ,lr 0.001
INFO:root:epoch 2, Episode 179, total_loss: 2214.37890625, q_loss 2213.339111328125, v_loss 1.0397181510925293 ,lr 0.001
INFO:root:epoch 2, Episode 180, total_loss: 1460.725341796875, q_loss 1459.6260986328125, v_loss 1.099189281463623 ,lr 0.001
INFO:root:epoch 2, Episode 181, total_loss: 1783.398193359375, q_loss 1782.332275390625, v_loss 1.0658812522888184 ,lr 0.001
INFO:root:epoch 2, Episode 182, total_loss: 1924.2481689453125, q_loss 1923.175048828125, v_loss 1.0731101036071777 ,lr 0.001
INFO:root:epoch 2, Episode 183, total_loss: 1971.858154296875, q_loss 1970.810546875, v_loss 1.0476512908935547 ,lr 0.001
INFO:root:epoch 2, Episode 184, total_loss: 2345.476318359375, q_loss 2344.42919921875, v_loss 1.0472149848937988 ,lr 0.001
INFO:root:epoch 2, Episode 185, total_loss: 2909.4599609375, q_loss 2908.406982421875, v_loss 1.0528583526611328 ,lr 0.001
INFO:root:epoch 2, Episode 186, total_loss: 2139.991943359375, q_loss 2139.00048828125, v_loss 0.9914612770080566 ,lr 0.001
INFO:root:epoch 2, Episode 187, total_loss: 1840.1622314453125, q_loss 1839.119384765625, v_loss 1.0428571701049805 ,lr 0.001
INFO:root:epoch 2, Episode 188, total_loss: 2642.619384765625, q_loss 2641.610107421875, v_loss 1.0092782974243164 ,lr 0.001
INFO:root:epoch 2, Episode 189, total_loss: 3412.305419921875, q_loss 3411.239990234375, v_loss 1.0655245780944824 ,lr 0.001
INFO:root:epoch 2, Episode 190, total_loss: 1825.6737060546875, q_loss 1824.614013671875, v_loss 1.0596394538879395 ,lr 0.001
INFO:root:epoch 2, Episode 191, total_loss: 3060.43115234375, q_loss 3059.3330078125, v_loss 1.0982308387756348 ,lr 0.001
INFO:root:epoch 2, Episode 192, total_loss: 1667.559326171875, q_loss 1666.4434814453125, v_loss 1.1158504486083984 ,lr 0.001
INFO:root:epoch 2, Episode 193, total_loss: 1020.0770263671875, q_loss 1018.9771728515625, v_loss 1.0998778343200684 ,lr 0.001
INFO:root:epoch 2, Episode 194, total_loss: 1805.408447265625, q_loss 1804.3824462890625, v_loss 1.025989055633545 ,lr 0.001
INFO:root:epoch 2, Episode 195, total_loss: 2042.4423828125, q_loss 2041.4039306640625, v_loss 1.0385055541992188 ,lr 0.001
INFO:root:epoch 2, Episode 196, total_loss: 2457.3076171875, q_loss 2456.25830078125, v_loss 1.049356460571289 ,lr 0.001
INFO:root:epoch 2, Episode 197, total_loss: 1669.9791259765625, q_loss 1668.91259765625, v_loss 1.066511631011963 ,lr 0.001
INFO:root:epoch 2, Episode 198, total_loss: 4896.52734375, q_loss 4895.4921875, v_loss 1.0352630615234375 ,lr 0.001
INFO:root:epoch 2, Episode 199, total_loss: 2005.1978759765625, q_loss 2004.2022705078125, v_loss 0.9955615997314453 ,lr 0.001
INFO:root:epoch 2, Episode 200, total_loss: 1672.041015625, q_loss 1671.013916015625, v_loss 1.0270395278930664 ,lr 0.001
INFO:root:epoch 2, Episode 201, total_loss: 2494.1552734375, q_loss 2493.134033203125, v_loss 1.0213580131530762 ,lr 0.001
INFO:root:epoch 2, Episode 202, total_loss: 2033.1561279296875, q_loss 2032.15625, v_loss 0.9998297691345215 ,lr 0.001
INFO:root:epoch 2, Episode 203, total_loss: 2146.72998046875, q_loss 2145.7197265625, v_loss 1.0101428031921387 ,lr 0.001
INFO:root:epoch 2, Episode 204, total_loss: 2105.707275390625, q_loss 2104.739990234375, v_loss 0.967188835144043 ,lr 0.001
INFO:root:epoch 2, Episode 205, total_loss: 1281.1875, q_loss 1280.30126953125, v_loss 0.8862075805664062 ,lr 0.001
INFO:root:epoch 2, Episode 206, total_loss: 875.5452880859375, q_loss 874.6095581054688, v_loss 0.9357218742370605 ,lr 0.001
INFO:root:epoch 2, Episode 207, total_loss: 1730.173095703125, q_loss 1729.19580078125, v_loss 0.9773335456848145 ,lr 0.001
INFO:root:epoch 2, Episode 208, total_loss: 1465.9639892578125, q_loss 1464.996337890625, v_loss 0.9676976203918457 ,lr 0.001
INFO:root:epoch 2, Episode 209, total_loss: 1513.1402587890625, q_loss 1512.12548828125, v_loss 1.0147714614868164 ,lr 0.001
INFO:root:epoch 2, Episode 210, total_loss: 4443.62890625, q_loss 4442.56103515625, v_loss 1.0676546096801758 ,lr 0.001
INFO:root:epoch 2, Episode 211, total_loss: 1280.83447265625, q_loss 1279.8018798828125, v_loss 1.032562255859375 ,lr 0.001
INFO:root:epoch 2, Episode 212, total_loss: 2742.304443359375, q_loss 2741.15966796875, v_loss 1.1447715759277344 ,lr 0.001
INFO:root:epoch 2, Episode 213, total_loss: 1855.7498779296875, q_loss 1854.6705322265625, v_loss 1.0793375968933105 ,lr 0.001
INFO:root:epoch 2, Episode 214, total_loss: 2635.119140625, q_loss 2634.067626953125, v_loss 1.0514154434204102 ,lr 0.001
INFO:root:epoch 2, Episode 215, total_loss: 2483.419921875, q_loss 2482.34130859375, v_loss 1.0786962509155273 ,lr 0.001
INFO:root:epoch 2, Episode 216, total_loss: 1709.9217529296875, q_loss 1708.8865966796875, v_loss 1.0351438522338867 ,lr 0.001
INFO:root:epoch 2, Episode 217, total_loss: 1863.8857421875, q_loss 1862.8560791015625, v_loss 1.0297136306762695 ,lr 0.001
INFO:root:epoch 2, Episode 218, total_loss: 2199.27490234375, q_loss 2198.237060546875, v_loss 1.0378131866455078 ,lr 0.001
INFO:root:epoch 2, Episode 219, total_loss: 2965.931396484375, q_loss 2964.844482421875, v_loss 1.0868229866027832 ,lr 0.001
INFO:root:epoch 2, Episode 220, total_loss: 1737.525146484375, q_loss 1736.5201416015625, v_loss 1.0049924850463867 ,lr 0.001
INFO:root:epoch 2, Episode 221, total_loss: 2223.078125, q_loss 2222.099609375, v_loss 0.978550910949707 ,lr 0.001
INFO:root:epoch 2, Episode 222, total_loss: 1539.5567626953125, q_loss 1538.5482177734375, v_loss 1.0085983276367188 ,lr 0.001
INFO:root:epoch 2, Episode 223, total_loss: 2401.621337890625, q_loss 2400.55908203125, v_loss 1.0622296333312988 ,lr 0.001
INFO:root:epoch 2, Episode 224, total_loss: 4357.62646484375, q_loss 4356.5859375, v_loss 1.0407161712646484 ,lr 0.001
INFO:root:epoch 2, Episode 225, total_loss: 1273.2457275390625, q_loss 1272.1771240234375, v_loss 1.0686311721801758 ,lr 0.001
INFO:root:epoch 2, Episode 226, total_loss: 1572.118408203125, q_loss 1571.0498046875, v_loss 1.0685834884643555 ,lr 0.001
INFO:root:epoch 2, Episode 227, total_loss: 1736.6934814453125, q_loss 1735.596435546875, v_loss 1.0969901084899902 ,lr 0.001
INFO:root:epoch 2, Episode 228, total_loss: 1844.833984375, q_loss 1843.73193359375, v_loss 1.1021003723144531 ,lr 0.001
INFO:root:epoch 2, Episode 229, total_loss: 2099.58056640625, q_loss 2098.533447265625, v_loss 1.047025203704834 ,lr 0.001
INFO:root:epoch 2, Episode 230, total_loss: 2846.8525390625, q_loss 2845.7294921875, v_loss 1.1230998039245605 ,lr 0.001
INFO:root:epoch 2, Episode 231, total_loss: 2482.00830078125, q_loss 2480.9462890625, v_loss 1.062119483947754 ,lr 0.001
INFO:root:epoch 2, Episode 232, total_loss: 2506.9072265625, q_loss 2505.870849609375, v_loss 1.0364327430725098 ,lr 0.001
INFO:root:epoch 2, Episode 233, total_loss: 3737.69873046875, q_loss 3736.47705078125, v_loss 1.221745491027832 ,lr 0.001
INFO:root:epoch 2, Episode 234, total_loss: 1752.0477294921875, q_loss 1750.962890625, v_loss 1.0848302841186523 ,lr 0.001
INFO:root:epoch 2, Episode 235, total_loss: 4935.591796875, q_loss 4934.51171875, v_loss 1.0801963806152344 ,lr 0.001
INFO:root:epoch 2, Episode 236, total_loss: 3245.19580078125, q_loss 3244.083984375, v_loss 1.1117525100708008 ,lr 0.001
INFO:root:epoch 2, Episode 237, total_loss: 1751.24951171875, q_loss 1750.1973876953125, v_loss 1.0521278381347656 ,lr 0.001
INFO:root:epoch 2, Episode 238, total_loss: 2090.999267578125, q_loss 2089.955322265625, v_loss 1.044018268585205 ,lr 0.001
INFO:root:epoch 2, Episode 239, total_loss: 1493.63134765625, q_loss 1492.6090087890625, v_loss 1.0223941802978516 ,lr 0.001
INFO:root:epoch 2, Episode 240, total_loss: 1670.1038818359375, q_loss 1669.0194091796875, v_loss 1.0845088958740234 ,lr 0.001
INFO:root:epoch 2, Episode 241, total_loss: 3339.57470703125, q_loss 3338.53271484375, v_loss 1.042006492614746 ,lr 0.001
INFO:root:epoch 2, Episode 242, total_loss: 1868.8280029296875, q_loss 1867.7939453125, v_loss 1.0340180397033691 ,lr 0.001
INFO:root:epoch 2, Episode 243, total_loss: 1910.4266357421875, q_loss 1909.40185546875, v_loss 1.0248379707336426 ,lr 0.001
INFO:root:epoch 2, Episode 244, total_loss: 1516.47802734375, q_loss 1515.4249267578125, v_loss 1.0531306266784668 ,lr 0.001
INFO:root:epoch 2, Episode 245, total_loss: 1393.7216796875, q_loss 1392.693603515625, v_loss 1.0280652046203613 ,lr 0.001
INFO:root:epoch 2, Episode 246, total_loss: 3618.59814453125, q_loss 3617.612060546875, v_loss 0.9861965179443359 ,lr 0.001
INFO:root:epoch 2, Episode 247, total_loss: 3424.5693359375, q_loss 3423.654296875, v_loss 0.9149723052978516 ,lr 0.001
INFO:root:epoch 2, Episode 248, total_loss: 3547.350341796875, q_loss 3546.402587890625, v_loss 0.9476408958435059 ,lr 0.001
INFO:root:epoch 2, Episode 249, total_loss: 1381.4903564453125, q_loss 1380.5401611328125, v_loss 0.9502201080322266 ,lr 0.001
INFO:root:epoch 2, Episode 250, total_loss: 1797.26513671875, q_loss 1796.286865234375, v_loss 0.9782609939575195 ,lr 0.001
INFO:root:epoch 2, Episode 251, total_loss: 1972.4727783203125, q_loss 1971.43603515625, v_loss 1.0367541313171387 ,lr 0.001
INFO:root:epoch 2, Episode 252, total_loss: 1783.1866455078125, q_loss 1782.169677734375, v_loss 1.0169358253479004 ,lr 0.001
INFO:root:epoch 2, Episode 253, total_loss: 1512.1295166015625, q_loss 1511.1639404296875, v_loss 0.9655375480651855 ,lr 0.001
INFO:root:epoch 2, Episode 254, total_loss: 1297.254638671875, q_loss 1296.272705078125, v_loss 0.9819583892822266 ,lr 0.001
INFO:root:epoch 2, Episode 255, total_loss: 1857.4178466796875, q_loss 1856.38818359375, v_loss 1.029676914215088 ,lr 0.001
INFO:root:epoch 2, Episode 256, total_loss: 2878.132080078125, q_loss 2877.151123046875, v_loss 0.9810504913330078 ,lr 0.001
INFO:root:epoch 2, Episode 257, total_loss: 1390.43994140625, q_loss 1389.452392578125, v_loss 0.9875636100769043 ,lr 0.001
INFO:root:epoch 2, Episode 258, total_loss: 2446.913818359375, q_loss 2445.853515625, v_loss 1.060384750366211 ,lr 0.001
INFO:root:epoch 2, Episode 259, total_loss: 2072.681884765625, q_loss 2071.68310546875, v_loss 0.9987196922302246 ,lr 0.001
INFO:root:epoch 2, Episode 260, total_loss: 4632.43359375, q_loss 4631.1748046875, v_loss 1.2587089538574219 ,lr 0.001
INFO:root:epoch 2, Episode 261, total_loss: 1985.8345947265625, q_loss 1984.813232421875, v_loss 1.0213475227355957 ,lr 0.001
INFO:root:epoch 2, Episode 262, total_loss: 2645.804931640625, q_loss 2644.722412109375, v_loss 1.0824756622314453 ,lr 0.001
INFO:root:epoch 2, Episode 263, total_loss: 2813.722412109375, q_loss 2812.68603515625, v_loss 1.0364971160888672 ,lr 0.001
INFO:root:epoch 2, Episode 264, total_loss: 1658.252685546875, q_loss 1657.2569580078125, v_loss 0.9957208633422852 ,lr 0.001
INFO:root:epoch 2, Episode 265, total_loss: 1207.0775146484375, q_loss 1206.0335693359375, v_loss 1.043957233428955 ,lr 0.001
INFO:root:epoch 2, Episode 266, total_loss: 2028.4925537109375, q_loss 2027.4207763671875, v_loss 1.0718154907226562 ,lr 0.001
INFO:root:epoch 2, Episode 267, total_loss: 1859.6123046875, q_loss 1858.671630859375, v_loss 0.9407048225402832 ,lr 0.001
INFO:root:epoch 2, Episode 268, total_loss: 2440.031494140625, q_loss 2439.0732421875, v_loss 0.9581823348999023 ,lr 0.001
INFO:root:epoch 2, Episode 269, total_loss: 1756.813232421875, q_loss 1755.8331298828125, v_loss 0.9801516532897949 ,lr 0.001
INFO:root:epoch 2, Episode 270, total_loss: 1698.6396484375, q_loss 1697.6937255859375, v_loss 0.9458913803100586 ,lr 0.001
INFO:root:epoch 2, Episode 271, total_loss: 3291.825439453125, q_loss 3290.75439453125, v_loss 1.0709466934204102 ,lr 0.001
INFO:root:epoch 2, Episode 272, total_loss: 2732.324951171875, q_loss 2731.217529296875, v_loss 1.1075315475463867 ,lr 0.001
INFO:root:epoch 2, Episode 273, total_loss: 2725.32275390625, q_loss 2724.27685546875, v_loss 1.0459270477294922 ,lr 0.001
INFO:root:epoch 2, Episode 274, total_loss: 1845.5894775390625, q_loss 1844.5615234375, v_loss 1.027937412261963 ,lr 0.001
INFO:root:epoch 2, Episode 275, total_loss: 2367.4765625, q_loss 2366.43701171875, v_loss 1.039468765258789 ,lr 0.001
INFO:root:epoch 2, Episode 276, total_loss: 2298.50439453125, q_loss 2297.407470703125, v_loss 1.0968656539916992 ,lr 0.001
INFO:root:epoch 2, Episode 277, total_loss: 1894.7628173828125, q_loss 1893.6915283203125, v_loss 1.0713386535644531 ,lr 0.001
INFO:root:epoch 2, Episode 278, total_loss: 2422.326904296875, q_loss 2421.23046875, v_loss 1.0963420867919922 ,lr 0.001
INFO:root:epoch 2, Episode 279, total_loss: 2370.427490234375, q_loss 2369.3779296875, v_loss 1.0494470596313477 ,lr 0.001
INFO:root:epoch 2, Episode 280, total_loss: 1753.9010009765625, q_loss 1752.862548828125, v_loss 1.0384626388549805 ,lr 0.001
INFO:root:epoch 2, Episode 281, total_loss: 1995.90771484375, q_loss 1994.8404541015625, v_loss 1.0672321319580078 ,lr 0.001
INFO:root:epoch 2, Episode 282, total_loss: 1912.796630859375, q_loss 1911.7879638671875, v_loss 1.0086479187011719 ,lr 0.001
INFO:root:epoch 2, Episode 283, total_loss: 825.2953491210938, q_loss 824.2434692382812, v_loss 1.0519018173217773 ,lr 0.001
INFO:root:epoch 2, Episode 284, total_loss: 1380.91015625, q_loss 1379.8294677734375, v_loss 1.0806541442871094 ,lr 0.001
INFO:root:epoch 2, Episode 285, total_loss: 4319.669921875, q_loss 4318.599609375, v_loss 1.0703258514404297 ,lr 0.001
INFO:root:epoch 2, Episode 286, total_loss: 2242.287353515625, q_loss 2241.251708984375, v_loss 1.0356502532958984 ,lr 0.001
INFO:root:epoch 2, Episode 287, total_loss: 1473.091552734375, q_loss 1472.163330078125, v_loss 0.9282073974609375 ,lr 0.001
INFO:root:epoch 2, Episode 288, total_loss: 1713.298828125, q_loss 1712.2667236328125, v_loss 1.0320844650268555 ,lr 0.001
INFO:root:epoch 2, Episode 289, total_loss: 1377.7059326171875, q_loss 1376.755859375, v_loss 0.9500513076782227 ,lr 0.001
INFO:root:epoch 2, Episode 290, total_loss: 1565.828369140625, q_loss 1564.8780517578125, v_loss 0.9503202438354492 ,lr 0.001
INFO:root:epoch 2, Episode 291, total_loss: 1925.0142822265625, q_loss 1923.9708251953125, v_loss 1.0434064865112305 ,lr 0.001
INFO:root:epoch 2, Episode 292, total_loss: 2014.9744873046875, q_loss 2013.895751953125, v_loss 1.0787181854248047 ,lr 0.001
INFO:root:epoch 2, Episode 293, total_loss: 4413.49609375, q_loss 4412.4765625, v_loss 1.0196647644042969 ,lr 0.001
INFO:root:epoch 2, Episode 294, total_loss: 1618.548095703125, q_loss 1617.5111083984375, v_loss 1.036961555480957 ,lr 0.001
INFO:root:epoch 2, Episode 295, total_loss: 2810.34228515625, q_loss 2809.250244140625, v_loss 1.0919971466064453 ,lr 0.001
INFO:root:epoch 2, Episode 296, total_loss: 2011.891357421875, q_loss 2010.84716796875, v_loss 1.0441474914550781 ,lr 0.001
INFO:root:epoch 2, Episode 297, total_loss: 1852.2222900390625, q_loss 1851.1700439453125, v_loss 1.0522699356079102 ,lr 0.001
INFO:root:epoch 2, Episode 298, total_loss: 1940.212890625, q_loss 1939.2137451171875, v_loss 0.9990959167480469 ,lr 0.001
INFO:root:epoch 2, Episode 299, total_loss: 1701.0694580078125, q_loss 1700.042724609375, v_loss 1.026728630065918 ,lr 0.001
INFO:root:epoch 2, Episode 300, total_loss: 1566.302001953125, q_loss 1565.2449951171875, v_loss 1.057027816772461 ,lr 0.001
INFO:root:epoch 2, Episode 301, total_loss: 2877.97705078125, q_loss 2876.9345703125, v_loss 1.0424814224243164 ,lr 0.001
INFO:root:epoch 2, Episode 302, total_loss: 1674.1307373046875, q_loss 1673.06884765625, v_loss 1.0618772506713867 ,lr 0.001
INFO:root:epoch 2, Episode 303, total_loss: 1350.7679443359375, q_loss 1349.7474365234375, v_loss 1.0204992294311523 ,lr 0.001
INFO:root:epoch 2, Episode 304, total_loss: 1566.0594482421875, q_loss 1565.0445556640625, v_loss 1.0148344039916992 ,lr 0.001
INFO:root:epoch 2, Episode 305, total_loss: 2362.0, q_loss 2361.00634765625, v_loss 0.9936370849609375 ,lr 0.001
INFO:root:epoch 2, Episode 306, total_loss: 2235.652587890625, q_loss 2234.59716796875, v_loss 1.0555105209350586 ,lr 0.001
INFO:root:epoch 2, Episode 307, total_loss: 1154.12060546875, q_loss 1153.136474609375, v_loss 0.9841489791870117 ,lr 0.001
INFO:root:epoch 2, Episode 308, total_loss: 1760.4501953125, q_loss 1759.4720458984375, v_loss 0.9781637191772461 ,lr 0.001
INFO:root:epoch 2, Episode 309, total_loss: 2255.59521484375, q_loss 2254.577880859375, v_loss 1.0174331665039062 ,lr 0.001
INFO:root:epoch 2, Episode 310, total_loss: 2501.514892578125, q_loss 2500.5537109375, v_loss 0.9611282348632812 ,lr 0.001
INFO:root:epoch 2, Episode 311, total_loss: 1543.507568359375, q_loss 1542.549560546875, v_loss 0.95806884765625 ,lr 0.001
INFO:root:epoch 2, Episode 312, total_loss: 2293.951171875, q_loss 2292.9365234375, v_loss 1.014693260192871 ,lr 0.001
INFO:root:epoch 2, Episode 313, total_loss: 2412.4169921875, q_loss 2411.411865234375, v_loss 1.005173683166504 ,lr 0.001
INFO:root:epoch 2, Episode 314, total_loss: 1531.9288330078125, q_loss 1530.9681396484375, v_loss 0.9607400894165039 ,lr 0.001
INFO:root:epoch 2, Episode 315, total_loss: 1337.493408203125, q_loss 1336.522216796875, v_loss 0.9711427688598633 ,lr 0.001
INFO:root:epoch 2, Episode 316, total_loss: 2233.77880859375, q_loss 2232.727294921875, v_loss 1.0515403747558594 ,lr 0.001
INFO:root:epoch 2, Episode 317, total_loss: 1658.933837890625, q_loss 1657.864990234375, v_loss 1.0687904357910156 ,lr 0.001
INFO:root:epoch 2, Episode 318, total_loss: 1438.478759765625, q_loss 1437.404541015625, v_loss 1.074244499206543 ,lr 0.001
INFO:root:epoch 2, Episode 319, total_loss: 1925.8173828125, q_loss 1924.7799072265625, v_loss 1.0375185012817383 ,lr 0.001
INFO:root:epoch 2, Episode 320, total_loss: 1820.56103515625, q_loss 1819.5084228515625, v_loss 1.0526189804077148 ,lr 0.001
INFO:root:epoch 2, Episode 321, total_loss: 5090.744140625, q_loss 5089.86376953125, v_loss 0.8803176879882812 ,lr 0.001
INFO:root:epoch 2, Episode 322, total_loss: 2824.595947265625, q_loss 2823.6982421875, v_loss 0.8977012634277344 ,lr 0.001
INFO:root:epoch 2, Episode 323, total_loss: 2468.2236328125, q_loss 2467.18359375, v_loss 1.0400075912475586 ,lr 0.001
INFO:root:epoch 2, Episode 324, total_loss: 1807.9495849609375, q_loss 1806.8797607421875, v_loss 1.0698051452636719 ,lr 0.001
INFO:root:epoch 2, Episode 325, total_loss: 2121.383056640625, q_loss 2120.33642578125, v_loss 1.0466957092285156 ,lr 0.001
INFO:root:epoch 2, Episode 326, total_loss: 2450.350341796875, q_loss 2449.413330078125, v_loss 0.9371089935302734 ,lr 0.001
INFO:root:epoch 2, Episode 327, total_loss: 2714.637451171875, q_loss 2713.691162109375, v_loss 0.9462566375732422 ,lr 0.001
INFO:root:epoch 2, Episode 328, total_loss: 1972.932861328125, q_loss 1971.9495849609375, v_loss 0.9832544326782227 ,lr 0.001
INFO:root:epoch 2, Episode 329, total_loss: 2367.7255859375, q_loss 2366.777099609375, v_loss 0.9485502243041992 ,lr 0.001
INFO:root:epoch 2, Episode 330, total_loss: 4162.349609375, q_loss 4160.953125, v_loss 1.396265983581543 ,lr 0.001
INFO:root:epoch 2, Episode 331, total_loss: 1578.2386474609375, q_loss 1577.25, v_loss 0.988682746887207 ,lr 0.001
INFO:root:epoch 2, Episode 332, total_loss: 1908.6851806640625, q_loss 1907.6732177734375, v_loss 1.0120229721069336 ,lr 0.001
INFO:root:epoch 2, Episode 333, total_loss: 1832.529052734375, q_loss 1831.5106201171875, v_loss 1.0183849334716797 ,lr 0.001
INFO:root:epoch 2, Episode 334, total_loss: 1611.840576171875, q_loss 1610.762939453125, v_loss 1.077627182006836 ,lr 0.001
INFO:root:epoch 2, Episode 335, total_loss: 1553.666748046875, q_loss 1552.5946044921875, v_loss 1.0720949172973633 ,lr 0.001
INFO:root:epoch 2, Episode 336, total_loss: 1582.3319091796875, q_loss 1581.351318359375, v_loss 0.9805984497070312 ,lr 0.001
INFO:root:epoch 2, Episode 337, total_loss: 1146.9769287109375, q_loss 1146.076416015625, v_loss 0.9005289077758789 ,lr 0.001
INFO:root:epoch 2, Episode 338, total_loss: 2965.980224609375, q_loss 2964.91015625, v_loss 1.070185661315918 ,lr 0.001
INFO:root:epoch 2, Episode 339, total_loss: 1867.1201171875, q_loss 1866.1322021484375, v_loss 0.9879446029663086 ,lr 0.001
INFO:root:epoch 2, Episode 340, total_loss: 1710.970458984375, q_loss 1710.04150390625, v_loss 0.9289236068725586 ,lr 0.001
INFO:root:epoch 2, Episode 341, total_loss: 2418.421142578125, q_loss 2417.37451171875, v_loss 1.0466938018798828 ,lr 0.001
INFO:root:epoch 2, Episode 342, total_loss: 3649.699951171875, q_loss 3648.490234375, v_loss 1.209599494934082 ,lr 0.001
INFO:root:epoch 2, Episode 343, total_loss: 2429.524169921875, q_loss 2428.50927734375, v_loss 1.0148372650146484 ,lr 0.001
INFO:root:epoch 2, Episode 344, total_loss: 1402.8900146484375, q_loss 1401.81689453125, v_loss 1.0730876922607422 ,lr 0.001
INFO:root:epoch 2, Episode 345, total_loss: 1808.0037841796875, q_loss 1806.9967041015625, v_loss 1.007115364074707 ,lr 0.001
INFO:root:epoch 2, Episode 346, total_loss: 3027.185546875, q_loss 3026.272705078125, v_loss 0.9128150939941406 ,lr 0.001
INFO:root:epoch 2, Episode 347, total_loss: 1981.3135986328125, q_loss 1980.45751953125, v_loss 0.856074333190918 ,lr 0.001
INFO:root:epoch 2, Episode 348, total_loss: 1785.8074951171875, q_loss 1784.8966064453125, v_loss 0.9108877182006836 ,lr 0.001
INFO:root:epoch 2, Episode 349, total_loss: 2678.963623046875, q_loss 2677.798828125, v_loss 1.1647567749023438 ,lr 0.001
INFO:root:epoch 2, Episode 350, total_loss: 1196.705810546875, q_loss 1195.8837890625, v_loss 0.8220291137695312 ,lr 0.001
INFO:root:epoch 2, Episode 351, total_loss: 1351.1612548828125, q_loss 1350.347900390625, v_loss 0.8133211135864258 ,lr 0.001
INFO:root:epoch 2, Episode 352, total_loss: 4174.20703125, q_loss 4172.94287109375, v_loss 1.2639408111572266 ,lr 0.001
INFO:root:epoch 2, Episode 353, total_loss: 2230.244384765625, q_loss 2229.242919921875, v_loss 1.001479148864746 ,lr 0.001
INFO:root:epoch 2, Episode 354, total_loss: 2150.017333984375, q_loss 2148.891845703125, v_loss 1.1255674362182617 ,lr 0.001
INFO:root:epoch 2, Episode 355, total_loss: 3116.6240234375, q_loss 3115.458984375, v_loss 1.165114402770996 ,lr 0.001
INFO:root:epoch 2, Episode 356, total_loss: 2283.34130859375, q_loss 2282.1201171875, v_loss 1.221247673034668 ,lr 0.001
INFO:root:epoch 2, Episode 357, total_loss: 2811.209228515625, q_loss 2810.33251953125, v_loss 0.8767318725585938 ,lr 0.001
INFO:root:epoch 2, Episode 358, total_loss: 1642.6170654296875, q_loss 1641.464111328125, v_loss 1.1529788970947266 ,lr 0.001
INFO:root:epoch 2, Episode 359, total_loss: 2139.3271484375, q_loss 2138.1708984375, v_loss 1.1562843322753906 ,lr 0.001
INFO:root:epoch 2, Episode 360, total_loss: 1050.9027099609375, q_loss 1049.7850341796875, v_loss 1.1176271438598633 ,lr 0.001
INFO:root:epoch 2, Episode 361, total_loss: 1394.2379150390625, q_loss 1393.1533203125, v_loss 1.0846433639526367 ,lr 0.001
INFO:root:epoch 2, Episode 362, total_loss: 4203.9853515625, q_loss 4202.75, v_loss 1.2352094650268555 ,lr 0.001
INFO:root:epoch 2, Episode 363, total_loss: 1903.3240966796875, q_loss 1902.270263671875, v_loss 1.0538654327392578 ,lr 0.001
INFO:root:epoch 2, Episode 364, total_loss: 1542.77587890625, q_loss 1541.7740478515625, v_loss 1.001835823059082 ,lr 0.001
INFO:root:epoch 2, Episode 365, total_loss: 4111.2080078125, q_loss 4110.05859375, v_loss 1.1491928100585938 ,lr 0.001
INFO:root:epoch 2, Episode 366, total_loss: 1125.2620849609375, q_loss 1124.131103515625, v_loss 1.1309986114501953 ,lr 0.001
INFO:root:epoch 2, Episode 367, total_loss: 1132.0106201171875, q_loss 1130.86669921875, v_loss 1.143967628479004 ,lr 0.001
INFO:root:epoch 2, Episode 368, total_loss: 2034.153076171875, q_loss 2032.9556884765625, v_loss 1.1973857879638672 ,lr 0.001
INFO:root:epoch 2, Episode 369, total_loss: 1919.129150390625, q_loss 1917.989990234375, v_loss 1.13909912109375 ,lr 0.001
INFO:root:epoch 2, Episode 370, total_loss: 1820.8018798828125, q_loss 1819.859619140625, v_loss 0.9422149658203125 ,lr 0.001
INFO:root:epoch 2, Episode 371, total_loss: 3237.38525390625, q_loss 3236.15478515625, v_loss 1.2304906845092773 ,lr 0.001
INFO:root:epoch 2, Episode 372, total_loss: 2568.402099609375, q_loss 2567.4169921875, v_loss 0.9851522445678711 ,lr 0.001
INFO:root:epoch 2, Episode 373, total_loss: 1966.3306884765625, q_loss 1965.37158203125, v_loss 0.9591512680053711 ,lr 0.001
INFO:root:epoch 2, Episode 374, total_loss: 3023.834716796875, q_loss 3022.810546875, v_loss 1.0241327285766602 ,lr 0.001
INFO:root:epoch 2, Episode 375, total_loss: 3912.318115234375, q_loss 3911.3583984375, v_loss 0.9596042633056641 ,lr 0.001
INFO:root:epoch 2, Episode 376, total_loss: 2343.309326171875, q_loss 2342.334228515625, v_loss 0.9751510620117188 ,lr 0.001
INFO:root:epoch 2, Episode 377, total_loss: 4502.98876953125, q_loss 4501.81103515625, v_loss 1.1776113510131836 ,lr 0.001
INFO:root:epoch 2, Episode 378, total_loss: 2287.193603515625, q_loss 2286.1171875, v_loss 1.0765295028686523 ,lr 0.001
INFO:root:epoch 2, Episode 379, total_loss: 1798.6417236328125, q_loss 1797.501953125, v_loss 1.1397924423217773 ,lr 0.001
INFO:root:epoch 2, Episode 380, total_loss: 2799.64892578125, q_loss 2798.612060546875, v_loss 1.0369033813476562 ,lr 0.001
INFO:root:epoch 2, Episode 381, total_loss: 2289.4609375, q_loss 2288.34912109375, v_loss 1.1116943359375 ,lr 0.001
INFO:root:epoch 2, Episode 382, total_loss: 2519.342041015625, q_loss 2517.9873046875, v_loss 1.3547887802124023 ,lr 0.001
INFO:root:epoch 2, Episode 383, total_loss: 1552.9505615234375, q_loss 1551.977783203125, v_loss 0.9728336334228516 ,lr 0.001
INFO:root:epoch 2, Episode 384, total_loss: 2378.433837890625, q_loss 2377.311279296875, v_loss 1.1226377487182617 ,lr 0.001
INFO:root:epoch 2, Episode 385, total_loss: 1950.4552001953125, q_loss 1949.4320068359375, v_loss 1.0231380462646484 ,lr 0.001
INFO:root:epoch 2, Episode 386, total_loss: 1125.7625732421875, q_loss 1125.099365234375, v_loss 0.6631593704223633 ,lr 0.001
INFO:root:epoch 2, Episode 387, total_loss: 2088.8603515625, q_loss 2087.92138671875, v_loss 0.9390296936035156 ,lr 0.001
INFO:root:epoch 2, Episode 388, total_loss: 1896.07958984375, q_loss 1895.17431640625, v_loss 0.9052953720092773 ,lr 0.001
INFO:root:epoch 2, Episode 389, total_loss: 1809.9840087890625, q_loss 1809.093017578125, v_loss 0.8909902572631836 ,lr 0.001
INFO:root:epoch 2, Episode 390, total_loss: 2232.1005859375, q_loss 2231.107421875, v_loss 0.9930582046508789 ,lr 0.001
INFO:root:epoch 2, Episode 391, total_loss: 2215.890625, q_loss 2214.82275390625, v_loss 1.067901611328125 ,lr 0.001
INFO:root:epoch 2, Episode 392, total_loss: 1706.542236328125, q_loss 1705.6949462890625, v_loss 0.8472785949707031 ,lr 0.001
INFO:root:epoch 2, Episode 393, total_loss: 1415.6995849609375, q_loss 1414.719970703125, v_loss 0.9796657562255859 ,lr 0.001
INFO:root:epoch 2, Episode 394, total_loss: 1630.91650390625, q_loss 1629.8411865234375, v_loss 1.0752878189086914 ,lr 0.001
INFO:root:epoch 2, Episode 395, total_loss: 2208.820556640625, q_loss 2207.697998046875, v_loss 1.1225652694702148 ,lr 0.001
INFO:root:epoch 2, Episode 396, total_loss: 1700.095458984375, q_loss 1698.882568359375, v_loss 1.2129268646240234 ,lr 0.001
INFO:root:epoch 2, Episode 397, total_loss: 1417.331298828125, q_loss 1416.114501953125, v_loss 1.2168035507202148 ,lr 0.001
INFO:root:epoch 2, Episode 398, total_loss: 2946.557861328125, q_loss 2945.586181640625, v_loss 0.9716911315917969 ,lr 0.001
INFO:root:epoch 2, Episode 399, total_loss: 1586.865234375, q_loss 1585.882568359375, v_loss 0.9826393127441406 ,lr 0.001
INFO:root:epoch 2, Episode 400, total_loss: 899.0970458984375, q_loss 898.1848754882812, v_loss 0.9121685028076172 ,lr 0.001
INFO:root:epoch 2, Episode 401, total_loss: 4676.96533203125, q_loss 4676.54931640625, v_loss 0.4158515930175781 ,lr 0.001
INFO:root:epoch 2, Episode 402, total_loss: 1102.294189453125, q_loss 1101.4619140625, v_loss 0.8322181701660156 ,lr 0.001
INFO:root:epoch 2, Episode 403, total_loss: 975.2874755859375, q_loss 974.48046875, v_loss 0.8069934844970703 ,lr 0.001
INFO:root:epoch 2, Episode 404, total_loss: 1715.3681640625, q_loss 1714.681396484375, v_loss 0.68682861328125 ,lr 0.001
INFO:root:epoch 2, Episode 405, total_loss: 2689.86328125, q_loss 2688.868408203125, v_loss 0.99481201171875 ,lr 0.001
INFO:root:epoch 2, Episode 406, total_loss: 1776.8736572265625, q_loss 1775.9310302734375, v_loss 0.9426727294921875 ,lr 0.001
INFO:root:epoch 2, Episode 407, total_loss: 1743.960693359375, q_loss 1743.0927734375, v_loss 0.867919921875 ,lr 0.001
INFO:root:epoch 2, Episode 408, total_loss: 2636.015380859375, q_loss 2634.986083984375, v_loss 1.02935791015625 ,lr 0.001
INFO:root:epoch 2, Episode 409, total_loss: 2005.66455078125, q_loss 2004.626953125, v_loss 1.0376243591308594 ,lr 0.001
INFO:root:epoch 2, Episode 410, total_loss: 2649.579345703125, q_loss 2648.736083984375, v_loss 0.8431739807128906 ,lr 0.001
INFO:root:epoch 2, Episode 411, total_loss: 2123.650634765625, q_loss 2122.541259765625, v_loss 1.1094112396240234 ,lr 0.001
INFO:root:epoch 2, Episode 412, total_loss: 1227.337646484375, q_loss 1226.72119140625, v_loss 0.6164188385009766 ,lr 0.001
INFO:root:epoch 2, Episode 413, total_loss: 1632.0306396484375, q_loss 1630.536865234375, v_loss 1.4937448501586914 ,lr 0.001
INFO:root:epoch 2, Episode 414, total_loss: 1319.5301513671875, q_loss 1318.4788818359375, v_loss 1.0512332916259766 ,lr 0.001
INFO:root:epoch 2, Episode 415, total_loss: 2109.03662109375, q_loss 2107.87939453125, v_loss 1.1572990417480469 ,lr 0.001
INFO:root:epoch 2, Episode 416, total_loss: 2098.51611328125, q_loss 2097.5498046875, v_loss 0.9662628173828125 ,lr 0.001
INFO:root:epoch 2, Episode 417, total_loss: 2019.0384521484375, q_loss 2017.9949951171875, v_loss 1.0434818267822266 ,lr 0.001
INFO:root:epoch 2, Episode 418, total_loss: 2070.52197265625, q_loss 2069.6787109375, v_loss 0.8432044982910156 ,lr 0.001
INFO:root:epoch 2, Episode 419, total_loss: 1743.6842041015625, q_loss 1743.11669921875, v_loss 0.5674686431884766 ,lr 0.001
INFO:root:epoch 2, Episode 420, total_loss: 2744.54150390625, q_loss 2743.321044921875, v_loss 1.220550537109375 ,lr 0.001
INFO:root:epoch 2, Episode 421, total_loss: 1507.1783447265625, q_loss 1505.9935302734375, v_loss 1.1847763061523438 ,lr 0.001
INFO:root:epoch 2, Episode 422, total_loss: 1729.18310546875, q_loss 1727.9779052734375, v_loss 1.2052326202392578 ,lr 0.001
INFO:root:epoch 2, Episode 423, total_loss: 2331.1826171875, q_loss 2330.16845703125, v_loss 1.0142536163330078 ,lr 0.001
INFO:root:epoch 2, Episode 424, total_loss: 1917.9266357421875, q_loss 1916.846435546875, v_loss 1.0802040100097656 ,lr 0.001
INFO:root:epoch 2, Episode 425, total_loss: 1587.559814453125, q_loss 1586.6759033203125, v_loss 0.8838710784912109 ,lr 0.001
INFO:root:epoch 2, Episode 426, total_loss: 1435.5194091796875, q_loss 1434.7364501953125, v_loss 0.7829246520996094 ,lr 0.001
INFO:root:epoch 2, Episode 427, total_loss: 1494.6082763671875, q_loss 1493.731201171875, v_loss 0.8770980834960938 ,lr 0.001
INFO:root:epoch 2, Episode 428, total_loss: 1953.2879638671875, q_loss 1952.2088623046875, v_loss 1.0790672302246094 ,lr 0.001
INFO:root:epoch 2, Episode 429, total_loss: 1690.981689453125, q_loss 1690.083251953125, v_loss 0.8983802795410156 ,lr 0.001
INFO:root:epoch 2, Episode 430, total_loss: 2418.61767578125, q_loss 2417.275634765625, v_loss 1.3421363830566406 ,lr 0.001
INFO:root:epoch 2, Episode 431, total_loss: 1548.2969970703125, q_loss 1547.508544921875, v_loss 0.7884502410888672 ,lr 0.001
INFO:root:epoch 2, Episode 432, total_loss: 4528.013671875, q_loss 4527.1025390625, v_loss 0.9111175537109375 ,lr 0.001
INFO:root:epoch 2, Episode 433, total_loss: 1342.9658203125, q_loss 1342.1605224609375, v_loss 0.8053436279296875 ,lr 0.001
INFO:root:epoch 2, Episode 434, total_loss: 1285.060791015625, q_loss 1284.052734375, v_loss 1.0081138610839844 ,lr 0.001
INFO:root:epoch 2, Episode 435, total_loss: 1951.910888671875, q_loss 1950.5030517578125, v_loss 1.407815933227539 ,lr 0.001
INFO:root:epoch 2, Episode 436, total_loss: 4316.75048828125, q_loss 4315.47802734375, v_loss 1.2725181579589844 ,lr 0.001
INFO:root:epoch 2, Episode 437, total_loss: 3913.720947265625, q_loss 3912.263671875, v_loss 1.4573860168457031 ,lr 0.001
INFO:root:epoch 2, Episode 438, total_loss: 3162.896728515625, q_loss 3161.572021484375, v_loss 1.3247184753417969 ,lr 0.001
INFO:root:epoch 2, Episode 439, total_loss: 1502.3345947265625, q_loss 1501.2113037109375, v_loss 1.123270034790039 ,lr 0.001
INFO:root:epoch 2, Episode 440, total_loss: 2359.607421875, q_loss 2358.572265625, v_loss 1.0350818634033203 ,lr 0.001
INFO:root:epoch 2, Episode 441, total_loss: 2412.845703125, q_loss 2411.896728515625, v_loss 0.9488582611083984 ,lr 0.001
INFO:root:epoch 2, Episode 442, total_loss: 2723.0869140625, q_loss 2722.25341796875, v_loss 0.8334674835205078 ,lr 0.001
INFO:root:epoch 2, Episode 443, total_loss: 2070.896728515625, q_loss 2069.9345703125, v_loss 0.9622554779052734 ,lr 0.001
INFO:root:epoch 2, Episode 444, total_loss: 1495.822509765625, q_loss 1495.0191650390625, v_loss 0.8033924102783203 ,lr 0.001
INFO:root:epoch 2, Episode 445, total_loss: 2222.844970703125, q_loss 2221.959716796875, v_loss 0.8852653503417969 ,lr 0.001
INFO:root:epoch 2, Episode 446, total_loss: 2947.942138671875, q_loss 2946.816650390625, v_loss 1.12542724609375 ,lr 0.001
INFO:root:epoch 2, Episode 447, total_loss: 1568.1707763671875, q_loss 1567.230712890625, v_loss 0.9401073455810547 ,lr 0.001
INFO:root:epoch 2, Episode 448, total_loss: 2015.8480224609375, q_loss 2014.931884765625, v_loss 0.9161281585693359 ,lr 0.001
INFO:root:epoch 2, Episode 449, total_loss: 3062.669921875, q_loss 3061.31298828125, v_loss 1.3568992614746094 ,lr 0.001
INFO:root:epoch 2, Episode 450, total_loss: 1486.24462890625, q_loss 1485.454833984375, v_loss 0.7898063659667969 ,lr 0.001
INFO:root:epoch 2, Episode 451, total_loss: 1738.8118896484375, q_loss 1737.8876953125, v_loss 0.9241409301757812 ,lr 0.001
INFO:root:epoch 2, Episode 452, total_loss: 3861.750732421875, q_loss 3860.42333984375, v_loss 1.3273134231567383 ,lr 0.001
INFO:root:epoch 2, Episode 453, total_loss: 2057.555419921875, q_loss 2056.513671875, v_loss 1.0416374206542969 ,lr 0.001
INFO:root:epoch 2, Episode 454, total_loss: 1669.9871826171875, q_loss 1669.1175537109375, v_loss 0.8696498870849609 ,lr 0.001
INFO:root:epoch 2, Episode 455, total_loss: 1780.584228515625, q_loss 1779.8013916015625, v_loss 0.7827968597412109 ,lr 0.001
INFO:root:epoch 2, Episode 456, total_loss: 2155.624755859375, q_loss 2154.645263671875, v_loss 0.9794139862060547 ,lr 0.001
INFO:root:epoch 2, Episode 457, total_loss: 2422.932373046875, q_loss 2421.750244140625, v_loss 1.1822433471679688 ,lr 0.001
INFO:root:epoch 2, Episode 458, total_loss: 1542.5150146484375, q_loss 1540.9375, v_loss 1.5774574279785156 ,lr 0.001
INFO:root:epoch 2, Episode 459, total_loss: 1847.6712646484375, q_loss 1845.81396484375, v_loss 1.8572826385498047 ,lr 0.001
INFO:root:epoch 2, Episode 460, total_loss: 1310.9283447265625, q_loss 1308.839111328125, v_loss 2.089204788208008 ,lr 0.001
INFO:root:epoch 2, Episode 461, total_loss: 1873.5380859375, q_loss 1871.754150390625, v_loss 1.7839317321777344 ,lr 0.001
INFO:root:epoch 2, Episode 462, total_loss: 2072.025146484375, q_loss 2070.407470703125, v_loss 1.6175956726074219 ,lr 0.001
INFO:root:epoch 2, Episode 463, total_loss: 1235.921630859375, q_loss 1234.5721435546875, v_loss 1.3494300842285156 ,lr 0.001
INFO:root:epoch 2, Episode 464, total_loss: 1563.7784423828125, q_loss 1562.4483642578125, v_loss 1.3300495147705078 ,lr 0.001
INFO:root:epoch 2, Episode 465, total_loss: 2278.996337890625, q_loss 2277.886962890625, v_loss 1.1093807220458984 ,lr 0.001
INFO:root:epoch 2, Episode 466, total_loss: 2623.879638671875, q_loss 2622.576904296875, v_loss 1.302825927734375 ,lr 0.001
INFO:root:epoch 2, Episode 467, total_loss: 2064.67431640625, q_loss 2063.69970703125, v_loss 0.9745578765869141 ,lr 0.001
INFO:root:epoch 2, Episode 468, total_loss: 2305.16357421875, q_loss 2303.889892578125, v_loss 1.273660659790039 ,lr 0.001
INFO:root:epoch 2, Episode 469, total_loss: 1240.5860595703125, q_loss 1239.7314453125, v_loss 0.8546600341796875 ,lr 0.001
INFO:root:epoch 2, Episode 470, total_loss: 1513.784912109375, q_loss 1512.8612060546875, v_loss 0.9236488342285156 ,lr 0.001
INFO:root:epoch 2, Episode 471, total_loss: 1903.8660888671875, q_loss 1903.0203857421875, v_loss 0.8457107543945312 ,lr 0.001
INFO:root:epoch 2, Episode 472, total_loss: 3499.128173828125, q_loss 3497.864990234375, v_loss 1.2631645202636719 ,lr 0.001
INFO:root:epoch 2, Episode 473, total_loss: 1887.062255859375, q_loss 1886.0626220703125, v_loss 0.9996166229248047 ,lr 0.001
INFO:root:epoch 2, Episode 474, total_loss: 3095.56884765625, q_loss 3094.532470703125, v_loss 1.0364933013916016 ,lr 0.001
INFO:root:epoch 2, Episode 475, total_loss: 1459.599853515625, q_loss 1458.43310546875, v_loss 1.1667804718017578 ,lr 0.001
INFO:root:epoch 2, Episode 476, total_loss: 2615.22705078125, q_loss 2613.9189453125, v_loss 1.3080215454101562 ,lr 0.001
INFO:root:epoch 2, Episode 477, total_loss: 2237.244873046875, q_loss 2236.112060546875, v_loss 1.1326961517333984 ,lr 0.001
INFO:root:epoch 2, Episode 478, total_loss: 2901.827880859375, q_loss 2900.62890625, v_loss 1.1990737915039062 ,lr 0.001
INFO:root:epoch 2, Episode 479, total_loss: 2147.3271484375, q_loss 2146.376708984375, v_loss 0.950347900390625 ,lr 0.001
INFO:root:epoch 2, Episode 480, total_loss: 1688.0257568359375, q_loss 1687.0284423828125, v_loss 0.9973239898681641 ,lr 0.001
INFO:root:epoch 2, Episode 481, total_loss: 2782.709716796875, q_loss 2781.826904296875, v_loss 0.8828029632568359 ,lr 0.001
INFO:root:epoch 2, Episode 482, total_loss: 2010.5809326171875, q_loss 2009.84423828125, v_loss 0.736663818359375 ,lr 0.001
INFO:root:epoch 2, Episode 483, total_loss: 1980.994384765625, q_loss 1980.0120849609375, v_loss 0.9823169708251953 ,lr 0.001
INFO:root:epoch 2, Episode 484, total_loss: 4510.11962890625, q_loss 4509.099609375, v_loss 1.0199432373046875 ,lr 0.001
INFO:root:epoch 2, Episode 485, total_loss: 1748.5150146484375, q_loss 1747.5338134765625, v_loss 0.9811496734619141 ,lr 0.001
INFO:root:epoch 2, Episode 486, total_loss: 1858.7984619140625, q_loss 1857.7823486328125, v_loss 1.0161323547363281 ,lr 0.001
INFO:root:epoch 2, Episode 487, total_loss: 1880.6578369140625, q_loss 1879.5247802734375, v_loss 1.133047103881836 ,lr 0.001
INFO:root:epoch 2, Episode 488, total_loss: 1204.7681884765625, q_loss 1204.0008544921875, v_loss 0.7673091888427734 ,lr 0.001
INFO:root:epoch 2, Episode 489, total_loss: 1441.0723876953125, q_loss 1440.1243896484375, v_loss 0.9479846954345703 ,lr 0.001
INFO:root:epoch 2, Episode 490, total_loss: 1977.576904296875, q_loss 1976.5689697265625, v_loss 1.0079078674316406 ,lr 0.001
INFO:root:epoch 2, Episode 491, total_loss: 1669.2083740234375, q_loss 1668.092529296875, v_loss 1.1158428192138672 ,lr 0.001
INFO:root:epoch 2, Episode 492, total_loss: 3123.6630859375, q_loss 3122.230224609375, v_loss 1.432891845703125 ,lr 0.001
INFO:root:epoch 2, Episode 493, total_loss: 1755.625244140625, q_loss 1754.67919921875, v_loss 0.9460964202880859 ,lr 0.001
INFO:root:epoch 2, Episode 494, total_loss: 1060.9989013671875, q_loss 1060.4249267578125, v_loss 0.5740261077880859 ,lr 0.001
INFO:root:epoch 2, Episode 495, total_loss: 1712.794677734375, q_loss 1711.9912109375, v_loss 0.803497314453125 ,lr 0.001
INFO:root:epoch 2, Episode 496, total_loss: 3831.923095703125, q_loss 3830.90234375, v_loss 1.0206565856933594 ,lr 0.001
INFO:root:epoch 2, Episode 497, total_loss: 2233.44287109375, q_loss 2232.408203125, v_loss 1.0347232818603516 ,lr 0.001
INFO:root:epoch 2, Episode 498, total_loss: 1672.4234619140625, q_loss 1671.6072998046875, v_loss 0.8162117004394531 ,lr 0.001
INFO:root:epoch 2, Episode 499, total_loss: 1742.018310546875, q_loss 1740.9659423828125, v_loss 1.0523090362548828 ,lr 0.001
INFO:root:epoch 3, Episode 0, total_loss: 2595.597900390625, q_loss 2594.67529296875, v_loss 0.9226970672607422 ,lr 0.001
INFO:root:epoch 3, Episode 1, total_loss: 1147.412353515625, q_loss 1146.4937744140625, v_loss 0.9185581207275391 ,lr 0.001
INFO:root:epoch 3, Episode 2, total_loss: 780.1442260742188, q_loss 779.2438354492188, v_loss 0.9004039764404297 ,lr 0.001
INFO:root:epoch 3, Episode 3, total_loss: 2528.135498046875, q_loss 2527.245849609375, v_loss 0.8896293640136719 ,lr 0.001
INFO:root:epoch 3, Episode 4, total_loss: 2073.811767578125, q_loss 2072.88916015625, v_loss 0.9225234985351562 ,lr 0.001
INFO:root:epoch 3, Episode 5, total_loss: 2509.69873046875, q_loss 2508.525146484375, v_loss 1.1734638214111328 ,lr 0.001
INFO:root:epoch 3, Episode 6, total_loss: 4292.0810546875, q_loss 4290.74365234375, v_loss 1.3374862670898438 ,lr 0.001
INFO:root:epoch 3, Episode 7, total_loss: 4742.33203125, q_loss 4740.986328125, v_loss 1.3457984924316406 ,lr 0.001
INFO:root:epoch 3, Episode 8, total_loss: 2139.625732421875, q_loss 2138.72412109375, v_loss 0.9015254974365234 ,lr 0.001
INFO:root:epoch 3, Episode 9, total_loss: 3335.946533203125, q_loss 3334.73828125, v_loss 1.208221435546875 ,lr 0.001
INFO:root:epoch 3, Episode 10, total_loss: 2489.726806640625, q_loss 2489.350830078125, v_loss 0.37602996826171875 ,lr 0.001
INFO:root:epoch 3, Episode 11, total_loss: 1901.3204345703125, q_loss 1900.2991943359375, v_loss 1.021240234375 ,lr 0.001
INFO:root:epoch 3, Episode 12, total_loss: 1606.664794921875, q_loss 1605.6689453125, v_loss 0.9958953857421875 ,lr 0.001
INFO:root:epoch 3, Episode 13, total_loss: 2015.9677734375, q_loss 2014.828125, v_loss 1.1395988464355469 ,lr 0.001
INFO:root:epoch 3, Episode 14, total_loss: 1652.326904296875, q_loss 1651.11279296875, v_loss 1.2140827178955078 ,lr 0.001
INFO:root:epoch 3, Episode 15, total_loss: 1682.0048828125, q_loss 1680.8397216796875, v_loss 1.1651039123535156 ,lr 0.001
INFO:root:epoch 3, Episode 16, total_loss: 2632.918212890625, q_loss 2631.173583984375, v_loss 1.7447166442871094 ,lr 0.001
INFO:root:epoch 3, Episode 17, total_loss: 2219.18310546875, q_loss 2218.024169921875, v_loss 1.158884048461914 ,lr 0.001
INFO:root:epoch 3, Episode 18, total_loss: 2834.126220703125, q_loss 2833.029296875, v_loss 1.0968818664550781 ,lr 0.001
INFO:root:epoch 3, Episode 19, total_loss: 1566.74658203125, q_loss 1565.894287109375, v_loss 0.8523216247558594 ,lr 0.001
INFO:root:epoch 3, Episode 20, total_loss: 1548.3795166015625, q_loss 1547.464111328125, v_loss 0.9153556823730469 ,lr 0.001
INFO:root:epoch 3, Episode 21, total_loss: 1976.614990234375, q_loss 1975.53466796875, v_loss 1.0803070068359375 ,lr 0.001
INFO:root:epoch 3, Episode 22, total_loss: 1620.6346435546875, q_loss 1619.618896484375, v_loss 1.015768051147461 ,lr 0.001
INFO:root:epoch 3, Episode 23, total_loss: 2068.57568359375, q_loss 2067.63330078125, v_loss 0.9424514770507812 ,lr 0.001
INFO:root:epoch 3, Episode 24, total_loss: 1470.7066650390625, q_loss 1469.7001953125, v_loss 1.0064144134521484 ,lr 0.001
INFO:root:epoch 3, Episode 25, total_loss: 1735.2529296875, q_loss 1734.2806396484375, v_loss 0.9722766876220703 ,lr 0.001
INFO:root:epoch 3, Episode 26, total_loss: 1642.28173828125, q_loss 1641.3419189453125, v_loss 0.9397602081298828 ,lr 0.001
INFO:root:epoch 3, Episode 27, total_loss: 2702.587890625, q_loss 2701.524169921875, v_loss 1.063720703125 ,lr 0.001
INFO:root:epoch 3, Episode 28, total_loss: 1506.384765625, q_loss 1505.357177734375, v_loss 1.0276260375976562 ,lr 0.001
INFO:root:epoch 3, Episode 29, total_loss: 3107.2841796875, q_loss 3106.149658203125, v_loss 1.1345977783203125 ,lr 0.001
INFO:root:epoch 3, Episode 30, total_loss: 1603.049072265625, q_loss 1602.0526123046875, v_loss 0.9964599609375 ,lr 0.001
INFO:root:epoch 3, Episode 31, total_loss: 3137.292724609375, q_loss 3136.646484375, v_loss 0.6462173461914062 ,lr 0.001
INFO:root:epoch 3, Episode 32, total_loss: 1788.95849609375, q_loss 1787.7010498046875, v_loss 1.257394790649414 ,lr 0.001
INFO:root:epoch 3, Episode 33, total_loss: 3107.230224609375, q_loss 3106.37841796875, v_loss 0.8517837524414062 ,lr 0.001
INFO:root:epoch 3, Episode 34, total_loss: 2234.9169921875, q_loss 2233.559814453125, v_loss 1.3572731018066406 ,lr 0.001
INFO:root:epoch 3, Episode 35, total_loss: 4265.70263671875, q_loss 4264.8447265625, v_loss 0.8577156066894531 ,lr 0.001
INFO:root:epoch 3, Episode 36, total_loss: 1524.75244140625, q_loss 1523.325439453125, v_loss 1.4270439147949219 ,lr 0.001
INFO:root:epoch 3, Episode 37, total_loss: 1241.490234375, q_loss 1239.75048828125, v_loss 1.7397422790527344 ,lr 0.001
INFO:root:epoch 3, Episode 38, total_loss: 2217.43115234375, q_loss 2215.90185546875, v_loss 1.5293807983398438 ,lr 0.001
INFO:root:epoch 3, Episode 39, total_loss: 1471.5570068359375, q_loss 1470.580322265625, v_loss 0.9766883850097656 ,lr 0.001
INFO:root:epoch 3, Episode 40, total_loss: 1908.186279296875, q_loss 1907.3206787109375, v_loss 0.865631103515625 ,lr 0.001
INFO:root:epoch 3, Episode 41, total_loss: 1375.48388671875, q_loss 1374.794189453125, v_loss 0.6897087097167969 ,lr 0.001
INFO:root:epoch 3, Episode 42, total_loss: 1492.1419677734375, q_loss 1491.314697265625, v_loss 0.827239990234375 ,lr 0.001
INFO:root:epoch 3, Episode 43, total_loss: 1090.225830078125, q_loss 1089.42431640625, v_loss 0.801483154296875 ,lr 0.001
INFO:root:epoch 3, Episode 44, total_loss: 2954.05615234375, q_loss 2953.015380859375, v_loss 1.0406951904296875 ,lr 0.001
INFO:root:epoch 3, Episode 45, total_loss: 3694.533447265625, q_loss 3691.857666015625, v_loss 2.675851821899414 ,lr 0.001
INFO:root:epoch 3, Episode 46, total_loss: 1391.3341064453125, q_loss 1389.9598388671875, v_loss 1.3742256164550781 ,lr 0.001
INFO:root:epoch 3, Episode 47, total_loss: 1103.4864501953125, q_loss 1102.3316650390625, v_loss 1.1548309326171875 ,lr 0.001
INFO:root:epoch 3, Episode 48, total_loss: 2056.962646484375, q_loss 2055.43115234375, v_loss 1.5315055847167969 ,lr 0.001
INFO:root:epoch 3, Episode 49, total_loss: 924.77880859375, q_loss 923.9115600585938, v_loss 0.8672752380371094 ,lr 0.001
INFO:root:epoch 3, Episode 50, total_loss: 1835.8817138671875, q_loss 1834.7213134765625, v_loss 1.1603546142578125 ,lr 0.001
INFO:root:epoch 3, Episode 51, total_loss: 1878.813232421875, q_loss 1877.6309814453125, v_loss 1.1822929382324219 ,lr 0.001
INFO:root:epoch 3, Episode 52, total_loss: 1598.90576171875, q_loss 1597.8756103515625, v_loss 1.0301742553710938 ,lr 0.001
INFO:root:epoch 3, Episode 53, total_loss: 2493.85107421875, q_loss 2492.26318359375, v_loss 1.5879096984863281 ,lr 0.001
INFO:root:epoch 3, Episode 54, total_loss: 863.6652221679688, q_loss 863.296142578125, v_loss 0.36910247802734375 ,lr 0.001
INFO:root:epoch 3, Episode 55, total_loss: 1854.45947265625, q_loss 1853.37060546875, v_loss 1.08892822265625 ,lr 0.001
INFO:root:epoch 3, Episode 56, total_loss: 3226.17333984375, q_loss 3224.861083984375, v_loss 1.31231689453125 ,lr 0.001
INFO:root:epoch 3, Episode 57, total_loss: 2069.094970703125, q_loss 2067.84716796875, v_loss 1.2477455139160156 ,lr 0.001
INFO:root:epoch 3, Episode 58, total_loss: 1285.394775390625, q_loss 1284.523681640625, v_loss 0.8711051940917969 ,lr 0.001
INFO:root:epoch 3, Episode 59, total_loss: 1521.728271484375, q_loss 1520.806640625, v_loss 0.9216384887695312 ,lr 0.001
INFO:root:epoch 3, Episode 60, total_loss: 1738.99560546875, q_loss 1737.859619140625, v_loss 1.135986328125 ,lr 0.001
INFO:root:epoch 3, Episode 61, total_loss: 1211.31201171875, q_loss 1210.6339111328125, v_loss 0.678070068359375 ,lr 0.001
INFO:root:epoch 3, Episode 62, total_loss: 2586.001220703125, q_loss 2584.669189453125, v_loss 1.3321304321289062 ,lr 0.001
INFO:root:epoch 3, Episode 63, total_loss: 1279.41845703125, q_loss 1278.653564453125, v_loss 0.7649383544921875 ,lr 0.001
INFO:root:epoch 3, Episode 64, total_loss: 1116.294189453125, q_loss 1115.6319580078125, v_loss 0.6621971130371094 ,lr 0.001
INFO:root:epoch 3, Episode 65, total_loss: 1529.96533203125, q_loss 1529.0147705078125, v_loss 0.9505119323730469 ,lr 0.001
INFO:root:epoch 3, Episode 66, total_loss: 1892.848876953125, q_loss 1891.5673828125, v_loss 1.2815475463867188 ,lr 0.001
INFO:root:epoch 3, Episode 67, total_loss: 3238.94091796875, q_loss 3237.782958984375, v_loss 1.1580085754394531 ,lr 0.001
INFO:root:epoch 3, Episode 68, total_loss: 3090.7763671875, q_loss 3089.5546875, v_loss 1.2215652465820312 ,lr 0.001
INFO:root:epoch 3, Episode 69, total_loss: 1318.793701171875, q_loss 1317.917236328125, v_loss 0.8764686584472656 ,lr 0.001
INFO:root:epoch 3, Episode 70, total_loss: 1255.2799072265625, q_loss 1254.3355712890625, v_loss 0.9443359375 ,lr 0.001
INFO:root:epoch 3, Episode 71, total_loss: 3177.738525390625, q_loss 3176.84228515625, v_loss 0.8961334228515625 ,lr 0.001
INFO:root:epoch 3, Episode 72, total_loss: 2295.136474609375, q_loss 2294.456298828125, v_loss 0.6802940368652344 ,lr 0.001
INFO:root:epoch 3, Episode 73, total_loss: 2366.48974609375, q_loss 2365.28857421875, v_loss 1.2011833190917969 ,lr 0.001
INFO:root:epoch 3, Episode 74, total_loss: 962.89306640625, q_loss 962.01220703125, v_loss 0.8808326721191406 ,lr 0.001
INFO:root:epoch 3, Episode 75, total_loss: 2308.657470703125, q_loss 2307.796875, v_loss 0.8605880737304688 ,lr 0.001
INFO:root:epoch 3, Episode 76, total_loss: 2086.231689453125, q_loss 2084.71728515625, v_loss 1.5143356323242188 ,lr 0.001
INFO:root:epoch 3, Episode 77, total_loss: 3103.735595703125, q_loss 3101.8525390625, v_loss 1.8829498291015625 ,lr 0.001
INFO:root:epoch 3, Episode 78, total_loss: 2080.74365234375, q_loss 2079.995361328125, v_loss 0.7482833862304688 ,lr 0.001
INFO:root:epoch 3, Episode 79, total_loss: 1470.0240478515625, q_loss 1469.2442626953125, v_loss 0.7797279357910156 ,lr 0.001
INFO:root:epoch 3, Episode 80, total_loss: 2450.930908203125, q_loss 2449.55712890625, v_loss 1.3738632202148438 ,lr 0.001
INFO:root:epoch 3, Episode 81, total_loss: 1299.3360595703125, q_loss 1297.87158203125, v_loss 1.4644279479980469 ,lr 0.001
INFO:root:epoch 3, Episode 82, total_loss: 3621.17431640625, q_loss 3620.12353515625, v_loss 1.050811767578125 ,lr 0.001
INFO:root:epoch 3, Episode 83, total_loss: 809.390625, q_loss 808.450927734375, v_loss 0.9396820068359375 ,lr 0.001
INFO:root:epoch 3, Episode 84, total_loss: 1368.9676513671875, q_loss 1368.0889892578125, v_loss 0.8786277770996094 ,lr 0.001
INFO:root:epoch 3, Episode 85, total_loss: 2047.850341796875, q_loss 2046.613037109375, v_loss 1.2372970581054688 ,lr 0.001
INFO:root:epoch 3, Episode 86, total_loss: 3118.733642578125, q_loss 3116.478759765625, v_loss 2.2548751831054688 ,lr 0.001
INFO:root:epoch 3, Episode 87, total_loss: 1239.2398681640625, q_loss 1238.5107421875, v_loss 0.7291717529296875 ,lr 0.001
INFO:root:epoch 3, Episode 88, total_loss: 913.159912109375, q_loss 912.41650390625, v_loss 0.7433891296386719 ,lr 0.001
INFO:root:epoch 3, Episode 89, total_loss: 2754.771484375, q_loss 2753.1533203125, v_loss 1.6182441711425781 ,lr 0.001
INFO:root:epoch 3, Episode 90, total_loss: 1493.4549560546875, q_loss 1490.2127685546875, v_loss 3.242137908935547 ,lr 0.001
INFO:root:epoch 3, Episode 91, total_loss: 3466.95703125, q_loss 3464.060302734375, v_loss 2.8968162536621094 ,lr 0.001
INFO:root:epoch 3, Episode 92, total_loss: 1958.234130859375, q_loss 1955.2786865234375, v_loss 2.95538330078125 ,lr 0.001
INFO:root:epoch 3, Episode 93, total_loss: 1960.971435546875, q_loss 1958.0728759765625, v_loss 2.8985023498535156 ,lr 0.001
INFO:root:epoch 3, Episode 94, total_loss: 1552.240478515625, q_loss 1550.084228515625, v_loss 2.1562271118164062 ,lr 0.001
INFO:root:epoch 3, Episode 95, total_loss: 2043.404541015625, q_loss 2042.368408203125, v_loss 1.0361480712890625 ,lr 0.001
INFO:root:epoch 3, Episode 96, total_loss: 1732.616455078125, q_loss 1731.455078125, v_loss 1.1613960266113281 ,lr 0.001
INFO:root:epoch 3, Episode 97, total_loss: 2637.015625, q_loss 2636.047607421875, v_loss 0.9679832458496094 ,lr 0.001
INFO:root:epoch 3, Episode 98, total_loss: 1583.18798828125, q_loss 1581.8016357421875, v_loss 1.3862953186035156 ,lr 0.001
INFO:root:epoch 3, Episode 99, total_loss: 1647.317138671875, q_loss 1645.599853515625, v_loss 1.717254638671875 ,lr 0.001
INFO:root:epoch 3, Episode 100, total_loss: 2966.9228515625, q_loss 2965.63623046875, v_loss 1.2866020202636719 ,lr 0.001
INFO:root:epoch 3, Episode 101, total_loss: 1379.7535400390625, q_loss 1378.5894775390625, v_loss 1.1641006469726562 ,lr 0.001
INFO:root:epoch 3, Episode 102, total_loss: 1641.1468505859375, q_loss 1639.7940673828125, v_loss 1.3527793884277344 ,lr 0.001
INFO:root:epoch 3, Episode 103, total_loss: 3133.840087890625, q_loss 3132.142822265625, v_loss 1.697174072265625 ,lr 0.001
INFO:root:epoch 3, Episode 104, total_loss: 1220.7908935546875, q_loss 1219.5216064453125, v_loss 1.2693023681640625 ,lr 0.001
INFO:root:epoch 3, Episode 105, total_loss: 1900.595947265625, q_loss 1899.0450439453125, v_loss 1.5509414672851562 ,lr 0.001
INFO:root:epoch 3, Episode 106, total_loss: 2317.46484375, q_loss 2315.75830078125, v_loss 1.7064323425292969 ,lr 0.001
INFO:root:epoch 3, Episode 107, total_loss: 958.5416870117188, q_loss 957.9368286132812, v_loss 0.6048583984375 ,lr 0.001
INFO:root:epoch 3, Episode 108, total_loss: 2195.11376953125, q_loss 2194.014404296875, v_loss 1.0993576049804688 ,lr 0.001
INFO:root:epoch 3, Episode 109, total_loss: 1776.43798828125, q_loss 1775.0535888671875, v_loss 1.3843765258789062 ,lr 0.001
INFO:root:epoch 3, Episode 110, total_loss: 1994.6904296875, q_loss 1993.0406494140625, v_loss 1.6498336791992188 ,lr 0.001
INFO:root:epoch 3, Episode 111, total_loss: 1147.3360595703125, q_loss 1145.6976318359375, v_loss 1.6384811401367188 ,lr 0.001
INFO:root:epoch 3, Episode 112, total_loss: 1348.2451171875, q_loss 1347.1929931640625, v_loss 1.0521316528320312 ,lr 0.001
INFO:root:epoch 3, Episode 113, total_loss: 1221.3968505859375, q_loss 1220.6636962890625, v_loss 0.7331809997558594 ,lr 0.001
INFO:root:epoch 3, Episode 114, total_loss: 2141.02978515625, q_loss 2139.80419921875, v_loss 1.2256202697753906 ,lr 0.001
INFO:root:epoch 3, Episode 115, total_loss: 1923.1356201171875, q_loss 1921.707763671875, v_loss 1.4278640747070312 ,lr 0.001
INFO:root:epoch 3, Episode 116, total_loss: 3512.8447265625, q_loss 3511.100341796875, v_loss 1.7442779541015625 ,lr 0.001
INFO:root:epoch 3, Episode 117, total_loss: 1323.267333984375, q_loss 1322.080078125, v_loss 1.1872138977050781 ,lr 0.001
INFO:root:epoch 3, Episode 118, total_loss: 1916.66796875, q_loss 1915.3087158203125, v_loss 1.3592033386230469 ,lr 0.001
INFO:root:epoch 3, Episode 119, total_loss: 1426.2762451171875, q_loss 1424.8843994140625, v_loss 1.3918075561523438 ,lr 0.001
INFO:root:epoch 3, Episode 120, total_loss: 1687.831298828125, q_loss 1686.1102294921875, v_loss 1.7211189270019531 ,lr 0.001
INFO:root:epoch 3, Episode 121, total_loss: 2484.60546875, q_loss 2483.599609375, v_loss 1.0057601928710938 ,lr 0.001
INFO:root:epoch 3, Episode 122, total_loss: 2366.5078125, q_loss 2365.15087890625, v_loss 1.3568840026855469 ,lr 0.001
INFO:root:epoch 3, Episode 123, total_loss: 2525.626953125, q_loss 2524.587158203125, v_loss 1.03973388671875 ,lr 0.001
INFO:root:epoch 3, Episode 124, total_loss: 1553.3365478515625, q_loss 1552.3798828125, v_loss 0.9566993713378906 ,lr 0.001
INFO:root:epoch 3, Episode 125, total_loss: 1841.127685546875, q_loss 1840.214111328125, v_loss 0.9135665893554688 ,lr 0.001
INFO:root:epoch 3, Episode 126, total_loss: 1191.29052734375, q_loss 1189.974365234375, v_loss 1.3161277770996094 ,lr 0.001
INFO:root:epoch 3, Episode 127, total_loss: 1734.2718505859375, q_loss 1732.771484375, v_loss 1.5003318786621094 ,lr 0.001
INFO:root:epoch 3, Episode 128, total_loss: 1924.7880859375, q_loss 1923.04150390625, v_loss 1.7465248107910156 ,lr 0.001
INFO:root:epoch 3, Episode 129, total_loss: 2200.31396484375, q_loss 2198.710205078125, v_loss 1.6037788391113281 ,lr 0.001
INFO:root:epoch 3, Episode 130, total_loss: 3485.74951171875, q_loss 3484.75048828125, v_loss 0.9989776611328125 ,lr 0.001
INFO:root:epoch 3, Episode 131, total_loss: 1387.16796875, q_loss 1386.0906982421875, v_loss 1.0772171020507812 ,lr 0.001
INFO:root:epoch 3, Episode 132, total_loss: 1738.13232421875, q_loss 1737.22314453125, v_loss 0.9091758728027344 ,lr 0.001
INFO:root:epoch 3, Episode 133, total_loss: 2487.706787109375, q_loss 2486.90283203125, v_loss 0.8040580749511719 ,lr 0.001
INFO:root:epoch 3, Episode 134, total_loss: 3244.160400390625, q_loss 3242.365234375, v_loss 1.795166015625 ,lr 0.001
INFO:root:epoch 3, Episode 135, total_loss: 989.0968017578125, q_loss 988.1212158203125, v_loss 0.9756011962890625 ,lr 0.001
INFO:root:epoch 3, Episode 136, total_loss: 1415.137939453125, q_loss 1414.0709228515625, v_loss 1.0670242309570312 ,lr 0.001
INFO:root:epoch 3, Episode 137, total_loss: 2334.9521484375, q_loss 2333.590087890625, v_loss 1.3620529174804688 ,lr 0.001
INFO:root:epoch 3, Episode 138, total_loss: 2006.76953125, q_loss 2004.843994140625, v_loss 1.925537109375 ,lr 0.001
INFO:root:epoch 3, Episode 139, total_loss: 1836.1259765625, q_loss 1834.9718017578125, v_loss 1.1542015075683594 ,lr 0.001
INFO:root:epoch 3, Episode 140, total_loss: 1825.2166748046875, q_loss 1824.03076171875, v_loss 1.1858596801757812 ,lr 0.001
INFO:root:epoch 3, Episode 141, total_loss: 2577.098388671875, q_loss 2575.338623046875, v_loss 1.7597312927246094 ,lr 0.001
INFO:root:epoch 3, Episode 142, total_loss: 1748.2979736328125, q_loss 1747.3214111328125, v_loss 0.9766044616699219 ,lr 0.001
INFO:root:epoch 3, Episode 143, total_loss: 3726.901123046875, q_loss 3723.82373046875, v_loss 3.0772933959960938 ,lr 0.001
INFO:root:epoch 3, Episode 144, total_loss: 1409.142333984375, q_loss 1408.0994873046875, v_loss 1.0428352355957031 ,lr 0.001
INFO:root:epoch 3, Episode 145, total_loss: 1546.139892578125, q_loss 1544.979736328125, v_loss 1.1602020263671875 ,lr 0.001
INFO:root:epoch 3, Episode 146, total_loss: 1802.528564453125, q_loss 1800.892578125, v_loss 1.6359748840332031 ,lr 0.001
INFO:root:epoch 3, Episode 147, total_loss: 1265.2691650390625, q_loss 1263.8690185546875, v_loss 1.4000930786132812 ,lr 0.001
INFO:root:epoch 3, Episode 148, total_loss: 1336.5023193359375, q_loss 1335.3795166015625, v_loss 1.1228446960449219 ,lr 0.001
INFO:root:epoch 3, Episode 149, total_loss: 1540.7265625, q_loss 1539.917236328125, v_loss 0.8093452453613281 ,lr 0.001
INFO:root:epoch 3, Episode 150, total_loss: 2041.7076416015625, q_loss 2040.723388671875, v_loss 0.9842987060546875 ,lr 0.001
INFO:root:epoch 3, Episode 151, total_loss: 1693.0054931640625, q_loss 1692.01708984375, v_loss 0.9883499145507812 ,lr 0.001
INFO:root:epoch 3, Episode 152, total_loss: 2203.184326171875, q_loss 2201.904296875, v_loss 1.279937744140625 ,lr 0.001
INFO:root:epoch 3, Episode 153, total_loss: 3585.977783203125, q_loss 3584.956787109375, v_loss 1.0211143493652344 ,lr 0.001
INFO:root:epoch 3, Episode 154, total_loss: 963.5117797851562, q_loss 962.1240844726562, v_loss 1.3876838684082031 ,lr 0.001
INFO:root:epoch 3, Episode 155, total_loss: 1452.35546875, q_loss 1450.349609375, v_loss 2.0058326721191406 ,lr 0.001
INFO:root:epoch 3, Episode 156, total_loss: 2119.880859375, q_loss 2117.96533203125, v_loss 1.9155426025390625 ,lr 0.001
INFO:root:epoch 3, Episode 157, total_loss: 1733.6163330078125, q_loss 1731.94677734375, v_loss 1.6695518493652344 ,lr 0.001
INFO:root:epoch 3, Episode 158, total_loss: 3258.17822265625, q_loss 3256.120849609375, v_loss 2.0574798583984375 ,lr 0.001
INFO:root:epoch 3, Episode 159, total_loss: 1788.7396240234375, q_loss 1787.799072265625, v_loss 0.9405517578125 ,lr 0.001
INFO:root:epoch 3, Episode 160, total_loss: 1940.2449951171875, q_loss 1939.164794921875, v_loss 1.0801811218261719 ,lr 0.001
INFO:root:epoch 3, Episode 161, total_loss: 2534.693359375, q_loss 2533.333740234375, v_loss 1.3595657348632812 ,lr 0.001
INFO:root:epoch 3, Episode 162, total_loss: 1875.87060546875, q_loss 1874.88623046875, v_loss 0.9843978881835938 ,lr 0.001
INFO:root:epoch 3, Episode 163, total_loss: 1484.1754150390625, q_loss 1483.316162109375, v_loss 0.8592453002929688 ,lr 0.001
INFO:root:epoch 3, Episode 164, total_loss: 1743.9598388671875, q_loss 1743.09521484375, v_loss 0.8646125793457031 ,lr 0.001
INFO:root:epoch 3, Episode 165, total_loss: 3315.960205078125, q_loss 3314.482421875, v_loss 1.4778556823730469 ,lr 0.001
INFO:root:epoch 3, Episode 166, total_loss: 2075.61865234375, q_loss 2074.274169921875, v_loss 1.3443870544433594 ,lr 0.001
INFO:root:epoch 3, Episode 167, total_loss: 3157.60498046875, q_loss 3156.488525390625, v_loss 1.1165199279785156 ,lr 0.001
INFO:root:epoch 3, Episode 168, total_loss: 1551.999267578125, q_loss 1550.906005859375, v_loss 1.0932235717773438 ,lr 0.001
INFO:root:epoch 3, Episode 169, total_loss: 1765.086669921875, q_loss 1763.82958984375, v_loss 1.25701904296875 ,lr 0.001
INFO:root:epoch 3, Episode 170, total_loss: 693.3197631835938, q_loss 692.9089965820312, v_loss 0.4107780456542969 ,lr 0.001
INFO:root:epoch 3, Episode 171, total_loss: 1644.1064453125, q_loss 1642.463134765625, v_loss 1.6432762145996094 ,lr 0.001
INFO:root:epoch 3, Episode 172, total_loss: 4267.73388671875, q_loss 4264.9375, v_loss 2.7962608337402344 ,lr 0.001
INFO:root:epoch 3, Episode 173, total_loss: 1601.2064208984375, q_loss 1600.169677734375, v_loss 1.0367660522460938 ,lr 0.001
INFO:root:epoch 3, Episode 174, total_loss: 1358.5836181640625, q_loss 1357.89990234375, v_loss 0.6836624145507812 ,lr 0.001
INFO:root:epoch 3, Episode 175, total_loss: 3466.68115234375, q_loss 3465.117919921875, v_loss 1.5631561279296875 ,lr 0.001
INFO:root:epoch 3, Episode 176, total_loss: 2099.89501953125, q_loss 2098.29150390625, v_loss 1.6034278869628906 ,lr 0.001
INFO:root:epoch 3, Episode 177, total_loss: 2267.06787109375, q_loss 2264.93359375, v_loss 2.1342391967773438 ,lr 0.001
INFO:root:epoch 3, Episode 178, total_loss: 1313.79248046875, q_loss 1311.4547119140625, v_loss 2.3377418518066406 ,lr 0.001
INFO:root:epoch 3, Episode 179, total_loss: 1970.486328125, q_loss 1968.7945556640625, v_loss 1.69171142578125 ,lr 0.001
INFO:root:epoch 3, Episode 180, total_loss: 1304.727294921875, q_loss 1303.2503662109375, v_loss 1.4769058227539062 ,lr 0.001
INFO:root:epoch 3, Episode 181, total_loss: 1541.2039794921875, q_loss 1540.363037109375, v_loss 0.8409576416015625 ,lr 0.001
INFO:root:epoch 3, Episode 182, total_loss: 1691.2850341796875, q_loss 1690.460205078125, v_loss 0.8247718811035156 ,lr 0.001
INFO:root:epoch 3, Episode 183, total_loss: 1898.2862548828125, q_loss 1897.358642578125, v_loss 0.9276504516601562 ,lr 0.001
INFO:root:epoch 3, Episode 184, total_loss: 2612.725830078125, q_loss 2612.22412109375, v_loss 0.5016746520996094 ,lr 0.001
INFO:root:epoch 3, Episode 185, total_loss: 2892.90185546875, q_loss 2891.495849609375, v_loss 1.4061088562011719 ,lr 0.001
INFO:root:epoch 3, Episode 186, total_loss: 1913.0198974609375, q_loss 1911.229736328125, v_loss 1.790191650390625 ,lr 0.001
INFO:root:epoch 3, Episode 187, total_loss: 1710.3717041015625, q_loss 1708.9976806640625, v_loss 1.3739662170410156 ,lr 0.001
INFO:root:epoch 3, Episode 188, total_loss: 2529.06103515625, q_loss 2526.35888671875, v_loss 2.702228546142578 ,lr 0.001
INFO:root:epoch 3, Episode 189, total_loss: 3566.681640625, q_loss 3565.93017578125, v_loss 0.7515640258789062 ,lr 0.001
INFO:root:epoch 3, Episode 190, total_loss: 1660.65576171875, q_loss 1658.58984375, v_loss 2.0658912658691406 ,lr 0.001
INFO:root:epoch 3, Episode 191, total_loss: 2855.108642578125, q_loss 2852.9521484375, v_loss 2.156513214111328 ,lr 0.001
INFO:root:epoch 3, Episode 192, total_loss: 1536.182373046875, q_loss 1534.1114501953125, v_loss 2.0709571838378906 ,lr 0.001
INFO:root:epoch 3, Episode 193, total_loss: 952.575927734375, q_loss 951.4517822265625, v_loss 1.1241416931152344 ,lr 0.001
INFO:root:epoch 3, Episode 194, total_loss: 1670.98193359375, q_loss 1669.892578125, v_loss 1.089385986328125 ,lr 0.001
INFO:root:epoch 3, Episode 195, total_loss: 1825.6513671875, q_loss 1824.5582275390625, v_loss 1.0931396484375 ,lr 0.001
INFO:root:epoch 3, Episode 196, total_loss: 2256.466064453125, q_loss 2254.48974609375, v_loss 1.9762382507324219 ,lr 0.001
INFO:root:epoch 3, Episode 197, total_loss: 1511.892578125, q_loss 1510.8985595703125, v_loss 0.9940605163574219 ,lr 0.001
INFO:root:epoch 3, Episode 198, total_loss: 4250.876953125, q_loss 4250.2197265625, v_loss 0.65704345703125 ,lr 0.001
INFO:root:epoch 3, Episode 199, total_loss: 1645.67724609375, q_loss 1644.5048828125, v_loss 1.1723365783691406 ,lr 0.001
INFO:root:epoch 3, Episode 200, total_loss: 1405.431640625, q_loss 1404.5469970703125, v_loss 0.8846054077148438 ,lr 0.001
INFO:root:epoch 3, Episode 201, total_loss: 2250.40234375, q_loss 2249.325927734375, v_loss 1.07635498046875 ,lr 0.001
INFO:root:epoch 3, Episode 202, total_loss: 1929.290283203125, q_loss 1927.906005859375, v_loss 1.3842582702636719 ,lr 0.001
INFO:root:epoch 3, Episode 203, total_loss: 1943.1373291015625, q_loss 1941.5762939453125, v_loss 1.5610198974609375 ,lr 0.001
INFO:root:epoch 3, Episode 204, total_loss: 1956.0281982421875, q_loss 1954.8045654296875, v_loss 1.2236785888671875 ,lr 0.001
INFO:root:epoch 3, Episode 205, total_loss: 1083.830810546875, q_loss 1083.2049560546875, v_loss 0.6258773803710938 ,lr 0.001
INFO:root:epoch 3, Episode 206, total_loss: 821.1771850585938, q_loss 820.2970581054688, v_loss 0.8801040649414062 ,lr 0.001
INFO:root:epoch 3, Episode 207, total_loss: 1520.7938232421875, q_loss 1519.427978515625, v_loss 1.365875244140625 ,lr 0.001
INFO:root:epoch 3, Episode 208, total_loss: 1250.926513671875, q_loss 1249.312744140625, v_loss 1.613739013671875 ,lr 0.001
INFO:root:epoch 3, Episode 209, total_loss: 1465.5279541015625, q_loss 1463.5966796875, v_loss 1.9312973022460938 ,lr 0.001
INFO:root:epoch 3, Episode 210, total_loss: 3381.40625, q_loss 3379.637939453125, v_loss 1.7683258056640625 ,lr 0.001
INFO:root:epoch 3, Episode 211, total_loss: 1100.4447021484375, q_loss 1099.6549072265625, v_loss 0.7897720336914062 ,lr 0.001
INFO:root:epoch 3, Episode 212, total_loss: 2214.069580078125, q_loss 2212.693603515625, v_loss 1.3760757446289062 ,lr 0.001
INFO:root:epoch 3, Episode 213, total_loss: 1489.028076171875, q_loss 1488.2239990234375, v_loss 0.8040618896484375 ,lr 0.001
INFO:root:epoch 3, Episode 214, total_loss: 2243.84423828125, q_loss 2242.650390625, v_loss 1.1938095092773438 ,lr 0.001
INFO:root:epoch 3, Episode 215, total_loss: 2427.2490234375, q_loss 2426.463623046875, v_loss 0.7855148315429688 ,lr 0.001
INFO:root:epoch 3, Episode 216, total_loss: 1529.064208984375, q_loss 1527.966552734375, v_loss 1.0976791381835938 ,lr 0.001
INFO:root:epoch 3, Episode 217, total_loss: 1559.222900390625, q_loss 1557.4749755859375, v_loss 1.7479248046875 ,lr 0.001
INFO:root:epoch 3, Episode 218, total_loss: 2207.01513671875, q_loss 2205.297607421875, v_loss 1.71746826171875 ,lr 0.001
INFO:root:epoch 3, Episode 219, total_loss: 2530.939208984375, q_loss 2529.7001953125, v_loss 1.2389068603515625 ,lr 0.001
INFO:root:epoch 3, Episode 220, total_loss: 1512.806396484375, q_loss 1511.6180419921875, v_loss 1.1884002685546875 ,lr 0.001
INFO:root:epoch 3, Episode 221, total_loss: 1871.7685546875, q_loss 1870.8809814453125, v_loss 0.8875885009765625 ,lr 0.001
INFO:root:epoch 3, Episode 222, total_loss: 1371.4910888671875, q_loss 1369.8162841796875, v_loss 1.6747512817382812 ,lr 0.001
INFO:root:epoch 3, Episode 223, total_loss: 1943.282470703125, q_loss 1942.0281982421875, v_loss 1.2543106079101562 ,lr 0.001
INFO:root:epoch 3, Episode 224, total_loss: 4119.98486328125, q_loss 4118.47314453125, v_loss 1.5119094848632812 ,lr 0.001
INFO:root:epoch 3, Episode 225, total_loss: 1094.169921875, q_loss 1092.2535400390625, v_loss 1.9163284301757812 ,lr 0.001
INFO:root:epoch 3, Episode 226, total_loss: 1352.1669921875, q_loss 1350.8353271484375, v_loss 1.3316116333007812 ,lr 0.001
INFO:root:epoch 3, Episode 227, total_loss: 1396.3853759765625, q_loss 1395.0960693359375, v_loss 1.289337158203125 ,lr 0.001
INFO:root:epoch 3, Episode 228, total_loss: 1739.91455078125, q_loss 1736.996826171875, v_loss 2.917724609375 ,lr 0.001
INFO:root:epoch 3, Episode 229, total_loss: 1893.2066650390625, q_loss 1891.3372802734375, v_loss 1.869415283203125 ,lr 0.001
INFO:root:epoch 3, Episode 230, total_loss: 2462.4736328125, q_loss 2458.937255859375, v_loss 3.5364456176757812 ,lr 0.001
INFO:root:epoch 3, Episode 231, total_loss: 2075.328857421875, q_loss 2073.19921875, v_loss 2.1297531127929688 ,lr 0.001
INFO:root:epoch 3, Episode 232, total_loss: 2768.050048828125, q_loss 2765.14501953125, v_loss 2.904937744140625 ,lr 0.001
INFO:root:epoch 3, Episode 233, total_loss: 4056.198974609375, q_loss 4049.7578125, v_loss 6.4411773681640625 ,lr 0.001
INFO:root:epoch 3, Episode 234, total_loss: 1691.515869140625, q_loss 1685.052734375, v_loss 6.463172912597656 ,lr 0.001
INFO:root:epoch 3, Episode 235, total_loss: 4788.15478515625, q_loss 4786.2060546875, v_loss 1.9489364624023438 ,lr 0.001
INFO:root:epoch 3, Episode 236, total_loss: 3097.142333984375, q_loss 3094.04296875, v_loss 3.0992584228515625 ,lr 0.001
INFO:root:epoch 3, Episode 237, total_loss: 1654.4649658203125, q_loss 1653.1231689453125, v_loss 1.341766357421875 ,lr 0.001
INFO:root:epoch 3, Episode 238, total_loss: 1826.1658935546875, q_loss 1823.9139404296875, v_loss 2.251922607421875 ,lr 0.001
INFO:root:epoch 3, Episode 239, total_loss: 1312.484130859375, q_loss 1310.7459716796875, v_loss 1.7381515502929688 ,lr 0.001
INFO:root:epoch 3, Episode 240, total_loss: 1547.0567626953125, q_loss 1544.5882568359375, v_loss 2.468463897705078 ,lr 0.001
INFO:root:epoch 3, Episode 241, total_loss: 3267.72412109375, q_loss 3263.390625, v_loss 4.3335113525390625 ,lr 0.001
INFO:root:epoch 3, Episode 242, total_loss: 1603.62353515625, q_loss 1600.5595703125, v_loss 3.0639495849609375 ,lr 0.001
INFO:root:epoch 3, Episode 243, total_loss: 1808.950927734375, q_loss 1805.7647705078125, v_loss 3.1861839294433594 ,lr 0.001
INFO:root:epoch 3, Episode 244, total_loss: 1280.4290771484375, q_loss 1278.326171875, v_loss 2.1028823852539062 ,lr 0.001
INFO:root:epoch 3, Episode 245, total_loss: 1330.71875, q_loss 1328.26708984375, v_loss 2.451648712158203 ,lr 0.001
INFO:root:epoch 3, Episode 246, total_loss: 3446.5224609375, q_loss 3445.888427734375, v_loss 0.6340484619140625 ,lr 0.001
INFO:root:epoch 3, Episode 247, total_loss: 2668.749267578125, q_loss 2667.438232421875, v_loss 1.311126708984375 ,lr 0.001
INFO:root:epoch 3, Episode 248, total_loss: 3105.2666015625, q_loss 3103.995361328125, v_loss 1.2713432312011719 ,lr 0.001
INFO:root:epoch 3, Episode 249, total_loss: 1233.4603271484375, q_loss 1231.775634765625, v_loss 1.6847457885742188 ,lr 0.001
INFO:root:epoch 3, Episode 250, total_loss: 1488.6988525390625, q_loss 1485.2620849609375, v_loss 3.4368209838867188 ,lr 0.001
INFO:root:epoch 3, Episode 251, total_loss: 1951.4503173828125, q_loss 1945.7969970703125, v_loss 5.653358459472656 ,lr 0.001
INFO:root:epoch 3, Episode 252, total_loss: 1659.8795166015625, q_loss 1654.267822265625, v_loss 5.611701965332031 ,lr 0.001
INFO:root:epoch 3, Episode 253, total_loss: 1444.7427978515625, q_loss 1440.4195556640625, v_loss 4.3232574462890625 ,lr 0.001
INFO:root:epoch 3, Episode 254, total_loss: 1268.6123046875, q_loss 1265.9010009765625, v_loss 2.7113494873046875 ,lr 0.001
INFO:root:epoch 3, Episode 255, total_loss: 2005.437744140625, q_loss 2001.286376953125, v_loss 4.1513671875 ,lr 0.001
INFO:root:epoch 3, Episode 256, total_loss: 3198.69482421875, q_loss 3193.251953125, v_loss 5.4428863525390625 ,lr 0.001
INFO:root:epoch 3, Episode 257, total_loss: 1440.7655029296875, q_loss 1435.978515625, v_loss 4.787010192871094 ,lr 0.001
INFO:root:epoch 3, Episode 258, total_loss: 1954.522705078125, q_loss 1949.6190185546875, v_loss 4.903656005859375 ,lr 0.001
INFO:root:epoch 3, Episode 259, total_loss: 2664.5546875, q_loss 2659.623779296875, v_loss 4.930999755859375 ,lr 0.001
INFO:root:epoch 3, Episode 260, total_loss: 5596.5498046875, q_loss 5585.54443359375, v_loss 11.005317687988281 ,lr 0.001
INFO:root:epoch 3, Episode 261, total_loss: 1857.302490234375, q_loss 1853.8870849609375, v_loss 3.4153823852539062 ,lr 0.001
INFO:root:epoch 3, Episode 262, total_loss: 2137.112060546875, q_loss 2133.674560546875, v_loss 3.437469482421875 ,lr 0.001
INFO:root:epoch 3, Episode 263, total_loss: 2530.5087890625, q_loss 2528.2021484375, v_loss 2.3065872192382812 ,lr 0.001
INFO:root:epoch 3, Episode 264, total_loss: 1778.9976806640625, q_loss 1774.5137939453125, v_loss 4.483894348144531 ,lr 0.001
INFO:root:epoch 3, Episode 265, total_loss: 1212.782958984375, q_loss 1206.33447265625, v_loss 6.448463439941406 ,lr 0.001
INFO:root:epoch 3, Episode 266, total_loss: 1943.7469482421875, q_loss 1937.9429931640625, v_loss 5.803977966308594 ,lr 0.001
INFO:root:epoch 3, Episode 267, total_loss: 1686.277099609375, q_loss 1682.4412841796875, v_loss 3.8358078002929688 ,lr 0.001
INFO:root:epoch 3, Episode 268, total_loss: 2571.01220703125, q_loss 2568.20654296875, v_loss 2.805572509765625 ,lr 0.001
INFO:root:epoch 3, Episode 269, total_loss: 1631.455322265625, q_loss 1629.7373046875, v_loss 1.7180252075195312 ,lr 0.001
INFO:root:epoch 3, Episode 270, total_loss: 1399.3685302734375, q_loss 1398.2391357421875, v_loss 1.1294403076171875 ,lr 0.001
INFO:root:epoch 3, Episode 271, total_loss: 3277.259033203125, q_loss 3273.851318359375, v_loss 3.40777587890625 ,lr 0.001
INFO:root:epoch 3, Episode 272, total_loss: 2774.105224609375, q_loss 2770.85205078125, v_loss 3.2531356811523438 ,lr 0.001
INFO:root:epoch 3, Episode 273, total_loss: 2461.669921875, q_loss 2457.7607421875, v_loss 3.9090805053710938 ,lr 0.001
INFO:root:epoch 3, Episode 274, total_loss: 1642.2540283203125, q_loss 1639.2347412109375, v_loss 3.0192413330078125 ,lr 0.001
INFO:root:epoch 3, Episode 275, total_loss: 2287.2080078125, q_loss 2282.75927734375, v_loss 4.4486236572265625 ,lr 0.001
INFO:root:epoch 3, Episode 276, total_loss: 2216.97314453125, q_loss 2214.646240234375, v_loss 2.3268966674804688 ,lr 0.001
INFO:root:epoch 3, Episode 277, total_loss: 1633.1732177734375, q_loss 1630.034423828125, v_loss 3.1387710571289062 ,lr 0.001
INFO:root:epoch 3, Episode 278, total_loss: 2398.15380859375, q_loss 2395.53271484375, v_loss 2.6210479736328125 ,lr 0.001
INFO:root:epoch 3, Episode 279, total_loss: 2257.75, q_loss 2254.928466796875, v_loss 2.8214187622070312 ,lr 0.001
INFO:root:epoch 3, Episode 280, total_loss: 1578.5145263671875, q_loss 1576.2972412109375, v_loss 2.217254638671875 ,lr 0.001
INFO:root:epoch 3, Episode 281, total_loss: 1865.699462890625, q_loss 1862.8165283203125, v_loss 2.88287353515625 ,lr 0.001
INFO:root:epoch 3, Episode 282, total_loss: 1618.7811279296875, q_loss 1616.8565673828125, v_loss 1.9245834350585938 ,lr 0.001
INFO:root:epoch 3, Episode 283, total_loss: 680.0133056640625, q_loss 678.8765258789062, v_loss 1.1368026733398438 ,lr 0.001
INFO:root:epoch 3, Episode 284, total_loss: 1122.8443603515625, q_loss 1121.353759765625, v_loss 1.4905548095703125 ,lr 0.001
INFO:root:epoch 3, Episode 285, total_loss: 3208.244384765625, q_loss 3206.495361328125, v_loss 1.7490921020507812 ,lr 0.001
INFO:root:epoch 3, Episode 286, total_loss: 1863.1634521484375, q_loss 1861.1673583984375, v_loss 1.9960403442382812 ,lr 0.001
INFO:root:epoch 3, Episode 287, total_loss: 1116.895751953125, q_loss 1116.19189453125, v_loss 0.7039031982421875 ,lr 0.001
INFO:root:epoch 3, Episode 288, total_loss: 1443.0615234375, q_loss 1441.8206787109375, v_loss 1.2408828735351562 ,lr 0.001
INFO:root:epoch 3, Episode 289, total_loss: 1283.1068115234375, q_loss 1281.9801025390625, v_loss 1.1266632080078125 ,lr 0.001
INFO:root:epoch 3, Episode 290, total_loss: 1418.7352294921875, q_loss 1417.1585693359375, v_loss 1.57666015625 ,lr 0.001
INFO:root:epoch 3, Episode 291, total_loss: 1793.3450927734375, q_loss 1791.4737548828125, v_loss 1.8713607788085938 ,lr 0.001
INFO:root:epoch 3, Episode 292, total_loss: 2018.2530517578125, q_loss 2015.76953125, v_loss 2.4835052490234375 ,lr 0.001
INFO:root:epoch 3, Episode 293, total_loss: 3841.904052734375, q_loss 3841.087890625, v_loss 0.8162307739257812 ,lr 0.001
INFO:root:epoch 3, Episode 294, total_loss: 1495.7242431640625, q_loss 1493.3367919921875, v_loss 2.3874359130859375 ,lr 0.001
INFO:root:epoch 3, Episode 295, total_loss: 2496.06787109375, q_loss 2494.074951171875, v_loss 1.9928131103515625 ,lr 0.001
INFO:root:epoch 3, Episode 296, total_loss: 1711.616455078125, q_loss 1710.1746826171875, v_loss 1.4417343139648438 ,lr 0.001
INFO:root:epoch 3, Episode 297, total_loss: 1592.6553955078125, q_loss 1590.996337890625, v_loss 1.6590576171875 ,lr 0.001
INFO:root:epoch 3, Episode 298, total_loss: 1678.021240234375, q_loss 1676.7786865234375, v_loss 1.2425918579101562 ,lr 0.001
INFO:root:epoch 3, Episode 299, total_loss: 1696.9588623046875, q_loss 1695.609619140625, v_loss 1.3492050170898438 ,lr 0.001
INFO:root:epoch 3, Episode 300, total_loss: 1279.1578369140625, q_loss 1277.822265625, v_loss 1.3355712890625 ,lr 0.001
INFO:root:epoch 3, Episode 301, total_loss: 2074.555419921875, q_loss 2073.56494140625, v_loss 0.99053955078125 ,lr 0.001
INFO:root:epoch 3, Episode 302, total_loss: 1434.1004638671875, q_loss 1433.118408203125, v_loss 0.9820938110351562 ,lr 0.001
INFO:root:epoch 3, Episode 303, total_loss: 1154.6334228515625, q_loss 1153.6605224609375, v_loss 0.972930908203125 ,lr 0.001
INFO:root:epoch 3, Episode 304, total_loss: 1482.75390625, q_loss 1481.5980224609375, v_loss 1.1558914184570312 ,lr 0.001
INFO:root:epoch 3, Episode 305, total_loss: 1938.275634765625, q_loss 1937.062255859375, v_loss 1.21331787109375 ,lr 0.001
INFO:root:epoch 3, Episode 306, total_loss: 1936.67138671875, q_loss 1935.75146484375, v_loss 0.91986083984375 ,lr 0.001
INFO:root:epoch 3, Episode 307, total_loss: 1008.7131958007812, q_loss 1008.0380859375, v_loss 0.6751327514648438 ,lr 0.001
INFO:root:epoch 3, Episode 308, total_loss: 1390.43115234375, q_loss 1389.4228515625, v_loss 1.0082855224609375 ,lr 0.001
INFO:root:epoch 3, Episode 309, total_loss: 1700.6756591796875, q_loss 1699.291015625, v_loss 1.3846893310546875 ,lr 0.001
INFO:root:epoch 3, Episode 310, total_loss: 3002.458984375, q_loss 3001.497314453125, v_loss 0.9616622924804688 ,lr 0.001
INFO:root:epoch 3, Episode 311, total_loss: 1259.4952392578125, q_loss 1258.5361328125, v_loss 0.9591598510742188 ,lr 0.001
INFO:root:epoch 3, Episode 312, total_loss: 1809.9869384765625, q_loss 1808.77880859375, v_loss 1.2081222534179688 ,lr 0.001
INFO:root:epoch 3, Episode 313, total_loss: 2192.9658203125, q_loss 2190.37646484375, v_loss 2.589263916015625 ,lr 0.001
INFO:root:epoch 3, Episode 314, total_loss: 1246.2626953125, q_loss 1245.1822509765625, v_loss 1.0803985595703125 ,lr 0.001
INFO:root:epoch 3, Episode 315, total_loss: 1253.89892578125, q_loss 1252.2117919921875, v_loss 1.6871871948242188 ,lr 0.001
INFO:root:epoch 3, Episode 316, total_loss: 1798.3048095703125, q_loss 1797.012451171875, v_loss 1.2923736572265625 ,lr 0.001
INFO:root:epoch 3, Episode 317, total_loss: 1366.25830078125, q_loss 1365.4468994140625, v_loss 0.8114547729492188 ,lr 0.001
INFO:root:epoch 3, Episode 318, total_loss: 1370.470458984375, q_loss 1369.6578369140625, v_loss 0.8126373291015625 ,lr 0.001
INFO:root:epoch 3, Episode 319, total_loss: 1579.5904541015625, q_loss 1578.5892333984375, v_loss 1.0012664794921875 ,lr 0.001
INFO:root:epoch 3, Episode 320, total_loss: 1528.81982421875, q_loss 1527.9456787109375, v_loss 0.874114990234375 ,lr 0.001
INFO:root:epoch 3, Episode 321, total_loss: 4944.0439453125, q_loss 4943.2763671875, v_loss 0.7673873901367188 ,lr 0.001
INFO:root:epoch 3, Episode 322, total_loss: 2736.73681640625, q_loss 2735.65673828125, v_loss 1.0799560546875 ,lr 0.001
INFO:root:epoch 3, Episode 323, total_loss: 2006.74609375, q_loss 2005.42578125, v_loss 1.3203582763671875 ,lr 0.001
INFO:root:epoch 3, Episode 324, total_loss: 1569.90673828125, q_loss 1568.60107421875, v_loss 1.30572509765625 ,lr 0.001
INFO:root:epoch 3, Episode 325, total_loss: 1866.9593505859375, q_loss 1865.0518798828125, v_loss 1.9074478149414062 ,lr 0.001
INFO:root:epoch 3, Episode 326, total_loss: 2435.394775390625, q_loss 2434.104736328125, v_loss 1.28997802734375 ,lr 0.001
INFO:root:epoch 3, Episode 327, total_loss: 2036.1339111328125, q_loss 2034.9378662109375, v_loss 1.1960525512695312 ,lr 0.001
INFO:root:epoch 3, Episode 328, total_loss: 1549.2677001953125, q_loss 1547.5751953125, v_loss 1.6925277709960938 ,lr 0.001
INFO:root:epoch 3, Episode 329, total_loss: 2132.177978515625, q_loss 2129.80322265625, v_loss 2.3748626708984375 ,lr 0.001
INFO:root:epoch 3, Episode 330, total_loss: 4014.647216796875, q_loss 4008.112060546875, v_loss 6.535102844238281 ,lr 0.001
INFO:root:epoch 3, Episode 331, total_loss: 1449.8941650390625, q_loss 1448.593994140625, v_loss 1.3001937866210938 ,lr 0.001
INFO:root:epoch 3, Episode 332, total_loss: 1738.5050048828125, q_loss 1737.1685791015625, v_loss 1.3363723754882812 ,lr 0.001
INFO:root:epoch 3, Episode 333, total_loss: 1528.9049072265625, q_loss 1527.91455078125, v_loss 0.9904022216796875 ,lr 0.001
INFO:root:epoch 3, Episode 334, total_loss: 1389.10107421875, q_loss 1387.63330078125, v_loss 1.467803955078125 ,lr 0.001
INFO:root:epoch 3, Episode 335, total_loss: 1341.783203125, q_loss 1340.4449462890625, v_loss 1.33831787109375 ,lr 0.001
INFO:root:epoch 3, Episode 336, total_loss: 1344.7137451171875, q_loss 1343.3431396484375, v_loss 1.370574951171875 ,lr 0.001
INFO:root:epoch 3, Episode 337, total_loss: 973.876953125, q_loss 972.8642578125, v_loss 1.012664794921875 ,lr 0.001
INFO:root:epoch 3, Episode 338, total_loss: 2343.80810546875, q_loss 2342.61572265625, v_loss 1.192291259765625 ,lr 0.001
INFO:root:epoch 3, Episode 339, total_loss: 1593.2728271484375, q_loss 1592.3614501953125, v_loss 0.911376953125 ,lr 0.001
INFO:root:epoch 3, Episode 340, total_loss: 1430.1781005859375, q_loss 1429.274658203125, v_loss 0.9034576416015625 ,lr 0.001
INFO:root:epoch 3, Episode 341, total_loss: 2002.5018310546875, q_loss 2001.451904296875, v_loss 1.049957275390625 ,lr 0.001
INFO:root:epoch 3, Episode 342, total_loss: 3093.878173828125, q_loss 3092.666015625, v_loss 1.212127685546875 ,lr 0.001
INFO:root:epoch 3, Episode 343, total_loss: 1969.420654296875, q_loss 1968.1416015625, v_loss 1.2790756225585938 ,lr 0.001
INFO:root:epoch 3, Episode 344, total_loss: 1269.6529541015625, q_loss 1267.3336181640625, v_loss 2.3193206787109375 ,lr 0.001
INFO:root:epoch 3, Episode 345, total_loss: 1498.262939453125, q_loss 1495.7720947265625, v_loss 2.4908828735351562 ,lr 0.001
INFO:root:epoch 3, Episode 346, total_loss: 2112.468994140625, q_loss 2110.21728515625, v_loss 2.2516860961914062 ,lr 0.001
INFO:root:epoch 3, Episode 347, total_loss: 1733.2679443359375, q_loss 1732.04931640625, v_loss 1.2186355590820312 ,lr 0.001
INFO:root:epoch 3, Episode 348, total_loss: 1460.8583984375, q_loss 1459.596923828125, v_loss 1.2615127563476562 ,lr 0.001
INFO:root:epoch 3, Episode 349, total_loss: 2252.943603515625, q_loss 2251.572998046875, v_loss 1.3705596923828125 ,lr 0.001
INFO:root:epoch 3, Episode 350, total_loss: 972.918212890625, q_loss 972.0323486328125, v_loss 0.8858871459960938 ,lr 0.001
INFO:root:epoch 3, Episode 351, total_loss: 990.0880126953125, q_loss 989.5750732421875, v_loss 0.512939453125 ,lr 0.001
INFO:root:epoch 3, Episode 352, total_loss: 3420.6669921875, q_loss 3417.528564453125, v_loss 3.1384811401367188 ,lr 0.001
INFO:root:epoch 3, Episode 353, total_loss: 1779.63427734375, q_loss 1778.7021484375, v_loss 0.9321365356445312 ,lr 0.001
INFO:root:epoch 3, Episode 354, total_loss: 1886.7845458984375, q_loss 1885.159912109375, v_loss 1.6245956420898438 ,lr 0.001
INFO:root:epoch 3, Episode 355, total_loss: 3569.35205078125, q_loss 3566.431640625, v_loss 2.9205169677734375 ,lr 0.001
INFO:root:epoch 3, Episode 356, total_loss: 2105.724365234375, q_loss 2101.13037109375, v_loss 4.5939483642578125 ,lr 0.001
INFO:root:epoch 3, Episode 357, total_loss: 2214.95361328125, q_loss 2211.80517578125, v_loss 3.14837646484375 ,lr 0.001
INFO:root:epoch 3, Episode 358, total_loss: 1325.17041015625, q_loss 1319.53759765625, v_loss 5.6328277587890625 ,lr 0.001
INFO:root:epoch 3, Episode 359, total_loss: 2308.493408203125, q_loss 2303.32373046875, v_loss 5.1696014404296875 ,lr 0.001
INFO:root:epoch 3, Episode 360, total_loss: 877.0079345703125, q_loss 872.5283813476562, v_loss 4.479545593261719 ,lr 0.001
INFO:root:epoch 3, Episode 361, total_loss: 1283.688232421875, q_loss 1280.560791015625, v_loss 3.1274261474609375 ,lr 0.001
INFO:root:epoch 3, Episode 362, total_loss: 3488.1376953125, q_loss 3485.83251953125, v_loss 2.3051910400390625 ,lr 0.001
INFO:root:epoch 3, Episode 363, total_loss: 1652.950439453125, q_loss 1651.634033203125, v_loss 1.3163528442382812 ,lr 0.001
INFO:root:epoch 3, Episode 364, total_loss: 1283.6046142578125, q_loss 1282.4747314453125, v_loss 1.1298751831054688 ,lr 0.001
INFO:root:epoch 3, Episode 365, total_loss: 3459.38037109375, q_loss 3455.321533203125, v_loss 4.05877685546875 ,lr 0.001
INFO:root:epoch 3, Episode 366, total_loss: 1060.936279296875, q_loss 1059.8905029296875, v_loss 1.04583740234375 ,lr 0.001
INFO:root:epoch 3, Episode 367, total_loss: 1042.6292724609375, q_loss 1041.6636962890625, v_loss 0.965576171875 ,lr 0.001
INFO:root:epoch 3, Episode 368, total_loss: 1910.7886962890625, q_loss 1908.794921875, v_loss 1.9937591552734375 ,lr 0.001
INFO:root:epoch 3, Episode 369, total_loss: 1512.7020263671875, q_loss 1511.483642578125, v_loss 1.2183303833007812 ,lr 0.001
INFO:root:epoch 3, Episode 370, total_loss: 1401.5218505859375, q_loss 1400.233642578125, v_loss 1.2882537841796875 ,lr 0.001
INFO:root:epoch 3, Episode 371, total_loss: 3315.032958984375, q_loss 3309.120849609375, v_loss 5.91204833984375 ,lr 0.001
INFO:root:epoch 3, Episode 372, total_loss: 2244.756591796875, q_loss 2243.55224609375, v_loss 1.2042465209960938 ,lr 0.001
INFO:root:epoch 3, Episode 373, total_loss: 1564.8616943359375, q_loss 1562.875732421875, v_loss 1.9859466552734375 ,lr 0.001
INFO:root:epoch 3, Episode 374, total_loss: 2873.190185546875, q_loss 2871.003662109375, v_loss 2.186431884765625 ,lr 0.001
INFO:root:epoch 3, Episode 375, total_loss: 3258.326904296875, q_loss 3255.6240234375, v_loss 2.7029876708984375 ,lr 0.001
INFO:root:epoch 3, Episode 376, total_loss: 1779.6890869140625, q_loss 1778.1553955078125, v_loss 1.5336456298828125 ,lr 0.001
INFO:root:epoch 3, Episode 377, total_loss: 3813.264892578125, q_loss 3807.79541015625, v_loss 5.46954345703125 ,lr 0.001
INFO:root:epoch 3, Episode 378, total_loss: 1882.5982666015625, q_loss 1879.2916259765625, v_loss 3.3066787719726562 ,lr 0.001
INFO:root:epoch 3, Episode 379, total_loss: 1516.0743408203125, q_loss 1511.74169921875, v_loss 4.3326568603515625 ,lr 0.001
INFO:root:epoch 3, Episode 380, total_loss: 2149.033447265625, q_loss 2144.928955078125, v_loss 4.1044769287109375 ,lr 0.001
INFO:root:epoch 3, Episode 381, total_loss: 2229.56298828125, q_loss 2225.08447265625, v_loss 4.478416442871094 ,lr 0.001
INFO:root:epoch 3, Episode 382, total_loss: 2594.414794921875, q_loss 2587.76318359375, v_loss 6.651634216308594 ,lr 0.001
INFO:root:epoch 3, Episode 383, total_loss: 1429.7774658203125, q_loss 1424.78173828125, v_loss 4.995697021484375 ,lr 0.001
INFO:root:epoch 3, Episode 384, total_loss: 2126.2822265625, q_loss 2124.176025390625, v_loss 2.1060943603515625 ,lr 0.001
INFO:root:epoch 3, Episode 385, total_loss: 1868.6458740234375, q_loss 1866.409912109375, v_loss 2.2359771728515625 ,lr 0.001
INFO:root:epoch 3, Episode 386, total_loss: 1054.8924560546875, q_loss 1053.5892333984375, v_loss 1.3032379150390625 ,lr 0.001
INFO:root:epoch 3, Episode 387, total_loss: 1653.1566162109375, q_loss 1649.5111083984375, v_loss 3.6454544067382812 ,lr 0.001
INFO:root:epoch 3, Episode 388, total_loss: 1699.5118408203125, q_loss 1696.3099365234375, v_loss 3.2018508911132812 ,lr 0.001
INFO:root:epoch 3, Episode 389, total_loss: 1626.9459228515625, q_loss 1623.7564697265625, v_loss 3.1894073486328125 ,lr 0.001
INFO:root:epoch 3, Episode 390, total_loss: 1748.0107421875, q_loss 1744.604736328125, v_loss 3.405975341796875 ,lr 0.001
INFO:root:epoch 3, Episode 391, total_loss: 1681.131103515625, q_loss 1679.06201171875, v_loss 2.0691299438476562 ,lr 0.001
INFO:root:epoch 3, Episode 392, total_loss: 1453.6904296875, q_loss 1452.1163330078125, v_loss 1.5741195678710938 ,lr 0.001
INFO:root:epoch 3, Episode 393, total_loss: 1162.7327880859375, q_loss 1159.4010009765625, v_loss 3.3317794799804688 ,lr 0.001
INFO:root:epoch 3, Episode 394, total_loss: 1460.322509765625, q_loss 1455.3336181640625, v_loss 4.988899230957031 ,lr 0.001
INFO:root:epoch 3, Episode 395, total_loss: 1975.922607421875, q_loss 1970.8575439453125, v_loss 5.065116882324219 ,lr 0.001
INFO:root:epoch 3, Episode 396, total_loss: 1477.805419921875, q_loss 1474.6094970703125, v_loss 3.1958694458007812 ,lr 0.001
INFO:root:epoch 3, Episode 397, total_loss: 1307.762451171875, q_loss 1306.482666015625, v_loss 1.2797622680664062 ,lr 0.001
INFO:root:epoch 3, Episode 398, total_loss: 3294.61328125, q_loss 3292.65380859375, v_loss 1.959381103515625 ,lr 0.001
INFO:root:epoch 3, Episode 399, total_loss: 1438.43505859375, q_loss 1436.3577880859375, v_loss 2.0772552490234375 ,lr 0.001
INFO:root:epoch 3, Episode 400, total_loss: 798.1937255859375, q_loss 796.9047241210938, v_loss 1.288970947265625 ,lr 0.001
INFO:root:epoch 3, Episode 401, total_loss: 3787.639892578125, q_loss 3787.29296875, v_loss 0.346832275390625 ,lr 0.001
INFO:root:epoch 3, Episode 402, total_loss: 941.699951171875, q_loss 939.7822875976562, v_loss 1.917633056640625 ,lr 0.001
INFO:root:epoch 3, Episode 403, total_loss: 793.836669921875, q_loss 792.4804077148438, v_loss 1.356231689453125 ,lr 0.001
INFO:root:epoch 3, Episode 404, total_loss: 1640.0799560546875, q_loss 1638.3602294921875, v_loss 1.7196731567382812 ,lr 0.001
INFO:root:epoch 3, Episode 405, total_loss: 2172.022216796875, q_loss 2171.106201171875, v_loss 0.915924072265625 ,lr 0.001
INFO:root:epoch 3, Episode 406, total_loss: 1519.27685546875, q_loss 1515.8829345703125, v_loss 3.3939666748046875 ,lr 0.001
INFO:root:epoch 3, Episode 407, total_loss: 1531.6605224609375, q_loss 1529.3760986328125, v_loss 2.284454345703125 ,lr 0.001
INFO:root:epoch 3, Episode 408, total_loss: 1831.604736328125, q_loss 1827.4302978515625, v_loss 4.1744537353515625 ,lr 0.001
INFO:root:epoch 3, Episode 409, total_loss: 1855.4385986328125, q_loss 1852.0384521484375, v_loss 3.4001998901367188 ,lr 0.001
INFO:root:epoch 3, Episode 410, total_loss: 2526.562744140625, q_loss 2524.263916015625, v_loss 2.2988433837890625 ,lr 0.001
INFO:root:epoch 3, Episode 411, total_loss: 1556.169189453125, q_loss 1551.5823974609375, v_loss 4.5867919921875 ,lr 0.001
INFO:root:epoch 3, Episode 412, total_loss: 642.8528442382812, q_loss 641.3965454101562, v_loss 1.4562835693359375 ,lr 0.001
INFO:root:epoch 3, Episode 413, total_loss: 1657.41015625, q_loss 1650.6727294921875, v_loss 6.7374114990234375 ,lr 0.001
INFO:root:epoch 3, Episode 414, total_loss: 1117.237060546875, q_loss 1114.4833984375, v_loss 2.7537078857421875 ,lr 0.001
INFO:root:epoch 3, Episode 415, total_loss: 2033.8306884765625, q_loss 2031.1019287109375, v_loss 2.7288055419921875 ,lr 0.001
INFO:root:epoch 3, Episode 416, total_loss: 1892.17431640625, q_loss 1890.822509765625, v_loss 1.351776123046875 ,lr 0.001
INFO:root:epoch 3, Episode 417, total_loss: 1459.9281005859375, q_loss 1459.0093994140625, v_loss 0.918731689453125 ,lr 0.001
INFO:root:epoch 3, Episode 418, total_loss: 1543.9530029296875, q_loss 1542.1722412109375, v_loss 1.78076171875 ,lr 0.001
INFO:root:epoch 3, Episode 419, total_loss: 1598.3680419921875, q_loss 1593.056640625, v_loss 5.3113555908203125 ,lr 0.001
INFO:root:epoch 3, Episode 420, total_loss: 3513.014404296875, q_loss 3507.338134765625, v_loss 5.676231384277344 ,lr 0.001
INFO:root:epoch 3, Episode 421, total_loss: 1526.587158203125, q_loss 1521.308349609375, v_loss 5.278785705566406 ,lr 0.001
INFO:root:epoch 3, Episode 422, total_loss: 1332.1339111328125, q_loss 1328.5496826171875, v_loss 3.5842132568359375 ,lr 0.001
INFO:root:epoch 3, Episode 423, total_loss: 1980.047607421875, q_loss 1978.2303466796875, v_loss 1.8172454833984375 ,lr 0.001
INFO:root:epoch 3, Episode 424, total_loss: 1632.145263671875, q_loss 1629.2445068359375, v_loss 2.9007797241210938 ,lr 0.001
INFO:root:epoch 3, Episode 425, total_loss: 1277.3966064453125, q_loss 1274.2423095703125, v_loss 3.1542510986328125 ,lr 0.001
INFO:root:epoch 3, Episode 426, total_loss: 1311.4798583984375, q_loss 1308.078369140625, v_loss 3.4014892578125 ,lr 0.001
INFO:root:epoch 3, Episode 427, total_loss: 1193.879638671875, q_loss 1190.0091552734375, v_loss 3.8704757690429688 ,lr 0.001
INFO:root:epoch 3, Episode 428, total_loss: 1897.70556640625, q_loss 1892.401123046875, v_loss 5.304405212402344 ,lr 0.001
INFO:root:epoch 3, Episode 429, total_loss: 1470.697021484375, q_loss 1466.5198974609375, v_loss 4.177101135253906 ,lr 0.001
INFO:root:epoch 3, Episode 430, total_loss: 2206.925048828125, q_loss 2200.255859375, v_loss 6.6692962646484375 ,lr 0.001
INFO:root:epoch 3, Episode 431, total_loss: 1419.881591796875, q_loss 1416.85498046875, v_loss 3.0266036987304688 ,lr 0.001
INFO:root:epoch 3, Episode 432, total_loss: 4875.1640625, q_loss 4872.0693359375, v_loss 3.094970703125 ,lr 0.001
INFO:root:epoch 3, Episode 433, total_loss: 1097.8582763671875, q_loss 1096.5972900390625, v_loss 1.2609329223632812 ,lr 0.001
INFO:root:epoch 3, Episode 434, total_loss: 1080.9296875, q_loss 1079.1800537109375, v_loss 1.74969482421875 ,lr 0.001
INFO:root:epoch 3, Episode 435, total_loss: 1698.0706787109375, q_loss 1693.1334228515625, v_loss 4.937225341796875 ,lr 0.001
INFO:root:epoch 3, Episode 436, total_loss: 2999.145263671875, q_loss 2996.5361328125, v_loss 2.6091156005859375 ,lr 0.001
INFO:root:epoch 3, Episode 437, total_loss: 3662.495849609375, q_loss 3657.08056640625, v_loss 5.415229797363281 ,lr 0.001
INFO:root:epoch 3, Episode 438, total_loss: 2833.463134765625, q_loss 2829.707763671875, v_loss 3.755340576171875 ,lr 0.001
INFO:root:epoch 3, Episode 439, total_loss: 1535.6083984375, q_loss 1529.715087890625, v_loss 5.89324951171875 ,lr 0.001
INFO:root:epoch 3, Episode 440, total_loss: 2384.261962890625, q_loss 2380.24755859375, v_loss 4.014411926269531 ,lr 0.001
INFO:root:epoch 3, Episode 441, total_loss: 2329.57275390625, q_loss 2327.263427734375, v_loss 2.309295654296875 ,lr 0.001
INFO:root:epoch 3, Episode 442, total_loss: 3001.718994140625, q_loss 3000.90087890625, v_loss 0.8180389404296875 ,lr 0.001
INFO:root:epoch 3, Episode 443, total_loss: 1772.4561767578125, q_loss 1770.6851806640625, v_loss 1.7709808349609375 ,lr 0.001
INFO:root:epoch 3, Episode 444, total_loss: 1418.786376953125, q_loss 1416.52294921875, v_loss 2.263397216796875 ,lr 0.001
INFO:root:epoch 3, Episode 445, total_loss: 2264.3916015625, q_loss 2261.049072265625, v_loss 3.3424530029296875 ,lr 0.001
INFO:root:epoch 3, Episode 446, total_loss: 2635.498779296875, q_loss 2630.193603515625, v_loss 5.305229187011719 ,lr 0.001
INFO:root:epoch 3, Episode 447, total_loss: 1478.4327392578125, q_loss 1473.7547607421875, v_loss 4.6779327392578125 ,lr 0.001
INFO:root:epoch 3, Episode 448, total_loss: 1602.6619873046875, q_loss 1598.078125, v_loss 4.5838623046875 ,lr 0.001
INFO:root:epoch 3, Episode 449, total_loss: 2445.09619140625, q_loss 2439.490234375, v_loss 5.606048583984375 ,lr 0.001
INFO:root:epoch 3, Episode 450, total_loss: 1164.9912109375, q_loss 1160.189208984375, v_loss 4.802001953125 ,lr 0.001
INFO:root:epoch 3, Episode 451, total_loss: 1642.9649658203125, q_loss 1637.984375, v_loss 4.980560302734375 ,lr 0.001
INFO:root:epoch 3, Episode 452, total_loss: 4395.4736328125, q_loss 4386.7978515625, v_loss 8.675971984863281 ,lr 0.001
INFO:root:epoch 3, Episode 453, total_loss: 1980.2779541015625, q_loss 1975.34619140625, v_loss 4.9317626953125 ,lr 0.001
INFO:root:epoch 3, Episode 454, total_loss: 1377.9061279296875, q_loss 1374.8580322265625, v_loss 3.0480804443359375 ,lr 0.001
INFO:root:epoch 3, Episode 455, total_loss: 1490.775390625, q_loss 1489.6026611328125, v_loss 1.172698974609375 ,lr 0.001
INFO:root:epoch 3, Episode 456, total_loss: 1613.205078125, q_loss 1609.1986083984375, v_loss 4.00640869140625 ,lr 0.001
INFO:root:epoch 3, Episode 457, total_loss: 2819.79052734375, q_loss 2813.229248046875, v_loss 6.56134033203125 ,lr 0.001
INFO:root:epoch 3, Episode 458, total_loss: 1428.57763671875, q_loss 1419.5347900390625, v_loss 9.04290771484375 ,lr 0.001
INFO:root:epoch 3, Episode 459, total_loss: 1681.169677734375, q_loss 1669.9381103515625, v_loss 11.231521606445312 ,lr 0.001
INFO:root:epoch 3, Episode 460, total_loss: 1332.36083984375, q_loss 1319.269287109375, v_loss 13.091598510742188 ,lr 0.001
INFO:root:epoch 3, Episode 461, total_loss: 2001.0919189453125, q_loss 1991.0892333984375, v_loss 10.002662658691406 ,lr 0.001
INFO:root:epoch 3, Episode 462, total_loss: 1940.27978515625, q_loss 1932.4954833984375, v_loss 7.78436279296875 ,lr 0.001
INFO:root:epoch 3, Episode 463, total_loss: 1079.767822265625, q_loss 1075.3372802734375, v_loss 4.430519104003906 ,lr 0.001
INFO:root:epoch 3, Episode 464, total_loss: 1286.6627197265625, q_loss 1282.827880859375, v_loss 3.834869384765625 ,lr 0.001
INFO:root:epoch 3, Episode 465, total_loss: 2153.51171875, q_loss 2149.50537109375, v_loss 4.0064697265625 ,lr 0.001
INFO:root:epoch 3, Episode 466, total_loss: 2107.44384765625, q_loss 2103.394287109375, v_loss 4.049591064453125 ,lr 0.001
INFO:root:epoch 3, Episode 467, total_loss: 1945.3763427734375, q_loss 1943.4755859375, v_loss 1.9008102416992188 ,lr 0.001
INFO:root:epoch 3, Episode 468, total_loss: 1872.7518310546875, q_loss 1868.3424072265625, v_loss 4.409423828125 ,lr 0.001
INFO:root:epoch 3, Episode 469, total_loss: 1078.252197265625, q_loss 1075.514892578125, v_loss 2.7372589111328125 ,lr 0.001
INFO:root:epoch 3, Episode 470, total_loss: 1239.455322265625, q_loss 1236.260498046875, v_loss 3.194854736328125 ,lr 0.001
INFO:root:epoch 3, Episode 471, total_loss: 1480.7459716796875, q_loss 1477.5931396484375, v_loss 3.152862548828125 ,lr 0.001
INFO:root:epoch 3, Episode 472, total_loss: 3460.091552734375, q_loss 3454.35205078125, v_loss 5.739501953125 ,lr 0.001
INFO:root:epoch 3, Episode 473, total_loss: 1657.8828125, q_loss 1655.0025634765625, v_loss 2.88018798828125 ,lr 0.001
INFO:root:epoch 3, Episode 474, total_loss: 2565.3212890625, q_loss 2562.9375, v_loss 2.383880615234375 ,lr 0.001
INFO:root:epoch 3, Episode 475, total_loss: 1281.359130859375, q_loss 1280.685302734375, v_loss 0.673797607421875 ,lr 0.001
INFO:root:epoch 3, Episode 476, total_loss: 2335.237548828125, q_loss 2333.767578125, v_loss 1.4698867797851562 ,lr 0.001
INFO:root:epoch 3, Episode 477, total_loss: 1880.291259765625, q_loss 1878.573974609375, v_loss 1.7172470092773438 ,lr 0.001
INFO:root:epoch 3, Episode 478, total_loss: 2022.4095458984375, q_loss 2020.80908203125, v_loss 1.6004638671875 ,lr 0.001
INFO:root:epoch 3, Episode 479, total_loss: 1599.0877685546875, q_loss 1597.3831787109375, v_loss 1.7046051025390625 ,lr 0.001
INFO:root:epoch 3, Episode 480, total_loss: 1600.5225830078125, q_loss 1598.5904541015625, v_loss 1.9321136474609375 ,lr 0.001
INFO:root:epoch 3, Episode 481, total_loss: 2478.1162109375, q_loss 2476.6376953125, v_loss 1.4784088134765625 ,lr 0.001
INFO:root:epoch 3, Episode 482, total_loss: 1685.979736328125, q_loss 1685.0712890625, v_loss 0.9084930419921875 ,lr 0.001
INFO:root:epoch 3, Episode 483, total_loss: 1553.567138671875, q_loss 1551.578125, v_loss 1.9890289306640625 ,lr 0.001
INFO:root:epoch 3, Episode 484, total_loss: 3730.352783203125, q_loss 3728.02734375, v_loss 2.3254852294921875 ,lr 0.001
INFO:root:epoch 3, Episode 485, total_loss: 1487.533935546875, q_loss 1485.9036865234375, v_loss 1.6302032470703125 ,lr 0.001
INFO:root:epoch 3, Episode 486, total_loss: 1543.60498046875, q_loss 1539.0419921875, v_loss 4.5629730224609375 ,lr 0.001
INFO:root:epoch 3, Episode 487, total_loss: 1653.3487548828125, q_loss 1646.87744140625, v_loss 6.4712982177734375 ,lr 0.001
INFO:root:epoch 3, Episode 488, total_loss: 1044.5621337890625, q_loss 1037.6668701171875, v_loss 6.8952789306640625 ,lr 0.001
INFO:root:epoch 3, Episode 489, total_loss: 1323.329345703125, q_loss 1316.9783935546875, v_loss 6.35089111328125 ,lr 0.001
INFO:root:epoch 3, Episode 490, total_loss: 1500.80517578125, q_loss 1496.8997802734375, v_loss 3.905364990234375 ,lr 0.001
INFO:root:epoch 3, Episode 491, total_loss: 1265.5245361328125, q_loss 1262.539306640625, v_loss 2.9851837158203125 ,lr 0.001
INFO:root:epoch 3, Episode 492, total_loss: 2242.421142578125, q_loss 2240.942626953125, v_loss 1.4786224365234375 ,lr 0.001
INFO:root:epoch 3, Episode 493, total_loss: 1408.7340087890625, q_loss 1407.41455078125, v_loss 1.319488525390625 ,lr 0.001
INFO:root:epoch 3, Episode 494, total_loss: 925.3078002929688, q_loss 924.62646484375, v_loss 0.6813507080078125 ,lr 0.001
INFO:root:epoch 3, Episode 495, total_loss: 1580.3272705078125, q_loss 1579.133544921875, v_loss 1.1937408447265625 ,lr 0.001
INFO:root:epoch 3, Episode 496, total_loss: 2830.880615234375, q_loss 2829.580078125, v_loss 1.3004226684570312 ,lr 0.001
INFO:root:epoch 3, Episode 497, total_loss: 2111.1015625, q_loss 2110.025146484375, v_loss 1.0764007568359375 ,lr 0.001
INFO:root:epoch 3, Episode 498, total_loss: 1664.7266845703125, q_loss 1661.5355224609375, v_loss 3.1912155151367188 ,lr 0.001
INFO:root:epoch 3, Episode 499, total_loss: 1584.58203125, q_loss 1581.111083984375, v_loss 3.4709930419921875 ,lr 0.001
INFO:root:epoch 4, Episode 0, total_loss: 1884.509033203125, q_loss 1881.0521240234375, v_loss 3.456878662109375 ,lr 0.00010000000000000002
INFO:root:epoch 4, Episode 1, total_loss: 1010.6715087890625, q_loss 1006.3062744140625, v_loss 4.365242004394531 ,lr 0.00010000000000000002
INFO:root:epoch 4, Episode 2, total_loss: 676.984130859375, q_loss 672.7816772460938, v_loss 4.202423095703125 ,lr 0.00010000000000000002
INFO:root:epoch 4, Episode 3, total_loss: 1881.01171875, q_loss 1878.4093017578125, v_loss 2.6024322509765625 ,lr 0.00010000000000000002
INFO:root:epoch 4, Episode 4, total_loss: 2259.447998046875, q_loss 2257.228759765625, v_loss 2.2191314697265625 ,lr 0.00010000000000000002
INFO:root:epoch 4, Episode 5, total_loss: 1889.0853271484375, q_loss 1886.093505859375, v_loss 2.991790771484375 ,lr 0.00010000000000000002
INFO:root:epoch 4, Episode 6, total_loss: 4280.17724609375, q_loss 4278.01025390625, v_loss 2.1669921875 ,lr 0.00010000000000000002
INFO:root:epoch 4, Episode 7, total_loss: 4601.08935546875, q_loss 4599.404296875, v_loss 1.6851043701171875 ,lr 0.00010000000000000002
INFO:root:epoch 4, Episode 8, total_loss: 2746.05908203125, q_loss 2744.170166015625, v_loss 1.8889389038085938 ,lr 0.00010000000000000002
INFO:root:epoch 4, Episode 9, total_loss: 2183.962890625, q_loss 2183.164794921875, v_loss 0.798187255859375 ,lr 0.00010000000000000002
INFO:root:epoch 4, Episode 10, total_loss: 1737.646484375, q_loss 1736.455078125, v_loss 1.19140625 ,lr 0.00010000000000000002
INFO:root:epoch 4, Episode 11, total_loss: 1583.966064453125, q_loss 1582.67529296875, v_loss 1.2907562255859375 ,lr 0.00010000000000000002
INFO:root:epoch 4, Episode 12, total_loss: 1333.99267578125, q_loss 1332.9605712890625, v_loss 1.0320663452148438 ,lr 0.00010000000000000002
INFO:root:epoch 4, Episode 13, total_loss: 1568.253173828125, q_loss 1567.2401123046875, v_loss 1.0130157470703125 ,lr 0.00010000000000000002
INFO:root:epoch 4, Episode 14, total_loss: 1566.687744140625, q_loss 1565.538818359375, v_loss 1.1488876342773438 ,lr 0.00010000000000000002
INFO:root:epoch 4, Episode 15, total_loss: 1585.8624267578125, q_loss 1584.661865234375, v_loss 1.2005615234375 ,lr 0.00010000000000000002
INFO:root:epoch 4, Episode 16, total_loss: 1977.50341796875, q_loss 1976.38232421875, v_loss 1.12103271484375 ,lr 0.00010000000000000002
INFO:root:epoch 4, Episode 17, total_loss: 1678.367431640625, q_loss 1676.6141357421875, v_loss 1.7532958984375 ,lr 0.00010000000000000002
INFO:root:epoch 4, Episode 18, total_loss: 2403.632080078125, q_loss 2402.376708984375, v_loss 1.255279541015625 ,lr 0.00010000000000000002
INFO:root:epoch 4, Episode 19, total_loss: 1271.0338134765625, q_loss 1269.6907958984375, v_loss 1.343048095703125 ,lr 0.00010000000000000002
INFO:root:epoch 4, Episode 20, total_loss: 1275.784423828125, q_loss 1274.394775390625, v_loss 1.38970947265625 ,lr 0.00010000000000000002
INFO:root:epoch 4, Episode 21, total_loss: 1660.19970703125, q_loss 1658.8741455078125, v_loss 1.325592041015625 ,lr 0.00010000000000000002
INFO:root:epoch 4, Episode 22, total_loss: 1334.927734375, q_loss 1333.573974609375, v_loss 1.353759765625 ,lr 0.00010000000000000002
INFO:root:epoch 4, Episode 23, total_loss: 1608.8929443359375, q_loss 1607.118408203125, v_loss 1.7745361328125 ,lr 0.00010000000000000002
INFO:root:epoch 4, Episode 24, total_loss: 1112.6202392578125, q_loss 1111.2891845703125, v_loss 1.331024169921875 ,lr 0.00010000000000000002
INFO:root:epoch 4, Episode 25, total_loss: 1259.7064208984375, q_loss 1258.052001953125, v_loss 1.6544189453125 ,lr 0.00010000000000000002
INFO:root:epoch 4, Episode 26, total_loss: 1449.16455078125, q_loss 1447.7484130859375, v_loss 1.4161224365234375 ,lr 0.00010000000000000002
INFO:root:epoch 4, Episode 27, total_loss: 2412.684814453125, q_loss 2410.95751953125, v_loss 1.7273330688476562 ,lr 0.00010000000000000002
INFO:root:epoch 4, Episode 28, total_loss: 1234.4307861328125, q_loss 1233.0650634765625, v_loss 1.365753173828125 ,lr 0.00010000000000000002
INFO:root:epoch 4, Episode 29, total_loss: 2719.102294921875, q_loss 2717.74267578125, v_loss 1.3595428466796875 ,lr 0.00010000000000000002
INFO:root:epoch 4, Episode 30, total_loss: 1254.3221435546875, q_loss 1253.137939453125, v_loss 1.1841583251953125 ,lr 0.00010000000000000002
INFO:root:epoch 4, Episode 31, total_loss: 2411.20166015625, q_loss 2409.391357421875, v_loss 1.81036376953125 ,lr 0.00010000000000000002
INFO:root:epoch 4, Episode 32, total_loss: 1572.3988037109375, q_loss 1571.2158203125, v_loss 1.1830291748046875 ,lr 0.00010000000000000002
INFO:root:epoch 4, Episode 33, total_loss: 2906.466796875, q_loss 2905.40185546875, v_loss 1.06494140625 ,lr 0.00010000000000000002
INFO:root:epoch 4, Episode 34, total_loss: 1701.6126708984375, q_loss 1700.1234130859375, v_loss 1.4892578125 ,lr 0.00010000000000000002
INFO:root:epoch 4, Episode 35, total_loss: 2954.348388671875, q_loss 2953.598876953125, v_loss 0.7495269775390625 ,lr 0.00010000000000000002
INFO:root:epoch 4, Episode 36, total_loss: 1103.61279296875, q_loss 1101.9874267578125, v_loss 1.6253662109375 ,lr 0.00010000000000000002
INFO:root:epoch 4, Episode 37, total_loss: 964.2225341796875, q_loss 962.5567626953125, v_loss 1.6657562255859375 ,lr 0.00010000000000000002
INFO:root:epoch 4, Episode 38, total_loss: 1770.6612548828125, q_loss 1768.7847900390625, v_loss 1.8764495849609375 ,lr 0.00010000000000000002
INFO:root:epoch 4, Episode 39, total_loss: 1321.89306640625, q_loss 1320.2352294921875, v_loss 1.6578216552734375 ,lr 0.00010000000000000002
INFO:root:epoch 4, Episode 40, total_loss: 2940.177490234375, q_loss 2938.656982421875, v_loss 1.5204315185546875 ,lr 0.00010000000000000002
INFO:root:epoch 4, Episode 41, total_loss: 1054.65087890625, q_loss 1052.8714599609375, v_loss 1.77935791015625 ,lr 0.00010000000000000002
INFO:root:epoch 4, Episode 42, total_loss: 1285.5439453125, q_loss 1284.091552734375, v_loss 1.452392578125 ,lr 0.00010000000000000002
INFO:root:epoch 4, Episode 43, total_loss: 1076.8077392578125, q_loss 1075.6187744140625, v_loss 1.1889190673828125 ,lr 0.00010000000000000002
INFO:root:epoch 4, Episode 44, total_loss: 2399.2578125, q_loss 2397.041748046875, v_loss 2.215972900390625 ,lr 0.00010000000000000002
INFO:root:epoch 4, Episode 45, total_loss: 3186.810546875, q_loss 3186.01611328125, v_loss 0.7944564819335938 ,lr 0.00010000000000000002
INFO:root:epoch 4, Episode 46, total_loss: 1079.9697265625, q_loss 1078.86767578125, v_loss 1.1020050048828125 ,lr 0.00010000000000000002
INFO:root:epoch 4, Episode 47, total_loss: 867.5941162109375, q_loss 866.64111328125, v_loss 0.9529876708984375 ,lr 0.00010000000000000002
INFO:root:epoch 4, Episode 48, total_loss: 1538.9737548828125, q_loss 1537.8685302734375, v_loss 1.1052703857421875 ,lr 0.00010000000000000002
INFO:root:epoch 4, Episode 49, total_loss: 797.75, q_loss 797.1714477539062, v_loss 0.57855224609375 ,lr 0.00010000000000000002
INFO:root:epoch 4, Episode 50, total_loss: 1336.44580078125, q_loss 1335.4508056640625, v_loss 0.99493408203125 ,lr 0.00010000000000000002
INFO:root:epoch 4, Episode 51, total_loss: 1453.9041748046875, q_loss 1452.77978515625, v_loss 1.1243743896484375 ,lr 0.00010000000000000002
INFO:root:epoch 4, Episode 52, total_loss: 1252.0426025390625, q_loss 1251.0635986328125, v_loss 0.979034423828125 ,lr 0.00010000000000000002
INFO:root:epoch 4, Episode 53, total_loss: 1809.8489990234375, q_loss 1808.495361328125, v_loss 1.353607177734375 ,lr 0.00010000000000000002
INFO:root:epoch 4, Episode 54, total_loss: 785.8688354492188, q_loss 785.3995971679688, v_loss 0.46923828125 ,lr 0.00010000000000000002
INFO:root:epoch 4, Episode 55, total_loss: 1487.9178466796875, q_loss 1486.796875, v_loss 1.120941162109375 ,lr 0.00010000000000000002
INFO:root:epoch 4, Episode 56, total_loss: 2648.71337890625, q_loss 2647.67333984375, v_loss 1.040008544921875 ,lr 0.00010000000000000002
INFO:root:epoch 4, Episode 57, total_loss: 1632.7528076171875, q_loss 1631.8870849609375, v_loss 0.8657684326171875 ,lr 0.00010000000000000002
INFO:root:epoch 4, Episode 58, total_loss: 1037.44091796875, q_loss 1036.7760009765625, v_loss 0.6649627685546875 ,lr 0.00010000000000000002
INFO:root:epoch 4, Episode 59, total_loss: 1308.342041015625, q_loss 1307.5126953125, v_loss 0.8293914794921875 ,lr 0.00010000000000000002
INFO:root:epoch 4, Episode 60, total_loss: 1383.041015625, q_loss 1382.16845703125, v_loss 0.8726043701171875 ,lr 0.00010000000000000002
INFO:root:epoch 4, Episode 61, total_loss: 907.569580078125, q_loss 906.7279663085938, v_loss 0.84161376953125 ,lr 0.00010000000000000002
INFO:root:epoch 4, Episode 62, total_loss: 1952.5286865234375, q_loss 1951.73974609375, v_loss 0.788970947265625 ,lr 0.00010000000000000002
INFO:root:epoch 4, Episode 63, total_loss: 1090.19384765625, q_loss 1089.4254150390625, v_loss 0.7684783935546875 ,lr 0.00010000000000000002
INFO:root:epoch 4, Episode 64, total_loss: 961.9183349609375, q_loss 961.0840454101562, v_loss 0.834259033203125 ,lr 0.00010000000000000002
INFO:root:epoch 4, Episode 65, total_loss: 1312.640869140625, q_loss 1311.6336669921875, v_loss 1.00714111328125 ,lr 0.00010000000000000002
INFO:root:epoch 4, Episode 66, total_loss: 1695.2716064453125, q_loss 1694.130859375, v_loss 1.1407318115234375 ,lr 0.00010000000000000002
INFO:root:epoch 4, Episode 67, total_loss: 2691.06298828125, q_loss 2690.09716796875, v_loss 0.9658966064453125 ,lr 0.00010000000000000002
INFO:root:epoch 4, Episode 68, total_loss: 2562.583740234375, q_loss 2561.50048828125, v_loss 1.0831756591796875 ,lr 0.00010000000000000002
INFO:root:epoch 4, Episode 69, total_loss: 1251.3865966796875, q_loss 1250.2222900390625, v_loss 1.1642608642578125 ,lr 0.00010000000000000002
INFO:root:epoch 4, Episode 70, total_loss: 1087.1800537109375, q_loss 1086.093017578125, v_loss 1.0870819091796875 ,lr 0.00010000000000000002
INFO:root:epoch 4, Episode 71, total_loss: 3818.03271484375, q_loss 3816.82763671875, v_loss 1.205047607421875 ,lr 0.00010000000000000002
INFO:root:epoch 4, Episode 72, total_loss: 1973.14697265625, q_loss 1971.6568603515625, v_loss 1.4901275634765625 ,lr 0.00010000000000000002
INFO:root:epoch 4, Episode 73, total_loss: 2119.1123046875, q_loss 2117.926513671875, v_loss 1.1858367919921875 ,lr 0.00010000000000000002
INFO:root:epoch 4, Episode 74, total_loss: 829.0873413085938, q_loss 827.4801635742188, v_loss 1.607177734375 ,lr 0.00010000000000000002
INFO:root:epoch 4, Episode 75, total_loss: 1906.7769775390625, q_loss 1905.2032470703125, v_loss 1.5736846923828125 ,lr 0.00010000000000000002
INFO:root:epoch 4, Episode 76, total_loss: 1674.499755859375, q_loss 1673.0780029296875, v_loss 1.4217071533203125 ,lr 0.00010000000000000002
INFO:root:epoch 4, Episode 77, total_loss: 2202.419189453125, q_loss 2201.4423828125, v_loss 0.9767608642578125 ,lr 0.00010000000000000002
INFO:root:epoch 4, Episode 78, total_loss: 1818.032958984375, q_loss 1816.92529296875, v_loss 1.107696533203125 ,lr 0.00010000000000000002
INFO:root:epoch 4, Episode 79, total_loss: 1213.50244140625, q_loss 1212.4447021484375, v_loss 1.0577392578125 ,lr 0.00010000000000000002
INFO:root:epoch 4, Episode 80, total_loss: 3200.905029296875, q_loss 3199.89453125, v_loss 1.0104293823242188 ,lr 0.00010000000000000002
INFO:root:epoch 4, Episode 81, total_loss: 1207.1827392578125, q_loss 1206.1343994140625, v_loss 1.0483856201171875 ,lr 0.00010000000000000002
INFO:root:epoch 4, Episode 82, total_loss: 3109.528564453125, q_loss 3108.799072265625, v_loss 0.7295379638671875 ,lr 0.00010000000000000002
INFO:root:epoch 4, Episode 83, total_loss: 734.095703125, q_loss 733.3613891601562, v_loss 0.73431396484375 ,lr 0.00010000000000000002
INFO:root:epoch 4, Episode 84, total_loss: 1099.943603515625, q_loss 1099.0938720703125, v_loss 0.84979248046875 ,lr 0.00010000000000000002
INFO:root:epoch 4, Episode 85, total_loss: 1571.98095703125, q_loss 1571.0086669921875, v_loss 0.972320556640625 ,lr 0.00010000000000000002
INFO:root:epoch 4, Episode 86, total_loss: 2358.32958984375, q_loss 2357.135498046875, v_loss 1.194183349609375 ,lr 0.00010000000000000002
INFO:root:epoch 4, Episode 87, total_loss: 982.271240234375, q_loss 981.4226684570312, v_loss 0.848602294921875 ,lr 0.00010000000000000002
INFO:root:epoch 4, Episode 88, total_loss: 757.5218505859375, q_loss 756.8023071289062, v_loss 0.719573974609375 ,lr 0.00010000000000000002
INFO:root:epoch 4, Episode 89, total_loss: 3277.3193359375, q_loss 3276.382080078125, v_loss 0.937164306640625 ,lr 0.00010000000000000002
INFO:root:epoch 4, Episode 90, total_loss: 1039.77392578125, q_loss 1038.7645263671875, v_loss 1.0094451904296875 ,lr 0.00010000000000000002
INFO:root:epoch 4, Episode 91, total_loss: 2232.915283203125, q_loss 2231.71484375, v_loss 1.2003326416015625 ,lr 0.00010000000000000002
INFO:root:epoch 4, Episode 92, total_loss: 1539.2413330078125, q_loss 1538.423095703125, v_loss 0.8182373046875 ,lr 0.00010000000000000002
INFO:root:epoch 4, Episode 93, total_loss: 1335.4031982421875, q_loss 1334.1802978515625, v_loss 1.2228851318359375 ,lr 0.00010000000000000002
INFO:root:epoch 4, Episode 94, total_loss: 1098.5009765625, q_loss 1097.40576171875, v_loss 1.09515380859375 ,lr 0.00010000000000000002
INFO:root:epoch 4, Episode 95, total_loss: 1480.227783203125, q_loss 1479.0947265625, v_loss 1.133056640625 ,lr 0.00010000000000000002
INFO:root:epoch 4, Episode 96, total_loss: 1314.5986328125, q_loss 1313.683837890625, v_loss 0.914764404296875 ,lr 0.00010000000000000002
INFO:root:epoch 4, Episode 97, total_loss: 2209.229736328125, q_loss 2208.58935546875, v_loss 0.6403350830078125 ,lr 0.00010000000000000002
INFO:root:epoch 4, Episode 98, total_loss: 1261.217529296875, q_loss 1260.2291259765625, v_loss 0.98846435546875 ,lr 0.00010000000000000002
INFO:root:epoch 4, Episode 99, total_loss: 1369.884033203125, q_loss 1368.984619140625, v_loss 0.899444580078125 ,lr 0.00010000000000000002
INFO:root:epoch 4, Episode 100, total_loss: 2288.941650390625, q_loss 2287.938720703125, v_loss 1.0028228759765625 ,lr 0.00010000000000000002
INFO:root:epoch 4, Episode 101, total_loss: 1201.5699462890625, q_loss 1200.700439453125, v_loss 0.8694915771484375 ,lr 0.00010000000000000002
INFO:root:epoch 4, Episode 102, total_loss: 1348.82421875, q_loss 1347.9564208984375, v_loss 0.8678436279296875 ,lr 0.00010000000000000002
INFO:root:epoch 4, Episode 103, total_loss: 2688.625732421875, q_loss 2687.58349609375, v_loss 1.0423431396484375 ,lr 0.00010000000000000002
INFO:root:epoch 4, Episode 104, total_loss: 1050.8333740234375, q_loss 1049.920166015625, v_loss 0.9132537841796875 ,lr 0.00010000000000000002
INFO:root:epoch 4, Episode 105, total_loss: 1561.3909912109375, q_loss 1560.4813232421875, v_loss 0.9097137451171875 ,lr 0.00010000000000000002
INFO:root:epoch 4, Episode 106, total_loss: 1823.10791015625, q_loss 1822.1458740234375, v_loss 0.9620208740234375 ,lr 0.00010000000000000002
INFO:root:epoch 4, Episode 107, total_loss: 787.832275390625, q_loss 786.6824340820312, v_loss 1.149871826171875 ,lr 0.00010000000000000002
INFO:root:epoch 4, Episode 108, total_loss: 2210.4580078125, q_loss 2209.29541015625, v_loss 1.16259765625 ,lr 0.00010000000000000002
INFO:root:epoch 4, Episode 109, total_loss: 1429.71240234375, q_loss 1428.552490234375, v_loss 1.1598968505859375 ,lr 0.00010000000000000002
INFO:root:epoch 4, Episode 110, total_loss: 1693.5303955078125, q_loss 1692.43115234375, v_loss 1.0992889404296875 ,lr 0.00010000000000000002
INFO:root:epoch 4, Episode 111, total_loss: 921.1380615234375, q_loss 919.867431640625, v_loss 1.2706298828125 ,lr 0.00010000000000000002
INFO:root:epoch 4, Episode 112, total_loss: 1195.2269287109375, q_loss 1194.14404296875, v_loss 1.0828704833984375 ,lr 0.00010000000000000002
INFO:root:epoch 4, Episode 113, total_loss: 1019.653564453125, q_loss 1018.5948486328125, v_loss 1.0587310791015625 ,lr 0.00010000000000000002
INFO:root:epoch 4, Episode 114, total_loss: 1946.458984375, q_loss 1945.37255859375, v_loss 1.0864105224609375 ,lr 0.00010000000000000002
INFO:root:epoch 4, Episode 115, total_loss: 1442.587158203125, q_loss 1441.6630859375, v_loss 0.92413330078125 ,lr 0.00010000000000000002
INFO:root:epoch 4, Episode 116, total_loss: 2676.035400390625, q_loss 2675.113037109375, v_loss 0.92236328125 ,lr 0.00010000000000000002
INFO:root:epoch 4, Episode 117, total_loss: 1105.7647705078125, q_loss 1104.728515625, v_loss 1.0362548828125 ,lr 0.00010000000000000002
INFO:root:epoch 4, Episode 118, total_loss: 1497.7763671875, q_loss 1496.690673828125, v_loss 1.08563232421875 ,lr 0.00010000000000000002
INFO:root:epoch 4, Episode 119, total_loss: 1340.884765625, q_loss 1339.7882080078125, v_loss 1.0965118408203125 ,lr 0.00010000000000000002
INFO:root:epoch 4, Episode 120, total_loss: 1310.0518798828125, q_loss 1308.884033203125, v_loss 1.167816162109375 ,lr 0.00010000000000000002
INFO:root:epoch 4, Episode 121, total_loss: 1878.263916015625, q_loss 1877.238037109375, v_loss 1.0258636474609375 ,lr 0.00010000000000000002
INFO:root:epoch 4, Episode 122, total_loss: 1874.8885498046875, q_loss 1873.7216796875, v_loss 1.1668701171875 ,lr 0.00010000000000000002
INFO:root:epoch 4, Episode 123, total_loss: 1979.8094482421875, q_loss 1978.7373046875, v_loss 1.072174072265625 ,lr 0.00010000000000000002
INFO:root:epoch 4, Episode 124, total_loss: 1235.458740234375, q_loss 1234.307373046875, v_loss 1.1513824462890625 ,lr 0.00010000000000000002
INFO:root:epoch 4, Episode 125, total_loss: 1481.546875, q_loss 1480.340087890625, v_loss 1.2067413330078125 ,lr 0.00010000000000000002
INFO:root:epoch 4, Episode 126, total_loss: 1212.1387939453125, q_loss 1211.0670166015625, v_loss 1.071746826171875 ,lr 0.00010000000000000002
INFO:root:epoch 4, Episode 127, total_loss: 1416.5224609375, q_loss 1415.51123046875, v_loss 1.01123046875 ,lr 0.00010000000000000002
INFO:root:epoch 4, Episode 128, total_loss: 1551.5968017578125, q_loss 1550.4613037109375, v_loss 1.1354827880859375 ,lr 0.00010000000000000002
INFO:root:epoch 4, Episode 129, total_loss: 1565.555908203125, q_loss 1564.54736328125, v_loss 1.0085601806640625 ,lr 0.00010000000000000002
INFO:root:epoch 4, Episode 130, total_loss: 3876.244140625, q_loss 3875.32177734375, v_loss 0.9223785400390625 ,lr 0.00010000000000000002
INFO:root:epoch 4, Episode 131, total_loss: 1169.87158203125, q_loss 1168.9818115234375, v_loss 0.8897552490234375 ,lr 0.00010000000000000002
INFO:root:epoch 4, Episode 132, total_loss: 1422.7093505859375, q_loss 1421.89404296875, v_loss 0.815338134765625 ,lr 0.00010000000000000002
INFO:root:epoch 4, Episode 133, total_loss: 1828.9010009765625, q_loss 1828.140625, v_loss 0.7603607177734375 ,lr 0.00010000000000000002
INFO:root:epoch 4, Episode 134, total_loss: 2753.489501953125, q_loss 2752.47314453125, v_loss 1.01641845703125 ,lr 0.00010000000000000002
INFO:root:epoch 4, Episode 135, total_loss: 822.5791625976562, q_loss 821.7407836914062, v_loss 0.8383636474609375 ,lr 0.00010000000000000002
INFO:root:epoch 4, Episode 136, total_loss: 1199.7767333984375, q_loss 1198.9404296875, v_loss 0.836334228515625 ,lr 0.00010000000000000002
INFO:root:epoch 4, Episode 137, total_loss: 1774.629150390625, q_loss 1773.7171630859375, v_loss 0.9120025634765625 ,lr 0.00010000000000000002
INFO:root:epoch 4, Episode 138, total_loss: 1494.144287109375, q_loss 1493.1256103515625, v_loss 1.018707275390625 ,lr 0.00010000000000000002
INFO:root:epoch 4, Episode 139, total_loss: 1535.4912109375, q_loss 1534.4564208984375, v_loss 1.0347747802734375 ,lr 0.00010000000000000002
INFO:root:epoch 4, Episode 140, total_loss: 1520.98388671875, q_loss 1519.99609375, v_loss 0.9877471923828125 ,lr 0.00010000000000000002
INFO:root:epoch 4, Episode 141, total_loss: 1948.588623046875, q_loss 1947.149658203125, v_loss 1.4389801025390625 ,lr 0.00010000000000000002
INFO:root:epoch 4, Episode 142, total_loss: 1476.34814453125, q_loss 1475.357666015625, v_loss 0.990509033203125 ,lr 0.00010000000000000002
INFO:root:epoch 4, Episode 143, total_loss: 2487.16162109375, q_loss 2485.974609375, v_loss 1.18707275390625 ,lr 0.00010000000000000002
INFO:root:epoch 4, Episode 144, total_loss: 1198.97705078125, q_loss 1197.9722900390625, v_loss 1.0048065185546875 ,lr 0.00010000000000000002
INFO:root:epoch 4, Episode 145, total_loss: 1191.1165771484375, q_loss 1190.385009765625, v_loss 0.731597900390625 ,lr 0.00010000000000000002
INFO:root:epoch 4, Episode 146, total_loss: 1495.2283935546875, q_loss 1494.2318115234375, v_loss 0.99658203125 ,lr 0.00010000000000000002
INFO:root:epoch 4, Episode 147, total_loss: 1147.3792724609375, q_loss 1146.5887451171875, v_loss 0.7905731201171875 ,lr 0.00010000000000000002
INFO:root:epoch 4, Episode 148, total_loss: 1106.767333984375, q_loss 1105.9412841796875, v_loss 0.82598876953125 ,lr 0.00010000000000000002
INFO:root:epoch 4, Episode 149, total_loss: 1216.5072021484375, q_loss 1215.6470947265625, v_loss 0.860076904296875 ,lr 0.00010000000000000002
INFO:root:epoch 4, Episode 150, total_loss: 1748.4422607421875, q_loss 1747.601318359375, v_loss 0.8409423828125 ,lr 0.00010000000000000002
INFO:root:epoch 4, Episode 151, total_loss: 1468.87548828125, q_loss 1468.0926513671875, v_loss 0.782806396484375 ,lr 0.00010000000000000002
INFO:root:epoch 4, Episode 152, total_loss: 1800.6944580078125, q_loss 1799.677001953125, v_loss 1.0175018310546875 ,lr 0.00010000000000000002
INFO:root:epoch 4, Episode 153, total_loss: 2920.712646484375, q_loss 2919.791748046875, v_loss 0.9209442138671875 ,lr 0.00010000000000000002
INFO:root:epoch 4, Episode 154, total_loss: 818.2286376953125, q_loss 817.4509887695312, v_loss 0.777618408203125 ,lr 0.00010000000000000002
INFO:root:epoch 4, Episode 155, total_loss: 1199.0042724609375, q_loss 1198.1151123046875, v_loss 0.88916015625 ,lr 0.00010000000000000002
INFO:root:epoch 4, Episode 156, total_loss: 1703.9940185546875, q_loss 1702.900146484375, v_loss 1.093841552734375 ,lr 0.00010000000000000002
INFO:root:epoch 4, Episode 157, total_loss: 1831.563720703125, q_loss 1830.4869384765625, v_loss 1.0767669677734375 ,lr 0.00010000000000000002
INFO:root:epoch 4, Episode 158, total_loss: 2494.097900390625, q_loss 2493.12109375, v_loss 0.976837158203125 ,lr 0.00010000000000000002
INFO:root:epoch 4, Episode 159, total_loss: 1545.062744140625, q_loss 1544.0465087890625, v_loss 1.0162506103515625 ,lr 0.00010000000000000002
INFO:root:epoch 4, Episode 160, total_loss: 1637.1048583984375, q_loss 1636.009033203125, v_loss 1.0957794189453125 ,lr 0.00010000000000000002
INFO:root:epoch 4, Episode 161, total_loss: 1935.8568115234375, q_loss 1934.8101806640625, v_loss 1.0466461181640625 ,lr 0.00010000000000000002
INFO:root:epoch 4, Episode 162, total_loss: 1488.5572509765625, q_loss 1487.499755859375, v_loss 1.0575103759765625 ,lr 0.00010000000000000002
INFO:root:epoch 4, Episode 163, total_loss: 1258.626953125, q_loss 1257.6651611328125, v_loss 0.9618377685546875 ,lr 0.00010000000000000002
INFO:root:epoch 4, Episode 164, total_loss: 2009.650146484375, q_loss 2008.84716796875, v_loss 0.802978515625 ,lr 0.00010000000000000002
INFO:root:epoch 4, Episode 165, total_loss: 2362.203125, q_loss 2361.060302734375, v_loss 1.1428680419921875 ,lr 0.00010000000000000002
INFO:root:epoch 4, Episode 166, total_loss: 1712.831298828125, q_loss 1711.8331298828125, v_loss 0.998138427734375 ,lr 0.00010000000000000002
INFO:root:epoch 4, Episode 167, total_loss: 3337.430908203125, q_loss 3336.478515625, v_loss 0.9524078369140625 ,lr 0.00010000000000000002
INFO:root:epoch 4, Episode 168, total_loss: 1386.264892578125, q_loss 1385.4459228515625, v_loss 0.819000244140625 ,lr 0.00010000000000000002
INFO:root:epoch 4, Episode 169, total_loss: 1448.8826904296875, q_loss 1448.08251953125, v_loss 0.8001251220703125 ,lr 0.00010000000000000002
INFO:root:epoch 4, Episode 170, total_loss: 709.2821655273438, q_loss 708.8062744140625, v_loss 0.4759063720703125 ,lr 0.00010000000000000002
INFO:root:epoch 4, Episode 171, total_loss: 1350.7901611328125, q_loss 1349.9000244140625, v_loss 0.8901824951171875 ,lr 0.00010000000000000002
INFO:root:epoch 4, Episode 172, total_loss: 3185.99951171875, q_loss 3184.877685546875, v_loss 1.1219329833984375 ,lr 0.00010000000000000002
INFO:root:epoch 4, Episode 173, total_loss: 1390.7803955078125, q_loss 1390.0054931640625, v_loss 0.7748565673828125 ,lr 0.00010000000000000002
INFO:root:epoch 4, Episode 174, total_loss: 1136.091796875, q_loss 1135.49267578125, v_loss 0.599090576171875 ,lr 0.00010000000000000002
INFO:root:epoch 4, Episode 175, total_loss: 2759.5869140625, q_loss 2757.89013671875, v_loss 1.69677734375 ,lr 0.00010000000000000002
INFO:root:epoch 4, Episode 176, total_loss: 1703.0281982421875, q_loss 1702.3316650390625, v_loss 0.696502685546875 ,lr 0.00010000000000000002
INFO:root:epoch 4, Episode 177, total_loss: 1764.89990234375, q_loss 1763.6248779296875, v_loss 1.275054931640625 ,lr 0.00010000000000000002
INFO:root:epoch 4, Episode 178, total_loss: 1040.397705078125, q_loss 1039.2686767578125, v_loss 1.1290740966796875 ,lr 0.00010000000000000002
INFO:root:epoch 4, Episode 179, total_loss: 1561.9176025390625, q_loss 1560.8731689453125, v_loss 1.04443359375 ,lr 0.00010000000000000002
INFO:root:epoch 4, Episode 180, total_loss: 1145.525634765625, q_loss 1144.2440185546875, v_loss 1.28155517578125 ,lr 0.00010000000000000002
INFO:root:epoch 4, Episode 181, total_loss: 1335.4112548828125, q_loss 1334.3385009765625, v_loss 1.072723388671875 ,lr 0.00010000000000000002
INFO:root:epoch 4, Episode 182, total_loss: 1376.479736328125, q_loss 1375.31298828125, v_loss 1.166778564453125 ,lr 0.00010000000000000002
INFO:root:epoch 4, Episode 183, total_loss: 1544.7578125, q_loss 1543.628173828125, v_loss 1.1296234130859375 ,lr 0.00010000000000000002
INFO:root:epoch 4, Episode 184, total_loss: 3399.12890625, q_loss 3398.29296875, v_loss 0.83599853515625 ,lr 0.00010000000000000002
INFO:root:epoch 4, Episode 185, total_loss: 2906.44140625, q_loss 2905.49267578125, v_loss 0.94879150390625 ,lr 0.00010000000000000002
INFO:root:epoch 4, Episode 186, total_loss: 1749.243896484375, q_loss 1748.37890625, v_loss 0.86505126953125 ,lr 0.00010000000000000002
INFO:root:epoch 4, Episode 187, total_loss: 1370.54736328125, q_loss 1369.6236572265625, v_loss 0.923675537109375 ,lr 0.00010000000000000002
INFO:root:epoch 4, Episode 188, total_loss: 2064.655029296875, q_loss 2063.646240234375, v_loss 1.00885009765625 ,lr 0.00010000000000000002
INFO:root:epoch 4, Episode 189, total_loss: 3910.51904296875, q_loss 3909.56982421875, v_loss 0.9490966796875 ,lr 0.00010000000000000002
INFO:root:epoch 4, Episode 190, total_loss: 1386.206787109375, q_loss 1385.1700439453125, v_loss 1.036712646484375 ,lr 0.00010000000000000002
INFO:root:epoch 4, Episode 191, total_loss: 2217.81982421875, q_loss 2216.72265625, v_loss 1.097259521484375 ,lr 0.00010000000000000002
INFO:root:epoch 4, Episode 192, total_loss: 1243.5791015625, q_loss 1242.4515380859375, v_loss 1.1275482177734375 ,lr 0.00010000000000000002
INFO:root:epoch 4, Episode 193, total_loss: 876.15087890625, q_loss 874.986572265625, v_loss 1.1643218994140625 ,lr 0.00010000000000000002
INFO:root:epoch 4, Episode 194, total_loss: 1462.8895263671875, q_loss 1461.8441162109375, v_loss 1.0454254150390625 ,lr 0.00010000000000000002
INFO:root:epoch 4, Episode 195, total_loss: 1467.13916015625, q_loss 1466.0474853515625, v_loss 1.0917205810546875 ,lr 0.00010000000000000002
INFO:root:epoch 4, Episode 196, total_loss: 1740.256591796875, q_loss 1739.129150390625, v_loss 1.12744140625 ,lr 0.00010000000000000002
INFO:root:epoch 4, Episode 197, total_loss: 1275.70263671875, q_loss 1274.6243896484375, v_loss 1.07818603515625 ,lr 0.00010000000000000002
INFO:root:epoch 4, Episode 198, total_loss: 3725.734375, q_loss 3724.689208984375, v_loss 1.045135498046875 ,lr 0.00010000000000000002
INFO:root:epoch 4, Episode 199, total_loss: 1385.302490234375, q_loss 1384.3236083984375, v_loss 0.97882080078125 ,lr 0.00010000000000000002
INFO:root:epoch 4, Episode 200, total_loss: 1236.662109375, q_loss 1235.889892578125, v_loss 0.772247314453125 ,lr 0.00010000000000000002
INFO:root:epoch 4, Episode 201, total_loss: 1723.816650390625, q_loss 1722.869873046875, v_loss 0.9467620849609375 ,lr 0.00010000000000000002
INFO:root:epoch 4, Episode 202, total_loss: 1611.2744140625, q_loss 1610.29345703125, v_loss 0.98089599609375 ,lr 0.00010000000000000002
INFO:root:epoch 4, Episode 203, total_loss: 1676.390869140625, q_loss 1675.125732421875, v_loss 1.2651519775390625 ,lr 0.00010000000000000002
INFO:root:epoch 4, Episode 204, total_loss: 1845.650390625, q_loss 1844.4451904296875, v_loss 1.20526123046875 ,lr 0.00010000000000000002
INFO:root:epoch 4, Episode 205, total_loss: 993.9600830078125, q_loss 993.198974609375, v_loss 0.7611083984375 ,lr 0.00010000000000000002
INFO:root:epoch 4, Episode 206, total_loss: 699.6201171875, q_loss 698.9981079101562, v_loss 0.622039794921875 ,lr 0.00010000000000000002
INFO:root:epoch 4, Episode 207, total_loss: 1435.765380859375, q_loss 1434.731689453125, v_loss 1.0337371826171875 ,lr 0.00010000000000000002
INFO:root:epoch 4, Episode 208, total_loss: 975.231201171875, q_loss 974.2682495117188, v_loss 0.962982177734375 ,lr 0.00010000000000000002
INFO:root:epoch 4, Episode 209, total_loss: 1215.07666015625, q_loss 1214.2266845703125, v_loss 0.8499298095703125 ,lr 0.00010000000000000002
INFO:root:epoch 4, Episode 210, total_loss: 2632.523193359375, q_loss 2631.212646484375, v_loss 1.3106231689453125 ,lr 0.00010000000000000002
INFO:root:epoch 4, Episode 211, total_loss: 1075.0360107421875, q_loss 1074.0743408203125, v_loss 0.9617156982421875 ,lr 0.00010000000000000002
INFO:root:epoch 4, Episode 212, total_loss: 1766.884033203125, q_loss 1765.9078369140625, v_loss 0.9761810302734375 ,lr 0.00010000000000000002
INFO:root:epoch 4, Episode 213, total_loss: 1368.9356689453125, q_loss 1367.9293212890625, v_loss 1.0063934326171875 ,lr 0.00010000000000000002
INFO:root:epoch 4, Episode 214, total_loss: 1723.0616455078125, q_loss 1721.7872314453125, v_loss 1.2743682861328125 ,lr 0.00010000000000000002
INFO:root:epoch 4, Episode 215, total_loss: 1837.4134521484375, q_loss 1836.6102294921875, v_loss 0.8032684326171875 ,lr 0.00010000000000000002
INFO:root:epoch 4, Episode 216, total_loss: 1395.1873779296875, q_loss 1394.1239013671875, v_loss 1.0634918212890625 ,lr 0.00010000000000000002
INFO:root:epoch 4, Episode 217, total_loss: 1393.212890625, q_loss 1392.0966796875, v_loss 1.1162567138671875 ,lr 0.00010000000000000002
INFO:root:epoch 4, Episode 218, total_loss: 2170.187744140625, q_loss 2168.9912109375, v_loss 1.1965484619140625 ,lr 0.00010000000000000002
INFO:root:epoch 4, Episode 219, total_loss: 2172.61767578125, q_loss 2171.55615234375, v_loss 1.0615234375 ,lr 0.00010000000000000002
INFO:root:epoch 4, Episode 220, total_loss: 1299.0726318359375, q_loss 1298.056640625, v_loss 1.0160369873046875 ,lr 0.00010000000000000002
INFO:root:epoch 4, Episode 221, total_loss: 1632.9371337890625, q_loss 1631.9154052734375, v_loss 1.021759033203125 ,lr 0.00010000000000000002
INFO:root:epoch 4, Episode 222, total_loss: 1095.696044921875, q_loss 1094.611083984375, v_loss 1.0849609375 ,lr 0.00010000000000000002
INFO:root:epoch 4, Episode 223, total_loss: 1577.7769775390625, q_loss 1576.7496337890625, v_loss 1.02734375 ,lr 0.00010000000000000002
INFO:root:epoch 4, Episode 224, total_loss: 2987.711181640625, q_loss 2986.69189453125, v_loss 1.0193634033203125 ,lr 0.00010000000000000002
INFO:root:epoch 4, Episode 225, total_loss: 884.9471435546875, q_loss 883.9452514648438, v_loss 1.00189208984375 ,lr 0.00010000000000000002
INFO:root:epoch 4, Episode 226, total_loss: 1366.9434814453125, q_loss 1365.9556884765625, v_loss 0.987823486328125 ,lr 0.00010000000000000002
INFO:root:epoch 4, Episode 227, total_loss: 1214.1712646484375, q_loss 1213.233154296875, v_loss 0.9381103515625 ,lr 0.00010000000000000002
INFO:root:epoch 4, Episode 228, total_loss: 1581.25341796875, q_loss 1580.1512451171875, v_loss 1.102142333984375 ,lr 0.00010000000000000002
INFO:root:epoch 4, Episode 229, total_loss: 1672.5517578125, q_loss 1671.6937255859375, v_loss 0.8580780029296875 ,lr 0.00010000000000000002
INFO:root:epoch 4, Episode 230, total_loss: 1800.7412109375, q_loss 1799.5382080078125, v_loss 1.20294189453125 ,lr 0.00010000000000000002
INFO:root:epoch 4, Episode 231, total_loss: 1765.395751953125, q_loss 1764.4488525390625, v_loss 0.94696044921875 ,lr 0.00010000000000000002
INFO:root:epoch 4, Episode 232, total_loss: 3282.603271484375, q_loss 3281.698974609375, v_loss 0.904205322265625 ,lr 0.00010000000000000002
INFO:root:epoch 4, Episode 233, total_loss: 3231.456298828125, q_loss 3229.814208984375, v_loss 1.64208984375 ,lr 0.00010000000000000002
INFO:root:epoch 4, Episode 234, total_loss: 1153.0670166015625, q_loss 1151.9765625, v_loss 1.0904998779296875 ,lr 0.00010000000000000002
INFO:root:epoch 4, Episode 235, total_loss: 3672.378662109375, q_loss 3671.46875, v_loss 0.9098052978515625 ,lr 0.00010000000000000002
INFO:root:epoch 4, Episode 236, total_loss: 2444.901611328125, q_loss 2443.517822265625, v_loss 1.3838348388671875 ,lr 0.00010000000000000002
INFO:root:epoch 4, Episode 237, total_loss: 1443.6976318359375, q_loss 1442.662353515625, v_loss 1.0352783203125 ,lr 0.00010000000000000002
INFO:root:epoch 4, Episode 238, total_loss: 1473.6837158203125, q_loss 1472.6854248046875, v_loss 0.998291015625 ,lr 0.00010000000000000002
INFO:root:epoch 4, Episode 239, total_loss: 1059.03857421875, q_loss 1058.1361083984375, v_loss 0.9024810791015625 ,lr 0.00010000000000000002
INFO:root:epoch 4, Episode 240, total_loss: 1367.5654296875, q_loss 1366.56103515625, v_loss 1.00439453125 ,lr 0.00010000000000000002
INFO:root:epoch 4, Episode 241, total_loss: 3506.68017578125, q_loss 3505.7666015625, v_loss 0.9136199951171875 ,lr 0.00010000000000000002
INFO:root:epoch 4, Episode 242, total_loss: 1448.035400390625, q_loss 1446.9796142578125, v_loss 1.05572509765625 ,lr 0.00010000000000000002
INFO:root:epoch 4, Episode 243, total_loss: 1689.924072265625, q_loss 1688.8743896484375, v_loss 1.049652099609375 ,lr 0.00010000000000000002
INFO:root:epoch 4, Episode 244, total_loss: 1028.1483154296875, q_loss 1027.2078857421875, v_loss 0.9404449462890625 ,lr 0.00010000000000000002
INFO:root:epoch 4, Episode 245, total_loss: 1123.8533935546875, q_loss 1123.008056640625, v_loss 0.8453369140625 ,lr 0.00010000000000000002
INFO:root:epoch 4, Episode 246, total_loss: 2241.194091796875, q_loss 2240.471923828125, v_loss 0.722198486328125 ,lr 0.00010000000000000002
INFO:root:epoch 4, Episode 247, total_loss: 2247.543701171875, q_loss 2246.0849609375, v_loss 1.4587860107421875 ,lr 0.00010000000000000002
INFO:root:epoch 4, Episode 248, total_loss: 2672.17822265625, q_loss 2670.673583984375, v_loss 1.504730224609375 ,lr 0.00010000000000000002
INFO:root:epoch 4, Episode 249, total_loss: 998.6353149414062, q_loss 997.8981323242188, v_loss 0.7371978759765625 ,lr 0.00010000000000000002
INFO:root:epoch 4, Episode 250, total_loss: 1203.2724609375, q_loss 1202.3492431640625, v_loss 0.9232330322265625 ,lr 0.00010000000000000002
INFO:root:epoch 4, Episode 251, total_loss: 1534.1424560546875, q_loss 1533.302001953125, v_loss 0.840423583984375 ,lr 0.00010000000000000002
INFO:root:epoch 4, Episode 252, total_loss: 1221.77490234375, q_loss 1220.8941650390625, v_loss 0.880767822265625 ,lr 0.00010000000000000002
INFO:root:epoch 4, Episode 253, total_loss: 1084.0670166015625, q_loss 1083.24560546875, v_loss 0.8213958740234375 ,lr 0.00010000000000000002
INFO:root:epoch 4, Episode 254, total_loss: 1271.1317138671875, q_loss 1270.3216552734375, v_loss 0.81005859375 ,lr 0.00010000000000000002
INFO:root:epoch 4, Episode 255, total_loss: 1521.241943359375, q_loss 1520.34814453125, v_loss 0.8937530517578125 ,lr 0.00010000000000000002
INFO:root:epoch 4, Episode 256, total_loss: 3212.640625, q_loss 3211.67578125, v_loss 0.9649505615234375 ,lr 0.00010000000000000002
INFO:root:epoch 4, Episode 257, total_loss: 1095.20849609375, q_loss 1094.1224365234375, v_loss 1.0860443115234375 ,lr 0.00010000000000000002
INFO:root:epoch 4, Episode 258, total_loss: 1516.8895263671875, q_loss 1515.639404296875, v_loss 1.2501220703125 ,lr 0.00010000000000000002
INFO:root:epoch 4, Episode 259, total_loss: 2480.85400390625, q_loss 2479.72314453125, v_loss 1.1307830810546875 ,lr 0.00010000000000000002
INFO:root:epoch 4, Episode 260, total_loss: 3576.94921875, q_loss 3575.030029296875, v_loss 1.9193115234375 ,lr 0.00010000000000000002
INFO:root:epoch 4, Episode 261, total_loss: 1449.574951171875, q_loss 1448.5247802734375, v_loss 1.05010986328125 ,lr 0.00010000000000000002
INFO:root:epoch 4, Episode 262, total_loss: 1686.54541015625, q_loss 1685.648193359375, v_loss 0.8972320556640625 ,lr 0.00010000000000000002
INFO:root:epoch 4, Episode 263, total_loss: 1888.977294921875, q_loss 1888.0091552734375, v_loss 0.96820068359375 ,lr 0.00010000000000000002
INFO:root:epoch 4, Episode 264, total_loss: 1704.0048828125, q_loss 1703.05712890625, v_loss 0.947723388671875 ,lr 0.00010000000000000002
INFO:root:epoch 4, Episode 265, total_loss: 989.8764038085938, q_loss 988.8895263671875, v_loss 0.9868927001953125 ,lr 0.00010000000000000002
INFO:root:epoch 4, Episode 266, total_loss: 1367.3287353515625, q_loss 1366.1239013671875, v_loss 1.2048187255859375 ,lr 0.00010000000000000002
INFO:root:epoch 4, Episode 267, total_loss: 1299.634765625, q_loss 1298.6622314453125, v_loss 0.972564697265625 ,lr 0.00010000000000000002
INFO:root:epoch 4, Episode 268, total_loss: 2089.2861328125, q_loss 2088.355712890625, v_loss 0.930450439453125 ,lr 0.00010000000000000002
INFO:root:epoch 4, Episode 269, total_loss: 1460.178466796875, q_loss 1459.0616455078125, v_loss 1.11676025390625 ,lr 0.00010000000000000002
INFO:root:epoch 4, Episode 270, total_loss: 1092.6549072265625, q_loss 1091.6827392578125, v_loss 0.97216796875 ,lr 0.00010000000000000002
INFO:root:epoch 4, Episode 271, total_loss: 3002.837158203125, q_loss 3001.841796875, v_loss 0.9954681396484375 ,lr 0.00010000000000000002
INFO:root:epoch 4, Episode 272, total_loss: 2156.7412109375, q_loss 2155.411865234375, v_loss 1.329437255859375 ,lr 0.00010000000000000002
INFO:root:epoch 4, Episode 273, total_loss: 1851.14794921875, q_loss 1850.187255859375, v_loss 0.9607086181640625 ,lr 0.00010000000000000002
INFO:root:epoch 4, Episode 274, total_loss: 1370.1072998046875, q_loss 1369.023681640625, v_loss 1.083648681640625 ,lr 0.00010000000000000002
INFO:root:epoch 4, Episode 275, total_loss: 1637.91259765625, q_loss 1637.034423828125, v_loss 0.8781280517578125 ,lr 0.00010000000000000002
INFO:root:epoch 4, Episode 276, total_loss: 1665.10302734375, q_loss 1664.0950927734375, v_loss 1.00799560546875 ,lr 0.00010000000000000002
INFO:root:epoch 4, Episode 277, total_loss: 1452.66748046875, q_loss 1451.652587890625, v_loss 1.0149078369140625 ,lr 0.00010000000000000002
INFO:root:epoch 4, Episode 278, total_loss: 1800.5677490234375, q_loss 1799.596435546875, v_loss 0.9712982177734375 ,lr 0.00010000000000000002
INFO:root:epoch 4, Episode 279, total_loss: 1865.303466796875, q_loss 1864.330322265625, v_loss 0.9731597900390625 ,lr 0.00010000000000000002
INFO:root:epoch 4, Episode 280, total_loss: 1329.177001953125, q_loss 1328.3350830078125, v_loss 0.8419647216796875 ,lr 0.00010000000000000002
INFO:root:epoch 4, Episode 281, total_loss: 1471.80615234375, q_loss 1470.869384765625, v_loss 0.936767578125 ,lr 0.00010000000000000002
INFO:root:epoch 4, Episode 282, total_loss: 1478.0223388671875, q_loss 1477.1534423828125, v_loss 0.868927001953125 ,lr 0.00010000000000000002
INFO:root:epoch 4, Episode 283, total_loss: 634.359619140625, q_loss 633.4681396484375, v_loss 0.8914642333984375 ,lr 0.00010000000000000002
INFO:root:epoch 4, Episode 284, total_loss: 974.77392578125, q_loss 973.8128051757812, v_loss 0.9611358642578125 ,lr 0.00010000000000000002
INFO:root:epoch 4, Episode 285, total_loss: 2631.066650390625, q_loss 2630.044921875, v_loss 1.021697998046875 ,lr 0.00010000000000000002
INFO:root:epoch 4, Episode 286, total_loss: 1518.0267333984375, q_loss 1516.9755859375, v_loss 1.051177978515625 ,lr 0.00010000000000000002
INFO:root:epoch 4, Episode 287, total_loss: 1097.61376953125, q_loss 1096.6522216796875, v_loss 0.961517333984375 ,lr 0.00010000000000000002
INFO:root:epoch 4, Episode 288, total_loss: 1270.15869140625, q_loss 1268.98095703125, v_loss 1.177703857421875 ,lr 0.00010000000000000002
INFO:root:epoch 4, Episode 289, total_loss: 1099.8519287109375, q_loss 1098.7811279296875, v_loss 1.0707550048828125 ,lr 0.00010000000000000002
INFO:root:epoch 4, Episode 290, total_loss: 1071.93359375, q_loss 1070.9122314453125, v_loss 1.021392822265625 ,lr 0.00010000000000000002
INFO:root:epoch 4, Episode 291, total_loss: 1439.6328125, q_loss 1438.560546875, v_loss 1.0723114013671875 ,lr 0.00010000000000000002
INFO:root:epoch 4, Episode 292, total_loss: 1545.6298828125, q_loss 1544.5487060546875, v_loss 1.0811767578125 ,lr 0.00010000000000000002
INFO:root:epoch 4, Episode 293, total_loss: 2838.36376953125, q_loss 2837.320068359375, v_loss 1.0436859130859375 ,lr 0.00010000000000000002
INFO:root:epoch 4, Episode 294, total_loss: 1332.9307861328125, q_loss 1331.906494140625, v_loss 1.0243377685546875 ,lr 0.00010000000000000002
INFO:root:epoch 4, Episode 295, total_loss: 2311.1337890625, q_loss 2310.009765625, v_loss 1.1241455078125 ,lr 0.00010000000000000002
INFO:root:epoch 4, Episode 296, total_loss: 1410.5770263671875, q_loss 1409.5714111328125, v_loss 1.0055999755859375 ,lr 0.00010000000000000002
INFO:root:epoch 4, Episode 297, total_loss: 1338.466796875, q_loss 1337.5087890625, v_loss 0.95806884765625 ,lr 0.00010000000000000002
INFO:root:epoch 4, Episode 298, total_loss: 1380.2529296875, q_loss 1379.2344970703125, v_loss 1.0183868408203125 ,lr 0.00010000000000000002
INFO:root:epoch 4, Episode 299, total_loss: 1384.4888916015625, q_loss 1383.40087890625, v_loss 1.0879974365234375 ,lr 0.00010000000000000002
INFO:root:epoch 4, Episode 300, total_loss: 1126.974853515625, q_loss 1125.999267578125, v_loss 0.9755706787109375 ,lr 0.00010000000000000002
INFO:root:epoch 4, Episode 301, total_loss: 1639.557861328125, q_loss 1638.557861328125, v_loss 0.999969482421875 ,lr 0.00010000000000000002
INFO:root:epoch 4, Episode 302, total_loss: 1368.2781982421875, q_loss 1367.24609375, v_loss 1.032073974609375 ,lr 0.00010000000000000002
INFO:root:epoch 4, Episode 303, total_loss: 938.1611938476562, q_loss 937.0707397460938, v_loss 1.0904388427734375 ,lr 0.00010000000000000002
INFO:root:epoch 4, Episode 304, total_loss: 1320.952880859375, q_loss 1319.9664306640625, v_loss 0.986419677734375 ,lr 0.00010000000000000002
INFO:root:epoch 4, Episode 305, total_loss: 1613.1966552734375, q_loss 1612.1455078125, v_loss 1.0511016845703125 ,lr 0.00010000000000000002
INFO:root:epoch 4, Episode 306, total_loss: 1671.7684326171875, q_loss 1670.59326171875, v_loss 1.175140380859375 ,lr 0.00010000000000000002
INFO:root:epoch 4, Episode 307, total_loss: 918.7107543945312, q_loss 917.5921020507812, v_loss 1.11865234375 ,lr 0.00010000000000000002
INFO:root:epoch 4, Episode 308, total_loss: 1341.162109375, q_loss 1340.1248779296875, v_loss 1.037261962890625 ,lr 0.00010000000000000002
INFO:root:epoch 4, Episode 309, total_loss: 1516.2718505859375, q_loss 1515.10302734375, v_loss 1.1688690185546875 ,lr 0.00010000000000000002
INFO:root:epoch 4, Episode 310, total_loss: 3386.34716796875, q_loss 3385.337646484375, v_loss 1.0095977783203125 ,lr 0.00010000000000000002
INFO:root:epoch 4, Episode 311, total_loss: 1149.1982421875, q_loss 1148.3172607421875, v_loss 0.880950927734375 ,lr 0.00010000000000000002
INFO:root:epoch 4, Episode 312, total_loss: 1465.1669921875, q_loss 1464.25439453125, v_loss 0.9125518798828125 ,lr 0.00010000000000000002
INFO:root:epoch 4, Episode 313, total_loss: 1917.097900390625, q_loss 1915.85693359375, v_loss 1.2409515380859375 ,lr 0.00010000000000000002
INFO:root:epoch 4, Episode 314, total_loss: 1107.8172607421875, q_loss 1107.062744140625, v_loss 0.7545166015625 ,lr 0.00010000000000000002
INFO:root:epoch 4, Episode 315, total_loss: 1077.7606201171875, q_loss 1076.916015625, v_loss 0.844573974609375 ,lr 0.00010000000000000002
INFO:root:epoch 4, Episode 316, total_loss: 1545.17578125, q_loss 1544.23193359375, v_loss 0.94384765625 ,lr 0.00010000000000000002
INFO:root:epoch 4, Episode 317, total_loss: 1263.121337890625, q_loss 1262.30859375, v_loss 0.8126983642578125 ,lr 0.00010000000000000002
INFO:root:epoch 4, Episode 318, total_loss: 1382.582275390625, q_loss 1381.6070556640625, v_loss 0.9752349853515625 ,lr 0.00010000000000000002
INFO:root:epoch 4, Episode 319, total_loss: 1342.2381591796875, q_loss 1341.357666015625, v_loss 0.8805389404296875 ,lr 0.00010000000000000002
INFO:root:epoch 4, Episode 320, total_loss: 1404.304931640625, q_loss 1403.31201171875, v_loss 0.992950439453125 ,lr 0.00010000000000000002
INFO:root:epoch 4, Episode 321, total_loss: 3929.293701171875, q_loss 3928.55419921875, v_loss 0.7395477294921875 ,lr 0.00010000000000000002
INFO:root:epoch 4, Episode 322, total_loss: 2273.400390625, q_loss 2272.687744140625, v_loss 0.7126312255859375 ,lr 0.00010000000000000002
INFO:root:epoch 4, Episode 323, total_loss: 1762.80419921875, q_loss 1761.7591552734375, v_loss 1.045013427734375 ,lr 0.00010000000000000002
INFO:root:epoch 4, Episode 324, total_loss: 1489.309326171875, q_loss 1488.0059814453125, v_loss 1.30340576171875 ,lr 0.00010000000000000002
INFO:root:epoch 4, Episode 325, total_loss: 1512.2467041015625, q_loss 1510.760498046875, v_loss 1.4862518310546875 ,lr 0.00010000000000000002
INFO:root:epoch 4, Episode 326, total_loss: 2554.706298828125, q_loss 2553.884765625, v_loss 0.8214874267578125 ,lr 0.00010000000000000002
INFO:root:epoch 4, Episode 327, total_loss: 1809.5753173828125, q_loss 1808.6746826171875, v_loss 0.900604248046875 ,lr 0.00010000000000000002
INFO:root:epoch 4, Episode 328, total_loss: 1394.6839599609375, q_loss 1393.665283203125, v_loss 1.0187225341796875 ,lr 0.00010000000000000002
INFO:root:epoch 4, Episode 329, total_loss: 1837.978515625, q_loss 1837.0740966796875, v_loss 0.9044036865234375 ,lr 0.00010000000000000002
INFO:root:epoch 4, Episode 330, total_loss: 2911.2734375, q_loss 2909.673828125, v_loss 1.5994873046875 ,lr 0.00010000000000000002
INFO:root:epoch 4, Episode 331, total_loss: 1331.469970703125, q_loss 1330.6854248046875, v_loss 0.7845001220703125 ,lr 0.00010000000000000002
INFO:root:epoch 4, Episode 332, total_loss: 1463.470703125, q_loss 1462.478271484375, v_loss 0.9924774169921875 ,lr 0.00010000000000000002
INFO:root:epoch 4, Episode 333, total_loss: 1610.739501953125, q_loss 1609.6331787109375, v_loss 1.1063385009765625 ,lr 0.00010000000000000002
INFO:root:epoch 4, Episode 334, total_loss: 1212.4144287109375, q_loss 1211.490478515625, v_loss 0.9239501953125 ,lr 0.00010000000000000002
INFO:root:epoch 4, Episode 335, total_loss: 1266.5177001953125, q_loss 1265.6787109375, v_loss 0.8389892578125 ,lr 0.00010000000000000002
INFO:root:epoch 4, Episode 336, total_loss: 1192.6407470703125, q_loss 1191.7332763671875, v_loss 0.907440185546875 ,lr 0.00010000000000000002
INFO:root:epoch 4, Episode 337, total_loss: 905.4642333984375, q_loss 904.6149291992188, v_loss 0.849273681640625 ,lr 0.00010000000000000002
INFO:root:epoch 4, Episode 338, total_loss: 2010.84765625, q_loss 2009.6685791015625, v_loss 1.1790924072265625 ,lr 0.00010000000000000002
INFO:root:epoch 4, Episode 339, total_loss: 1493.0748291015625, q_loss 1492.176513671875, v_loss 0.8983154296875 ,lr 0.00010000000000000002
INFO:root:epoch 4, Episode 340, total_loss: 1271.1300048828125, q_loss 1270.1080322265625, v_loss 1.02197265625 ,lr 0.00010000000000000002
INFO:root:epoch 4, Episode 341, total_loss: 1792.1807861328125, q_loss 1791.1282958984375, v_loss 1.0525054931640625 ,lr 0.00010000000000000002
INFO:root:epoch 4, Episode 342, total_loss: 2620.21142578125, q_loss 2618.82080078125, v_loss 1.3905029296875 ,lr 0.00010000000000000002
INFO:root:epoch 4, Episode 343, total_loss: 1701.5438232421875, q_loss 1700.4036865234375, v_loss 1.1401214599609375 ,lr 0.00010000000000000002
INFO:root:epoch 4, Episode 344, total_loss: 1346.685791015625, q_loss 1345.7117919921875, v_loss 0.9740447998046875 ,lr 0.00010000000000000002
INFO:root:epoch 4, Episode 345, total_loss: 1311.6497802734375, q_loss 1310.5291748046875, v_loss 1.1205596923828125 ,lr 0.00010000000000000002
INFO:root:epoch 4, Episode 346, total_loss: 1809.3785400390625, q_loss 1808.3050537109375, v_loss 1.0735015869140625 ,lr 0.00010000000000000002
INFO:root:epoch 4, Episode 347, total_loss: 1529.2061767578125, q_loss 1528.2490234375, v_loss 0.9571685791015625 ,lr 0.00010000000000000002
INFO:root:epoch 4, Episode 348, total_loss: 1311.02685546875, q_loss 1309.9678955078125, v_loss 1.058929443359375 ,lr 0.00010000000000000002
INFO:root:epoch 4, Episode 349, total_loss: 2042.3328857421875, q_loss 2041.349365234375, v_loss 0.983551025390625 ,lr 0.00010000000000000002
INFO:root:epoch 4, Episode 350, total_loss: 918.910888671875, q_loss 917.8529052734375, v_loss 1.0579681396484375 ,lr 0.00010000000000000002
INFO:root:epoch 4, Episode 351, total_loss: 956.5568237304688, q_loss 955.6923828125, v_loss 0.8644256591796875 ,lr 0.00010000000000000002
INFO:root:epoch 4, Episode 352, total_loss: 2941.051513671875, q_loss 2939.520751953125, v_loss 1.5306854248046875 ,lr 0.00010000000000000002
INFO:root:epoch 4, Episode 353, total_loss: 1737.6539306640625, q_loss 1736.50390625, v_loss 1.1499786376953125 ,lr 0.00010000000000000002
INFO:root:epoch 4, Episode 354, total_loss: 1626.6680908203125, q_loss 1625.597412109375, v_loss 1.0707244873046875 ,lr 0.00010000000000000002
INFO:root:epoch 4, Episode 355, total_loss: 3998.0625, q_loss 3996.790771484375, v_loss 1.27178955078125 ,lr 0.00010000000000000002
INFO:root:epoch 4, Episode 356, total_loss: 1683.829833984375, q_loss 1682.7100830078125, v_loss 1.1197967529296875 ,lr 0.00010000000000000002
INFO:root:epoch 4, Episode 357, total_loss: 2015.50927734375, q_loss 2014.660400390625, v_loss 0.848907470703125 ,lr 0.00010000000000000002
INFO:root:epoch 4, Episode 358, total_loss: 1152.207763671875, q_loss 1151.06201171875, v_loss 1.145721435546875 ,lr 0.00010000000000000002
INFO:root:epoch 4, Episode 359, total_loss: 1858.2994384765625, q_loss 1857.03466796875, v_loss 1.2647705078125 ,lr 0.00010000000000000002
INFO:root:epoch 4, Episode 360, total_loss: 759.0934448242188, q_loss 757.658447265625, v_loss 1.43499755859375 ,lr 0.00010000000000000002
INFO:root:epoch 4, Episode 361, total_loss: 1054.51708984375, q_loss 1052.9910888671875, v_loss 1.52593994140625 ,lr 0.00010000000000000002
INFO:root:epoch 4, Episode 362, total_loss: 3221.44970703125, q_loss 3220.39453125, v_loss 1.0551605224609375 ,lr 0.00010000000000000002
INFO:root:epoch 4, Episode 363, total_loss: 1438.609619140625, q_loss 1437.412353515625, v_loss 1.1972503662109375 ,lr 0.00010000000000000002
INFO:root:epoch 4, Episode 364, total_loss: 1203.455078125, q_loss 1202.5440673828125, v_loss 0.9109954833984375 ,lr 0.00010000000000000002
INFO:root:epoch 4, Episode 365, total_loss: 2761.036865234375, q_loss 2759.946044921875, v_loss 1.0909271240234375 ,lr 0.00010000000000000002
INFO:root:epoch 4, Episode 366, total_loss: 918.7495727539062, q_loss 917.8731079101562, v_loss 0.8764801025390625 ,lr 0.00010000000000000002
INFO:root:epoch 4, Episode 367, total_loss: 855.5415649414062, q_loss 854.5664672851562, v_loss 0.97509765625 ,lr 0.00010000000000000002
INFO:root:epoch 4, Episode 368, total_loss: 1622.6715087890625, q_loss 1621.61962890625, v_loss 1.051910400390625 ,lr 0.00010000000000000002
INFO:root:epoch 4, Episode 369, total_loss: 1376.2723388671875, q_loss 1375.345458984375, v_loss 0.9268341064453125 ,lr 0.00010000000000000002
INFO:root:epoch 4, Episode 370, total_loss: 1411.1805419921875, q_loss 1410.2403564453125, v_loss 0.9401702880859375 ,lr 0.00010000000000000002
INFO:root:epoch 4, Episode 371, total_loss: 2707.88623046875, q_loss 2706.332275390625, v_loss 1.5540313720703125 ,lr 0.00010000000000000002
INFO:root:epoch 4, Episode 372, total_loss: 2205.30322265625, q_loss 2204.33203125, v_loss 0.971160888671875 ,lr 0.00010000000000000002
INFO:root:epoch 4, Episode 373, total_loss: 1472.38623046875, q_loss 1471.361083984375, v_loss 1.0251007080078125 ,lr 0.00010000000000000002
INFO:root:epoch 4, Episode 374, total_loss: 2968.486083984375, q_loss 2967.401611328125, v_loss 1.084503173828125 ,lr 0.00010000000000000002
INFO:root:epoch 4, Episode 375, total_loss: 2629.1826171875, q_loss 2628.1318359375, v_loss 1.0507965087890625 ,lr 0.00010000000000000002
INFO:root:epoch 4, Episode 376, total_loss: 1577.9976806640625, q_loss 1576.9678955078125, v_loss 1.029815673828125 ,lr 0.00010000000000000002
INFO:root:epoch 4, Episode 377, total_loss: 2897.008544921875, q_loss 2896.10888671875, v_loss 0.8996124267578125 ,lr 0.00010000000000000002
INFO:root:epoch 4, Episode 378, total_loss: 1597.564697265625, q_loss 1596.3765869140625, v_loss 1.1880950927734375 ,lr 0.00010000000000000002
INFO:root:epoch 4, Episode 379, total_loss: 1344.964599609375, q_loss 1343.65283203125, v_loss 1.311767578125 ,lr 0.00010000000000000002
INFO:root:epoch 4, Episode 380, total_loss: 1886.046630859375, q_loss 1884.81103515625, v_loss 1.23565673828125 ,lr 0.00010000000000000002
INFO:root:epoch 4, Episode 381, total_loss: 1848.2310791015625, q_loss 1847.08349609375, v_loss 1.1475677490234375 ,lr 0.00010000000000000002
INFO:root:epoch 4, Episode 382, total_loss: 1776.4354248046875, q_loss 1775.19921875, v_loss 1.236175537109375 ,lr 0.00010000000000000002
INFO:root:epoch 4, Episode 383, total_loss: 1036.735595703125, q_loss 1035.78173828125, v_loss 0.9538726806640625 ,lr 0.00010000000000000002
INFO:root:epoch 4, Episode 384, total_loss: 1868.5430908203125, q_loss 1867.514892578125, v_loss 1.0282440185546875 ,lr 0.00010000000000000002
INFO:root:epoch 4, Episode 385, total_loss: 1420.96630859375, q_loss 1419.9754638671875, v_loss 0.9908905029296875 ,lr 0.00010000000000000002
INFO:root:epoch 4, Episode 386, total_loss: 914.6795043945312, q_loss 913.7350463867188, v_loss 0.9444580078125 ,lr 0.00010000000000000002
INFO:root:epoch 4, Episode 387, total_loss: 1468.120849609375, q_loss 1467.193115234375, v_loss 0.92767333984375 ,lr 0.00010000000000000002
INFO:root:epoch 4, Episode 388, total_loss: 1522.3203125, q_loss 1521.4544677734375, v_loss 0.8657989501953125 ,lr 0.00010000000000000002
INFO:root:epoch 4, Episode 389, total_loss: 1465.8892822265625, q_loss 1464.9371337890625, v_loss 0.9521636962890625 ,lr 0.00010000000000000002
INFO:root:epoch 4, Episode 390, total_loss: 1475.703857421875, q_loss 1474.750244140625, v_loss 0.95361328125 ,lr 0.00010000000000000002
INFO:root:epoch 4, Episode 391, total_loss: 1363.3017578125, q_loss 1362.357666015625, v_loss 0.94403076171875 ,lr 0.00010000000000000002
INFO:root:epoch 4, Episode 392, total_loss: 1329.0107421875, q_loss 1328.165283203125, v_loss 0.8454132080078125 ,lr 0.00010000000000000002
INFO:root:epoch 4, Episode 393, total_loss: 960.3212280273438, q_loss 959.2066650390625, v_loss 1.1145477294921875 ,lr 0.00010000000000000002
INFO:root:epoch 4, Episode 394, total_loss: 1269.6138916015625, q_loss 1268.6114501953125, v_loss 1.0024871826171875 ,lr 0.00010000000000000002
INFO:root:epoch 4, Episode 395, total_loss: 1525.822509765625, q_loss 1524.7442626953125, v_loss 1.0782012939453125 ,lr 0.00010000000000000002
INFO:root:epoch 4, Episode 396, total_loss: 1224.353515625, q_loss 1223.1602783203125, v_loss 1.1932220458984375 ,lr 0.00010000000000000002
INFO:root:epoch 4, Episode 397, total_loss: 1004.9365234375, q_loss 1003.66796875, v_loss 1.2685546875 ,lr 0.00010000000000000002
INFO:root:epoch 4, Episode 398, total_loss: 3397.77685546875, q_loss 3397.0068359375, v_loss 0.77008056640625 ,lr 0.00010000000000000002
INFO:root:epoch 4, Episode 399, total_loss: 1329.067138671875, q_loss 1328.077880859375, v_loss 0.9892578125 ,lr 0.00010000000000000002
INFO:root:epoch 4, Episode 400, total_loss: 764.6304931640625, q_loss 763.6898193359375, v_loss 0.9406890869140625 ,lr 0.00010000000000000002
INFO:root:epoch 4, Episode 401, total_loss: 3575.278076171875, q_loss 3575.12646484375, v_loss 0.1515960693359375 ,lr 0.00010000000000000002
INFO:root:epoch 4, Episode 402, total_loss: 808.2841186523438, q_loss 807.4791259765625, v_loss 0.80499267578125 ,lr 0.00010000000000000002
INFO:root:epoch 4, Episode 403, total_loss: 719.0172729492188, q_loss 718.1610717773438, v_loss 0.856201171875 ,lr 0.00010000000000000002
INFO:root:epoch 4, Episode 404, total_loss: 1126.45654296875, q_loss 1125.715087890625, v_loss 0.7414703369140625 ,lr 0.00010000000000000002
INFO:root:epoch 4, Episode 405, total_loss: 2006.987548828125, q_loss 2006.059814453125, v_loss 0.92779541015625 ,lr 0.00010000000000000002
INFO:root:epoch 4, Episode 406, total_loss: 1226.712646484375, q_loss 1225.689697265625, v_loss 1.02288818359375 ,lr 0.00010000000000000002
INFO:root:epoch 4, Episode 407, total_loss: 1349.5628662109375, q_loss 1348.5416259765625, v_loss 1.021209716796875 ,lr 0.00010000000000000002
INFO:root:epoch 4, Episode 408, total_loss: 1780.78466796875, q_loss 1779.5474853515625, v_loss 1.2371673583984375 ,lr 0.00010000000000000002
INFO:root:epoch 4, Episode 409, total_loss: 1592.692626953125, q_loss 1591.703125, v_loss 0.989532470703125 ,lr 0.00010000000000000002
INFO:root:epoch 4, Episode 410, total_loss: 1958.7144775390625, q_loss 1957.9027099609375, v_loss 0.811798095703125 ,lr 0.00010000000000000002
INFO:root:epoch 4, Episode 411, total_loss: 1399.9549560546875, q_loss 1398.9227294921875, v_loss 1.0321807861328125 ,lr 0.00010000000000000002
INFO:root:epoch 4, Episode 412, total_loss: 729.6197509765625, q_loss 729.0963745117188, v_loss 0.52337646484375 ,lr 0.00010000000000000002
INFO:root:epoch 4, Episode 413, total_loss: 1201.602294921875, q_loss 1200.4034423828125, v_loss 1.198883056640625 ,lr 0.00010000000000000002
INFO:root:epoch 4, Episode 414, total_loss: 979.620849609375, q_loss 978.616455078125, v_loss 1.0044097900390625 ,lr 0.00010000000000000002
INFO:root:epoch 4, Episode 415, total_loss: 1551.857421875, q_loss 1550.953369140625, v_loss 0.9040679931640625 ,lr 0.00010000000000000002
INFO:root:epoch 4, Episode 416, total_loss: 1686.1373291015625, q_loss 1685.1326904296875, v_loss 1.0046539306640625 ,lr 0.00010000000000000002
INFO:root:epoch 4, Episode 417, total_loss: 1419.5653076171875, q_loss 1418.527587890625, v_loss 1.037750244140625 ,lr 0.00010000000000000002
INFO:root:epoch 4, Episode 418, total_loss: 1349.0687255859375, q_loss 1348.176513671875, v_loss 0.8922271728515625 ,lr 0.00010000000000000002
INFO:root:epoch 4, Episode 419, total_loss: 1343.669189453125, q_loss 1343.0029296875, v_loss 0.66619873046875 ,lr 0.00010000000000000002
INFO:root:epoch 4, Episode 420, total_loss: 3114.263427734375, q_loss 3113.29248046875, v_loss 0.9710235595703125 ,lr 0.00010000000000000002
INFO:root:epoch 4, Episode 421, total_loss: 1335.7166748046875, q_loss 1334.719482421875, v_loss 0.997222900390625 ,lr 0.00010000000000000002
INFO:root:epoch 4, Episode 422, total_loss: 1184.1048583984375, q_loss 1182.9898681640625, v_loss 1.114959716796875 ,lr 0.00010000000000000002
INFO:root:epoch 4, Episode 423, total_loss: 1672.574462890625, q_loss 1671.543212890625, v_loss 1.031219482421875 ,lr 0.00010000000000000002
INFO:root:epoch 4, Episode 424, total_loss: 1367.45361328125, q_loss 1366.25390625, v_loss 1.1996612548828125 ,lr 0.00010000000000000002
INFO:root:epoch 4, Episode 425, total_loss: 1109.626220703125, q_loss 1108.6300048828125, v_loss 0.9962615966796875 ,lr 0.00010000000000000002
INFO:root:epoch 4, Episode 426, total_loss: 1180.403076171875, q_loss 1179.6016845703125, v_loss 0.8014373779296875 ,lr 0.00010000000000000002
INFO:root:epoch 4, Episode 427, total_loss: 1102.239013671875, q_loss 1101.2681884765625, v_loss 0.9708251953125 ,lr 0.00010000000000000002
INFO:root:epoch 4, Episode 428, total_loss: 1676.647705078125, q_loss 1675.728271484375, v_loss 0.9193878173828125 ,lr 0.00010000000000000002
INFO:root:epoch 4, Episode 429, total_loss: 1288.5794677734375, q_loss 1287.803955078125, v_loss 0.7754669189453125 ,lr 0.00010000000000000002
INFO:root:epoch 4, Episode 430, total_loss: 1763.4757080078125, q_loss 1762.41455078125, v_loss 1.0611419677734375 ,lr 0.00010000000000000002
INFO:root:epoch 4, Episode 431, total_loss: 1171.7994384765625, q_loss 1171.1177978515625, v_loss 0.6816558837890625 ,lr 0.00010000000000000002
INFO:root:epoch 4, Episode 432, total_loss: 4346.236328125, q_loss 4345.57666015625, v_loss 0.65948486328125 ,lr 0.00010000000000000002
INFO:root:epoch 4, Episode 433, total_loss: 1014.0801391601562, q_loss 1013.2269897460938, v_loss 0.8531341552734375 ,lr 0.00010000000000000002
INFO:root:epoch 4, Episode 434, total_loss: 1121.864501953125, q_loss 1121.00048828125, v_loss 0.864044189453125 ,lr 0.00010000000000000002
INFO:root:epoch 4, Episode 435, total_loss: 1277.9144287109375, q_loss 1276.7132568359375, v_loss 1.201141357421875 ,lr 0.00010000000000000002
INFO:root:epoch 4, Episode 436, total_loss: 3770.923095703125, q_loss 3769.027099609375, v_loss 1.895965576171875 ,lr 0.00010000000000000002
INFO:root:epoch 4, Episode 437, total_loss: 2893.968017578125, q_loss 2892.735595703125, v_loss 1.2323150634765625 ,lr 0.00010000000000000002
INFO:root:epoch 4, Episode 438, total_loss: 2147.912353515625, q_loss 2146.80517578125, v_loss 1.1072845458984375 ,lr 0.00010000000000000002
INFO:root:epoch 4, Episode 439, total_loss: 1124.8848876953125, q_loss 1123.9676513671875, v_loss 0.9172210693359375 ,lr 0.00010000000000000002
INFO:root:epoch 4, Episode 440, total_loss: 1702.5255126953125, q_loss 1701.4617919921875, v_loss 1.063690185546875 ,lr 0.00010000000000000002
INFO:root:epoch 4, Episode 441, total_loss: 1750.4615478515625, q_loss 1749.562744140625, v_loss 0.8987579345703125 ,lr 0.00010000000000000002
INFO:root:epoch 4, Episode 442, total_loss: 3266.678466796875, q_loss 3265.849365234375, v_loss 0.8289947509765625 ,lr 0.00010000000000000002
INFO:root:epoch 4, Episode 443, total_loss: 1467.46484375, q_loss 1466.696044921875, v_loss 0.7687530517578125 ,lr 0.00010000000000000002
INFO:root:epoch 4, Episode 444, total_loss: 1175.0498046875, q_loss 1174.3092041015625, v_loss 0.74053955078125 ,lr 0.00010000000000000002
INFO:root:epoch 4, Episode 445, total_loss: 1759.92626953125, q_loss 1758.8330078125, v_loss 1.0933074951171875 ,lr 0.00010000000000000002
INFO:root:epoch 4, Episode 446, total_loss: 2196.921630859375, q_loss 2196.02587890625, v_loss 0.8957672119140625 ,lr 0.00010000000000000002
INFO:root:epoch 4, Episode 447, total_loss: 1332.6541748046875, q_loss 1331.7576904296875, v_loss 0.8964996337890625 ,lr 0.00010000000000000002
INFO:root:epoch 4, Episode 448, total_loss: 1483.539306640625, q_loss 1482.701416015625, v_loss 0.837890625 ,lr 0.00010000000000000002
INFO:root:epoch 4, Episode 449, total_loss: 2054.365234375, q_loss 2053.25537109375, v_loss 1.1097869873046875 ,lr 0.00010000000000000002
INFO:root:epoch 4, Episode 450, total_loss: 1029.25537109375, q_loss 1028.4326171875, v_loss 0.8227996826171875 ,lr 0.00010000000000000002
INFO:root:epoch 4, Episode 451, total_loss: 1334.62890625, q_loss 1333.6234130859375, v_loss 1.00543212890625 ,lr 0.00010000000000000002
INFO:root:epoch 4, Episode 452, total_loss: 3285.0673828125, q_loss 3284.021484375, v_loss 1.0458450317382812 ,lr 0.00010000000000000002
INFO:root:epoch 4, Episode 453, total_loss: 1664.6029052734375, q_loss 1663.454345703125, v_loss 1.1485748291015625 ,lr 0.00010000000000000002
INFO:root:epoch 4, Episode 454, total_loss: 1194.330078125, q_loss 1193.290283203125, v_loss 1.0398101806640625 ,lr 0.00010000000000000002
INFO:root:epoch 4, Episode 455, total_loss: 1369.5379638671875, q_loss 1368.8038330078125, v_loss 0.7341766357421875 ,lr 0.00010000000000000002
INFO:root:epoch 4, Episode 456, total_loss: 1378.47216796875, q_loss 1377.44921875, v_loss 1.0229034423828125 ,lr 0.00010000000000000002
INFO:root:epoch 4, Episode 457, total_loss: 3152.896484375, q_loss 3152.25341796875, v_loss 0.6429443359375 ,lr 0.00010000000000000002
INFO:root:epoch 4, Episode 458, total_loss: 1212.402587890625, q_loss 1211.6376953125, v_loss 0.764862060546875 ,lr 0.00010000000000000002
INFO:root:epoch 4, Episode 459, total_loss: 1337.200439453125, q_loss 1336.12451171875, v_loss 1.075927734375 ,lr 0.00010000000000000002
INFO:root:epoch 4, Episode 460, total_loss: 1043.1043701171875, q_loss 1042.2532958984375, v_loss 0.8510589599609375 ,lr 0.00010000000000000002
INFO:root:epoch 4, Episode 461, total_loss: 1307.40478515625, q_loss 1305.9298095703125, v_loss 1.4749603271484375 ,lr 0.00010000000000000002
INFO:root:epoch 4, Episode 462, total_loss: 1338.2269287109375, q_loss 1336.7679443359375, v_loss 1.459014892578125 ,lr 0.00010000000000000002
INFO:root:epoch 4, Episode 463, total_loss: 909.5167236328125, q_loss 908.1182250976562, v_loss 1.398529052734375 ,lr 0.00010000000000000002
INFO:root:epoch 4, Episode 464, total_loss: 1216.1361083984375, q_loss 1214.455810546875, v_loss 1.6803131103515625 ,lr 0.00010000000000000002
INFO:root:epoch 4, Episode 465, total_loss: 1875.339111328125, q_loss 1874.2894287109375, v_loss 1.0497283935546875 ,lr 0.00010000000000000002
INFO:root:epoch 4, Episode 466, total_loss: 1737.6956787109375, q_loss 1736.5472412109375, v_loss 1.148468017578125 ,lr 0.00010000000000000002
INFO:root:epoch 4, Episode 467, total_loss: 1789.1636962890625, q_loss 1787.9013671875, v_loss 1.262359619140625 ,lr 0.00010000000000000002
INFO:root:epoch 4, Episode 468, total_loss: 1586.4146728515625, q_loss 1585.470703125, v_loss 0.944000244140625 ,lr 0.00010000000000000002
INFO:root:epoch 4, Episode 469, total_loss: 944.48779296875, q_loss 943.7821655273438, v_loss 0.7056427001953125 ,lr 0.00010000000000000002
INFO:root:epoch 4, Episode 470, total_loss: 1067.138916015625, q_loss 1066.325927734375, v_loss 0.81304931640625 ,lr 0.00010000000000000002
INFO:root:epoch 4, Episode 471, total_loss: 1271.486328125, q_loss 1270.3487548828125, v_loss 1.1375732421875 ,lr 0.00010000000000000002
INFO:root:epoch 4, Episode 472, total_loss: 3063.454833984375, q_loss 3062.7197265625, v_loss 0.73504638671875 ,lr 0.00010000000000000002
INFO:root:epoch 4, Episode 473, total_loss: 1421.887939453125, q_loss 1421.041015625, v_loss 0.8469696044921875 ,lr 0.00010000000000000002
INFO:root:epoch 4, Episode 474, total_loss: 2136.157958984375, q_loss 2134.866943359375, v_loss 1.2911224365234375 ,lr 0.00010000000000000002
INFO:root:epoch 4, Episode 475, total_loss: 1102.367919921875, q_loss 1101.40576171875, v_loss 0.962158203125 ,lr 0.00010000000000000002
INFO:root:epoch 4, Episode 476, total_loss: 1960.858642578125, q_loss 1959.66943359375, v_loss 1.18914794921875 ,lr 0.00010000000000000002
INFO:root:epoch 4, Episode 477, total_loss: 1613.823486328125, q_loss 1612.863525390625, v_loss 0.9599761962890625 ,lr 0.00010000000000000002
INFO:root:epoch 4, Episode 478, total_loss: 1885.968017578125, q_loss 1885.1253662109375, v_loss 0.8426971435546875 ,lr 0.00010000000000000002
INFO:root:epoch 4, Episode 479, total_loss: 1464.7408447265625, q_loss 1463.9217529296875, v_loss 0.8190460205078125 ,lr 0.00010000000000000002
INFO:root:epoch 4, Episode 480, total_loss: 1365.335205078125, q_loss 1364.3878173828125, v_loss 0.947418212890625 ,lr 0.00010000000000000002
INFO:root:epoch 4, Episode 481, total_loss: 2171.755859375, q_loss 2170.3271484375, v_loss 1.42864990234375 ,lr 0.00010000000000000002
INFO:root:epoch 4, Episode 482, total_loss: 1526.7484130859375, q_loss 1525.8465576171875, v_loss 0.9018707275390625 ,lr 0.00010000000000000002
INFO:root:epoch 4, Episode 483, total_loss: 1397.806884765625, q_loss 1396.7252197265625, v_loss 1.0816497802734375 ,lr 0.00010000000000000002
INFO:root:epoch 4, Episode 484, total_loss: 3083.162841796875, q_loss 3081.638427734375, v_loss 1.524505615234375 ,lr 0.00010000000000000002
INFO:root:epoch 4, Episode 485, total_loss: 1384.74755859375, q_loss 1383.6273193359375, v_loss 1.12017822265625 ,lr 0.00010000000000000002
INFO:root:epoch 4, Episode 486, total_loss: 1356.883056640625, q_loss 1355.9129638671875, v_loss 0.9701385498046875 ,lr 0.00010000000000000002
INFO:root:epoch 4, Episode 487, total_loss: 1351.8944091796875, q_loss 1350.8988037109375, v_loss 0.9955902099609375 ,lr 0.00010000000000000002
INFO:root:epoch 4, Episode 488, total_loss: 969.83544921875, q_loss 968.8394165039062, v_loss 0.996002197265625 ,lr 0.00010000000000000002
INFO:root:epoch 4, Episode 489, total_loss: 1230.80908203125, q_loss 1229.856201171875, v_loss 0.952880859375 ,lr 0.00010000000000000002
INFO:root:epoch 4, Episode 490, total_loss: 1323.94580078125, q_loss 1323.065673828125, v_loss 0.880096435546875 ,lr 0.00010000000000000002
INFO:root:epoch 4, Episode 491, total_loss: 1138.5338134765625, q_loss 1137.190673828125, v_loss 1.3430938720703125 ,lr 0.00010000000000000002
INFO:root:epoch 4, Episode 492, total_loss: 2288.332763671875, q_loss 2287.402587890625, v_loss 0.9301300048828125 ,lr 0.00010000000000000002
INFO:root:epoch 4, Episode 493, total_loss: 1334.437255859375, q_loss 1333.5694580078125, v_loss 0.86785888671875 ,lr 0.00010000000000000002
INFO:root:epoch 4, Episode 494, total_loss: 817.68994140625, q_loss 816.6401977539062, v_loss 1.049713134765625 ,lr 0.00010000000000000002
INFO:root:epoch 4, Episode 495, total_loss: 1600.20654296875, q_loss 1599.268310546875, v_loss 0.938262939453125 ,lr 0.00010000000000000002
INFO:root:epoch 4, Episode 496, total_loss: 2700.90869140625, q_loss 2700.265625, v_loss 0.642974853515625 ,lr 0.00010000000000000002
INFO:root:epoch 4, Episode 497, total_loss: 2148.681884765625, q_loss 2147.7861328125, v_loss 0.8956451416015625 ,lr 0.00010000000000000002
INFO:root:epoch 4, Episode 498, total_loss: 1292.832763671875, q_loss 1292.03466796875, v_loss 0.79815673828125 ,lr 0.00010000000000000002
INFO:root:epoch 4, Episode 499, total_loss: 1357.2890625, q_loss 1356.3070068359375, v_loss 0.9821014404296875 ,lr 0.00010000000000000002
INFO:root:epoch 0, Episode 0, total_loss: 15616.2294921875, q_loss 15521.919921875, v_loss 94.30980682373047 ,lr 0.01
INFO:root:epoch 0, Episode 0, total_loss: 18244.572265625, q_loss 18191.755859375, v_loss 52.81618881225586 ,lr 0.01
INFO:root:epoch 0, Episode 0, total_loss: 166066528.0, q_loss 166054784.0, v_loss 11741.9345703125 ,lr 0.01
INFO:root:epoch 0, Episode 0, total_loss: 25391374.0, q_loss 25389800.0, v_loss 1573.7861328125 ,lr 0.01
INFO:root:epoch 0, Episode 0, total_loss: 5351598.0, q_loss 5349654.5, v_loss 1943.318603515625 ,lr 0.01
INFO:root:epoch 0, Episode 0, total_loss: 18209.740234375, q_loss 18078.42578125, v_loss 131.31382751464844 ,lr 0.01
INFO:root:epoch 0, Episode 0, total_loss: 4370127360.0, q_loss 4370084864.0, v_loss 42418.734375 ,lr 0.01
INFO:root:epoch 0, Episode 0, total_loss: 9474949.0, q_loss 9473184.0, v_loss 1765.12841796875 ,lr 0.01
INFO:root:epoch 0, Episode 0, total_loss: 1212663.125, q_loss 1211506.875, v_loss 1156.246826171875 ,lr 0.01
INFO:root:epoch 0, Episode 0, total_loss: 2430.356201171875, q_loss 2381.660888671875, v_loss 48.69538879394531 ,lr 0.01
INFO:root:epoch 0, Episode 0, total_loss: 1385321344.0, q_loss 1385308160.0, v_loss 13147.859375 ,lr 0.01
INFO:root:epoch 0, Episode 0, total_loss: 46189496.0, q_loss 46183624.0, v_loss 5870.2958984375 ,lr 0.01
INFO:root:epoch 0, Episode 0, total_loss: 6297944.5, q_loss 6296422.5, v_loss 1522.1646728515625 ,lr 0.01
INFO:root:epoch 0, Episode 0, total_loss: 13877.30859375, q_loss 13814.66015625, v_loss 62.648345947265625 ,lr 0.01
INFO:root:epoch 0, Episode 0, total_loss: 1683603200.0, q_loss 1683565056.0, v_loss 38146.52734375 ,lr 0.01
INFO:root:epoch 0, Episode 0, total_loss: 3886300.0, q_loss 3884210.5, v_loss 2089.486083984375 ,lr 0.01
INFO:root:epoch 0, Episode 0, total_loss: 6763266.5, q_loss 6761966.5, v_loss 1300.189697265625 ,lr 0.01
INFO:root:epoch 0, Episode 0, total_loss: 24916.134765625, q_loss 24783.63671875, v_loss 132.49880981445312 ,lr 0.01
INFO:root:epoch 0, Episode 0, total_loss: 1076669440.0, q_loss 1076651520.0, v_loss 17980.810546875 ,lr 0.01
INFO:root:epoch 0, Episode 0, total_loss: 9165415.0, q_loss 9162264.0, v_loss 3150.98095703125 ,lr 0.01
INFO:root:epoch 0, Episode 0, total_loss: 123661.6171875, q_loss 123543.953125, v_loss 117.6610107421875 ,lr 0.01
INFO:root:epoch 0, Episode 0, total_loss: 7371.94482421875, q_loss 7300.6845703125, v_loss 71.26026916503906 ,lr 0.01
INFO:root:epoch 0, Episode 0, total_loss: 5274124288.0, q_loss 5274087936.0, v_loss 36257.3125 ,lr 0.01
INFO:root:epoch 0, Episode 0, total_loss: 54879500.0, q_loss 54872292.0, v_loss 7206.751953125 ,lr 0.01
INFO:root:epoch 0, Episode 0, total_loss: 721311.5, q_loss 720357.0625, v_loss 954.4683837890625 ,lr 0.01
INFO:root:epoch 0, Episode 0, total_loss: 3875.827392578125, q_loss 3858.157958984375, v_loss 17.669483184814453 ,lr 0.01
INFO:root:epoch 0, Episode 0, total_loss: 19344660480.0, q_loss 19344519168.0, v_loss 140467.015625 ,lr 0.01
INFO:root:epoch 0, Episode 0, total_loss: 2847404.0, q_loss 2846668.5, v_loss 735.401123046875 ,lr 0.01
INFO:root:epoch 0, Episode 0, total_loss: 235168336.0, q_loss 235152992.0, v_loss 15337.30859375 ,lr 0.01
INFO:root:epoch 0, Episode 0, total_loss: 2240.830078125, q_loss 2212.901611328125, v_loss 27.928489685058594 ,lr 0.01
INFO:root:epoch 0, Episode 0, total_loss: 1464.0306396484375, q_loss 1444.7490234375, v_loss 19.281600952148438 ,lr 0.01
INFO:root:epoch 0, Episode 0, total_loss: 637776320.0, q_loss 637764352.0, v_loss 11957.076171875 ,lr 0.01
INFO:root:epoch 0, Episode 0, total_loss: 23022670.0, q_loss 23018034.0, v_loss 4635.50830078125 ,lr 0.01
INFO:root:epoch 0, Episode 0, total_loss: 30875.7890625, q_loss 30813.0625, v_loss 62.72735595703125 ,lr 0.01
INFO:root:epoch 0, Episode 0, total_loss: 23736.857421875, q_loss 23605.865234375, v_loss 130.99310302734375 ,lr 0.01
INFO:root:epoch 0, Episode 1, total_loss: 480636032.0, q_loss 480623680.0, v_loss 12355.33203125 ,lr 0.01
INFO:root:epoch 0, Episode 2, total_loss: 27633758.0, q_loss 27631544.0, v_loss 2213.59912109375 ,lr 0.01
INFO:root:epoch 0, Episode 2, total_loss: 1821834.625, q_loss 1820419.625, v_loss 1414.9464111328125 ,lr 0.01
INFO:root:epoch 0, Episode 3, total_loss: 72996816.0, q_loss 72989408.0, v_loss 7410.8662109375 ,lr 0.01
INFO:root:epoch 0, Episode 3, total_loss: 6470.7978515625, q_loss 6409.4228515625, v_loss 61.37489700317383 ,lr 0.01
INFO:root:epoch 0, Episode 3, total_loss: 270.9757385253906, q_loss 251.7289276123047, v_loss 19.24679946899414 ,lr 0.01
INFO:root:epoch 0, Episode 4, total_loss: 9969.990234375, q_loss 9950.9609375, v_loss 19.029403686523438 ,lr 0.01
INFO:root:epoch 0, Episode 5, total_loss: 7054.24755859375, q_loss 7034.79150390625, v_loss 19.456092834472656 ,lr 0.01
INFO:root:epoch 0, Episode 6, total_loss: 18326.361328125, q_loss 18249.29296875, v_loss 77.06771850585938 ,lr 0.01
INFO:root:epoch 0, Episode 7, total_loss: 41414.59375, q_loss 41302.6171875, v_loss 111.97709655761719 ,lr 0.01
INFO:root:epoch 0, Episode 7, total_loss: 10960.173828125, q_loss 10950.59375, v_loss 9.580379486083984 ,lr 0.01
INFO:root:epoch 0, Episode 8, total_loss: 5963.53125, q_loss 5939.0302734375, v_loss 24.501022338867188 ,lr 0.01
INFO:root:epoch 0, Episode 8, total_loss: 7307.54931640625, q_loss 7280.76416015625, v_loss 26.785301208496094 ,lr 0.01
INFO:root:epoch 0, Episode 8, total_loss: 4678.158203125, q_loss 4655.3447265625, v_loss 22.813331604003906 ,lr 0.01
INFO:root:epoch 0, Episode 8, total_loss: 1833.29443359375, q_loss 1813.601806640625, v_loss 19.692657470703125 ,lr 0.01
INFO:root:epoch 0, Episode 8, total_loss: 975.6830444335938, q_loss 965.409912109375, v_loss 10.273120880126953 ,lr 0.01
INFO:root:epoch 0, Episode 8, total_loss: 837.3408813476562, q_loss 823.2916870117188, v_loss 14.049211502075195 ,lr 0.01
INFO:root:epoch 0, Episode 9, total_loss: 13951.759765625, q_loss 13934.716796875, v_loss 17.04295539855957 ,lr 0.01
INFO:root:epoch 0, Episode 10, total_loss: 4061.20263671875, q_loss 4040.7236328125, v_loss 20.479084014892578 ,lr 0.01
INFO:root:epoch 0, Episode 10, total_loss: 105.99809265136719, q_loss 98.13594055175781, v_loss 7.862148761749268 ,lr 0.01
INFO:root:epoch 0, Episode 11, total_loss: 759.2240600585938, q_loss 753.6715087890625, v_loss 5.552539348602295 ,lr 0.01
INFO:root:epoch 0, Episode 11, total_loss: 2612.058837890625, q_loss 2610.3583984375, v_loss 1.7004525661468506 ,lr 0.01
INFO:root:epoch 0, Episode 11, total_loss: 1458.1722412109375, q_loss 1446.909912109375, v_loss 11.262273788452148 ,lr 0.01
INFO:root:epoch 0, Episode 12, total_loss: 2635.910400390625, q_loss 2624.3701171875, v_loss 11.54029369354248 ,lr 0.01
INFO:root:epoch 0, Episode 12, total_loss: 2021.8642578125, q_loss 2020.608642578125, v_loss 1.2556681632995605 ,lr 0.01
INFO:root:epoch 0, Episode 13, total_loss: 338.1650085449219, q_loss 336.8405456542969, v_loss 1.3244554996490479 ,lr 0.01
INFO:root:epoch 0, Episode 13, total_loss: 493.7655334472656, q_loss 492.45733642578125, v_loss 1.3082075119018555 ,lr 0.01
INFO:root:epoch 0, Episode 13, total_loss: 802.14111328125, q_loss 800.8753051757812, v_loss 1.265792727470398 ,lr 0.01
INFO:root:epoch 0, Episode 13, total_loss: 352.0176086425781, q_loss 350.7451477050781, v_loss 1.2724583148956299 ,lr 0.01
INFO:root:epoch 0, Episode 14, total_loss: 2207.1123046875, q_loss 2205.792724609375, v_loss 1.3194773197174072 ,lr 0.01
INFO:root:epoch 0, Episode 15, total_loss: 712.1337280273438, q_loss 710.8492431640625, v_loss 1.2844600677490234 ,lr 0.01
INFO:root:epoch 0, Episode 15, total_loss: 24698.724609375, q_loss 24664.44921875, v_loss 34.27442169189453 ,lr 0.01
INFO:root:epoch 0, Episode 16, total_loss: 5544.75439453125, q_loss 5538.5400390625, v_loss 6.214221954345703 ,lr 0.01
INFO:root:epoch 0, Episode 16, total_loss: 477.05584716796875, q_loss 475.900390625, v_loss 1.1554548740386963 ,lr 0.01
