INFO:root:epoch 0, Episode 0, total_loss: 54061.953125, q_loss 38158.84375, v_loss 15903.107421875 ,lr 0.01
INFO:root:val_loss 191837.75
INFO:root:epoch 0, Episode 1, total_loss: 30067683328.0, q_loss 28338753536.0, v_loss 1728929024.0 ,lr 0.01
INFO:root:epoch 0, Episode 2, total_loss: 3530086912.0, q_loss 3448836864.0, v_loss 81250104.0 ,lr 0.01
INFO:root:epoch 0, Episode 3, total_loss: 26577868.0, q_loss 25373430.0, v_loss 1204438.875 ,lr 0.01
INFO:root:epoch 0, Episode 4, total_loss: 403043424.0, q_loss 332322880.0, v_loss 70720544.0 ,lr 0.01
INFO:root:epoch 0, Episode 5, total_loss: 357217184.0, q_loss 326726112.0, v_loss 30491086.0 ,lr 0.01
INFO:root:epoch 0, Episode 6, total_loss: 6312662.0, q_loss 3979012.75, v_loss 2333649.0 ,lr 0.01
INFO:root:epoch 0, Episode 7, total_loss: 1837100.25, q_loss 1089687.25, v_loss 747412.9375 ,lr 0.01
INFO:root:epoch 0, Episode 8, total_loss: 125903.0625, q_loss 75543.21875, v_loss 50359.84375 ,lr 0.01
INFO:root:epoch 0, Episode 9, total_loss: 3288.644775390625, q_loss 2307.334228515625, v_loss 981.3106079101562 ,lr 0.01
INFO:root:epoch 0, Episode 10, total_loss: 177493.875, q_loss 133737.46875, v_loss 43756.41015625 ,lr 0.01
INFO:root:epoch 0, Episode 11, total_loss: 214549.4375, q_loss 124445.265625, v_loss 90104.1796875 ,lr 0.01
INFO:root:epoch 0, Episode 12, total_loss: 127931.328125, q_loss 94479.078125, v_loss 33452.25390625 ,lr 0.01
INFO:root:epoch 0, Episode 13, total_loss: 43880.0078125, q_loss 34634.96484375, v_loss 9245.041015625 ,lr 0.01
INFO:root:epoch 0, Episode 14, total_loss: 25255.53125, q_loss 24527.91796875, v_loss 727.613525390625 ,lr 0.01
INFO:root:epoch 0, Episode 15, total_loss: 35550.90234375, q_loss 35401.87109375, v_loss 149.03314208984375 ,lr 0.01
INFO:root:epoch 0, Episode 16, total_loss: 51011.84765625, q_loss 47744.0234375, v_loss 3267.8251953125 ,lr 0.01
INFO:root:epoch 0, Episode 17, total_loss: 25308.97265625, q_loss 21170.296875, v_loss 4138.67578125 ,lr 0.01
INFO:root:epoch 0, Episode 18, total_loss: 31473.115234375, q_loss 29900.28515625, v_loss 1572.8309326171875 ,lr 0.01
INFO:root:epoch 0, Episode 19, total_loss: 58020.37109375, q_loss 55991.88671875, v_loss 2028.485595703125 ,lr 0.01
INFO:root:epoch 0, Episode 20, total_loss: 48151.67578125, q_loss 28161.203125, v_loss 19990.47265625 ,lr 0.01
INFO:root:epoch 0, Episode 21, total_loss: 23214.693359375, q_loss 19058.48828125, v_loss 4156.20458984375 ,lr 0.01
INFO:root:epoch 0, Episode 22, total_loss: 23009.7265625, q_loss 18655.220703125, v_loss 4354.505859375 ,lr 0.01
INFO:root:epoch 0, Episode 23, total_loss: 3359.35302734375, q_loss 2351.67333984375, v_loss 1007.6795654296875 ,lr 0.01
INFO:root:epoch 0, Episode 24, total_loss: 9811.0361328125, q_loss 7834.23046875, v_loss 1976.8052978515625 ,lr 0.01
INFO:root:epoch 0, Episode 25, total_loss: 8208.9375, q_loss 5291.1572265625, v_loss 2917.78076171875 ,lr 0.01
INFO:root:epoch 0, Episode 26, total_loss: 18261.826171875, q_loss 13082.4287109375, v_loss 5179.39697265625 ,lr 0.01
INFO:root:epoch 0, Episode 27, total_loss: 21947.1328125, q_loss 15134.0498046875, v_loss 6813.08203125 ,lr 0.01
INFO:root:epoch 0, Episode 28, total_loss: 6540.50048828125, q_loss 3530.205810546875, v_loss 3010.294677734375 ,lr 0.01
INFO:root:epoch 0, Episode 29, total_loss: 5788.7451171875, q_loss 3782.524169921875, v_loss 2006.22119140625 ,lr 0.01
INFO:root:epoch 0, Episode 30, total_loss: 3604.18798828125, q_loss 3126.935546875, v_loss 477.25238037109375 ,lr 0.01
INFO:root:epoch 0, Episode 31, total_loss: 3280.12841796875, q_loss 2808.85693359375, v_loss 471.2715148925781 ,lr 0.01
INFO:root:epoch 0, Episode 32, total_loss: 951.4199829101562, q_loss 606.4320068359375, v_loss 344.98797607421875 ,lr 0.01
INFO:root:epoch 0, Episode 33, total_loss: 1696.28759765625, q_loss 1198.432373046875, v_loss 497.8552551269531 ,lr 0.01
INFO:root:epoch 0, Episode 34, total_loss: 1597.1212158203125, q_loss 1459.57666015625, v_loss 137.54452514648438 ,lr 0.01
INFO:root:epoch 0, Episode 35, total_loss: 2529.362548828125, q_loss 1940.0052490234375, v_loss 589.3573608398438 ,lr 0.01
INFO:root:epoch 0, Episode 36, total_loss: 5376.8662109375, q_loss 4708.6435546875, v_loss 668.2228393554688 ,lr 0.01
INFO:root:epoch 0, Episode 37, total_loss: 2481.617919921875, q_loss 2257.5322265625, v_loss 224.0857391357422 ,lr 0.01
INFO:root:epoch 0, Episode 38, total_loss: 6894.1806640625, q_loss 6077.841796875, v_loss 816.3387451171875 ,lr 0.01
INFO:root:epoch 0, Episode 39, total_loss: 3548.47119140625, q_loss 3238.208251953125, v_loss 310.2630615234375 ,lr 0.01
INFO:root:epoch 0, Episode 40, total_loss: 2802.279296875, q_loss 2646.47509765625, v_loss 155.80413818359375 ,lr 0.01
INFO:root:epoch 0, Episode 41, total_loss: 1678.1494140625, q_loss 1476.089599609375, v_loss 202.05982971191406 ,lr 0.01
INFO:root:epoch 0, Episode 42, total_loss: 622.599609375, q_loss 439.08380126953125, v_loss 183.51583862304688 ,lr 0.01
INFO:root:epoch 0, Episode 43, total_loss: 603.7860717773438, q_loss 510.1741943359375, v_loss 93.61188507080078 ,lr 0.01
INFO:root:epoch 0, Episode 44, total_loss: 327.0229797363281, q_loss 286.6962585449219, v_loss 40.32673263549805 ,lr 0.01
INFO:root:epoch 0, Episode 45, total_loss: 2172.627197265625, q_loss 1935.43017578125, v_loss 237.1970672607422 ,lr 0.01
INFO:root:epoch 0, Episode 46, total_loss: 738.3882446289062, q_loss 625.8651733398438, v_loss 112.52305603027344 ,lr 0.01
INFO:root:epoch 0, Episode 47, total_loss: 4152.6103515625, q_loss 3793.217529296875, v_loss 359.3929443359375 ,lr 0.01
INFO:root:epoch 0, Episode 48, total_loss: 3867.07177734375, q_loss 3617.707275390625, v_loss 249.36441040039062 ,lr 0.01
INFO:root:epoch 0, Episode 49, total_loss: 681.264892578125, q_loss 468.27166748046875, v_loss 212.99319458007812 ,lr 0.01
INFO:root:epoch 0, Episode 50, total_loss: 765.2242431640625, q_loss 640.8679809570312, v_loss 124.35623931884766 ,lr 0.01
INFO:root:epoch 0, Episode 51, total_loss: 302.65936279296875, q_loss 268.0715026855469, v_loss 34.58785629272461 ,lr 0.01
INFO:root:epoch 0, Episode 52, total_loss: 415.5786437988281, q_loss 361.9930725097656, v_loss 53.585567474365234 ,lr 0.01
INFO:root:epoch 0, Episode 53, total_loss: 1709.941650390625, q_loss 1458.248046875, v_loss 251.693603515625 ,lr 0.01
INFO:root:epoch 0, Episode 54, total_loss: 412.865966796875, q_loss 367.1349792480469, v_loss 45.73098373413086 ,lr 0.01
INFO:root:epoch 0, Episode 55, total_loss: 860.2238159179688, q_loss 783.87548828125, v_loss 76.34835052490234 ,lr 0.01
INFO:root:epoch 0, Episode 56, total_loss: 1718.142822265625, q_loss 1605.4417724609375, v_loss 112.70109558105469 ,lr 0.01
INFO:root:epoch 0, Episode 57, total_loss: 761.9871826171875, q_loss 654.1754150390625, v_loss 107.8117446899414 ,lr 0.01
INFO:root:epoch 0, Episode 58, total_loss: 1368.30712890625, q_loss 972.0794677734375, v_loss 396.22772216796875 ,lr 0.01
INFO:root:epoch 0, Episode 59, total_loss: 5752.46923828125, q_loss 5457.2578125, v_loss 295.2116394042969 ,lr 0.01
INFO:root:epoch 0, Episode 60, total_loss: 322.6887512207031, q_loss 263.00152587890625, v_loss 59.68722915649414 ,lr 0.01
INFO:root:epoch 0, Episode 61, total_loss: 3883.771240234375, q_loss 3410.427490234375, v_loss 473.3437194824219 ,lr 0.01
INFO:root:epoch 0, Episode 62, total_loss: 865.464599609375, q_loss 682.4696044921875, v_loss 182.99501037597656 ,lr 0.01
INFO:root:epoch 0, Episode 63, total_loss: 470.97637939453125, q_loss 374.8708801269531, v_loss 96.1054916381836 ,lr 0.01
INFO:root:epoch 0, Episode 64, total_loss: 735.4476318359375, q_loss 625.2113647460938, v_loss 110.23623657226562 ,lr 0.01
INFO:root:epoch 0, Episode 65, total_loss: 7325.4365234375, q_loss 6205.2265625, v_loss 1120.2098388671875 ,lr 0.01
INFO:root:epoch 0, Episode 66, total_loss: 523.5422973632812, q_loss 385.1203918457031, v_loss 138.42190551757812 ,lr 0.01
INFO:root:epoch 0, Episode 67, total_loss: 1656.03369140625, q_loss 1416.487060546875, v_loss 239.54669189453125 ,lr 0.01
INFO:root:epoch 0, Episode 68, total_loss: 2830.68359375, q_loss 2373.061279296875, v_loss 457.62237548828125 ,lr 0.01
INFO:root:epoch 0, Episode 69, total_loss: 2244.822265625, q_loss 2012.640380859375, v_loss 232.18177795410156 ,lr 0.01
INFO:root:epoch 0, Episode 70, total_loss: 86.84774780273438, q_loss 82.97286987304688, v_loss 3.874879837036133 ,lr 0.01
INFO:root:epoch 0, Episode 71, total_loss: 1171.164306640625, q_loss 1027.35791015625, v_loss 143.80638122558594 ,lr 0.01
INFO:root:epoch 0, Episode 72, total_loss: 1305.324462890625, q_loss 1044.76025390625, v_loss 260.5641784667969 ,lr 0.01
INFO:root:epoch 0, Episode 73, total_loss: 7260.48046875, q_loss 6177.73486328125, v_loss 1082.745361328125 ,lr 0.01
INFO:root:epoch 0, Episode 74, total_loss: 4487.09716796875, q_loss 4267.662109375, v_loss 219.4349822998047 ,lr 0.01
INFO:root:epoch 0, Episode 75, total_loss: 648.657470703125, q_loss 469.4610900878906, v_loss 179.19635009765625 ,lr 0.01
INFO:root:epoch 0, Episode 76, total_loss: 2247.968994140625, q_loss 1093.535400390625, v_loss 1154.43359375 ,lr 0.01
INFO:root:epoch 0, Episode 77, total_loss: 1950.4334716796875, q_loss 1014.7714233398438, v_loss 935.6620483398438 ,lr 0.01
INFO:root:epoch 0, Episode 78, total_loss: 1096.84423828125, q_loss 718.3145751953125, v_loss 378.5296325683594 ,lr 0.01
INFO:root:epoch 0, Episode 79, total_loss: 2830.679931640625, q_loss 2446.4775390625, v_loss 384.20245361328125 ,lr 0.01
INFO:root:epoch 0, Episode 80, total_loss: 5544.021484375, q_loss 5109.599609375, v_loss 434.4217834472656 ,lr 0.01
INFO:root:epoch 0, Episode 81, total_loss: 491.0733337402344, q_loss 351.0216369628906, v_loss 140.05169677734375 ,lr 0.01
INFO:root:epoch 0, Episode 82, total_loss: 1362.52099609375, q_loss 1354.2164306640625, v_loss 8.304533004760742 ,lr 0.01
INFO:root:epoch 0, Episode 83, total_loss: 807.5665283203125, q_loss 545.5447387695312, v_loss 262.02178955078125 ,lr 0.01
INFO:root:epoch 0, Episode 84, total_loss: 806.3309326171875, q_loss 478.6906433105469, v_loss 327.6402893066406 ,lr 0.01
INFO:root:epoch 0, Episode 85, total_loss: 2113.0361328125, q_loss 1531.4210205078125, v_loss 581.615234375 ,lr 0.01
INFO:root:epoch 0, Episode 86, total_loss: 3521.9736328125, q_loss 2648.3212890625, v_loss 873.6524658203125 ,lr 0.01
INFO:root:epoch 0, Episode 87, total_loss: 2066.34130859375, q_loss 1691.468017578125, v_loss 374.87335205078125 ,lr 0.01
INFO:root:epoch 0, Episode 88, total_loss: 1356.803466796875, q_loss 1195.6673583984375, v_loss 161.13607788085938 ,lr 0.01
INFO:root:epoch 0, Episode 89, total_loss: 1918.6334228515625, q_loss 1661.9300537109375, v_loss 256.7033386230469 ,lr 0.01
INFO:root:epoch 0, Episode 90, total_loss: 1828.7020263671875, q_loss 1746.898193359375, v_loss 81.80378723144531 ,lr 0.01
INFO:root:epoch 0, Episode 91, total_loss: 1492.89453125, q_loss 1420.049072265625, v_loss 72.84548950195312 ,lr 0.01
INFO:root:epoch 0, Episode 92, total_loss: 708.3521728515625, q_loss 622.3123779296875, v_loss 86.0397720336914 ,lr 0.01
INFO:root:epoch 0, Episode 93, total_loss: 1109.9017333984375, q_loss 869.5240478515625, v_loss 240.3776397705078 ,lr 0.01
INFO:root:epoch 0, Episode 94, total_loss: 1279.7548828125, q_loss 770.9576416015625, v_loss 508.79718017578125 ,lr 0.01
INFO:root:epoch 0, Episode 95, total_loss: 1688.709716796875, q_loss 1216.1168212890625, v_loss 472.5928649902344 ,lr 0.01
INFO:root:epoch 0, Episode 96, total_loss: 3799.375732421875, q_loss 3629.130615234375, v_loss 170.2451629638672 ,lr 0.01
INFO:root:epoch 0, Episode 97, total_loss: 1848.6201171875, q_loss 1760.441650390625, v_loss 88.17850494384766 ,lr 0.01
INFO:root:epoch 0, Episode 98, total_loss: 850.06787109375, q_loss 802.4935302734375, v_loss 47.57436752319336 ,lr 0.01
INFO:root:epoch 0, Episode 99, total_loss: 2028.4693603515625, q_loss 1815.59912109375, v_loss 212.8702392578125 ,lr 0.01
INFO:root:epoch 0, Episode 100, total_loss: 1716.5318603515625, q_loss 1637.9822998046875, v_loss 78.54959869384766 ,lr 0.01
INFO:root:val_loss 17.174489974975586
INFO:root:epoch 0, Episode 101, total_loss: 891.5650634765625, q_loss 808.117919921875, v_loss 83.44712829589844 ,lr 0.01
INFO:root:epoch 0, Episode 102, total_loss: 1354.051513671875, q_loss 1185.4241943359375, v_loss 168.6272735595703 ,lr 0.01
INFO:root:epoch 0, Episode 103, total_loss: 3569.376708984375, q_loss 3318.585205078125, v_loss 250.79141235351562 ,lr 0.01
INFO:root:epoch 0, Episode 104, total_loss: 492.7367858886719, q_loss 421.43341064453125, v_loss 71.30338287353516 ,lr 0.01
INFO:root:epoch 0, Episode 105, total_loss: 238.66001892089844, q_loss 205.16146850585938, v_loss 33.49855422973633 ,lr 0.01
INFO:root:epoch 0, Episode 106, total_loss: 652.4751586914062, q_loss 637.1058959960938, v_loss 15.369260787963867 ,lr 0.01
INFO:root:epoch 0, Episode 107, total_loss: 778.5971069335938, q_loss 768.9918823242188, v_loss 9.605207443237305 ,lr 0.01
INFO:root:epoch 0, Episode 108, total_loss: 135.73077392578125, q_loss 129.38192749023438, v_loss 6.348851680755615 ,lr 0.01
INFO:root:epoch 0, Episode 109, total_loss: 1823.96875, q_loss 1749.658447265625, v_loss 74.31031036376953 ,lr 0.01
INFO:root:epoch 0, Episode 110, total_loss: 2799.52392578125, q_loss 2669.25048828125, v_loss 130.27346801757812 ,lr 0.01
INFO:root:epoch 0, Episode 111, total_loss: 914.5399780273438, q_loss 734.3051147460938, v_loss 180.23487854003906 ,lr 0.01
INFO:root:epoch 0, Episode 112, total_loss: 2745.802734375, q_loss 2563.6259765625, v_loss 182.1766815185547 ,lr 0.01
INFO:root:epoch 0, Episode 113, total_loss: 758.9158935546875, q_loss 687.7130126953125, v_loss 71.20289611816406 ,lr 0.01
INFO:root:epoch 0, Episode 114, total_loss: 2424.1240234375, q_loss 2377.02685546875, v_loss 47.09707260131836 ,lr 0.01
INFO:root:epoch 0, Episode 115, total_loss: 1679.2603759765625, q_loss 1647.4385986328125, v_loss 31.821815490722656 ,lr 0.01
INFO:root:epoch 0, Episode 116, total_loss: 1452.105712890625, q_loss 1381.5335693359375, v_loss 70.5721206665039 ,lr 0.01
INFO:root:epoch 0, Episode 117, total_loss: 285.84014892578125, q_loss 248.96945190429688, v_loss 36.87068557739258 ,lr 0.01
INFO:root:epoch 0, Episode 118, total_loss: 1462.4754638671875, q_loss 965.8069458007812, v_loss 496.66851806640625 ,lr 0.01
INFO:root:epoch 0, Episode 119, total_loss: 142.68502807617188, q_loss 72.79407501220703, v_loss 69.89096069335938 ,lr 0.01
INFO:root:epoch 0, Episode 120, total_loss: 1838.2041015625, q_loss 1697.515869140625, v_loss 140.68826293945312 ,lr 0.01
INFO:root:epoch 0, Episode 121, total_loss: 4083.928955078125, q_loss 3936.47705078125, v_loss 147.4519805908203 ,lr 0.01
INFO:root:epoch 0, Episode 122, total_loss: 3784.7568359375, q_loss 3679.408447265625, v_loss 105.3484115600586 ,lr 0.01
INFO:root:epoch 0, Episode 123, total_loss: 1384.316162109375, q_loss 1349.328369140625, v_loss 34.987823486328125 ,lr 0.01
INFO:root:epoch 0, Episode 124, total_loss: 1149.4974365234375, q_loss 827.0037231445312, v_loss 322.4936828613281 ,lr 0.01
INFO:root:epoch 0, Episode 125, total_loss: 459.25726318359375, q_loss 315.4599914550781, v_loss 143.79725646972656 ,lr 0.01
INFO:root:epoch 0, Episode 126, total_loss: 93.23869323730469, q_loss 55.167484283447266, v_loss 38.07121276855469 ,lr 0.01
INFO:root:epoch 0, Episode 127, total_loss: 821.5186157226562, q_loss 768.883056640625, v_loss 52.63558578491211 ,lr 0.01
INFO:root:epoch 0, Episode 128, total_loss: 1457.7830810546875, q_loss 1436.2244873046875, v_loss 21.558597564697266 ,lr 0.01
INFO:root:epoch 0, Episode 129, total_loss: 406.2580871582031, q_loss 369.4920349121094, v_loss 36.76606369018555 ,lr 0.01
INFO:root:epoch 0, Episode 130, total_loss: 784.1807250976562, q_loss 741.6968383789062, v_loss 42.48386001586914 ,lr 0.01
INFO:root:epoch 0, Episode 131, total_loss: 52.89693069458008, q_loss 35.11973190307617, v_loss 17.777198791503906 ,lr 0.01
INFO:root:epoch 0, Episode 132, total_loss: 270.3193664550781, q_loss 235.45619201660156, v_loss 34.863162994384766 ,lr 0.01
INFO:root:epoch 0, Episode 133, total_loss: 5758.55810546875, q_loss 5719.2109375, v_loss 39.34731674194336 ,lr 0.01
INFO:root:epoch 0, Episode 134, total_loss: 198.70201110839844, q_loss 182.39369201660156, v_loss 16.30831527709961 ,lr 0.01
INFO:root:epoch 0, Episode 135, total_loss: 525.0123901367188, q_loss 499.4866027832031, v_loss 25.52578353881836 ,lr 0.01
INFO:root:epoch 0, Episode 136, total_loss: 315.599609375, q_loss 284.63226318359375, v_loss 30.96733856201172 ,lr 0.01
INFO:root:epoch 0, Episode 137, total_loss: 668.1708984375, q_loss 603.962890625, v_loss 64.2080078125 ,lr 0.01
INFO:root:epoch 0, Episode 138, total_loss: 221.99954223632812, q_loss 200.3000946044922, v_loss 21.69944953918457 ,lr 0.01
INFO:root:epoch 0, Episode 139, total_loss: 542.3431396484375, q_loss 505.66204833984375, v_loss 36.681121826171875 ,lr 0.01
INFO:root:epoch 0, Episode 140, total_loss: 60.11552810668945, q_loss 40.89396667480469, v_loss 19.221561431884766 ,lr 0.01
INFO:root:epoch 0, Episode 141, total_loss: 666.1639404296875, q_loss 636.4623413085938, v_loss 29.701581954956055 ,lr 0.01
INFO:root:epoch 0, Episode 142, total_loss: 2765.14599609375, q_loss 2717.55908203125, v_loss 47.586997985839844 ,lr 0.01
INFO:root:epoch 0, Episode 143, total_loss: 293.3302307128906, q_loss 251.45925903320312, v_loss 41.87097930908203 ,lr 0.01
INFO:root:epoch 0, Episode 144, total_loss: 82.8834228515625, q_loss 58.25543212890625, v_loss 24.62799072265625 ,lr 0.01
INFO:root:epoch 0, Episode 145, total_loss: 136.89080810546875, q_loss 122.49508666992188, v_loss 14.395724296569824 ,lr 0.01
INFO:root:epoch 0, Episode 146, total_loss: 919.5759887695312, q_loss 897.1698608398438, v_loss 22.4061279296875 ,lr 0.01
INFO:root:epoch 0, Episode 147, total_loss: 338.2755432128906, q_loss 302.8192138671875, v_loss 35.45633316040039 ,lr 0.01
INFO:root:epoch 0, Episode 148, total_loss: 136.23309326171875, q_loss 130.64002990722656, v_loss 5.5930585861206055 ,lr 0.01
INFO:root:epoch 0, Episode 149, total_loss: 129.32958984375, q_loss 122.9063720703125, v_loss 6.423219203948975 ,lr 0.01
INFO:root:epoch 0, Episode 150, total_loss: 841.4332885742188, q_loss 835.6251220703125, v_loss 5.8081817626953125 ,lr 0.01
INFO:root:epoch 0, Episode 151, total_loss: 369.4831237792969, q_loss 362.76947021484375, v_loss 6.7136430740356445 ,lr 0.01
INFO:root:epoch 0, Episode 152, total_loss: 27.97445297241211, q_loss 22.37468910217285, v_loss 5.599763870239258 ,lr 0.01
INFO:root:epoch 0, Episode 153, total_loss: 237.8079376220703, q_loss 232.0668182373047, v_loss 5.741120338439941 ,lr 0.01
INFO:root:epoch 0, Episode 154, total_loss: 566.5039672851562, q_loss 552.2742919921875, v_loss 14.2296724319458 ,lr 0.01
INFO:root:epoch 0, Episode 155, total_loss: 311.29156494140625, q_loss 302.4666442871094, v_loss 8.82492733001709 ,lr 0.01
INFO:root:epoch 0, Episode 156, total_loss: 76.09820556640625, q_loss 48.589168548583984, v_loss 27.50904083251953 ,lr 0.01
INFO:root:epoch 0, Episode 157, total_loss: 3588.285400390625, q_loss 3587.273193359375, v_loss 1.0121533870697021 ,lr 0.01
INFO:root:epoch 0, Episode 158, total_loss: 301.5824279785156, q_loss 287.0918273925781, v_loss 14.490610122680664 ,lr 0.01
INFO:root:epoch 0, Episode 159, total_loss: 993.3750610351562, q_loss 981.9437866210938, v_loss 11.431292533874512 ,lr 0.01
INFO:root:epoch 0, Episode 160, total_loss: 30.026456832885742, q_loss 22.93549346923828, v_loss 7.090962886810303 ,lr 0.01
INFO:root:epoch 0, Episode 161, total_loss: 441.8963317871094, q_loss 432.883544921875, v_loss 9.01278018951416 ,lr 0.01
INFO:root:epoch 0, Episode 162, total_loss: 22.539052963256836, q_loss 19.753406524658203, v_loss 2.7856457233428955 ,lr 0.01
INFO:root:epoch 0, Episode 163, total_loss: 1264.454345703125, q_loss 1256.142333984375, v_loss 8.312009811401367 ,lr 0.01
INFO:root:epoch 0, Episode 164, total_loss: 73.45581817626953, q_loss 72.58216857910156, v_loss 0.8736525177955627 ,lr 0.01
INFO:root:epoch 0, Episode 165, total_loss: 229.531005859375, q_loss 221.95968627929688, v_loss 7.571325778961182 ,lr 0.01
INFO:root:epoch 0, Episode 166, total_loss: 266.0890808105469, q_loss 263.25579833984375, v_loss 2.833280563354492 ,lr 0.01
INFO:root:epoch 0, Episode 167, total_loss: 519.6072998046875, q_loss 517.3408203125, v_loss 2.266462564468384 ,lr 0.01
INFO:root:epoch 0, Episode 168, total_loss: 1756.5555419921875, q_loss 1752.7406005859375, v_loss 3.8149123191833496 ,lr 0.01
INFO:root:epoch 0, Episode 169, total_loss: 26.55466651916504, q_loss 26.190505981445312, v_loss 0.36416012048721313 ,lr 0.01
INFO:root:epoch 0, Episode 170, total_loss: 86.44636535644531, q_loss 77.62773132324219, v_loss 8.818633079528809 ,lr 0.01
INFO:root:epoch 0, Episode 171, total_loss: 498.6836242675781, q_loss 488.0522155761719, v_loss 10.631413459777832 ,lr 0.01
INFO:root:epoch 0, Episode 172, total_loss: 1201.1064453125, q_loss 1177.504150390625, v_loss 23.602235794067383 ,lr 0.01
INFO:root:epoch 0, Episode 173, total_loss: 3577.11083984375, q_loss 3564.42578125, v_loss 12.685086250305176 ,lr 0.01
INFO:root:epoch 0, Episode 174, total_loss: 360.8981018066406, q_loss 349.5148010253906, v_loss 11.383310317993164 ,lr 0.01
INFO:root:epoch 0, Episode 175, total_loss: 26.74604034423828, q_loss 24.309429168701172, v_loss 2.436610460281372 ,lr 0.01
INFO:root:epoch 0, Episode 176, total_loss: 145.19708251953125, q_loss 137.6726531982422, v_loss 7.5244293212890625 ,lr 0.01
INFO:root:epoch 0, Episode 177, total_loss: 1046.2386474609375, q_loss 1034.8916015625, v_loss 11.347051620483398 ,lr 0.01
INFO:root:epoch 0, Episode 178, total_loss: 543.9482421875, q_loss 538.8343505859375, v_loss 5.113870620727539 ,lr 0.01
INFO:root:epoch 0, Episode 179, total_loss: 1445.5675048828125, q_loss 1431.73095703125, v_loss 13.836536407470703 ,lr 0.01
INFO:root:epoch 0, Episode 180, total_loss: 143.75396728515625, q_loss 133.01214599609375, v_loss 10.7418212890625 ,lr 0.01
INFO:root:epoch 0, Episode 181, total_loss: 1081.923095703125, q_loss 1060.1376953125, v_loss 21.78536605834961 ,lr 0.01
INFO:root:epoch 0, Episode 182, total_loss: 1192.8499755859375, q_loss 1182.7901611328125, v_loss 10.059802055358887 ,lr 0.01
INFO:root:epoch 0, Episode 183, total_loss: 697.5337524414062, q_loss 668.70556640625, v_loss 28.828205108642578 ,lr 0.01
INFO:root:epoch 0, Episode 184, total_loss: 49.93206024169922, q_loss 27.42746925354004, v_loss 22.504592895507812 ,lr 0.01
INFO:root:epoch 0, Episode 185, total_loss: 840.7825317382812, q_loss 816.4400024414062, v_loss 24.342548370361328 ,lr 0.01
INFO:root:epoch 0, Episode 186, total_loss: 1755.1368408203125, q_loss 1731.485595703125, v_loss 23.65118980407715 ,lr 0.01
INFO:root:epoch 0, Episode 187, total_loss: 3815.254150390625, q_loss 3792.86376953125, v_loss 22.39034080505371 ,lr 0.01
INFO:root:epoch 0, Episode 188, total_loss: 646.6896362304688, q_loss 642.8169555664062, v_loss 3.872657060623169 ,lr 0.01
INFO:root:epoch 0, Episode 189, total_loss: 68.64889526367188, q_loss 60.075618743896484, v_loss 8.573278427124023 ,lr 0.01
INFO:root:epoch 0, Episode 190, total_loss: 751.2388305664062, q_loss 661.576171875, v_loss 89.66263580322266 ,lr 0.01
INFO:root:epoch 0, Episode 191, total_loss: 438.2742919921875, q_loss 384.6288757324219, v_loss 53.645408630371094 ,lr 0.01
INFO:root:epoch 0, Episode 192, total_loss: 571.2784423828125, q_loss 501.7668151855469, v_loss 69.5116195678711 ,lr 0.01
INFO:root:epoch 0, Episode 193, total_loss: 185.50770568847656, q_loss 142.82969665527344, v_loss 42.678009033203125 ,lr 0.01
INFO:root:epoch 0, Episode 194, total_loss: 1115.2691650390625, q_loss 1082.68359375, v_loss 32.58561325073242 ,lr 0.01
INFO:root:epoch 0, Episode 195, total_loss: 300.8138122558594, q_loss 273.82061767578125, v_loss 26.993207931518555 ,lr 0.01
INFO:root:epoch 0, Episode 196, total_loss: 126.13408660888672, q_loss 98.85260772705078, v_loss 27.281478881835938 ,lr 0.01
INFO:root:epoch 0, Episode 197, total_loss: 4943.83349609375, q_loss 4891.4794921875, v_loss 52.35396957397461 ,lr 0.01
INFO:root:epoch 0, Episode 198, total_loss: 341.65350341796875, q_loss 295.4373779296875, v_loss 46.21611022949219 ,lr 0.01
INFO:root:epoch 0, Episode 199, total_loss: 721.8861694335938, q_loss 700.4331665039062, v_loss 21.453012466430664 ,lr 0.01
INFO:root:epoch 0, Episode 200, total_loss: 310.80340576171875, q_loss 296.7667236328125, v_loss 14.036680221557617 ,lr 0.01
INFO:root:val_loss 6.952755928039551
INFO:root:epoch 0, Episode 201, total_loss: 586.1800537109375, q_loss 565.6500854492188, v_loss 20.529996871948242 ,lr 0.01
INFO:root:epoch 0, Episode 202, total_loss: 91.15091705322266, q_loss 80.59154510498047, v_loss 10.559371948242188 ,lr 0.01
INFO:root:epoch 0, Episode 203, total_loss: 2354.00439453125, q_loss 2345.77197265625, v_loss 8.232356071472168 ,lr 0.01
INFO:root:epoch 0, Episode 204, total_loss: 464.5351867675781, q_loss 449.212890625, v_loss 15.322288513183594 ,lr 0.01
INFO:root:epoch 0, Episode 205, total_loss: 2442.959228515625, q_loss 2435.413330078125, v_loss 7.545950412750244 ,lr 0.01
INFO:root:epoch 0, Episode 206, total_loss: 55.69713592529297, q_loss 51.66008377075195, v_loss 4.037051677703857 ,lr 0.01
INFO:root:epoch 0, Episode 207, total_loss: 298.25897216796875, q_loss 291.47589111328125, v_loss 6.783081531524658 ,lr 0.01
INFO:root:epoch 0, Episode 208, total_loss: 450.1932373046875, q_loss 437.6543884277344, v_loss 12.538835525512695 ,lr 0.01
INFO:root:epoch 0, Episode 209, total_loss: 48.898048400878906, q_loss 34.84892654418945, v_loss 14.049120903015137 ,lr 0.01
INFO:root:epoch 0, Episode 210, total_loss: 350.10302734375, q_loss 326.3836364746094, v_loss 23.719402313232422 ,lr 0.01
INFO:root:epoch 0, Episode 211, total_loss: 208.7220458984375, q_loss 187.60440063476562, v_loss 21.11764144897461 ,lr 0.01
INFO:root:epoch 0, Episode 212, total_loss: 310.62109375, q_loss 287.30572509765625, v_loss 23.315353393554688 ,lr 0.01
INFO:root:epoch 0, Episode 213, total_loss: 1471.1021728515625, q_loss 1448.806884765625, v_loss 22.295257568359375 ,lr 0.01
INFO:root:epoch 0, Episode 214, total_loss: 35.68529510498047, q_loss 26.029552459716797, v_loss 9.655743598937988 ,lr 0.01
INFO:root:epoch 0, Episode 215, total_loss: 152.83004760742188, q_loss 147.96900939941406, v_loss 4.861032962799072 ,lr 0.01
INFO:root:epoch 0, Episode 216, total_loss: 238.2498016357422, q_loss 228.43577575683594, v_loss 9.81402587890625 ,lr 0.01
INFO:root:epoch 0, Episode 217, total_loss: 633.1947021484375, q_loss 619.7191772460938, v_loss 13.475513458251953 ,lr 0.01
INFO:root:epoch 0, Episode 218, total_loss: 152.86224365234375, q_loss 146.87535095214844, v_loss 5.986893653869629 ,lr 0.01
INFO:root:epoch 0, Episode 219, total_loss: 172.0021209716797, q_loss 165.5166473388672, v_loss 6.485477447509766 ,lr 0.01
INFO:root:epoch 0, Episode 220, total_loss: 270.0043029785156, q_loss 263.766845703125, v_loss 6.237461566925049 ,lr 0.01
INFO:root:epoch 0, Episode 221, total_loss: 979.692626953125, q_loss 971.6901245117188, v_loss 8.002481460571289 ,lr 0.01
INFO:root:epoch 0, Episode 222, total_loss: 27.458526611328125, q_loss 22.938121795654297, v_loss 4.5204057693481445 ,lr 0.01
INFO:root:epoch 0, Episode 223, total_loss: 1728.4625244140625, q_loss 1720.337890625, v_loss 8.12466049194336 ,lr 0.01
INFO:root:epoch 0, Episode 224, total_loss: 164.98269653320312, q_loss 161.4793701171875, v_loss 3.5033304691314697 ,lr 0.01
INFO:root:epoch 0, Episode 225, total_loss: 162.9425048828125, q_loss 158.1575164794922, v_loss 4.784985065460205 ,lr 0.01
INFO:root:epoch 0, Episode 226, total_loss: 78.87162780761719, q_loss 75.72515869140625, v_loss 3.146465539932251 ,lr 0.01
INFO:root:epoch 0, Episode 227, total_loss: 106.49044036865234, q_loss 101.73272705078125, v_loss 4.7577128410339355 ,lr 0.01
INFO:root:epoch 0, Episode 228, total_loss: 327.46136474609375, q_loss 323.7474060058594, v_loss 3.713961601257324 ,lr 0.01
INFO:root:epoch 0, Episode 229, total_loss: 304.0845642089844, q_loss 297.4802551269531, v_loss 6.604301929473877 ,lr 0.01
INFO:root:epoch 0, Episode 230, total_loss: 351.45281982421875, q_loss 340.0542297363281, v_loss 11.398591041564941 ,lr 0.01
INFO:root:epoch 0, Episode 231, total_loss: 151.94412231445312, q_loss 149.24124145507812, v_loss 2.702880859375 ,lr 0.01
INFO:root:epoch 0, Episode 232, total_loss: 1469.0186767578125, q_loss 1463.602783203125, v_loss 5.4158430099487305 ,lr 0.01
INFO:root:epoch 0, Episode 233, total_loss: 1193.953125, q_loss 1185.3245849609375, v_loss 8.628482818603516 ,lr 0.01
INFO:root:epoch 0, Episode 234, total_loss: 300.9071044921875, q_loss 286.5663146972656, v_loss 14.340794563293457 ,lr 0.01
INFO:root:epoch 0, Episode 235, total_loss: 40.48244857788086, q_loss 32.32012939453125, v_loss 8.16231918334961 ,lr 0.01
INFO:root:epoch 0, Episode 236, total_loss: 102.09054565429688, q_loss 96.45098876953125, v_loss 5.639557361602783 ,lr 0.01
INFO:root:epoch 0, Episode 237, total_loss: 1782.28369140625, q_loss 1748.9227294921875, v_loss 33.360939025878906 ,lr 0.01
INFO:root:epoch 0, Episode 238, total_loss: 1759.6202392578125, q_loss 1743.1546630859375, v_loss 16.46556282043457 ,lr 0.01
INFO:root:epoch 0, Episode 239, total_loss: 900.8050537109375, q_loss 895.3092041015625, v_loss 5.495867729187012 ,lr 0.01
INFO:root:epoch 0, Episode 240, total_loss: 276.5752868652344, q_loss 267.1658935546875, v_loss 9.40939998626709 ,lr 0.01
INFO:root:epoch 0, Episode 241, total_loss: 353.2795715332031, q_loss 343.8887939453125, v_loss 9.39078140258789 ,lr 0.01
INFO:root:epoch 0, Episode 242, total_loss: 54.28386306762695, q_loss 40.813690185546875, v_loss 13.470173835754395 ,lr 0.01
INFO:root:epoch 0, Episode 243, total_loss: 3162.291015625, q_loss 3151.10107421875, v_loss 11.189956665039062 ,lr 0.01
INFO:root:epoch 0, Episode 244, total_loss: 217.2799072265625, q_loss 202.13121032714844, v_loss 15.14869499206543 ,lr 0.01
INFO:root:epoch 0, Episode 245, total_loss: 3346.298095703125, q_loss 3339.495849609375, v_loss 6.802302837371826 ,lr 0.01
INFO:root:epoch 0, Episode 246, total_loss: 2463.49365234375, q_loss 2387.072021484375, v_loss 76.42159271240234 ,lr 0.01
INFO:root:epoch 0, Episode 247, total_loss: 135.2710418701172, q_loss 108.14944458007812, v_loss 27.121593475341797 ,lr 0.01
INFO:root:epoch 0, Episode 248, total_loss: 1138.232666015625, q_loss 1122.0166015625, v_loss 16.216066360473633 ,lr 0.01
INFO:root:epoch 0, Episode 249, total_loss: 3664.651611328125, q_loss 3618.508056640625, v_loss 46.14362335205078 ,lr 0.01
INFO:root:epoch 0, Episode 250, total_loss: 390.1776123046875, q_loss 338.343505859375, v_loss 51.8341178894043 ,lr 0.01
INFO:root:epoch 0, Episode 251, total_loss: 675.8994750976562, q_loss 654.7832641601562, v_loss 21.116222381591797 ,lr 0.01
INFO:root:epoch 0, Episode 252, total_loss: 3735.4326171875, q_loss 3727.48193359375, v_loss 7.950595855712891 ,lr 0.01
INFO:root:epoch 0, Episode 253, total_loss: 155.59254455566406, q_loss 147.155029296875, v_loss 8.437519073486328 ,lr 0.01
INFO:root:epoch 0, Episode 254, total_loss: 270.6865234375, q_loss 200.63543701171875, v_loss 70.05107879638672 ,lr 0.01
INFO:root:epoch 0, Episode 255, total_loss: 2041.1519775390625, q_loss 2014.7183837890625, v_loss 26.43354606628418 ,lr 0.01
INFO:root:epoch 0, Episode 256, total_loss: 298.6687927246094, q_loss 281.77935791015625, v_loss 16.889423370361328 ,lr 0.01
INFO:root:epoch 0, Episode 257, total_loss: 3046.518310546875, q_loss 3034.278076171875, v_loss 12.240352630615234 ,lr 0.01
INFO:root:epoch 0, Episode 258, total_loss: 630.009765625, q_loss 595.8865966796875, v_loss 34.1231803894043 ,lr 0.01
INFO:root:epoch 0, Episode 259, total_loss: 379.157958984375, q_loss 370.0801696777344, v_loss 9.07779598236084 ,lr 0.01
INFO:root:epoch 0, Episode 260, total_loss: 242.46778869628906, q_loss 229.74293518066406, v_loss 12.724858283996582 ,lr 0.01
INFO:root:epoch 0, Episode 261, total_loss: 537.682861328125, q_loss 506.1871032714844, v_loss 31.495756149291992 ,lr 0.01
INFO:root:epoch 0, Episode 262, total_loss: 2909.334228515625, q_loss 2840.548583984375, v_loss 68.78563690185547 ,lr 0.01
INFO:root:epoch 0, Episode 263, total_loss: 84.0557632446289, q_loss 65.19062805175781, v_loss 18.865137100219727 ,lr 0.01
INFO:root:epoch 0, Episode 264, total_loss: 534.3387451171875, q_loss 515.1397094726562, v_loss 19.199016571044922 ,lr 0.01
INFO:root:epoch 0, Episode 265, total_loss: 875.3081665039062, q_loss 855.3609619140625, v_loss 19.94721794128418 ,lr 0.01
INFO:root:epoch 0, Episode 266, total_loss: 352.41961669921875, q_loss 310.7048645019531, v_loss 41.714752197265625 ,lr 0.01
INFO:root:epoch 0, Episode 267, total_loss: 303.2919616699219, q_loss 279.2073974609375, v_loss 24.084569931030273 ,lr 0.01
INFO:root:epoch 0, Episode 268, total_loss: 331.5863952636719, q_loss 320.85919189453125, v_loss 10.72719669342041 ,lr 0.01
INFO:root:epoch 0, Episode 269, total_loss: 572.959228515625, q_loss 556.2195434570312, v_loss 16.739681243896484 ,lr 0.01
INFO:root:epoch 0, Episode 270, total_loss: 3228.947998046875, q_loss 3218.367431640625, v_loss 10.580646514892578 ,lr 0.01
INFO:root:epoch 0, Episode 271, total_loss: 147.69448852539062, q_loss 118.80440521240234, v_loss 28.890079498291016 ,lr 0.01
INFO:root:epoch 0, Episode 272, total_loss: 894.3655395507812, q_loss 832.8309936523438, v_loss 61.53457260131836 ,lr 0.01
INFO:root:epoch 0, Episode 273, total_loss: 704.152587890625, q_loss 669.7888793945312, v_loss 34.363739013671875 ,lr 0.01
INFO:root:epoch 0, Episode 274, total_loss: 126.6400375366211, q_loss 116.21409606933594, v_loss 10.425938606262207 ,lr 0.01
INFO:root:epoch 0, Episode 275, total_loss: 919.35546875, q_loss 907.52880859375, v_loss 11.826632499694824 ,lr 0.01
INFO:root:epoch 0, Episode 276, total_loss: 105.32609558105469, q_loss 100.43241882324219, v_loss 4.893674373626709 ,lr 0.01
INFO:root:epoch 0, Episode 277, total_loss: 2394.194091796875, q_loss 2379.537841796875, v_loss 14.656257629394531 ,lr 0.01
INFO:root:epoch 0, Episode 278, total_loss: 3231.93017578125, q_loss 3208.024169921875, v_loss 23.905994415283203 ,lr 0.01
INFO:root:epoch 0, Episode 279, total_loss: 1957.137451171875, q_loss 1918.864990234375, v_loss 38.27241897583008 ,lr 0.01
INFO:root:epoch 0, Episode 280, total_loss: 230.67816162109375, q_loss 188.96926879882812, v_loss 41.70889663696289 ,lr 0.01
INFO:root:epoch 0, Episode 281, total_loss: 2596.017822265625, q_loss 2520.17041015625, v_loss 75.847412109375 ,lr 0.01
INFO:root:epoch 0, Episode 282, total_loss: 32.20627212524414, q_loss 29.717945098876953, v_loss 2.488325834274292 ,lr 0.01
INFO:root:epoch 0, Episode 283, total_loss: 1737.453369140625, q_loss 1724.582275390625, v_loss 12.87103271484375 ,lr 0.01
INFO:root:epoch 0, Episode 284, total_loss: 2441.106689453125, q_loss 2415.65576171875, v_loss 25.451005935668945 ,lr 0.01
INFO:root:epoch 0, Episode 285, total_loss: 348.4670104980469, q_loss 299.7596740722656, v_loss 48.707332611083984 ,lr 0.01
INFO:root:epoch 0, Episode 286, total_loss: 173.47714233398438, q_loss 133.7229766845703, v_loss 39.75416564941406 ,lr 0.01
INFO:root:epoch 0, Episode 287, total_loss: 497.5085754394531, q_loss 383.1082763671875, v_loss 114.40029907226562 ,lr 0.01
INFO:root:epoch 0, Episode 288, total_loss: 2999.770751953125, q_loss 2892.400146484375, v_loss 107.37059020996094 ,lr 0.01
INFO:root:epoch 0, Episode 289, total_loss: 232.10646057128906, q_loss 206.92333984375, v_loss 25.183115005493164 ,lr 0.01
INFO:root:epoch 0, Episode 290, total_loss: 816.1116333007812, q_loss 792.5687866210938, v_loss 23.5428466796875 ,lr 0.01
INFO:root:epoch 0, Episode 291, total_loss: 324.6180419921875, q_loss 307.169189453125, v_loss 17.4488525390625 ,lr 0.01
INFO:root:epoch 0, Episode 292, total_loss: 41.86170959472656, q_loss 37.760318756103516, v_loss 4.1013922691345215 ,lr 0.01
INFO:root:epoch 0, Episode 293, total_loss: 322.64544677734375, q_loss 315.8210754394531, v_loss 6.824380874633789 ,lr 0.01
INFO:root:epoch 0, Episode 294, total_loss: 513.79736328125, q_loss 503.9600830078125, v_loss 9.83730411529541 ,lr 0.01
INFO:root:epoch 0, Episode 295, total_loss: 68.06739044189453, q_loss 61.35835266113281, v_loss 6.709038734436035 ,lr 0.01
INFO:root:epoch 0, Episode 296, total_loss: 348.614990234375, q_loss 334.6431884765625, v_loss 13.971803665161133 ,lr 0.01
INFO:root:epoch 0, Episode 297, total_loss: 477.5196533203125, q_loss 461.2776184082031, v_loss 16.24203872680664 ,lr 0.01
INFO:root:epoch 0, Episode 298, total_loss: 241.75245666503906, q_loss 228.97854614257812, v_loss 12.773907661437988 ,lr 0.01
INFO:root:epoch 0, Episode 299, total_loss: 1190.3310546875, q_loss 1181.8956298828125, v_loss 8.435444831848145 ,lr 0.01
INFO:root:epoch 0, Episode 300, total_loss: 535.822509765625, q_loss 524.576171875, v_loss 11.246338844299316 ,lr 0.01
INFO:root:val_loss 5.941608428955078
INFO:root:epoch 0, Episode 301, total_loss: 114.88038635253906, q_loss 112.6889877319336, v_loss 2.1913952827453613 ,lr 0.01
INFO:root:epoch 0, Episode 302, total_loss: 132.2327423095703, q_loss 128.26719665527344, v_loss 3.965552806854248 ,lr 0.01
INFO:root:epoch 0, Episode 303, total_loss: 123.04024505615234, q_loss 110.3431625366211, v_loss 12.69708251953125 ,lr 0.01
INFO:root:epoch 0, Episode 304, total_loss: 1079.8572998046875, q_loss 1071.9456787109375, v_loss 7.911617755889893 ,lr 0.01
INFO:root:epoch 0, Episode 305, total_loss: 2271.3388671875, q_loss 2264.894287109375, v_loss 6.444464206695557 ,lr 0.01
INFO:root:epoch 0, Episode 306, total_loss: 1876.324462890625, q_loss 1868.339111328125, v_loss 7.985395431518555 ,lr 0.01
INFO:root:epoch 0, Episode 307, total_loss: 427.98712158203125, q_loss 423.751708984375, v_loss 4.235419273376465 ,lr 0.01
INFO:root:epoch 0, Episode 308, total_loss: 1114.0174560546875, q_loss 1087.2188720703125, v_loss 26.798566818237305 ,lr 0.01
INFO:root:epoch 0, Episode 309, total_loss: 2054.373779296875, q_loss 2019.690673828125, v_loss 34.68303298950195 ,lr 0.01
INFO:root:epoch 0, Episode 310, total_loss: 2739.646728515625, q_loss 2704.742431640625, v_loss 34.90440368652344 ,lr 0.01
INFO:root:epoch 0, Episode 311, total_loss: 1674.46044921875, q_loss 1658.13134765625, v_loss 16.32907485961914 ,lr 0.01
INFO:root:epoch 0, Episode 312, total_loss: 1205.2850341796875, q_loss 1177.29052734375, v_loss 27.994552612304688 ,lr 0.01
INFO:root:epoch 0, Episode 313, total_loss: 527.7279663085938, q_loss 510.89068603515625, v_loss 16.837295532226562 ,lr 0.01
INFO:root:epoch 0, Episode 314, total_loss: 1533.1583251953125, q_loss 1526.8623046875, v_loss 6.295995712280273 ,lr 0.01
INFO:root:epoch 0, Episode 315, total_loss: 318.70208740234375, q_loss 259.2723693847656, v_loss 59.429725646972656 ,lr 0.01
INFO:root:epoch 0, Episode 316, total_loss: 740.0186767578125, q_loss 649.7506103515625, v_loss 90.26803588867188 ,lr 0.01
INFO:root:epoch 0, Episode 317, total_loss: 2006.041259765625, q_loss 1899.1328125, v_loss 106.90849304199219 ,lr 0.01
INFO:root:epoch 0, Episode 318, total_loss: 309.0399475097656, q_loss 226.21090698242188, v_loss 82.82904052734375 ,lr 0.01
INFO:root:epoch 0, Episode 319, total_loss: 1333.243896484375, q_loss 1317.4027099609375, v_loss 15.841215133666992 ,lr 0.01
INFO:root:epoch 0, Episode 320, total_loss: 4002.001953125, q_loss 3976.535400390625, v_loss 25.466489791870117 ,lr 0.01
INFO:root:epoch 0, Episode 321, total_loss: 113.38829040527344, q_loss 101.05012512207031, v_loss 12.33816146850586 ,lr 0.01
INFO:root:epoch 0, Episode 322, total_loss: 34.616703033447266, q_loss 29.120582580566406, v_loss 5.496119499206543 ,lr 0.01
INFO:root:epoch 0, Episode 323, total_loss: 156.34991455078125, q_loss 138.46531677246094, v_loss 17.88459587097168 ,lr 0.01
INFO:root:epoch 0, Episode 324, total_loss: 303.20416259765625, q_loss 287.7209777832031, v_loss 15.483195304870605 ,lr 0.01
INFO:root:epoch 0, Episode 325, total_loss: 2963.5283203125, q_loss 2944.964111328125, v_loss 18.564146041870117 ,lr 0.01
INFO:root:epoch 0, Episode 326, total_loss: 4238.927734375, q_loss 4180.953125, v_loss 57.97480010986328 ,lr 0.01
INFO:root:epoch 0, Episode 327, total_loss: 304.6767272949219, q_loss 297.46575927734375, v_loss 7.210967063903809 ,lr 0.01
INFO:root:epoch 0, Episode 328, total_loss: 241.4543914794922, q_loss 218.5825653076172, v_loss 22.871822357177734 ,lr 0.01
INFO:root:epoch 0, Episode 329, total_loss: 4108.71484375, q_loss 3998.80224609375, v_loss 109.9124755859375 ,lr 0.01
INFO:root:epoch 0, Episode 330, total_loss: 309.5496520996094, q_loss 276.5229797363281, v_loss 33.02666091918945 ,lr 0.01
INFO:root:epoch 0, Episode 331, total_loss: 810.5980224609375, q_loss 750.3089599609375, v_loss 60.28908157348633 ,lr 0.01
INFO:root:epoch 0, Episode 332, total_loss: 3807.24951171875, q_loss 3665.41455078125, v_loss 141.8350372314453 ,lr 0.01
INFO:root:epoch 0, Episode 333, total_loss: 3126.1416015625, q_loss 3057.191162109375, v_loss 68.95039367675781 ,lr 0.01
INFO:root:epoch 0, Episode 334, total_loss: 3849.52685546875, q_loss 3776.25732421875, v_loss 73.26959228515625 ,lr 0.01
INFO:root:epoch 0, Episode 335, total_loss: 351.2064208984375, q_loss 271.2860412597656, v_loss 79.92036437988281 ,lr 0.01
INFO:root:epoch 0, Episode 336, total_loss: 281.8472900390625, q_loss 207.9225311279297, v_loss 73.92475128173828 ,lr 0.01
INFO:root:epoch 0, Episode 337, total_loss: 677.8580322265625, q_loss 537.3094482421875, v_loss 140.54855346679688 ,lr 0.01
INFO:root:epoch 0, Episode 338, total_loss: 1323.9581298828125, q_loss 1188.688232421875, v_loss 135.26992797851562 ,lr 0.01
INFO:root:epoch 0, Episode 339, total_loss: 628.38525390625, q_loss 476.79913330078125, v_loss 151.5861053466797 ,lr 0.01
INFO:root:epoch 0, Episode 340, total_loss: 199.77474975585938, q_loss 148.3040313720703, v_loss 51.470726013183594 ,lr 0.01
INFO:root:epoch 0, Episode 341, total_loss: 521.9482421875, q_loss 451.90625, v_loss 70.04202270507812 ,lr 0.01
INFO:root:epoch 0, Episode 342, total_loss: 312.7630615234375, q_loss 270.870361328125, v_loss 41.8927116394043 ,lr 0.01
INFO:root:epoch 0, Episode 343, total_loss: 1220.6279296875, q_loss 1202.064453125, v_loss 18.56348419189453 ,lr 0.01
INFO:root:epoch 0, Episode 344, total_loss: 640.205078125, q_loss 635.2399291992188, v_loss 4.965178966522217 ,lr 0.01
INFO:root:epoch 0, Episode 345, total_loss: 147.89126586914062, q_loss 134.92837524414062, v_loss 12.962892532348633 ,lr 0.01
INFO:root:epoch 0, Episode 346, total_loss: 1053.996826171875, q_loss 1043.9781494140625, v_loss 10.018712043762207 ,lr 0.01
INFO:root:epoch 0, Episode 347, total_loss: 52.23484802246094, q_loss 43.710758209228516, v_loss 8.524088859558105 ,lr 0.01
INFO:root:epoch 0, Episode 348, total_loss: 360.9448547363281, q_loss 308.6438903808594, v_loss 52.30096435546875 ,lr 0.01
INFO:root:epoch 0, Episode 349, total_loss: 293.7060852050781, q_loss 261.6025695800781, v_loss 32.1035041809082 ,lr 0.01
INFO:root:epoch 0, Episode 350, total_loss: 188.24127197265625, q_loss 180.0799102783203, v_loss 8.161360740661621 ,lr 0.01
INFO:root:epoch 0, Episode 351, total_loss: 54.4297981262207, q_loss 50.037017822265625, v_loss 4.39277982711792 ,lr 0.01
INFO:root:epoch 0, Episode 352, total_loss: 198.3098602294922, q_loss 185.4838104248047, v_loss 12.826048851013184 ,lr 0.01
INFO:root:epoch 0, Episode 353, total_loss: 737.86572265625, q_loss 724.4693603515625, v_loss 13.396355628967285 ,lr 0.01
INFO:root:epoch 0, Episode 354, total_loss: 161.2647247314453, q_loss 153.99925231933594, v_loss 7.265472888946533 ,lr 0.01
INFO:root:epoch 0, Episode 355, total_loss: 297.5799865722656, q_loss 289.9479675292969, v_loss 7.632032871246338 ,lr 0.01
INFO:root:epoch 0, Episode 356, total_loss: 381.6299133300781, q_loss 372.7539978027344, v_loss 8.875923156738281 ,lr 0.01
INFO:root:epoch 0, Episode 357, total_loss: 363.1805725097656, q_loss 355.95977783203125, v_loss 7.220793724060059 ,lr 0.01
INFO:root:epoch 0, Episode 358, total_loss: 341.477294921875, q_loss 336.7624206542969, v_loss 4.714865207672119 ,lr 0.01
INFO:root:epoch 0, Episode 359, total_loss: 361.74359130859375, q_loss 348.91351318359375, v_loss 12.830066680908203 ,lr 0.01
INFO:root:epoch 0, Episode 360, total_loss: 67.92556762695312, q_loss 52.84514617919922, v_loss 15.080423355102539 ,lr 0.01
INFO:root:epoch 0, Episode 361, total_loss: 3827.428955078125, q_loss 3808.7529296875, v_loss 18.67609214782715 ,lr 0.01
INFO:root:epoch 0, Episode 362, total_loss: 58.030235290527344, q_loss 50.832679748535156, v_loss 7.197554588317871 ,lr 0.01
INFO:root:epoch 0, Episode 363, total_loss: 1536.114013671875, q_loss 1532.359375, v_loss 3.7546517848968506 ,lr 0.01
INFO:root:epoch 0, Episode 364, total_loss: 306.78704833984375, q_loss 302.53204345703125, v_loss 4.25499963760376 ,lr 0.01
INFO:root:epoch 0, Episode 365, total_loss: 44.771305084228516, q_loss 36.67470169067383, v_loss 8.096603393554688 ,lr 0.01
INFO:root:epoch 0, Episode 366, total_loss: 413.9114990234375, q_loss 400.6221008300781, v_loss 13.289390563964844 ,lr 0.01
INFO:root:epoch 0, Episode 367, total_loss: 2683.07861328125, q_loss 2637.310546875, v_loss 45.768157958984375 ,lr 0.01
INFO:root:epoch 0, Episode 368, total_loss: 830.6918334960938, q_loss 800.546875, v_loss 30.144973754882812 ,lr 0.01
INFO:root:epoch 0, Episode 369, total_loss: 310.3287048339844, q_loss 301.9665832519531, v_loss 8.362125396728516 ,lr 0.01
INFO:root:epoch 0, Episode 370, total_loss: 365.10394287109375, q_loss 359.5153503417969, v_loss 5.588587760925293 ,lr 0.01
INFO:root:epoch 0, Episode 371, total_loss: 440.1392822265625, q_loss 428.11358642578125, v_loss 12.025697708129883 ,lr 0.01
INFO:root:epoch 0, Episode 372, total_loss: 33.75861740112305, q_loss 30.20475196838379, v_loss 3.5538649559020996 ,lr 0.01
INFO:root:epoch 0, Episode 373, total_loss: 39.80280303955078, q_loss 33.57418441772461, v_loss 6.228619575500488 ,lr 0.01
INFO:root:epoch 0, Episode 374, total_loss: 613.37890625, q_loss 607.101318359375, v_loss 6.277595043182373 ,lr 0.01
INFO:root:epoch 0, Episode 375, total_loss: 123.62532043457031, q_loss 109.6880874633789, v_loss 13.937234878540039 ,lr 0.01
INFO:root:epoch 0, Episode 376, total_loss: 661.87353515625, q_loss 655.0655517578125, v_loss 6.807952880859375 ,lr 0.01
INFO:root:epoch 0, Episode 377, total_loss: 32.7464485168457, q_loss 32.28023910522461, v_loss 0.46620771288871765 ,lr 0.01
INFO:root:epoch 0, Episode 378, total_loss: 1779.632080078125, q_loss 1775.0921630859375, v_loss 4.539916515350342 ,lr 0.01
INFO:root:epoch 0, Episode 379, total_loss: 212.11935424804688, q_loss 209.0607147216797, v_loss 3.058633327484131 ,lr 0.01
INFO:root:epoch 0, Episode 380, total_loss: 236.76434326171875, q_loss 235.2861785888672, v_loss 1.4781643152236938 ,lr 0.01
INFO:root:epoch 0, Episode 381, total_loss: 28.100317001342773, q_loss 26.561046600341797, v_loss 1.5392709970474243 ,lr 0.01
INFO:root:epoch 0, Episode 382, total_loss: 426.0276184082031, q_loss 420.3630676269531, v_loss 5.664555072784424 ,lr 0.01
INFO:root:epoch 0, Episode 383, total_loss: 1701.2265625, q_loss 1698.635498046875, v_loss 2.5910041332244873 ,lr 0.01
INFO:root:epoch 0, Episode 384, total_loss: 451.2655334472656, q_loss 450.12310791015625, v_loss 1.142429232597351 ,lr 0.01
INFO:root:epoch 0, Episode 385, total_loss: 273.2853088378906, q_loss 270.81854248046875, v_loss 2.4667739868164062 ,lr 0.01
INFO:root:epoch 0, Episode 386, total_loss: 33.28953552246094, q_loss 31.895288467407227, v_loss 1.3942461013793945 ,lr 0.01
INFO:root:epoch 0, Episode 387, total_loss: 3237.767822265625, q_loss 3229.31201171875, v_loss 8.455801963806152 ,lr 0.01
INFO:root:epoch 0, Episode 388, total_loss: 319.6592712402344, q_loss 319.0964050292969, v_loss 0.5628523826599121 ,lr 0.01
INFO:root:epoch 0, Episode 389, total_loss: 32.82805633544922, q_loss 30.418458938598633, v_loss 2.4095983505249023 ,lr 0.01
INFO:root:epoch 0, Episode 390, total_loss: 563.65673828125, q_loss 558.8045654296875, v_loss 4.852148532867432 ,lr 0.01
INFO:root:epoch 0, Episode 391, total_loss: 32.55958557128906, q_loss 27.362886428833008, v_loss 5.1966986656188965 ,lr 0.01
INFO:root:epoch 0, Episode 392, total_loss: 320.3154296875, q_loss 316.416015625, v_loss 3.8994150161743164 ,lr 0.01
INFO:root:epoch 0, Episode 393, total_loss: 96.0662841796875, q_loss 90.50077056884766, v_loss 5.565515995025635 ,lr 0.01
INFO:root:epoch 0, Episode 394, total_loss: 1880.4461669921875, q_loss 1878.3973388671875, v_loss 2.048811674118042 ,lr 0.01
INFO:root:epoch 0, Episode 395, total_loss: 716.3936157226562, q_loss 715.0714111328125, v_loss 1.3221933841705322 ,lr 0.01
INFO:root:epoch 0, Episode 396, total_loss: 290.48931884765625, q_loss 287.2859191894531, v_loss 3.2033894062042236 ,lr 0.01
INFO:root:epoch 0, Episode 397, total_loss: 31.346576690673828, q_loss 27.78632164001465, v_loss 3.5602550506591797 ,lr 0.01
INFO:root:epoch 0, Episode 398, total_loss: 106.91256713867188, q_loss 98.26671600341797, v_loss 8.64584732055664 ,lr 0.01
INFO:root:epoch 0, Episode 399, total_loss: 3521.282470703125, q_loss 3502.63427734375, v_loss 18.648117065429688 ,lr 0.01
INFO:root:epoch 0, Episode 400, total_loss: 157.70986938476562, q_loss 139.06935119628906, v_loss 18.640514373779297 ,lr 0.01
INFO:root:val_loss 3.024346351623535
INFO:root:epoch 0, Episode 401, total_loss: 169.34829711914062, q_loss 158.05825805664062, v_loss 11.29003620147705 ,lr 0.01
INFO:root:epoch 0, Episode 402, total_loss: 6340.9736328125, q_loss 6329.7822265625, v_loss 11.191611289978027 ,lr 0.01
INFO:root:epoch 0, Episode 403, total_loss: 210.94598388671875, q_loss 204.24850463867188, v_loss 6.697483539581299 ,lr 0.01
INFO:root:epoch 0, Episode 404, total_loss: 352.9052429199219, q_loss 349.3564453125, v_loss 3.548802137374878 ,lr 0.01
INFO:root:epoch 0, Episode 405, total_loss: 589.2379760742188, q_loss 586.5505981445312, v_loss 2.68739652633667 ,lr 0.01
INFO:root:epoch 0, Episode 406, total_loss: 263.4187927246094, q_loss 255.4869842529297, v_loss 7.931804180145264 ,lr 0.01
INFO:root:epoch 0, Episode 407, total_loss: 274.4996643066406, q_loss 266.1954040527344, v_loss 8.304252624511719 ,lr 0.01
INFO:root:epoch 0, Episode 408, total_loss: 978.4725952148438, q_loss 966.3167114257812, v_loss 12.155902862548828 ,lr 0.01
INFO:root:epoch 0, Episode 409, total_loss: 206.8812255859375, q_loss 190.00819396972656, v_loss 16.87303924560547 ,lr 0.01
INFO:root:epoch 0, Episode 410, total_loss: 3934.175048828125, q_loss 3904.570556640625, v_loss 29.604454040527344 ,lr 0.01
INFO:root:epoch 0, Episode 411, total_loss: 37.41680908203125, q_loss 34.11924362182617, v_loss 3.2975645065307617 ,lr 0.01
INFO:root:epoch 0, Episode 412, total_loss: 492.21746826171875, q_loss 441.5691833496094, v_loss 50.648284912109375 ,lr 0.01
INFO:root:epoch 0, Episode 413, total_loss: 845.3250122070312, q_loss 813.5059204101562, v_loss 31.81906509399414 ,lr 0.01
INFO:root:epoch 0, Episode 414, total_loss: 6125.0556640625, q_loss 6029.79296875, v_loss 95.26287841796875 ,lr 0.01
INFO:root:epoch 0, Episode 415, total_loss: 1958.6915283203125, q_loss 1877.74462890625, v_loss 80.9468765258789 ,lr 0.01
INFO:root:epoch 0, Episode 416, total_loss: 994.8621826171875, q_loss 911.6849365234375, v_loss 83.17726135253906 ,lr 0.01
INFO:root:epoch 0, Episode 417, total_loss: 1817.533935546875, q_loss 1783.0169677734375, v_loss 34.51694869995117 ,lr 0.01
INFO:root:epoch 0, Episode 418, total_loss: 302.5877990722656, q_loss 254.74765014648438, v_loss 47.84013748168945 ,lr 0.01
INFO:root:epoch 0, Episode 419, total_loss: 459.94976806640625, q_loss 390.69573974609375, v_loss 69.25403594970703 ,lr 0.01
INFO:root:epoch 0, Episode 420, total_loss: 781.0382690429688, q_loss 679.2298583984375, v_loss 101.80841827392578 ,lr 0.01
INFO:root:epoch 0, Episode 421, total_loss: 673.6082763671875, q_loss 600.5726318359375, v_loss 73.0356216430664 ,lr 0.01
INFO:root:epoch 0, Episode 422, total_loss: 1390.9840087890625, q_loss 1310.6336669921875, v_loss 80.35037994384766 ,lr 0.01
INFO:root:epoch 0, Episode 423, total_loss: 234.98794555664062, q_loss 177.2384796142578, v_loss 57.74945831298828 ,lr 0.01
INFO:root:epoch 0, Episode 424, total_loss: 1361.0404052734375, q_loss 1285.3099365234375, v_loss 75.73048400878906 ,lr 0.01
INFO:root:epoch 0, Episode 425, total_loss: 207.65447998046875, q_loss 168.25929260253906, v_loss 39.39518356323242 ,lr 0.01
INFO:root:epoch 0, Episode 426, total_loss: 214.83840942382812, q_loss 166.6712646484375, v_loss 48.167144775390625 ,lr 0.01
INFO:root:epoch 0, Episode 427, total_loss: 674.2131958007812, q_loss 587.1776733398438, v_loss 87.0355224609375 ,lr 0.01
INFO:root:epoch 0, Episode 428, total_loss: 834.9945068359375, q_loss 803.687744140625, v_loss 31.306777954101562 ,lr 0.01
INFO:root:epoch 0, Episode 429, total_loss: 508.013671875, q_loss 464.3282775878906, v_loss 43.68537902832031 ,lr 0.01
INFO:root:epoch 0, Episode 430, total_loss: 496.0118713378906, q_loss 469.0063171386719, v_loss 27.00554656982422 ,lr 0.01
INFO:root:epoch 0, Episode 431, total_loss: 90.27230072021484, q_loss 66.58219146728516, v_loss 23.690107345581055 ,lr 0.01
INFO:root:epoch 0, Episode 432, total_loss: 240.64895629882812, q_loss 222.25933837890625, v_loss 18.389617919921875 ,lr 0.01
INFO:root:epoch 0, Episode 433, total_loss: 708.0341186523438, q_loss 633.5864868164062, v_loss 74.44764709472656 ,lr 0.01
INFO:root:epoch 0, Episode 434, total_loss: 80.85803985595703, q_loss 73.97926330566406, v_loss 6.878779411315918 ,lr 0.01
INFO:root:epoch 0, Episode 435, total_loss: 100.20179748535156, q_loss 69.67984771728516, v_loss 30.52194595336914 ,lr 0.01
INFO:root:epoch 0, Episode 436, total_loss: 618.0795288085938, q_loss 575.3353271484375, v_loss 42.744197845458984 ,lr 0.01
INFO:root:epoch 0, Episode 437, total_loss: 715.8582763671875, q_loss 677.9063720703125, v_loss 37.95189666748047 ,lr 0.01
INFO:root:epoch 0, Episode 438, total_loss: 195.37081909179688, q_loss 159.5870361328125, v_loss 35.783775329589844 ,lr 0.01
INFO:root:epoch 0, Episode 439, total_loss: 199.12374877929688, q_loss 179.3112335205078, v_loss 19.81250762939453 ,lr 0.01
INFO:root:epoch 0, Episode 440, total_loss: 505.4458312988281, q_loss 487.95538330078125, v_loss 17.49045181274414 ,lr 0.01
INFO:root:epoch 0, Episode 441, total_loss: 56.25368118286133, q_loss 48.61296844482422, v_loss 7.640713691711426 ,lr 0.01
INFO:root:epoch 0, Episode 442, total_loss: 250.21206665039062, q_loss 247.52896118164062, v_loss 2.683110475540161 ,lr 0.01
INFO:root:epoch 0, Episode 443, total_loss: 39.072357177734375, q_loss 37.95793533325195, v_loss 1.114423394203186 ,lr 0.01
INFO:root:epoch 0, Episode 444, total_loss: 147.44216918945312, q_loss 141.48150634765625, v_loss 5.960659503936768 ,lr 0.01
INFO:root:epoch 0, Episode 445, total_loss: 54.192771911621094, q_loss 46.97190475463867, v_loss 7.220866680145264 ,lr 0.01
INFO:root:epoch 0, Episode 446, total_loss: 457.0078430175781, q_loss 446.0094909667969, v_loss 10.998342514038086 ,lr 0.01
INFO:root:epoch 0, Episode 447, total_loss: 73.40084838867188, q_loss 64.44927978515625, v_loss 8.951570510864258 ,lr 0.01
INFO:root:epoch 0, Episode 448, total_loss: 188.21717834472656, q_loss 176.0072479248047, v_loss 12.20993709564209 ,lr 0.01
INFO:root:epoch 0, Episode 449, total_loss: 242.26844787597656, q_loss 230.81240844726562, v_loss 11.456037521362305 ,lr 0.01
INFO:root:epoch 0, Episode 450, total_loss: 1567.028564453125, q_loss 1558.0955810546875, v_loss 8.93301773071289 ,lr 0.01
INFO:root:epoch 0, Episode 451, total_loss: 1152.718505859375, q_loss 1146.6475830078125, v_loss 6.07097864151001 ,lr 0.01
INFO:root:epoch 0, Episode 452, total_loss: 1174.8056640625, q_loss 1149.62939453125, v_loss 25.176210403442383 ,lr 0.01
INFO:root:epoch 0, Episode 453, total_loss: 4557.96923828125, q_loss 4385.6435546875, v_loss 172.32554626464844 ,lr 0.01
INFO:root:epoch 0, Episode 454, total_loss: 237.44400024414062, q_loss 189.7085723876953, v_loss 47.73542785644531 ,lr 0.01
INFO:root:epoch 0, Episode 455, total_loss: 150.4339599609375, q_loss 150.0747833251953, v_loss 0.35918280482292175 ,lr 0.01
INFO:root:epoch 0, Episode 456, total_loss: 443.42474365234375, q_loss 366.60882568359375, v_loss 76.81592559814453 ,lr 0.01
INFO:root:epoch 1, Episode 0, total_loss: 369.63336181640625, q_loss 275.5322265625, v_loss 94.10113525390625 ,lr 0.01
INFO:root:epoch 1, Episode 1, total_loss: 759.6738891601562, q_loss 726.9073486328125, v_loss 32.76653289794922 ,lr 0.01
INFO:root:epoch 1, Episode 2, total_loss: 89.96971130371094, q_loss 57.876800537109375, v_loss 32.09291458129883 ,lr 0.01
INFO:root:epoch 1, Episode 3, total_loss: 105.06585693359375, q_loss 65.56834411621094, v_loss 39.49751663208008 ,lr 0.01
INFO:root:epoch 1, Episode 4, total_loss: 1613.8345947265625, q_loss 1590.517333984375, v_loss 23.317310333251953 ,lr 0.01
INFO:root:epoch 1, Episode 5, total_loss: 3114.41015625, q_loss 3106.57470703125, v_loss 7.835465908050537 ,lr 0.01
INFO:root:epoch 1, Episode 6, total_loss: 391.72894287109375, q_loss 383.2658996582031, v_loss 8.463047981262207 ,lr 0.01
INFO:root:epoch 1, Episode 7, total_loss: 806.343017578125, q_loss 798.1663818359375, v_loss 8.176651954650879 ,lr 0.01
INFO:root:epoch 1, Episode 8, total_loss: 552.5643310546875, q_loss 539.1685791015625, v_loss 13.395781517028809 ,lr 0.01
INFO:root:epoch 1, Episode 9, total_loss: 539.87451171875, q_loss 539.605224609375, v_loss 0.2692810297012329 ,lr 0.01
INFO:root:epoch 1, Episode 10, total_loss: 1761.72119140625, q_loss 1724.3758544921875, v_loss 37.34530258178711 ,lr 0.01
INFO:root:epoch 1, Episode 11, total_loss: 1374.429443359375, q_loss 1267.446533203125, v_loss 106.98297119140625 ,lr 0.01
INFO:root:epoch 1, Episode 12, total_loss: 1615.7955322265625, q_loss 1526.74169921875, v_loss 89.05387878417969 ,lr 0.01
INFO:root:epoch 1, Episode 13, total_loss: 316.40380859375, q_loss 232.47178649902344, v_loss 83.93203735351562 ,lr 0.01
INFO:root:epoch 1, Episode 14, total_loss: 755.5479125976562, q_loss 692.95849609375, v_loss 62.58939743041992 ,lr 0.01
INFO:root:epoch 1, Episode 15, total_loss: 417.0528564453125, q_loss 337.482666015625, v_loss 79.57018280029297 ,lr 0.01
INFO:root:epoch 1, Episode 16, total_loss: 314.0225524902344, q_loss 236.18955993652344, v_loss 77.83299255371094 ,lr 0.01
INFO:root:epoch 1, Episode 17, total_loss: 1911.887451171875, q_loss 1862.5621337890625, v_loss 49.32537841796875 ,lr 0.01
INFO:root:epoch 1, Episode 18, total_loss: 431.1116943359375, q_loss 388.4659423828125, v_loss 42.645751953125 ,lr 0.01
INFO:root:epoch 1, Episode 19, total_loss: 1943.7266845703125, q_loss 1931.5670166015625, v_loss 12.159709930419922 ,lr 0.01
INFO:root:epoch 1, Episode 20, total_loss: 217.34527587890625, q_loss 202.2488555908203, v_loss 15.096412658691406 ,lr 0.01
INFO:root:epoch 1, Episode 21, total_loss: 5933.90869140625, q_loss 5908.41552734375, v_loss 25.493362426757812 ,lr 0.01
INFO:root:epoch 1, Episode 22, total_loss: 500.405029296875, q_loss 462.6288146972656, v_loss 37.776206970214844 ,lr 0.01
INFO:root:epoch 1, Episode 23, total_loss: 3039.534423828125, q_loss 3010.911865234375, v_loss 28.622516632080078 ,lr 0.01
INFO:root:epoch 1, Episode 24, total_loss: 1477.7841796875, q_loss 892.5830688476562, v_loss 585.2010498046875 ,lr 0.01
INFO:root:epoch 1, Episode 25, total_loss: 56.856231689453125, q_loss 45.15045928955078, v_loss 11.705772399902344 ,lr 0.01
INFO:root:epoch 1, Episode 26, total_loss: 1741.8140869140625, q_loss 1718.3018798828125, v_loss 23.512189865112305 ,lr 0.01
INFO:root:epoch 1, Episode 27, total_loss: 2691.182373046875, q_loss 2614.70849609375, v_loss 76.47389221191406 ,lr 0.01
INFO:root:epoch 1, Episode 28, total_loss: 319.14337158203125, q_loss 217.13565063476562, v_loss 102.00772857666016 ,lr 0.01
INFO:root:epoch 1, Episode 29, total_loss: 555.9967651367188, q_loss 413.2808532714844, v_loss 142.71592712402344 ,lr 0.01
INFO:root:epoch 1, Episode 30, total_loss: 194.32818603515625, q_loss 151.61767578125, v_loss 42.71051025390625 ,lr 0.01
INFO:root:epoch 1, Episode 31, total_loss: 317.6061706542969, q_loss 280.1585998535156, v_loss 37.44756317138672 ,lr 0.01
INFO:root:epoch 1, Episode 32, total_loss: 492.2067565917969, q_loss 488.3050231933594, v_loss 3.9017436504364014 ,lr 0.01
INFO:root:epoch 1, Episode 33, total_loss: 838.3697509765625, q_loss 824.4193725585938, v_loss 13.950401306152344 ,lr 0.01
INFO:root:epoch 1, Episode 34, total_loss: 104.92256927490234, q_loss 91.2987289428711, v_loss 13.62384033203125 ,lr 0.01
INFO:root:epoch 1, Episode 35, total_loss: 257.770751953125, q_loss 239.48675537109375, v_loss 18.284011840820312 ,lr 0.01
INFO:root:epoch 1, Episode 36, total_loss: 1624.025390625, q_loss 1598.3271484375, v_loss 25.69828987121582 ,lr 0.01
INFO:root:epoch 1, Episode 37, total_loss: 127.00593566894531, q_loss 123.12604522705078, v_loss 3.879887819290161 ,lr 0.01
INFO:root:epoch 1, Episode 38, total_loss: 1341.482421875, q_loss 1306.83935546875, v_loss 34.64306640625 ,lr 0.01
INFO:root:epoch 1, Episode 39, total_loss: 1053.28271484375, q_loss 1037.832763671875, v_loss 15.449930191040039 ,lr 0.01
INFO:root:epoch 1, Episode 40, total_loss: 1332.0284423828125, q_loss 1298.2965087890625, v_loss 33.731895446777344 ,lr 0.01
INFO:root:epoch 1, Episode 41, total_loss: 1425.7584228515625, q_loss 1403.1468505859375, v_loss 22.611581802368164 ,lr 0.01
INFO:root:epoch 1, Episode 42, total_loss: 508.7323303222656, q_loss 465.2426452636719, v_loss 43.489681243896484 ,lr 0.01
INFO:root:epoch 1, Episode 43, total_loss: 183.7533416748047, q_loss 165.3257598876953, v_loss 18.42757797241211 ,lr 0.01
INFO:root:val_loss 1.7393701076507568
INFO:root:epoch 1, Episode 44, total_loss: 114.00664520263672, q_loss 107.40983581542969, v_loss 6.5968122482299805 ,lr 0.01
INFO:root:epoch 1, Episode 45, total_loss: 285.11297607421875, q_loss 268.5449523925781, v_loss 16.568016052246094 ,lr 0.01
INFO:root:epoch 1, Episode 46, total_loss: 135.07968139648438, q_loss 122.95601654052734, v_loss 12.12367057800293 ,lr 0.01
INFO:root:epoch 1, Episode 47, total_loss: 1024.5496826171875, q_loss 995.6417236328125, v_loss 28.907976150512695 ,lr 0.01
INFO:root:epoch 1, Episode 48, total_loss: 1388.677490234375, q_loss 1364.744873046875, v_loss 23.93259620666504 ,lr 0.01
INFO:root:epoch 1, Episode 49, total_loss: 412.9542236328125, q_loss 370.6363220214844, v_loss 42.31790542602539 ,lr 0.01
INFO:root:epoch 1, Episode 50, total_loss: 532.255615234375, q_loss 513.044921875, v_loss 19.210716247558594 ,lr 0.01
INFO:root:epoch 1, Episode 51, total_loss: 93.17725372314453, q_loss 85.86771392822266, v_loss 7.309536933898926 ,lr 0.01
INFO:root:epoch 1, Episode 52, total_loss: 212.379638671875, q_loss 187.0447235107422, v_loss 25.33490753173828 ,lr 0.01
INFO:root:epoch 1, Episode 53, total_loss: 1232.1431884765625, q_loss 1202.5838623046875, v_loss 29.559362411499023 ,lr 0.01
INFO:root:epoch 1, Episode 54, total_loss: 411.76507568359375, q_loss 397.4967346191406, v_loss 14.268329620361328 ,lr 0.01
INFO:root:epoch 1, Episode 55, total_loss: 392.2301940917969, q_loss 348.146484375, v_loss 44.083709716796875 ,lr 0.01
INFO:root:epoch 1, Episode 56, total_loss: 1420.34912109375, q_loss 1410.83837890625, v_loss 9.510684967041016 ,lr 0.01
INFO:root:epoch 1, Episode 57, total_loss: 170.4744415283203, q_loss 129.99327087402344, v_loss 40.48116683959961 ,lr 0.01
INFO:root:epoch 1, Episode 58, total_loss: 605.3355102539062, q_loss 474.91082763671875, v_loss 130.4246826171875 ,lr 0.01
INFO:root:epoch 1, Episode 59, total_loss: 5287.06689453125, q_loss 4961.6728515625, v_loss 325.39422607421875 ,lr 0.01
INFO:root:epoch 1, Episode 60, total_loss: 138.832275390625, q_loss 133.1526336669922, v_loss 5.67964506149292 ,lr 0.01
INFO:root:epoch 1, Episode 61, total_loss: 3387.852783203125, q_loss 3274.84130859375, v_loss 113.0115737915039 ,lr 0.01
INFO:root:epoch 1, Episode 62, total_loss: 956.0372314453125, q_loss 877.7365112304688, v_loss 78.30071258544922 ,lr 0.01
INFO:root:epoch 1, Episode 63, total_loss: 368.408203125, q_loss 265.44989013671875, v_loss 102.95830535888672 ,lr 0.01
INFO:root:epoch 1, Episode 64, total_loss: 691.931396484375, q_loss 490.8363952636719, v_loss 201.094970703125 ,lr 0.01
INFO:root:epoch 1, Episode 65, total_loss: 6406.7109375, q_loss 6247.33740234375, v_loss 159.37332153320312 ,lr 0.01
INFO:root:epoch 1, Episode 66, total_loss: 167.1888427734375, q_loss 91.65735626220703, v_loss 75.53147888183594 ,lr 0.01
INFO:root:epoch 1, Episode 67, total_loss: 392.23822021484375, q_loss 315.0854797363281, v_loss 77.15272521972656 ,lr 0.01
INFO:root:epoch 1, Episode 68, total_loss: 1255.883544921875, q_loss 1161.94091796875, v_loss 93.94258117675781 ,lr 0.01
INFO:root:epoch 1, Episode 69, total_loss: 2580.580810546875, q_loss 2467.8427734375, v_loss 112.738037109375 ,lr 0.01
INFO:root:epoch 1, Episode 70, total_loss: 164.94642639160156, q_loss 143.7510986328125, v_loss 21.195323944091797 ,lr 0.01
INFO:root:epoch 1, Episode 71, total_loss: 1699.7913818359375, q_loss 1488.2723388671875, v_loss 211.51907348632812 ,lr 0.01
INFO:root:epoch 1, Episode 72, total_loss: 420.89068603515625, q_loss 302.29937744140625, v_loss 118.59129333496094 ,lr 0.01
INFO:root:epoch 1, Episode 73, total_loss: 1677.39208984375, q_loss 1585.656005859375, v_loss 91.73606872558594 ,lr 0.01
INFO:root:epoch 1, Episode 74, total_loss: 2887.202392578125, q_loss 2821.89501953125, v_loss 65.30726623535156 ,lr 0.01
INFO:root:epoch 1, Episode 75, total_loss: 178.0726318359375, q_loss 164.42343139648438, v_loss 13.649208068847656 ,lr 0.01
INFO:root:epoch 1, Episode 76, total_loss: 202.44439697265625, q_loss 167.17153930664062, v_loss 35.27285385131836 ,lr 0.01
INFO:root:epoch 1, Episode 77, total_loss: 95.70073699951172, q_loss 76.17415618896484, v_loss 19.526582717895508 ,lr 0.01
INFO:root:epoch 1, Episode 78, total_loss: 170.66783142089844, q_loss 149.6075897216797, v_loss 21.06024169921875 ,lr 0.01
INFO:root:epoch 1, Episode 79, total_loss: 741.2337646484375, q_loss 706.4196166992188, v_loss 34.81417465209961 ,lr 0.01
INFO:root:epoch 1, Episode 80, total_loss: 1934.93359375, q_loss 1886.9149169921875, v_loss 48.0186653137207 ,lr 0.01
INFO:root:epoch 1, Episode 81, total_loss: 303.43316650390625, q_loss 231.38111877441406, v_loss 72.05206298828125 ,lr 0.01
INFO:root:epoch 1, Episode 82, total_loss: 1735.1363525390625, q_loss 1563.20947265625, v_loss 171.9269256591797 ,lr 0.01
INFO:root:epoch 1, Episode 83, total_loss: 206.6658935546875, q_loss 102.78087615966797, v_loss 103.88502502441406 ,lr 0.01
INFO:root:epoch 1, Episode 84, total_loss: 360.6946105957031, q_loss 292.9834289550781, v_loss 67.71117401123047 ,lr 0.01
INFO:root:epoch 1, Episode 85, total_loss: 134.15365600585938, q_loss 72.94251251220703, v_loss 61.211143493652344 ,lr 0.01
INFO:root:epoch 1, Episode 86, total_loss: 293.04010009765625, q_loss 163.02049255371094, v_loss 130.01962280273438 ,lr 0.01
INFO:root:epoch 1, Episode 87, total_loss: 161.07061767578125, q_loss 125.22615814208984, v_loss 35.844451904296875 ,lr 0.01
INFO:root:epoch 1, Episode 88, total_loss: 263.77001953125, q_loss 239.4564666748047, v_loss 24.313541412353516 ,lr 0.01
INFO:root:epoch 1, Episode 89, total_loss: 1813.15869140625, q_loss 1564.3692626953125, v_loss 248.78945922851562 ,lr 0.01
INFO:root:epoch 1, Episode 90, total_loss: 1473.3966064453125, q_loss 1455.11572265625, v_loss 18.280920028686523 ,lr 0.01
INFO:root:epoch 1, Episode 91, total_loss: 1309.6094970703125, q_loss 1270.44091796875, v_loss 39.16859817504883 ,lr 0.01
INFO:root:epoch 1, Episode 92, total_loss: 572.2493896484375, q_loss 534.2974853515625, v_loss 37.95188903808594 ,lr 0.01
INFO:root:epoch 1, Episode 93, total_loss: 438.5279235839844, q_loss 357.15093994140625, v_loss 81.37698364257812 ,lr 0.01
INFO:root:epoch 1, Episode 94, total_loss: 237.16114807128906, q_loss 223.24606323242188, v_loss 13.915080070495605 ,lr 0.01
INFO:root:epoch 1, Episode 95, total_loss: 528.4384765625, q_loss 516.7850341796875, v_loss 11.65346622467041 ,lr 0.01
INFO:root:epoch 1, Episode 96, total_loss: 2071.009033203125, q_loss 2055.197998046875, v_loss 15.811053276062012 ,lr 0.01
INFO:root:epoch 1, Episode 97, total_loss: 1238.098876953125, q_loss 1210.2998046875, v_loss 27.799095153808594 ,lr 0.01
INFO:root:epoch 1, Episode 98, total_loss: 407.1175231933594, q_loss 398.7008972167969, v_loss 8.41663932800293 ,lr 0.01
INFO:root:epoch 1, Episode 99, total_loss: 1039.0631103515625, q_loss 1030.6549072265625, v_loss 8.408148765563965 ,lr 0.01
INFO:root:epoch 1, Episode 100, total_loss: 1025.951171875, q_loss 1009.8560180664062, v_loss 16.095104217529297 ,lr 0.01
INFO:root:epoch 1, Episode 101, total_loss: 289.9460754394531, q_loss 279.6150817871094, v_loss 10.330985069274902 ,lr 0.01
INFO:root:epoch 1, Episode 102, total_loss: 661.2332763671875, q_loss 621.0839233398438, v_loss 40.14937973022461 ,lr 0.01
INFO:root:epoch 1, Episode 103, total_loss: 2838.230224609375, q_loss 2794.758056640625, v_loss 43.472232818603516 ,lr 0.01
INFO:root:epoch 1, Episode 104, total_loss: 336.92730712890625, q_loss 304.159423828125, v_loss 32.76786804199219 ,lr 0.01
INFO:root:epoch 1, Episode 105, total_loss: 233.7835693359375, q_loss 196.3872528076172, v_loss 37.39631652832031 ,lr 0.01
INFO:root:epoch 1, Episode 106, total_loss: 700.4479370117188, q_loss 683.2900390625, v_loss 17.157894134521484 ,lr 0.01
INFO:root:epoch 1, Episode 107, total_loss: 462.9901428222656, q_loss 448.4088134765625, v_loss 14.58133316040039 ,lr 0.01
INFO:root:epoch 1, Episode 108, total_loss: 44.477561950683594, q_loss 38.42744445800781, v_loss 6.050118923187256 ,lr 0.01
INFO:root:epoch 1, Episode 109, total_loss: 1998.2874755859375, q_loss 1899.1292724609375, v_loss 99.15821838378906 ,lr 0.01
INFO:root:epoch 1, Episode 110, total_loss: 2417.41015625, q_loss 2414.549560546875, v_loss 2.86051082611084 ,lr 0.01
INFO:root:epoch 1, Episode 111, total_loss: 265.4855651855469, q_loss 253.1238250732422, v_loss 12.361746788024902 ,lr 0.01
INFO:root:epoch 1, Episode 112, total_loss: 2271.83203125, q_loss 2252.813720703125, v_loss 19.01824188232422 ,lr 0.01
INFO:root:epoch 1, Episode 113, total_loss: 198.0672607421875, q_loss 183.49118041992188, v_loss 14.576077461242676 ,lr 0.01
INFO:root:epoch 1, Episode 114, total_loss: 1790.2762451171875, q_loss 1757.0855712890625, v_loss 33.1906852722168 ,lr 0.01
INFO:root:epoch 1, Episode 115, total_loss: 1496.685302734375, q_loss 1474.133544921875, v_loss 22.551700592041016 ,lr 0.01
INFO:root:epoch 1, Episode 116, total_loss: 1134.7764892578125, q_loss 1116.31689453125, v_loss 18.459543228149414 ,lr 0.01
INFO:root:epoch 1, Episode 117, total_loss: 254.8402557373047, q_loss 249.94737243652344, v_loss 4.892876148223877 ,lr 0.01
INFO:root:epoch 1, Episode 118, total_loss: 893.76611328125, q_loss 876.7578125, v_loss 17.008310317993164 ,lr 0.01
INFO:root:epoch 1, Episode 119, total_loss: 96.62590789794922, q_loss 81.37989044189453, v_loss 15.24601936340332 ,lr 0.01
INFO:root:epoch 1, Episode 120, total_loss: 1208.590087890625, q_loss 1197.5748291015625, v_loss 11.015256881713867 ,lr 0.01
INFO:root:epoch 1, Episode 121, total_loss: 2776.511474609375, q_loss 2751.841796875, v_loss 24.669706344604492 ,lr 0.01
INFO:root:epoch 1, Episode 122, total_loss: 3080.186279296875, q_loss 3058.32080078125, v_loss 21.865535736083984 ,lr 0.01
INFO:root:epoch 1, Episode 123, total_loss: 1072.95654296875, q_loss 1066.580078125, v_loss 6.3764519691467285 ,lr 0.01
INFO:root:epoch 1, Episode 124, total_loss: 518.6842651367188, q_loss 510.7855224609375, v_loss 7.898764610290527 ,lr 0.01
INFO:root:epoch 1, Episode 125, total_loss: 96.48049926757812, q_loss 90.78816986083984, v_loss 5.69232702255249 ,lr 0.01
INFO:root:epoch 1, Episode 126, total_loss: 47.97711944580078, q_loss 46.36402893066406, v_loss 1.61309015750885 ,lr 0.01
INFO:root:epoch 1, Episode 127, total_loss: 739.8040161132812, q_loss 736.9074096679688, v_loss 2.8965885639190674 ,lr 0.01
INFO:root:epoch 1, Episode 128, total_loss: 1317.821533203125, q_loss 1307.92041015625, v_loss 9.901150703430176 ,lr 0.01
INFO:root:epoch 1, Episode 129, total_loss: 320.9161376953125, q_loss 306.36041259765625, v_loss 14.555727005004883 ,lr 0.01
INFO:root:epoch 1, Episode 130, total_loss: 565.7481689453125, q_loss 557.2962036132812, v_loss 8.451984405517578 ,lr 0.01
INFO:root:epoch 1, Episode 131, total_loss: 56.55299758911133, q_loss 52.766902923583984, v_loss 3.7860944271087646 ,lr 0.01
INFO:root:epoch 1, Episode 132, total_loss: 194.60488891601562, q_loss 185.04270935058594, v_loss 9.56218433380127 ,lr 0.01
INFO:root:epoch 1, Episode 133, total_loss: 5697.7109375, q_loss 5682.09912109375, v_loss 15.611919403076172 ,lr 0.01
INFO:root:epoch 1, Episode 134, total_loss: 166.96873474121094, q_loss 157.6365203857422, v_loss 9.332219123840332 ,lr 0.01
INFO:root:epoch 1, Episode 135, total_loss: 388.0454406738281, q_loss 380.0496520996094, v_loss 7.995787620544434 ,lr 0.01
INFO:root:epoch 1, Episode 136, total_loss: 242.455322265625, q_loss 229.71690368652344, v_loss 12.738418579101562 ,lr 0.01
INFO:root:epoch 1, Episode 137, total_loss: 611.6044921875, q_loss 598.687744140625, v_loss 12.916720390319824 ,lr 0.01
INFO:root:epoch 1, Episode 138, total_loss: 195.3118896484375, q_loss 191.75611877441406, v_loss 3.555774688720703 ,lr 0.01
INFO:root:epoch 1, Episode 139, total_loss: 543.771484375, q_loss 537.5231323242188, v_loss 6.248348712921143 ,lr 0.01
INFO:root:epoch 1, Episode 140, total_loss: 34.610923767089844, q_loss 32.724998474121094, v_loss 1.8859249353408813 ,lr 0.01
INFO:root:epoch 1, Episode 141, total_loss: 601.80126953125, q_loss 599.8449096679688, v_loss 1.9563465118408203 ,lr 0.01
INFO:root:epoch 1, Episode 142, total_loss: 2451.63232421875, q_loss 2443.83447265625, v_loss 7.797738075256348 ,lr 0.01
INFO:root:epoch 1, Episode 143, total_loss: 224.0086212158203, q_loss 218.2593536376953, v_loss 5.749260425567627 ,lr 0.01
INFO:root:val_loss 2.7244715690612793
INFO:root:epoch 1, Episode 144, total_loss: 44.58099365234375, q_loss 39.91172409057617, v_loss 4.669268608093262 ,lr 0.01
INFO:root:epoch 1, Episode 145, total_loss: 111.19356536865234, q_loss 108.26840209960938, v_loss 2.925161361694336 ,lr 0.01
INFO:root:epoch 1, Episode 146, total_loss: 935.1773071289062, q_loss 927.6577758789062, v_loss 7.519503116607666 ,lr 0.01
INFO:root:epoch 1, Episode 147, total_loss: 305.92138671875, q_loss 294.4740905761719, v_loss 11.447300910949707 ,lr 0.01
INFO:root:epoch 1, Episode 148, total_loss: 153.4647216796875, q_loss 151.9386444091797, v_loss 1.5260752439498901 ,lr 0.01
INFO:root:epoch 1, Episode 149, total_loss: 127.89693450927734, q_loss 124.9232177734375, v_loss 2.9737167358398438 ,lr 0.01
INFO:root:epoch 1, Episode 150, total_loss: 807.2203369140625, q_loss 801.7371215820312, v_loss 5.48322057723999 ,lr 0.01
INFO:root:epoch 1, Episode 151, total_loss: 364.3013000488281, q_loss 349.36480712890625, v_loss 14.93649959564209 ,lr 0.01
INFO:root:epoch 1, Episode 152, total_loss: 49.314571380615234, q_loss 43.71231460571289, v_loss 5.602257251739502 ,lr 0.01
INFO:root:epoch 1, Episode 153, total_loss: 228.40481567382812, q_loss 220.00628662109375, v_loss 8.398527145385742 ,lr 0.01
INFO:root:epoch 1, Episode 154, total_loss: 589.7984619140625, q_loss 579.1097412109375, v_loss 10.688712120056152 ,lr 0.01
INFO:root:epoch 1, Episode 155, total_loss: 288.0003967285156, q_loss 282.873046875, v_loss 5.127335071563721 ,lr 0.01
INFO:root:epoch 1, Episode 156, total_loss: 69.8886489868164, q_loss 67.55095672607422, v_loss 2.3376917839050293 ,lr 0.01
INFO:root:epoch 1, Episode 157, total_loss: 3766.0859375, q_loss 3764.960205078125, v_loss 1.1256499290466309 ,lr 0.01
INFO:root:epoch 1, Episode 158, total_loss: 282.12841796875, q_loss 269.2013244628906, v_loss 12.927079200744629 ,lr 0.01
INFO:root:epoch 1, Episode 159, total_loss: 1066.357177734375, q_loss 1029.869873046875, v_loss 36.48726272583008 ,lr 0.01
INFO:root:epoch 1, Episode 160, total_loss: 162.71017456054688, q_loss 126.55070495605469, v_loss 36.15947723388672 ,lr 0.01
INFO:root:epoch 1, Episode 161, total_loss: 706.4944458007812, q_loss 637.22509765625, v_loss 69.26932525634766 ,lr 0.01
INFO:root:epoch 1, Episode 162, total_loss: 285.4551086425781, q_loss 219.45443725585938, v_loss 66.00067138671875 ,lr 0.01
INFO:root:epoch 1, Episode 163, total_loss: 1835.33203125, q_loss 1739.60009765625, v_loss 95.73196411132812 ,lr 0.01
INFO:root:epoch 1, Episode 164, total_loss: 114.40267181396484, q_loss 103.94071960449219, v_loss 10.461950302124023 ,lr 0.01
INFO:root:epoch 1, Episode 165, total_loss: 220.28738403320312, q_loss 199.03515625, v_loss 21.252220153808594 ,lr 0.01
INFO:root:epoch 1, Episode 166, total_loss: 320.6607666015625, q_loss 298.905029296875, v_loss 21.7557430267334 ,lr 0.01
INFO:root:epoch 1, Episode 167, total_loss: 510.0630187988281, q_loss 499.26861572265625, v_loss 10.794413566589355 ,lr 0.01
INFO:root:epoch 1, Episode 168, total_loss: 1819.1956787109375, q_loss 1804.5892333984375, v_loss 14.60639476776123 ,lr 0.01
INFO:root:epoch 1, Episode 169, total_loss: 31.622760772705078, q_loss 31.004840850830078, v_loss 0.6179195642471313 ,lr 0.01
INFO:root:epoch 1, Episode 170, total_loss: 100.13326263427734, q_loss 92.52263641357422, v_loss 7.610626220703125 ,lr 0.01
INFO:root:epoch 1, Episode 171, total_loss: 407.71319580078125, q_loss 399.56494140625, v_loss 8.148247718811035 ,lr 0.01
INFO:root:epoch 1, Episode 172, total_loss: 1304.3609619140625, q_loss 1285.304443359375, v_loss 19.056528091430664 ,lr 0.01
INFO:root:epoch 1, Episode 173, total_loss: 3368.06396484375, q_loss 3361.92822265625, v_loss 6.135774612426758 ,lr 0.01
INFO:root:epoch 1, Episode 174, total_loss: 352.77972412109375, q_loss 344.73114013671875, v_loss 8.04858112335205 ,lr 0.01
INFO:root:epoch 1, Episode 175, total_loss: 51.1799201965332, q_loss 48.140045166015625, v_loss 3.039874315261841 ,lr 0.01
INFO:root:epoch 1, Episode 176, total_loss: 176.14364624023438, q_loss 166.8056640625, v_loss 9.33798885345459 ,lr 0.01
INFO:root:epoch 1, Episode 177, total_loss: 1074.7723388671875, q_loss 1059.58154296875, v_loss 15.190804481506348 ,lr 0.01
INFO:root:epoch 1, Episode 178, total_loss: 617.5474853515625, q_loss 609.4736328125, v_loss 8.073826789855957 ,lr 0.01
INFO:root:epoch 1, Episode 179, total_loss: 1406.0408935546875, q_loss 1376.256103515625, v_loss 29.784820556640625 ,lr 0.01
INFO:root:epoch 1, Episode 180, total_loss: 175.94158935546875, q_loss 161.41720581054688, v_loss 14.524384498596191 ,lr 0.01
INFO:root:epoch 1, Episode 181, total_loss: 1073.402099609375, q_loss 1048.68017578125, v_loss 24.721965789794922 ,lr 0.01
INFO:root:epoch 1, Episode 182, total_loss: 1159.426025390625, q_loss 1150.3663330078125, v_loss 9.05968189239502 ,lr 0.01
INFO:root:epoch 1, Episode 183, total_loss: 613.1531982421875, q_loss 596.1883544921875, v_loss 16.964813232421875 ,lr 0.01
INFO:root:epoch 1, Episode 184, total_loss: 65.3430404663086, q_loss 47.74049758911133, v_loss 17.6025447845459 ,lr 0.01
INFO:root:epoch 1, Episode 185, total_loss: 807.8876342773438, q_loss 786.5671997070312, v_loss 21.32046127319336 ,lr 0.01
INFO:root:epoch 1, Episode 186, total_loss: 1871.354248046875, q_loss 1848.739501953125, v_loss 22.61476707458496 ,lr 0.01
INFO:root:epoch 1, Episode 187, total_loss: 3896.625, q_loss 3858.914306640625, v_loss 37.71070861816406 ,lr 0.01
INFO:root:epoch 1, Episode 188, total_loss: 556.987060546875, q_loss 536.8075561523438, v_loss 20.179500579833984 ,lr 0.01
INFO:root:epoch 1, Episode 189, total_loss: 104.28965759277344, q_loss 95.20320892333984, v_loss 9.086444854736328 ,lr 0.01
INFO:root:epoch 1, Episode 190, total_loss: 630.4513549804688, q_loss 616.7648315429688, v_loss 13.686511039733887 ,lr 0.01
INFO:root:epoch 1, Episode 191, total_loss: 479.18804931640625, q_loss 452.40264892578125, v_loss 26.785400390625 ,lr 0.01
INFO:root:epoch 1, Episode 192, total_loss: 647.4050903320312, q_loss 620.8565673828125, v_loss 26.548511505126953 ,lr 0.01
INFO:root:epoch 1, Episode 193, total_loss: 352.41473388671875, q_loss 323.1123962402344, v_loss 29.302324295043945 ,lr 0.01
INFO:root:epoch 1, Episode 194, total_loss: 999.095703125, q_loss 994.4617919921875, v_loss 4.633928298950195 ,lr 0.01
INFO:root:epoch 1, Episode 195, total_loss: 395.21343994140625, q_loss 370.5611267089844, v_loss 24.652297973632812 ,lr 0.01
INFO:root:epoch 1, Episode 196, total_loss: 183.26141357421875, q_loss 157.10366821289062, v_loss 26.157737731933594 ,lr 0.01
INFO:root:epoch 1, Episode 197, total_loss: 4767.62939453125, q_loss 4722.92138671875, v_loss 44.708030700683594 ,lr 0.01
INFO:root:epoch 1, Episode 198, total_loss: 295.91558837890625, q_loss 262.8083801269531, v_loss 33.107215881347656 ,lr 0.01
INFO:root:epoch 1, Episode 199, total_loss: 652.4879760742188, q_loss 646.771484375, v_loss 5.716483116149902 ,lr 0.01
INFO:root:epoch 1, Episode 200, total_loss: 369.566650390625, q_loss 364.2226257324219, v_loss 5.3440260887146 ,lr 0.01
INFO:root:epoch 1, Episode 201, total_loss: 805.9114379882812, q_loss 799.7410278320312, v_loss 6.170386791229248 ,lr 0.01
INFO:root:epoch 1, Episode 202, total_loss: 263.4267578125, q_loss 258.2016296386719, v_loss 5.225137233734131 ,lr 0.01
INFO:root:epoch 1, Episode 203, total_loss: 2532.12841796875, q_loss 2528.757080078125, v_loss 3.371260404586792 ,lr 0.01
INFO:root:epoch 1, Episode 204, total_loss: 450.2527160644531, q_loss 446.9730224609375, v_loss 3.279682159423828 ,lr 0.01
INFO:root:epoch 1, Episode 205, total_loss: 2011.2376708984375, q_loss 2007.18896484375, v_loss 4.048681259155273 ,lr 0.01
INFO:root:epoch 1, Episode 206, total_loss: 64.39518737792969, q_loss 59.90541458129883, v_loss 4.489768981933594 ,lr 0.01
INFO:root:epoch 1, Episode 207, total_loss: 315.8941650390625, q_loss 311.5698547363281, v_loss 4.324296951293945 ,lr 0.01
INFO:root:epoch 1, Episode 208, total_loss: 686.4806518554688, q_loss 673.855224609375, v_loss 12.625452041625977 ,lr 0.01
INFO:root:epoch 1, Episode 209, total_loss: 196.70053100585938, q_loss 188.08114624023438, v_loss 8.619378089904785 ,lr 0.01
INFO:root:epoch 1, Episode 210, total_loss: 423.0860290527344, q_loss 412.6724548339844, v_loss 10.413583755493164 ,lr 0.01
INFO:root:epoch 1, Episode 211, total_loss: 505.4812927246094, q_loss 490.5810852050781, v_loss 14.900196075439453 ,lr 0.01
INFO:root:epoch 1, Episode 212, total_loss: 328.6349182128906, q_loss 307.96697998046875, v_loss 20.667926788330078 ,lr 0.01
INFO:root:epoch 1, Episode 213, total_loss: 1647.39208984375, q_loss 1627.0589599609375, v_loss 20.333120346069336 ,lr 0.01
INFO:root:epoch 1, Episode 214, total_loss: 58.68342208862305, q_loss 51.35495376586914, v_loss 7.32846736907959 ,lr 0.01
INFO:root:epoch 1, Episode 215, total_loss: 163.36602783203125, q_loss 160.51324462890625, v_loss 2.8527839183807373 ,lr 0.01
INFO:root:epoch 1, Episode 216, total_loss: 244.14405822753906, q_loss 240.71343994140625, v_loss 3.430619716644287 ,lr 0.01
INFO:root:epoch 1, Episode 217, total_loss: 615.5177001953125, q_loss 611.8954467773438, v_loss 3.6222665309906006 ,lr 0.01
INFO:root:epoch 1, Episode 218, total_loss: 174.84605407714844, q_loss 173.4279022216797, v_loss 1.41815185546875 ,lr 0.01
INFO:root:epoch 1, Episode 219, total_loss: 285.41424560546875, q_loss 281.7332763671875, v_loss 3.680983781814575 ,lr 0.01
INFO:root:epoch 1, Episode 220, total_loss: 344.5968017578125, q_loss 336.6086730957031, v_loss 7.988134384155273 ,lr 0.01
INFO:root:epoch 1, Episode 221, total_loss: 1012.28076171875, q_loss 1006.1473999023438, v_loss 6.133343696594238 ,lr 0.01
INFO:root:epoch 1, Episode 222, total_loss: 46.95296096801758, q_loss 44.53550720214844, v_loss 2.417454719543457 ,lr 0.01
INFO:root:epoch 1, Episode 223, total_loss: 1740.670654296875, q_loss 1738.035400390625, v_loss 2.6353132724761963 ,lr 0.01
INFO:root:epoch 1, Episode 224, total_loss: 169.61648559570312, q_loss 167.54180908203125, v_loss 2.074681520462036 ,lr 0.01
INFO:root:epoch 1, Episode 225, total_loss: 157.36923217773438, q_loss 156.12123107910156, v_loss 1.2480065822601318 ,lr 0.01
INFO:root:epoch 1, Episode 226, total_loss: 103.22984313964844, q_loss 100.38223266601562, v_loss 2.8476085662841797 ,lr 0.01
INFO:root:epoch 1, Episode 227, total_loss: 135.3436279296875, q_loss 130.08433532714844, v_loss 5.259291648864746 ,lr 0.01
INFO:root:epoch 1, Episode 228, total_loss: 357.53546142578125, q_loss 351.89263916015625, v_loss 5.642808437347412 ,lr 0.01
INFO:root:epoch 1, Episode 229, total_loss: 372.6070861816406, q_loss 363.7778015136719, v_loss 8.829270362854004 ,lr 0.01
INFO:root:epoch 1, Episode 230, total_loss: 338.50457763671875, q_loss 325.35723876953125, v_loss 13.147324562072754 ,lr 0.01
INFO:root:epoch 1, Episode 231, total_loss: 189.82403564453125, q_loss 183.0731201171875, v_loss 6.750921726226807 ,lr 0.01
INFO:root:epoch 1, Episode 232, total_loss: 1370.111572265625, q_loss 1358.66162109375, v_loss 11.449902534484863 ,lr 0.01
INFO:root:epoch 1, Episode 233, total_loss: 1125.0452880859375, q_loss 1118.678955078125, v_loss 6.366374969482422 ,lr 0.01
INFO:root:epoch 1, Episode 234, total_loss: 283.317626953125, q_loss 276.5193786621094, v_loss 6.798246383666992 ,lr 0.01
INFO:root:epoch 1, Episode 235, total_loss: 56.226531982421875, q_loss 50.62002944946289, v_loss 5.606501579284668 ,lr 0.01
INFO:root:epoch 1, Episode 236, total_loss: 118.35758209228516, q_loss 101.26374053955078, v_loss 17.093843460083008 ,lr 0.01
INFO:root:epoch 1, Episode 237, total_loss: 1708.4210205078125, q_loss 1677.274658203125, v_loss 31.146358489990234 ,lr 0.01
INFO:root:epoch 1, Episode 238, total_loss: 1712.9537353515625, q_loss 1705.9993896484375, v_loss 6.954351902008057 ,lr 0.01
INFO:root:epoch 1, Episode 239, total_loss: 840.0548706054688, q_loss 829.9373779296875, v_loss 10.11751937866211 ,lr 0.01
INFO:root:epoch 1, Episode 240, total_loss: 276.88116455078125, q_loss 267.4953308105469, v_loss 9.385821342468262 ,lr 0.01
INFO:root:epoch 1, Episode 241, total_loss: 341.6524658203125, q_loss 335.42071533203125, v_loss 6.231757640838623 ,lr 0.01
INFO:root:epoch 1, Episode 242, total_loss: 55.00155258178711, q_loss 49.30231475830078, v_loss 5.6992387771606445 ,lr 0.01
INFO:root:epoch 1, Episode 243, total_loss: 3103.39306640625, q_loss 3095.72900390625, v_loss 7.664041519165039 ,lr 0.01
INFO:root:val_loss 3.2671804428100586
INFO:root:epoch 1, Episode 244, total_loss: 203.45809936523438, q_loss 197.26580810546875, v_loss 6.192291736602783 ,lr 0.01
INFO:root:epoch 1, Episode 245, total_loss: 3054.646728515625, q_loss 3050.82177734375, v_loss 3.8250675201416016 ,lr 0.01
INFO:root:epoch 1, Episode 246, total_loss: 2507.279052734375, q_loss 2468.771484375, v_loss 38.50751876831055 ,lr 0.01
INFO:root:epoch 1, Episode 247, total_loss: 148.4863739013672, q_loss 118.50369262695312, v_loss 29.982677459716797 ,lr 0.01
INFO:root:epoch 1, Episode 248, total_loss: 943.436767578125, q_loss 888.0929565429688, v_loss 55.343833923339844 ,lr 0.01
INFO:root:epoch 1, Episode 249, total_loss: 3544.822509765625, q_loss 3481.407958984375, v_loss 63.4145393371582 ,lr 0.01
INFO:root:epoch 1, Episode 250, total_loss: 466.8541259765625, q_loss 357.4220275878906, v_loss 109.43209075927734 ,lr 0.01
INFO:root:epoch 1, Episode 251, total_loss: 747.7880249023438, q_loss 691.4860229492188, v_loss 56.30198669433594 ,lr 0.01
INFO:root:epoch 1, Episode 252, total_loss: 4397.47509765625, q_loss 4340.3876953125, v_loss 57.08740234375 ,lr 0.01
INFO:root:epoch 1, Episode 253, total_loss: 291.05621337890625, q_loss 242.4977569580078, v_loss 48.55845642089844 ,lr 0.01
INFO:root:epoch 1, Episode 254, total_loss: 271.4076232910156, q_loss 166.76922607421875, v_loss 104.63839721679688 ,lr 0.01
INFO:root:epoch 1, Episode 255, total_loss: 1476.509033203125, q_loss 1446.6361083984375, v_loss 29.87287139892578 ,lr 0.01
INFO:root:epoch 1, Episode 256, total_loss: 311.2008972167969, q_loss 301.71136474609375, v_loss 9.489543914794922 ,lr 0.01
INFO:root:epoch 1, Episode 257, total_loss: 2866.376708984375, q_loss 2846.051025390625, v_loss 20.325597763061523 ,lr 0.01
INFO:root:epoch 1, Episode 258, total_loss: 553.7135620117188, q_loss 490.15771484375, v_loss 63.55582809448242 ,lr 0.01
INFO:root:epoch 1, Episode 259, total_loss: 267.12933349609375, q_loss 263.998046875, v_loss 3.1312990188598633 ,lr 0.01
INFO:root:epoch 1, Episode 260, total_loss: 66.21776580810547, q_loss 55.835269927978516, v_loss 10.382493019104004 ,lr 0.01
INFO:root:epoch 1, Episode 261, total_loss: 164.86276245117188, q_loss 142.34231567382812, v_loss 22.520444869995117 ,lr 0.01
INFO:root:epoch 1, Episode 262, total_loss: 1364.76611328125, q_loss 1281.025146484375, v_loss 83.74102783203125 ,lr 0.01
INFO:root:epoch 1, Episode 263, total_loss: 69.31007385253906, q_loss 62.824859619140625, v_loss 6.4852166175842285 ,lr 0.01
INFO:root:epoch 1, Episode 264, total_loss: 478.6744384765625, q_loss 469.673095703125, v_loss 9.001344680786133 ,lr 0.01
INFO:root:epoch 1, Episode 265, total_loss: 666.7313232421875, q_loss 562.5392456054688, v_loss 104.19209289550781 ,lr 0.01
INFO:root:epoch 1, Episode 266, total_loss: 179.83676147460938, q_loss 121.81653594970703, v_loss 58.020225524902344 ,lr 0.01
INFO:root:epoch 1, Episode 267, total_loss: 101.21897888183594, q_loss 68.08721160888672, v_loss 33.13176727294922 ,lr 0.01
INFO:root:epoch 1, Episode 268, total_loss: 171.00926208496094, q_loss 130.5030059814453, v_loss 40.50625991821289 ,lr 0.01
INFO:root:epoch 1, Episode 269, total_loss: 441.761474609375, q_loss 430.81146240234375, v_loss 10.950008392333984 ,lr 0.01
INFO:root:epoch 1, Episode 270, total_loss: 2665.644287109375, q_loss 2663.163330078125, v_loss 2.4809000492095947 ,lr 0.01
INFO:root:epoch 1, Episode 271, total_loss: 156.0041961669922, q_loss 139.2717742919922, v_loss 16.7324275970459 ,lr 0.01
INFO:root:epoch 1, Episode 272, total_loss: 709.9876098632812, q_loss 612.292236328125, v_loss 97.69539642333984 ,lr 0.01
INFO:root:epoch 1, Episode 273, total_loss: 515.8189697265625, q_loss 497.5469055175781, v_loss 18.272050857543945 ,lr 0.01
INFO:root:epoch 1, Episode 274, total_loss: 88.33109283447266, q_loss 66.72142791748047, v_loss 21.60966682434082 ,lr 0.01
INFO:root:epoch 1, Episode 275, total_loss: 597.0234375, q_loss 590.8167724609375, v_loss 6.2066874504089355 ,lr 0.01
INFO:root:epoch 1, Episode 276, total_loss: 64.24516296386719, q_loss 59.92739486694336, v_loss 4.3177690505981445 ,lr 0.01
INFO:root:epoch 1, Episode 277, total_loss: 2312.105224609375, q_loss 2308.03466796875, v_loss 4.0704874992370605 ,lr 0.01
INFO:root:epoch 1, Episode 278, total_loss: 2854.08056640625, q_loss 2843.40478515625, v_loss 10.675715446472168 ,lr 0.01
INFO:root:epoch 1, Episode 279, total_loss: 1454.3919677734375, q_loss 1442.1319580078125, v_loss 12.260050773620605 ,lr 0.01
INFO:root:epoch 1, Episode 280, total_loss: 133.0147247314453, q_loss 119.60363006591797, v_loss 13.411096572875977 ,lr 0.01
INFO:root:epoch 1, Episode 281, total_loss: 1309.9539794921875, q_loss 1293.20263671875, v_loss 16.751331329345703 ,lr 0.01
INFO:root:epoch 1, Episode 282, total_loss: 67.9830322265625, q_loss 64.70987701416016, v_loss 3.27315616607666 ,lr 0.01
INFO:root:epoch 1, Episode 283, total_loss: 1771.7740478515625, q_loss 1762.3511962890625, v_loss 9.422821998596191 ,lr 0.01
INFO:root:epoch 1, Episode 284, total_loss: 2430.535400390625, q_loss 2428.376708984375, v_loss 2.15860652923584 ,lr 0.01
INFO:root:epoch 1, Episode 285, total_loss: 260.7170715332031, q_loss 256.40301513671875, v_loss 4.314051628112793 ,lr 0.01
INFO:root:epoch 1, Episode 286, total_loss: 82.84300994873047, q_loss 78.70270538330078, v_loss 4.1403021812438965 ,lr 0.01
INFO:root:epoch 1, Episode 287, total_loss: 226.64157104492188, q_loss 206.36985778808594, v_loss 20.27172088623047 ,lr 0.01
INFO:root:epoch 1, Episode 288, total_loss: 2261.612548828125, q_loss 2238.391357421875, v_loss 23.221126556396484 ,lr 0.01
INFO:root:epoch 1, Episode 289, total_loss: 225.6059112548828, q_loss 217.5417022705078, v_loss 8.064207077026367 ,lr 0.01
INFO:root:epoch 1, Episode 290, total_loss: 807.2291870117188, q_loss 799.0841064453125, v_loss 8.145068168640137 ,lr 0.01
INFO:root:epoch 1, Episode 291, total_loss: 352.4571228027344, q_loss 346.6233825683594, v_loss 5.833743572235107 ,lr 0.01
INFO:root:epoch 1, Episode 292, total_loss: 63.371971130371094, q_loss 61.10365676879883, v_loss 2.268312454223633 ,lr 0.01
INFO:root:epoch 1, Episode 293, total_loss: 365.07330322265625, q_loss 362.0791015625, v_loss 2.9941985607147217 ,lr 0.01
INFO:root:epoch 1, Episode 294, total_loss: 439.34124755859375, q_loss 436.1470642089844, v_loss 3.1941797733306885 ,lr 0.01
INFO:root:epoch 1, Episode 295, total_loss: 51.58882522583008, q_loss 48.11390686035156, v_loss 3.4749176502227783 ,lr 0.01
INFO:root:epoch 1, Episode 296, total_loss: 325.93267822265625, q_loss 321.145263671875, v_loss 4.7874250411987305 ,lr 0.01
INFO:root:epoch 1, Episode 297, total_loss: 479.16290283203125, q_loss 467.4133605957031, v_loss 11.749551773071289 ,lr 0.01
INFO:root:epoch 1, Episode 298, total_loss: 215.23619079589844, q_loss 209.83413696289062, v_loss 5.402055263519287 ,lr 0.01
INFO:root:epoch 1, Episode 299, total_loss: 1266.8787841796875, q_loss 1261.88818359375, v_loss 4.990655422210693 ,lr 0.01
INFO:root:epoch 1, Episode 300, total_loss: 497.10931396484375, q_loss 495.4408874511719, v_loss 1.6684350967407227 ,lr 0.01
INFO:root:epoch 1, Episode 301, total_loss: 120.30486297607422, q_loss 118.64706420898438, v_loss 1.6578000783920288 ,lr 0.01
INFO:root:epoch 1, Episode 302, total_loss: 128.28085327148438, q_loss 124.9336166381836, v_loss 3.3472375869750977 ,lr 0.01
INFO:root:epoch 1, Episode 303, total_loss: 162.18748474121094, q_loss 139.03445434570312, v_loss 23.15303611755371 ,lr 0.01
INFO:root:epoch 1, Episode 304, total_loss: 1179.604248046875, q_loss 1162.052490234375, v_loss 17.551795959472656 ,lr 0.01
INFO:root:epoch 1, Episode 305, total_loss: 2418.3974609375, q_loss 2404.614013671875, v_loss 13.78335952758789 ,lr 0.01
INFO:root:epoch 1, Episode 306, total_loss: 2386.013671875, q_loss 2358.175048828125, v_loss 27.838520050048828 ,lr 0.01
INFO:root:epoch 1, Episode 307, total_loss: 452.6817626953125, q_loss 447.7070007324219, v_loss 4.974761486053467 ,lr 0.01
INFO:root:epoch 1, Episode 308, total_loss: 989.8088989257812, q_loss 987.5554809570312, v_loss 2.253403902053833 ,lr 0.01
INFO:root:epoch 1, Episode 309, total_loss: 1980.549072265625, q_loss 1970.679443359375, v_loss 9.869624137878418 ,lr 0.01
INFO:root:epoch 1, Episode 310, total_loss: 2342.09716796875, q_loss 2334.246826171875, v_loss 7.8504638671875 ,lr 0.01
INFO:root:epoch 1, Episode 311, total_loss: 1750.6181640625, q_loss 1744.2205810546875, v_loss 6.39764404296875 ,lr 0.01
INFO:root:epoch 1, Episode 312, total_loss: 1371.13232421875, q_loss 1368.468017578125, v_loss 2.6643545627593994 ,lr 0.01
INFO:root:epoch 1, Episode 313, total_loss: 463.1723937988281, q_loss 461.197021484375, v_loss 1.9753684997558594 ,lr 0.01
INFO:root:epoch 1, Episode 314, total_loss: 1482.682861328125, q_loss 1481.552490234375, v_loss 1.1303327083587646 ,lr 0.01
INFO:root:epoch 1, Episode 315, total_loss: 235.40760803222656, q_loss 223.60206604003906, v_loss 11.805537223815918 ,lr 0.01
INFO:root:epoch 1, Episode 316, total_loss: 602.2219848632812, q_loss 574.7962646484375, v_loss 27.42569351196289 ,lr 0.01
INFO:root:epoch 1, Episode 317, total_loss: 1515.67041015625, q_loss 1499.5662841796875, v_loss 16.104150772094727 ,lr 0.01
INFO:root:epoch 1, Episode 318, total_loss: 310.8300476074219, q_loss 293.0841064453125, v_loss 17.74593734741211 ,lr 0.01
INFO:root:epoch 1, Episode 319, total_loss: 1278.66748046875, q_loss 1258.9224853515625, v_loss 19.74505615234375 ,lr 0.01
INFO:root:epoch 1, Episode 320, total_loss: 4082.98974609375, q_loss 4065.590576171875, v_loss 17.399070739746094 ,lr 0.01
INFO:root:epoch 1, Episode 321, total_loss: 174.0463409423828, q_loss 167.81405639648438, v_loss 6.232279300689697 ,lr 0.01
INFO:root:epoch 1, Episode 322, total_loss: 58.417198181152344, q_loss 58.10435104370117, v_loss 0.3128480017185211 ,lr 0.01
INFO:root:epoch 1, Episode 323, total_loss: 145.62571716308594, q_loss 137.33792114257812, v_loss 8.287796020507812 ,lr 0.01
INFO:root:epoch 1, Episode 324, total_loss: 181.6124725341797, q_loss 179.01419067382812, v_loss 2.598280191421509 ,lr 0.01
INFO:root:epoch 1, Episode 325, total_loss: 2532.087890625, q_loss 2527.962158203125, v_loss 4.125700950622559 ,lr 0.01
INFO:root:epoch 1, Episode 326, total_loss: 2889.276611328125, q_loss 2884.78466796875, v_loss 4.492033958435059 ,lr 0.01
INFO:root:epoch 1, Episode 327, total_loss: 298.8580322265625, q_loss 296.4525451660156, v_loss 2.40548038482666 ,lr 0.01
INFO:root:epoch 1, Episode 328, total_loss: 189.94210815429688, q_loss 184.65509033203125, v_loss 5.287015438079834 ,lr 0.01
INFO:root:epoch 1, Episode 329, total_loss: 3622.765625, q_loss 3617.298828125, v_loss 5.4667067527771 ,lr 0.01
INFO:root:epoch 1, Episode 330, total_loss: 153.9623260498047, q_loss 143.95263671875, v_loss 10.00969409942627 ,lr 0.01
INFO:root:epoch 1, Episode 331, total_loss: 421.70135498046875, q_loss 410.9366760253906, v_loss 10.76467514038086 ,lr 0.01
INFO:root:epoch 1, Episode 332, total_loss: 2274.183349609375, q_loss 2246.1875, v_loss 27.995899200439453 ,lr 0.01
INFO:root:epoch 1, Episode 333, total_loss: 2203.466064453125, q_loss 2181.4560546875, v_loss 22.01011085510254 ,lr 0.01
INFO:root:epoch 1, Episode 334, total_loss: 3936.89306640625, q_loss 3903.505126953125, v_loss 33.38804626464844 ,lr 0.01
INFO:root:epoch 1, Episode 335, total_loss: 196.0567626953125, q_loss 173.4574432373047, v_loss 22.59932518005371 ,lr 0.01
INFO:root:epoch 1, Episode 336, total_loss: 158.59507751464844, q_loss 145.92666625976562, v_loss 12.668414115905762 ,lr 0.01
INFO:root:epoch 1, Episode 337, total_loss: 398.87939453125, q_loss 378.15716552734375, v_loss 20.722217559814453 ,lr 0.01
INFO:root:epoch 1, Episode 338, total_loss: 1002.4216918945312, q_loss 982.7252197265625, v_loss 19.696481704711914 ,lr 0.01
INFO:root:epoch 1, Episode 339, total_loss: 382.88031005859375, q_loss 337.0372314453125, v_loss 45.84307861328125 ,lr 0.01
INFO:root:epoch 1, Episode 340, total_loss: 65.66365051269531, q_loss 54.19192886352539, v_loss 11.471721649169922 ,lr 0.01
INFO:root:epoch 1, Episode 341, total_loss: 320.42205810546875, q_loss 293.6612854003906, v_loss 26.760774612426758 ,lr 0.01
INFO:root:epoch 1, Episode 342, total_loss: 229.32830810546875, q_loss 196.25741577148438, v_loss 33.070899963378906 ,lr 0.01
INFO:root:epoch 1, Episode 343, total_loss: 1183.0638427734375, q_loss 1149.56689453125, v_loss 33.496925354003906 ,lr 0.01
INFO:root:val_loss 7.466109275817871
INFO:root:epoch 1, Episode 344, total_loss: 611.37939453125, q_loss 556.5664672851562, v_loss 54.812957763671875 ,lr 0.01
INFO:root:epoch 1, Episode 345, total_loss: 173.49722290039062, q_loss 146.39466857910156, v_loss 27.102550506591797 ,lr 0.01
INFO:root:epoch 1, Episode 346, total_loss: 988.5462646484375, q_loss 959.9624633789062, v_loss 28.58378791809082 ,lr 0.01
INFO:root:epoch 1, Episode 347, total_loss: 50.02813720703125, q_loss 42.147544860839844, v_loss 7.880593776702881 ,lr 0.01
INFO:root:epoch 1, Episode 348, total_loss: 321.73016357421875, q_loss 303.033935546875, v_loss 18.696229934692383 ,lr 0.01
INFO:root:epoch 1, Episode 349, total_loss: 294.66387939453125, q_loss 280.3761901855469, v_loss 14.287696838378906 ,lr 0.01
INFO:root:epoch 1, Episode 350, total_loss: 185.61534118652344, q_loss 180.18531799316406, v_loss 5.430028438568115 ,lr 0.01
INFO:root:epoch 1, Episode 351, total_loss: 56.63837814331055, q_loss 55.75736999511719, v_loss 0.8810077905654907 ,lr 0.01
INFO:root:epoch 1, Episode 352, total_loss: 158.98135375976562, q_loss 153.99783325195312, v_loss 4.983519554138184 ,lr 0.01
INFO:root:epoch 1, Episode 353, total_loss: 688.8259887695312, q_loss 682.6632690429688, v_loss 6.162731647491455 ,lr 0.01
INFO:root:epoch 1, Episode 354, total_loss: 158.55421447753906, q_loss 154.6722869873047, v_loss 3.8819234371185303 ,lr 0.01
INFO:root:epoch 1, Episode 355, total_loss: 293.0498962402344, q_loss 287.8894348144531, v_loss 5.160462379455566 ,lr 0.01
INFO:root:epoch 1, Episode 356, total_loss: 369.4166564941406, q_loss 364.3918151855469, v_loss 5.024837493896484 ,lr 0.01
INFO:root:epoch 1, Episode 357, total_loss: 372.17291259765625, q_loss 371.0885925292969, v_loss 1.0843253135681152 ,lr 0.01
INFO:root:epoch 1, Episode 358, total_loss: 314.4814453125, q_loss 312.5708923339844, v_loss 1.910553216934204 ,lr 0.01
INFO:root:epoch 1, Episode 359, total_loss: 317.3343811035156, q_loss 300.8177490234375, v_loss 16.51662826538086 ,lr 0.01
INFO:root:epoch 1, Episode 360, total_loss: 69.7371826171875, q_loss 67.93444061279297, v_loss 1.802743911743164 ,lr 0.01
INFO:root:epoch 1, Episode 361, total_loss: 3635.28857421875, q_loss 3634.83203125, v_loss 0.45656609535217285 ,lr 0.01
INFO:root:epoch 1, Episode 362, total_loss: 57.1033821105957, q_loss 56.21336364746094, v_loss 0.8900195360183716 ,lr 0.01
INFO:root:epoch 1, Episode 363, total_loss: 1737.7467041015625, q_loss 1736.663330078125, v_loss 1.0833702087402344 ,lr 0.01
INFO:root:epoch 1, Episode 364, total_loss: 416.44989013671875, q_loss 415.1721496582031, v_loss 1.27773118019104 ,lr 0.01
INFO:root:epoch 1, Episode 365, total_loss: 42.22587585449219, q_loss 40.5807991027832, v_loss 1.6450750827789307 ,lr 0.01
INFO:root:epoch 1, Episode 366, total_loss: 432.9091796875, q_loss 432.37420654296875, v_loss 0.5349830985069275 ,lr 0.01
INFO:root:epoch 1, Episode 367, total_loss: 2228.28515625, q_loss 2219.46826171875, v_loss 8.816890716552734 ,lr 0.01
INFO:root:epoch 1, Episode 368, total_loss: 665.7186279296875, q_loss 659.7843017578125, v_loss 5.934340000152588 ,lr 0.01
INFO:root:epoch 1, Episode 369, total_loss: 319.4955139160156, q_loss 317.9453430175781, v_loss 1.550167441368103 ,lr 0.01
INFO:root:epoch 1, Episode 370, total_loss: 368.5352478027344, q_loss 367.38165283203125, v_loss 1.1535978317260742 ,lr 0.01
INFO:root:epoch 1, Episode 371, total_loss: 446.13848876953125, q_loss 442.66070556640625, v_loss 3.4777944087982178 ,lr 0.01
INFO:root:epoch 1, Episode 372, total_loss: 69.67293548583984, q_loss 69.07064819335938, v_loss 0.6022855043411255 ,lr 0.01
INFO:root:epoch 1, Episode 373, total_loss: 65.8638687133789, q_loss 63.949520111083984, v_loss 1.9143476486206055 ,lr 0.01
INFO:root:epoch 1, Episode 374, total_loss: 616.853759765625, q_loss 614.7595825195312, v_loss 2.09415340423584 ,lr 0.01
INFO:root:epoch 1, Episode 375, total_loss: 142.80303955078125, q_loss 139.0526885986328, v_loss 3.750352382659912 ,lr 0.01
INFO:root:epoch 1, Episode 376, total_loss: 534.7001953125, q_loss 532.7879638671875, v_loss 1.912229299545288 ,lr 0.01
INFO:root:epoch 1, Episode 377, total_loss: 67.77810668945312, q_loss 67.65705871582031, v_loss 0.12104900926351547 ,lr 0.01
INFO:root:epoch 1, Episode 378, total_loss: 1985.34765625, q_loss 1983.273681640625, v_loss 2.0739285945892334 ,lr 0.01
INFO:root:epoch 1, Episode 379, total_loss: 224.40875244140625, q_loss 218.82261657714844, v_loss 5.586130619049072 ,lr 0.01
INFO:root:epoch 1, Episode 380, total_loss: 256.99072265625, q_loss 255.97470092773438, v_loss 1.0160250663757324 ,lr 0.01
INFO:root:epoch 1, Episode 381, total_loss: 54.980377197265625, q_loss 52.88777542114258, v_loss 2.0926036834716797 ,lr 0.01
INFO:root:epoch 1, Episode 382, total_loss: 496.01165771484375, q_loss 491.533935546875, v_loss 4.477719306945801 ,lr 0.01
INFO:root:epoch 1, Episode 383, total_loss: 1691.3795166015625, q_loss 1687.763427734375, v_loss 3.616145610809326 ,lr 0.01
INFO:root:epoch 1, Episode 384, total_loss: 478.35943603515625, q_loss 475.85186767578125, v_loss 2.5075576305389404 ,lr 0.01
INFO:root:epoch 1, Episode 385, total_loss: 211.72900390625, q_loss 210.06248474121094, v_loss 1.666524887084961 ,lr 0.01
INFO:root:epoch 1, Episode 386, total_loss: 44.042301177978516, q_loss 42.08294677734375, v_loss 1.9593561887741089 ,lr 0.01
INFO:root:epoch 1, Episode 387, total_loss: 3376.306396484375, q_loss 3371.515625, v_loss 4.790719985961914 ,lr 0.01
INFO:root:epoch 1, Episode 388, total_loss: 331.9462890625, q_loss 331.4416198730469, v_loss 0.5046635270118713 ,lr 0.01
INFO:root:epoch 1, Episode 389, total_loss: 62.73207092285156, q_loss 62.359153747558594, v_loss 0.37291765213012695 ,lr 0.01
INFO:root:epoch 1, Episode 390, total_loss: 530.7941284179688, q_loss 525.6788330078125, v_loss 5.1153082847595215 ,lr 0.01
INFO:root:epoch 1, Episode 391, total_loss: 114.88680267333984, q_loss 106.7127914428711, v_loss 8.174012184143066 ,lr 0.01
INFO:root:epoch 1, Episode 392, total_loss: 347.0374450683594, q_loss 345.1247863769531, v_loss 1.9126602411270142 ,lr 0.01
INFO:root:epoch 1, Episode 393, total_loss: 235.63711547851562, q_loss 224.55654907226562, v_loss 11.080560684204102 ,lr 0.01
INFO:root:epoch 1, Episode 394, total_loss: 1743.3270263671875, q_loss 1725.7581787109375, v_loss 17.56887435913086 ,lr 0.01
INFO:root:epoch 1, Episode 395, total_loss: 765.6824340820312, q_loss 764.5958862304688, v_loss 1.0865269899368286 ,lr 0.01
INFO:root:epoch 1, Episode 396, total_loss: 337.96038818359375, q_loss 333.99237060546875, v_loss 3.9680089950561523 ,lr 0.01
INFO:root:epoch 1, Episode 397, total_loss: 68.99211883544922, q_loss 67.85474395751953, v_loss 1.137376308441162 ,lr 0.01
INFO:root:epoch 1, Episode 398, total_loss: 104.4488754272461, q_loss 102.46216583251953, v_loss 1.986708164215088 ,lr 0.01
INFO:root:epoch 1, Episode 399, total_loss: 3310.969970703125, q_loss 3308.248291015625, v_loss 2.721742630004883 ,lr 0.01
INFO:root:epoch 1, Episode 400, total_loss: 138.30149841308594, q_loss 135.3659210205078, v_loss 2.9355719089508057 ,lr 0.01
INFO:root:epoch 1, Episode 401, total_loss: 175.30072021484375, q_loss 172.69493103027344, v_loss 2.605782985687256 ,lr 0.01
INFO:root:epoch 1, Episode 402, total_loss: 5677.7138671875, q_loss 5673.251953125, v_loss 4.461792945861816 ,lr 0.01
INFO:root:epoch 1, Episode 403, total_loss: 236.22354125976562, q_loss 228.07815551757812, v_loss 8.145391464233398 ,lr 0.01
INFO:root:epoch 1, Episode 404, total_loss: 253.6867218017578, q_loss 250.4304656982422, v_loss 3.256249189376831 ,lr 0.01
INFO:root:epoch 1, Episode 405, total_loss: 336.3175048828125, q_loss 328.90325927734375, v_loss 7.414247035980225 ,lr 0.01
INFO:root:epoch 1, Episode 406, total_loss: 103.46827697753906, q_loss 98.41846466064453, v_loss 5.049809455871582 ,lr 0.01
INFO:root:epoch 1, Episode 407, total_loss: 135.6708221435547, q_loss 132.04966735839844, v_loss 3.6211493015289307 ,lr 0.01
INFO:root:epoch 1, Episode 408, total_loss: 756.9491577148438, q_loss 743.4879760742188, v_loss 13.461204528808594 ,lr 0.01
INFO:root:epoch 1, Episode 409, total_loss: 171.97084045410156, q_loss 169.1425323486328, v_loss 2.82831072807312 ,lr 0.01
INFO:root:epoch 1, Episode 410, total_loss: 4024.821044921875, q_loss 4018.103271484375, v_loss 6.717782020568848 ,lr 0.01
INFO:root:epoch 1, Episode 411, total_loss: 61.43210220336914, q_loss 60.84949493408203, v_loss 0.5826066136360168 ,lr 0.01
INFO:root:epoch 1, Episode 412, total_loss: 291.4250183105469, q_loss 274.8691711425781, v_loss 16.555850982666016 ,lr 0.01
INFO:root:epoch 1, Episode 413, total_loss: 591.703125, q_loss 583.13671875, v_loss 8.56640338897705 ,lr 0.01
INFO:root:epoch 1, Episode 414, total_loss: 5463.54443359375, q_loss 5441.78125, v_loss 21.763397216796875 ,lr 0.01
INFO:root:epoch 1, Episode 415, total_loss: 1298.3909912109375, q_loss 1279.291259765625, v_loss 19.099689483642578 ,lr 0.01
INFO:root:epoch 1, Episode 416, total_loss: 683.8380737304688, q_loss 654.8624877929688, v_loss 28.975561141967773 ,lr 0.01
INFO:root:epoch 1, Episode 417, total_loss: 1619.30908203125, q_loss 1604.833984375, v_loss 14.475078582763672 ,lr 0.01
INFO:root:epoch 1, Episode 418, total_loss: 141.5648193359375, q_loss 126.39729309082031, v_loss 15.167518615722656 ,lr 0.01
INFO:root:epoch 1, Episode 419, total_loss: 252.38162231445312, q_loss 231.4813690185547, v_loss 20.90026092529297 ,lr 0.01
INFO:root:epoch 1, Episode 420, total_loss: 480.3793640136719, q_loss 449.38458251953125, v_loss 30.994787216186523 ,lr 0.01
INFO:root:epoch 1, Episode 421, total_loss: 396.1304016113281, q_loss 378.0807189941406, v_loss 18.049678802490234 ,lr 0.01
INFO:root:epoch 1, Episode 422, total_loss: 1075.82763671875, q_loss 1057.6005859375, v_loss 18.227008819580078 ,lr 0.01
INFO:root:epoch 1, Episode 423, total_loss: 159.83026123046875, q_loss 146.02490234375, v_loss 13.805356979370117 ,lr 0.01
INFO:root:epoch 1, Episode 424, total_loss: 1297.7723388671875, q_loss 1286.65966796875, v_loss 11.112717628479004 ,lr 0.01
INFO:root:epoch 1, Episode 425, total_loss: 150.49696350097656, q_loss 140.8270263671875, v_loss 9.66993522644043 ,lr 0.01
INFO:root:epoch 1, Episode 426, total_loss: 143.8520965576172, q_loss 141.1937255859375, v_loss 2.6583709716796875 ,lr 0.01
INFO:root:epoch 1, Episode 427, total_loss: 480.7048645019531, q_loss 473.2207336425781, v_loss 7.484127998352051 ,lr 0.01
INFO:root:epoch 1, Episode 428, total_loss: 652.6268920898438, q_loss 646.2837524414062, v_loss 6.3431315422058105 ,lr 0.01
INFO:root:epoch 1, Episode 429, total_loss: 526.6315307617188, q_loss 511.4132385253906, v_loss 15.218307495117188 ,lr 0.01
INFO:root:epoch 1, Episode 430, total_loss: 345.89581298828125, q_loss 343.4216613769531, v_loss 2.4741604328155518 ,lr 0.01
INFO:root:epoch 1, Episode 431, total_loss: 69.52194213867188, q_loss 66.75494384765625, v_loss 2.767000675201416 ,lr 0.01
INFO:root:epoch 1, Episode 432, total_loss: 187.96096801757812, q_loss 186.3984832763672, v_loss 1.5624818801879883 ,lr 0.01
INFO:root:epoch 1, Episode 433, total_loss: 822.914794921875, q_loss 821.75634765625, v_loss 1.1584357023239136 ,lr 0.01
INFO:root:epoch 1, Episode 434, total_loss: 92.78175354003906, q_loss 92.44355773925781, v_loss 0.3381931185722351 ,lr 0.01
INFO:root:epoch 1, Episode 435, total_loss: 73.37255859375, q_loss 70.37581634521484, v_loss 2.996741533279419 ,lr 0.01
INFO:root:epoch 1, Episode 436, total_loss: 482.8662109375, q_loss 479.0846252441406, v_loss 3.781592845916748 ,lr 0.01
INFO:root:epoch 1, Episode 437, total_loss: 628.341796875, q_loss 626.4396362304688, v_loss 1.9021497964859009 ,lr 0.01
INFO:root:epoch 1, Episode 438, total_loss: 173.4114990234375, q_loss 164.7653350830078, v_loss 8.646169662475586 ,lr 0.01
INFO:root:epoch 1, Episode 439, total_loss: 194.35379028320312, q_loss 188.93408203125, v_loss 5.419704914093018 ,lr 0.01
INFO:root:epoch 1, Episode 440, total_loss: 414.6633605957031, q_loss 408.4088439941406, v_loss 6.254515647888184 ,lr 0.01
INFO:root:epoch 1, Episode 441, total_loss: 81.4493179321289, q_loss 70.99842834472656, v_loss 10.45089054107666 ,lr 0.01
INFO:root:epoch 1, Episode 442, total_loss: 269.8068542480469, q_loss 263.47900390625, v_loss 6.327850818634033 ,lr 0.01
INFO:root:epoch 1, Episode 443, total_loss: 60.5485954284668, q_loss 58.00413131713867, v_loss 2.5444631576538086 ,lr 0.01
INFO:root:val_loss 3.32053279876709
INFO:root:epoch 1, Episode 444, total_loss: 167.48934936523438, q_loss 163.6894073486328, v_loss 3.7999491691589355 ,lr 0.01
INFO:root:epoch 1, Episode 445, total_loss: 69.1960220336914, q_loss 63.28425598144531, v_loss 5.911766529083252 ,lr 0.01
INFO:root:epoch 1, Episode 446, total_loss: 426.4039611816406, q_loss 418.90325927734375, v_loss 7.500690460205078 ,lr 0.01
INFO:root:epoch 1, Episode 447, total_loss: 80.58328247070312, q_loss 76.84172058105469, v_loss 3.741560697555542 ,lr 0.01
INFO:root:epoch 1, Episode 448, total_loss: 169.28057861328125, q_loss 162.24229431152344, v_loss 7.038291931152344 ,lr 0.01
INFO:root:epoch 1, Episode 449, total_loss: 249.96783447265625, q_loss 245.26515197753906, v_loss 4.702681541442871 ,lr 0.01
INFO:root:epoch 1, Episode 450, total_loss: 1465.23828125, q_loss 1461.4697265625, v_loss 3.7686116695404053 ,lr 0.01
INFO:root:epoch 1, Episode 451, total_loss: 1152.9049072265625, q_loss 1148.96142578125, v_loss 3.9434900283813477 ,lr 0.01
INFO:root:epoch 1, Episode 452, total_loss: 1100.961181640625, q_loss 1092.2413330078125, v_loss 8.719836235046387 ,lr 0.01
INFO:root:epoch 1, Episode 453, total_loss: 4334.3369140625, q_loss 4328.15869140625, v_loss 6.1781110763549805 ,lr 0.01
INFO:root:epoch 1, Episode 454, total_loss: 158.75543212890625, q_loss 150.62063598632812, v_loss 8.134799003601074 ,lr 0.01
INFO:root:epoch 1, Episode 455, total_loss: 147.84088134765625, q_loss 147.7317352294922, v_loss 0.1091468408703804 ,lr 0.01
INFO:root:epoch 1, Episode 456, total_loss: 277.7109069824219, q_loss 275.1521301269531, v_loss 2.558785915374756 ,lr 0.01
INFO:root:epoch 2, Episode 0, total_loss: 212.97555541992188, q_loss 206.2068634033203, v_loss 6.768685340881348 ,lr 0.001
INFO:root:epoch 2, Episode 1, total_loss: 555.5111694335938, q_loss 546.2573852539062, v_loss 9.253771781921387 ,lr 0.001
INFO:root:epoch 2, Episode 2, total_loss: 73.03770446777344, q_loss 69.45767211914062, v_loss 3.5800323486328125 ,lr 0.001
INFO:root:epoch 2, Episode 3, total_loss: 79.25706481933594, q_loss 71.72872924804688, v_loss 7.528336048126221 ,lr 0.001
INFO:root:epoch 2, Episode 4, total_loss: 1351.2425537109375, q_loss 1343.1600341796875, v_loss 8.082568168640137 ,lr 0.001
INFO:root:epoch 2, Episode 5, total_loss: 2947.5185546875, q_loss 2926.364990234375, v_loss 21.153453826904297 ,lr 0.001
INFO:root:epoch 2, Episode 6, total_loss: 216.57168579101562, q_loss 209.2532501220703, v_loss 7.318438529968262 ,lr 0.001
INFO:root:epoch 2, Episode 7, total_loss: 608.775390625, q_loss 600.7715454101562, v_loss 8.003852844238281 ,lr 0.001
INFO:root:epoch 2, Episode 8, total_loss: 273.4393310546875, q_loss 268.6561279296875, v_loss 4.783207893371582 ,lr 0.001
INFO:root:epoch 2, Episode 9, total_loss: 107.29378509521484, q_loss 107.26226043701172, v_loss 0.03152716904878616 ,lr 0.001
INFO:root:epoch 2, Episode 10, total_loss: 1890.412353515625, q_loss 1875.3677978515625, v_loss 15.044577598571777 ,lr 0.001
INFO:root:epoch 2, Episode 11, total_loss: 1159.30810546875, q_loss 1151.1270751953125, v_loss 8.181082725524902 ,lr 0.001
INFO:root:epoch 2, Episode 12, total_loss: 1834.018798828125, q_loss 1829.457275390625, v_loss 4.5615410804748535 ,lr 0.001
INFO:root:epoch 2, Episode 13, total_loss: 166.1668243408203, q_loss 164.01138305664062, v_loss 2.155440330505371 ,lr 0.001
INFO:root:epoch 2, Episode 14, total_loss: 681.9832763671875, q_loss 681.1898803710938, v_loss 0.7934182286262512 ,lr 0.001
INFO:root:epoch 2, Episode 15, total_loss: 223.2264862060547, q_loss 222.80616760253906, v_loss 0.42032474279403687 ,lr 0.001
INFO:root:epoch 2, Episode 16, total_loss: 91.86829376220703, q_loss 90.4701919555664, v_loss 1.3981026411056519 ,lr 0.001
INFO:root:epoch 2, Episode 17, total_loss: 1030.2928466796875, q_loss 1028.66943359375, v_loss 1.623456358909607 ,lr 0.001
INFO:root:epoch 2, Episode 18, total_loss: 259.57391357421875, q_loss 257.4969787597656, v_loss 2.076932430267334 ,lr 0.001
INFO:root:epoch 2, Episode 19, total_loss: 2131.94921875, q_loss 2131.2236328125, v_loss 0.7257077097892761 ,lr 0.001
INFO:root:epoch 2, Episode 20, total_loss: 185.93399047851562, q_loss 183.92308044433594, v_loss 2.01090669631958 ,lr 0.001
INFO:root:epoch 2, Episode 21, total_loss: 4993.61279296875, q_loss 4992.08984375, v_loss 1.5229557752609253 ,lr 0.001
INFO:root:epoch 2, Episode 22, total_loss: 404.9083557128906, q_loss 403.04290771484375, v_loss 1.8654381036758423 ,lr 0.001
INFO:root:epoch 2, Episode 23, total_loss: 2953.1484375, q_loss 2950.47998046875, v_loss 2.668513298034668 ,lr 0.001
INFO:root:epoch 2, Episode 24, total_loss: 229.8700714111328, q_loss 229.36083984375, v_loss 0.5092322826385498 ,lr 0.001
INFO:root:epoch 2, Episode 25, total_loss: 62.75051498413086, q_loss 61.904869079589844, v_loss 0.8456465601921082 ,lr 0.001
INFO:root:epoch 2, Episode 26, total_loss: 1586.627197265625, q_loss 1583.9189453125, v_loss 2.708289623260498 ,lr 0.001
INFO:root:epoch 2, Episode 27, total_loss: 1860.5341796875, q_loss 1858.3189697265625, v_loss 2.2151753902435303 ,lr 0.001
INFO:root:epoch 2, Episode 28, total_loss: 129.74136352539062, q_loss 128.47525024414062, v_loss 1.2661157846450806 ,lr 0.001
INFO:root:epoch 2, Episode 29, total_loss: 323.07440185546875, q_loss 320.0357360839844, v_loss 3.038667678833008 ,lr 0.001
INFO:root:epoch 2, Episode 30, total_loss: 117.85855102539062, q_loss 116.42862701416016, v_loss 1.4299277067184448 ,lr 0.001
INFO:root:epoch 2, Episode 31, total_loss: 231.8609161376953, q_loss 229.61317443847656, v_loss 2.2477433681488037 ,lr 0.001
INFO:root:epoch 2, Episode 32, total_loss: 450.59716796875, q_loss 449.21435546875, v_loss 1.3828147649765015 ,lr 0.001
INFO:root:epoch 2, Episode 33, total_loss: 605.0848999023438, q_loss 603.3988037109375, v_loss 1.6861248016357422 ,lr 0.001
INFO:root:epoch 2, Episode 34, total_loss: 67.00127410888672, q_loss 66.06878662109375, v_loss 0.9324861764907837 ,lr 0.001
INFO:root:epoch 2, Episode 35, total_loss: 207.7518310546875, q_loss 206.98165893554688, v_loss 0.7701700925827026 ,lr 0.001
INFO:root:epoch 2, Episode 36, total_loss: 1329.43017578125, q_loss 1328.1468505859375, v_loss 1.2833623886108398 ,lr 0.001
INFO:root:epoch 2, Episode 37, total_loss: 130.86740112304688, q_loss 130.57289123535156, v_loss 0.29451000690460205 ,lr 0.001
INFO:root:epoch 2, Episode 38, total_loss: 1067.162353515625, q_loss 1065.59228515625, v_loss 1.5700926780700684 ,lr 0.001
INFO:root:epoch 2, Episode 39, total_loss: 1125.7615966796875, q_loss 1124.53125, v_loss 1.2303258180618286 ,lr 0.001
INFO:root:epoch 2, Episode 40, total_loss: 1304.718505859375, q_loss 1236.219482421875, v_loss 68.49896240234375 ,lr 0.001
INFO:root:epoch 2, Episode 41, total_loss: 1009.37060546875, q_loss 1006.7785034179688, v_loss 2.5920932292938232 ,lr 0.001
INFO:root:epoch 2, Episode 42, total_loss: 290.9703369140625, q_loss 289.4449768066406, v_loss 1.5253605842590332 ,lr 0.001
INFO:root:epoch 2, Episode 43, total_loss: 126.08955383300781, q_loss 124.27682495117188, v_loss 1.81272554397583 ,lr 0.001
INFO:root:epoch 2, Episode 44, total_loss: 100.48086547851562, q_loss 99.8806381225586, v_loss 0.6002252101898193 ,lr 0.001
INFO:root:epoch 2, Episode 45, total_loss: 248.16769409179688, q_loss 246.81480407714844, v_loss 1.352887749671936 ,lr 0.001
INFO:root:epoch 2, Episode 46, total_loss: 118.3448715209961, q_loss 115.69889831542969, v_loss 2.645970106124878 ,lr 0.001
INFO:root:epoch 2, Episode 47, total_loss: 1057.506591796875, q_loss 1055.6495361328125, v_loss 1.8570632934570312 ,lr 0.001
INFO:root:epoch 2, Episode 48, total_loss: 1298.1593017578125, q_loss 1296.4222412109375, v_loss 1.7371188402175903 ,lr 0.001
INFO:root:epoch 2, Episode 49, total_loss: 265.0374450683594, q_loss 263.7080078125, v_loss 1.3294428586959839 ,lr 0.001
INFO:root:epoch 2, Episode 50, total_loss: 439.20025634765625, q_loss 438.00384521484375, v_loss 1.1964212656021118 ,lr 0.001
INFO:root:epoch 2, Episode 51, total_loss: 112.13024139404297, q_loss 111.611572265625, v_loss 0.5186675786972046 ,lr 0.001
INFO:root:epoch 2, Episode 52, total_loss: 174.72598266601562, q_loss 173.4268341064453, v_loss 1.2991520166397095 ,lr 0.001
INFO:root:epoch 2, Episode 53, total_loss: 1058.599853515625, q_loss 1056.7259521484375, v_loss 1.873949646949768 ,lr 0.001
INFO:root:epoch 2, Episode 54, total_loss: 369.87353515625, q_loss 365.8749084472656, v_loss 3.9986395835876465 ,lr 0.001
INFO:root:epoch 2, Episode 55, total_loss: 315.87127685546875, q_loss 314.2763671875, v_loss 1.5948975086212158 ,lr 0.001
INFO:root:epoch 2, Episode 56, total_loss: 1563.886962890625, q_loss 1562.73876953125, v_loss 1.14823579788208 ,lr 0.001
INFO:root:epoch 2, Episode 57, total_loss: 65.34837341308594, q_loss 64.9036636352539, v_loss 0.4447111189365387 ,lr 0.001
INFO:root:epoch 2, Episode 58, total_loss: 145.046875, q_loss 144.1798095703125, v_loss 0.8670653700828552 ,lr 0.001
INFO:root:epoch 2, Episode 59, total_loss: 3481.995849609375, q_loss 3479.416015625, v_loss 2.579829454421997 ,lr 0.001
INFO:root:epoch 2, Episode 60, total_loss: 140.9916534423828, q_loss 139.71981811523438, v_loss 1.271837830543518 ,lr 0.001
INFO:root:epoch 2, Episode 61, total_loss: 1942.2584228515625, q_loss 1938.759521484375, v_loss 3.4988863468170166 ,lr 0.001
INFO:root:epoch 2, Episode 62, total_loss: 217.3905792236328, q_loss 216.3552703857422, v_loss 1.0353041887283325 ,lr 0.001
INFO:root:epoch 2, Episode 63, total_loss: 73.31121826171875, q_loss 72.62066650390625, v_loss 0.6905526518821716 ,lr 0.001
INFO:root:epoch 2, Episode 64, total_loss: 249.3873291015625, q_loss 246.673583984375, v_loss 2.7137417793273926 ,lr 0.001
INFO:root:epoch 2, Episode 65, total_loss: 4809.3642578125, q_loss 4800.63330078125, v_loss 8.730862617492676 ,lr 0.001
INFO:root:epoch 2, Episode 66, total_loss: 64.34446716308594, q_loss 62.675079345703125, v_loss 1.6693904399871826 ,lr 0.001
INFO:root:epoch 2, Episode 67, total_loss: 275.8465576171875, q_loss 274.9349365234375, v_loss 0.9116294384002686 ,lr 0.001
INFO:root:epoch 2, Episode 68, total_loss: 647.2603149414062, q_loss 644.8729858398438, v_loss 2.387312412261963 ,lr 0.001
INFO:root:epoch 2, Episode 69, total_loss: 1131.1165771484375, q_loss 1129.3564453125, v_loss 1.760111927986145 ,lr 0.001
INFO:root:epoch 2, Episode 70, total_loss: 70.40632629394531, q_loss 70.0861587524414, v_loss 0.3201637268066406 ,lr 0.001
INFO:root:epoch 2, Episode 71, total_loss: 389.4718322753906, q_loss 383.9566955566406, v_loss 5.515141010284424 ,lr 0.001
INFO:root:epoch 2, Episode 72, total_loss: 73.41271209716797, q_loss 70.59918975830078, v_loss 2.8135247230529785 ,lr 0.001
INFO:root:epoch 2, Episode 73, total_loss: 1258.2958984375, q_loss 1254.1981201171875, v_loss 4.097798824310303 ,lr 0.001
INFO:root:epoch 2, Episode 74, total_loss: 2824.859130859375, q_loss 2820.561279296875, v_loss 4.297853946685791 ,lr 0.001
INFO:root:epoch 2, Episode 75, total_loss: 147.0836639404297, q_loss 146.1735382080078, v_loss 0.9101268649101257 ,lr 0.001
INFO:root:epoch 2, Episode 76, total_loss: 119.08402252197266, q_loss 115.94754791259766, v_loss 3.136472702026367 ,lr 0.001
INFO:root:epoch 2, Episode 77, total_loss: 64.30479431152344, q_loss 62.426815032958984, v_loss 1.8779758214950562 ,lr 0.001
INFO:root:epoch 2, Episode 78, total_loss: 116.21330261230469, q_loss 113.53416442871094, v_loss 2.679138660430908 ,lr 0.001
INFO:root:epoch 2, Episode 79, total_loss: 626.6307983398438, q_loss 623.5462646484375, v_loss 3.0845208168029785 ,lr 0.001
INFO:root:epoch 2, Episode 80, total_loss: 1860.2071533203125, q_loss 1853.094970703125, v_loss 7.1121649742126465 ,lr 0.001
INFO:root:epoch 2, Episode 81, total_loss: 179.5011749267578, q_loss 175.66981506347656, v_loss 3.8313560485839844 ,lr 0.001
INFO:root:epoch 2, Episode 82, total_loss: 1289.704345703125, q_loss 1275.2586669921875, v_loss 14.445696830749512 ,lr 0.001
INFO:root:epoch 2, Episode 83, total_loss: 67.6803207397461, q_loss 64.6153564453125, v_loss 3.064962387084961 ,lr 0.001
INFO:root:epoch 2, Episode 84, total_loss: 344.3438415527344, q_loss 342.8661804199219, v_loss 1.4776651859283447 ,lr 0.001
INFO:root:epoch 2, Episode 85, total_loss: 60.36964797973633, q_loss 58.887203216552734, v_loss 1.4824429750442505 ,lr 0.001
INFO:root:epoch 2, Episode 86, total_loss: 130.0892333984375, q_loss 128.0228729248047, v_loss 2.066356897354126 ,lr 0.001
INFO:root:val_loss 3.831108808517456
INFO:root:epoch 2, Episode 87, total_loss: 115.65431213378906, q_loss 114.9056396484375, v_loss 0.7486738562583923 ,lr 0.001
INFO:root:epoch 2, Episode 88, total_loss: 165.16934204101562, q_loss 164.50387573242188, v_loss 0.6654625535011292 ,lr 0.001
INFO:root:epoch 2, Episode 89, total_loss: 1819.4483642578125, q_loss 1812.4447021484375, v_loss 7.003671169281006 ,lr 0.001
INFO:root:epoch 2, Episode 90, total_loss: 1311.422607421875, q_loss 1309.820068359375, v_loss 1.6025291681289673 ,lr 0.001
INFO:root:epoch 2, Episode 91, total_loss: 1075.1357421875, q_loss 1072.031005859375, v_loss 3.104719638824463 ,lr 0.001
INFO:root:epoch 2, Episode 92, total_loss: 428.5180969238281, q_loss 425.9434509277344, v_loss 2.5746474266052246 ,lr 0.001
INFO:root:epoch 2, Episode 93, total_loss: 272.0796813964844, q_loss 266.5452575683594, v_loss 5.534419059753418 ,lr 0.001
INFO:root:epoch 2, Episode 94, total_loss: 194.55992126464844, q_loss 192.93484497070312, v_loss 1.6250789165496826 ,lr 0.001
INFO:root:epoch 2, Episode 95, total_loss: 447.16619873046875, q_loss 444.7120666503906, v_loss 2.4541358947753906 ,lr 0.001
INFO:root:epoch 2, Episode 96, total_loss: 1699.071533203125, q_loss 1697.780517578125, v_loss 1.2910212278366089 ,lr 0.001
INFO:root:epoch 2, Episode 97, total_loss: 1064.04443359375, q_loss 1055.14794921875, v_loss 8.896509170532227 ,lr 0.001
INFO:root:epoch 2, Episode 98, total_loss: 380.09722900390625, q_loss 377.2327575683594, v_loss 2.8644654750823975 ,lr 0.001
INFO:root:epoch 2, Episode 99, total_loss: 1185.8739013671875, q_loss 1183.42333984375, v_loss 2.450516700744629 ,lr 0.001
INFO:root:epoch 2, Episode 100, total_loss: 818.4463500976562, q_loss 815.0364990234375, v_loss 3.4098339080810547 ,lr 0.001
INFO:root:epoch 2, Episode 101, total_loss: 290.7318115234375, q_loss 289.39276123046875, v_loss 1.3390529155731201 ,lr 0.001
INFO:root:epoch 2, Episode 102, total_loss: 601.0699462890625, q_loss 596.78955078125, v_loss 4.28039026260376 ,lr 0.001
INFO:root:epoch 2, Episode 103, total_loss: 2652.2255859375, q_loss 2641.222412109375, v_loss 11.003270149230957 ,lr 0.001
INFO:root:epoch 2, Episode 104, total_loss: 294.9599609375, q_loss 291.5926208496094, v_loss 3.367340087890625 ,lr 0.001
INFO:root:epoch 2, Episode 105, total_loss: 184.4165802001953, q_loss 179.69595336914062, v_loss 4.7206339836120605 ,lr 0.001
INFO:root:epoch 2, Episode 106, total_loss: 589.9011840820312, q_loss 584.7889404296875, v_loss 5.11223030090332 ,lr 0.001
INFO:root:epoch 2, Episode 107, total_loss: 436.26800537109375, q_loss 430.85382080078125, v_loss 5.414177894592285 ,lr 0.001
INFO:root:epoch 2, Episode 108, total_loss: 73.19388580322266, q_loss 69.93401336669922, v_loss 3.2598717212677 ,lr 0.001
INFO:root:epoch 2, Episode 109, total_loss: 1497.78271484375, q_loss 1493.935791015625, v_loss 3.846977710723877 ,lr 0.001
INFO:root:epoch 2, Episode 110, total_loss: 2182.12744140625, q_loss 2181.99267578125, v_loss 0.13468371331691742 ,lr 0.001
INFO:root:epoch 2, Episode 111, total_loss: 273.49267578125, q_loss 266.95654296875, v_loss 6.536142826080322 ,lr 0.001
INFO:root:epoch 2, Episode 112, total_loss: 2185.999755859375, q_loss 2185.95361328125, v_loss 0.04619807004928589 ,lr 0.001
INFO:root:epoch 2, Episode 113, total_loss: 74.49214172363281, q_loss 71.00276184082031, v_loss 3.489380359649658 ,lr 0.001
INFO:root:epoch 2, Episode 114, total_loss: 1134.2705078125, q_loss 1127.3470458984375, v_loss 6.923503875732422 ,lr 0.001
INFO:root:epoch 2, Episode 115, total_loss: 1133.4788818359375, q_loss 1127.6514892578125, v_loss 5.827386856079102 ,lr 0.001
INFO:root:epoch 2, Episode 116, total_loss: 1217.659423828125, q_loss 1207.6053466796875, v_loss 10.05411148071289 ,lr 0.001
INFO:root:epoch 2, Episode 117, total_loss: 165.2023468017578, q_loss 163.92440795898438, v_loss 1.2779439687728882 ,lr 0.001
INFO:root:epoch 2, Episode 118, total_loss: 802.4344482421875, q_loss 799.3330078125, v_loss 3.1014633178710938 ,lr 0.001
INFO:root:epoch 2, Episode 119, total_loss: 69.99960327148438, q_loss 66.78436279296875, v_loss 3.2152435779571533 ,lr 0.001
INFO:root:epoch 2, Episode 120, total_loss: 1067.205078125, q_loss 1062.8603515625, v_loss 4.344723224639893 ,lr 0.001
INFO:root:epoch 2, Episode 121, total_loss: 2397.545654296875, q_loss 2390.158447265625, v_loss 7.387157440185547 ,lr 0.001
INFO:root:epoch 2, Episode 122, total_loss: 2751.264892578125, q_loss 2747.415283203125, v_loss 3.849639654159546 ,lr 0.001
INFO:root:epoch 2, Episode 123, total_loss: 920.7359619140625, q_loss 917.7598876953125, v_loss 2.9760851860046387 ,lr 0.001
INFO:root:epoch 2, Episode 124, total_loss: 514.3917236328125, q_loss 511.25531005859375, v_loss 3.136441230773926 ,lr 0.001
INFO:root:epoch 2, Episode 125, total_loss: 115.61986541748047, q_loss 111.71493530273438, v_loss 3.904932975769043 ,lr 0.001
INFO:root:epoch 2, Episode 126, total_loss: 75.37775421142578, q_loss 73.89044952392578, v_loss 1.487302303314209 ,lr 0.001
INFO:root:epoch 2, Episode 127, total_loss: 686.5492553710938, q_loss 684.2394409179688, v_loss 2.309828281402588 ,lr 0.001
INFO:root:epoch 2, Episode 128, total_loss: 1285.9161376953125, q_loss 1282.19091796875, v_loss 3.7251999378204346 ,lr 0.001
INFO:root:epoch 2, Episode 129, total_loss: 302.8902893066406, q_loss 299.6935729980469, v_loss 3.1967220306396484 ,lr 0.001
INFO:root:epoch 2, Episode 130, total_loss: 644.7922973632812, q_loss 635.2530517578125, v_loss 9.539219856262207 ,lr 0.001
INFO:root:epoch 2, Episode 131, total_loss: 74.20362854003906, q_loss 73.24330139160156, v_loss 0.9603289365768433 ,lr 0.001
INFO:root:epoch 2, Episode 132, total_loss: 183.67825317382812, q_loss 182.27664184570312, v_loss 1.4016063213348389 ,lr 0.001
INFO:root:epoch 2, Episode 133, total_loss: 4865.125, q_loss 4861.89013671875, v_loss 3.234736919403076 ,lr 0.001
INFO:root:epoch 2, Episode 134, total_loss: 162.53158569335938, q_loss 160.82281494140625, v_loss 1.708770990371704 ,lr 0.001
INFO:root:epoch 2, Episode 135, total_loss: 370.2958984375, q_loss 367.80145263671875, v_loss 2.4944448471069336 ,lr 0.001
INFO:root:epoch 2, Episode 136, total_loss: 182.7320556640625, q_loss 179.74386596679688, v_loss 2.9881861209869385 ,lr 0.001
INFO:root:epoch 2, Episode 137, total_loss: 426.1850891113281, q_loss 424.03558349609375, v_loss 2.149491310119629 ,lr 0.001
INFO:root:epoch 2, Episode 138, total_loss: 172.2056427001953, q_loss 171.31741333007812, v_loss 0.888222336769104 ,lr 0.001
INFO:root:epoch 2, Episode 139, total_loss: 418.3044738769531, q_loss 416.5713195800781, v_loss 1.7331616878509521 ,lr 0.001
INFO:root:epoch 2, Episode 140, total_loss: 70.67586517333984, q_loss 69.97403717041016, v_loss 0.7018279433250427 ,lr 0.001
INFO:root:epoch 2, Episode 141, total_loss: 568.7125854492188, q_loss 566.7733154296875, v_loss 1.9392958879470825 ,lr 0.001
INFO:root:epoch 2, Episode 142, total_loss: 2345.53466796875, q_loss 2342.707763671875, v_loss 2.8267834186553955 ,lr 0.001
INFO:root:epoch 2, Episode 143, total_loss: 246.1773681640625, q_loss 241.28297424316406, v_loss 4.894387722015381 ,lr 0.001
INFO:root:epoch 2, Episode 144, total_loss: 75.51744842529297, q_loss 73.770751953125, v_loss 1.7466973066329956 ,lr 0.001
INFO:root:epoch 2, Episode 145, total_loss: 139.87411499023438, q_loss 139.10755920410156, v_loss 0.7665578126907349 ,lr 0.001
INFO:root:epoch 2, Episode 146, total_loss: 854.1806640625, q_loss 849.327392578125, v_loss 4.853269100189209 ,lr 0.001
INFO:root:epoch 2, Episode 147, total_loss: 289.94635009765625, q_loss 286.8809509277344, v_loss 3.06538462638855 ,lr 0.001
INFO:root:epoch 2, Episode 148, total_loss: 167.92776489257812, q_loss 167.29302978515625, v_loss 0.6347354650497437 ,lr 0.001
INFO:root:epoch 2, Episode 149, total_loss: 145.041748046875, q_loss 143.5413055419922, v_loss 1.50043523311615 ,lr 0.001
INFO:root:epoch 2, Episode 150, total_loss: 781.0878295898438, q_loss 779.1979370117188, v_loss 1.889892816543579 ,lr 0.001
INFO:root:epoch 2, Episode 151, total_loss: 371.5157165527344, q_loss 367.0509338378906, v_loss 4.464788436889648 ,lr 0.001
INFO:root:epoch 2, Episode 152, total_loss: 69.49834442138672, q_loss 66.9040298461914, v_loss 2.5943117141723633 ,lr 0.001
INFO:root:epoch 2, Episode 153, total_loss: 249.12255859375, q_loss 245.63633728027344, v_loss 3.486222743988037 ,lr 0.001
INFO:root:epoch 2, Episode 154, total_loss: 518.9283447265625, q_loss 517.1210327148438, v_loss 1.80730402469635 ,lr 0.001
INFO:root:epoch 2, Episode 155, total_loss: 291.5833740234375, q_loss 289.7725830078125, v_loss 1.810802936553955 ,lr 0.001
INFO:root:epoch 2, Episode 156, total_loss: 91.58961486816406, q_loss 89.89110565185547, v_loss 1.6985126733779907 ,lr 0.001
INFO:root:epoch 2, Episode 157, total_loss: 3195.254638671875, q_loss 3194.767578125, v_loss 0.4870098829269409 ,lr 0.001
INFO:root:epoch 2, Episode 158, total_loss: 269.6851501464844, q_loss 266.6525573730469, v_loss 3.032595157623291 ,lr 0.001
INFO:root:epoch 2, Episode 159, total_loss: 899.0711669921875, q_loss 895.6300659179688, v_loss 3.4410958290100098 ,lr 0.001
INFO:root:epoch 2, Episode 160, total_loss: 62.1494140625, q_loss 60.677242279052734, v_loss 1.4721732139587402 ,lr 0.001
INFO:root:epoch 2, Episode 161, total_loss: 406.1329345703125, q_loss 403.3611145019531, v_loss 2.771817207336426 ,lr 0.001
INFO:root:epoch 2, Episode 162, total_loss: 64.3129653930664, q_loss 62.798458099365234, v_loss 1.5145097970962524 ,lr 0.001
INFO:root:epoch 2, Episode 163, total_loss: 1214.40283203125, q_loss 1211.9541015625, v_loss 2.4487078189849854 ,lr 0.001
INFO:root:epoch 2, Episode 164, total_loss: 101.1603775024414, q_loss 100.7538070678711, v_loss 0.40657082200050354 ,lr 0.001
INFO:root:epoch 2, Episode 165, total_loss: 212.7088623046875, q_loss 210.2985382080078, v_loss 2.4103243350982666 ,lr 0.001
INFO:root:epoch 2, Episode 166, total_loss: 289.7550964355469, q_loss 287.781982421875, v_loss 1.9731067419052124 ,lr 0.001
INFO:root:epoch 2, Episode 167, total_loss: 517.7716674804688, q_loss 514.5585327148438, v_loss 3.2131381034851074 ,lr 0.001
INFO:root:epoch 2, Episode 168, total_loss: 1624.6241455078125, q_loss 1620.593994140625, v_loss 4.030211925506592 ,lr 0.001
INFO:root:epoch 2, Episode 169, total_loss: 76.50703430175781, q_loss 76.00525665283203, v_loss 0.5017809867858887 ,lr 0.001
INFO:root:epoch 2, Episode 170, total_loss: 115.92582702636719, q_loss 113.90524291992188, v_loss 2.020587205886841 ,lr 0.001
INFO:root:epoch 2, Episode 171, total_loss: 474.9386291503906, q_loss 471.4392395019531, v_loss 3.499375820159912 ,lr 0.001
INFO:root:epoch 2, Episode 172, total_loss: 1236.1221923828125, q_loss 1231.427978515625, v_loss 4.694239616394043 ,lr 0.001
INFO:root:epoch 2, Episode 173, total_loss: 3303.66357421875, q_loss 3301.728759765625, v_loss 1.934929609298706 ,lr 0.001
INFO:root:epoch 2, Episode 174, total_loss: 319.09771728515625, q_loss 316.6565856933594, v_loss 2.4411356449127197 ,lr 0.001
INFO:root:epoch 2, Episode 175, total_loss: 65.59968566894531, q_loss 65.02705383300781, v_loss 0.5726355910301208 ,lr 0.001
INFO:root:epoch 2, Episode 176, total_loss: 166.6656036376953, q_loss 165.477783203125, v_loss 1.1878156661987305 ,lr 0.001
INFO:root:epoch 2, Episode 177, total_loss: 977.457275390625, q_loss 975.5020141601562, v_loss 1.9552695751190186 ,lr 0.001
INFO:root:epoch 2, Episode 178, total_loss: 532.5973510742188, q_loss 531.767578125, v_loss 0.8297479748725891 ,lr 0.001
INFO:root:epoch 2, Episode 179, total_loss: 1255.1678466796875, q_loss 1247.70068359375, v_loss 7.467197895050049 ,lr 0.001
INFO:root:epoch 2, Episode 180, total_loss: 152.00999450683594, q_loss 149.85208129882812, v_loss 2.15791654586792 ,lr 0.001
INFO:root:epoch 2, Episode 181, total_loss: 965.9287109375, q_loss 963.0321044921875, v_loss 2.8966193199157715 ,lr 0.001
INFO:root:epoch 2, Episode 182, total_loss: 1068.0255126953125, q_loss 1066.858154296875, v_loss 1.1673458814620972 ,lr 0.001
INFO:root:epoch 2, Episode 183, total_loss: 613.4386596679688, q_loss 610.7257690429688, v_loss 2.7128958702087402 ,lr 0.001
INFO:root:epoch 2, Episode 184, total_loss: 74.97335052490234, q_loss 72.27281188964844, v_loss 2.7005398273468018 ,lr 0.001
INFO:root:epoch 2, Episode 185, total_loss: 768.9441528320312, q_loss 767.7578125, v_loss 1.186368465423584 ,lr 0.001
INFO:root:epoch 2, Episode 186, total_loss: 1303.12841796875, q_loss 1299.4554443359375, v_loss 3.6729743480682373 ,lr 0.001
INFO:root:val_loss 1.9315376281738281
INFO:root:epoch 2, Episode 187, total_loss: 3199.13720703125, q_loss 3194.27099609375, v_loss 4.866310119628906 ,lr 0.001
INFO:root:epoch 2, Episode 188, total_loss: 528.00390625, q_loss 524.4183349609375, v_loss 3.585594892501831 ,lr 0.001
INFO:root:epoch 2, Episode 189, total_loss: 80.20105743408203, q_loss 78.52804565429688, v_loss 1.6730098724365234 ,lr 0.001
INFO:root:epoch 2, Episode 190, total_loss: 502.6048583984375, q_loss 501.55499267578125, v_loss 1.049869179725647 ,lr 0.001
INFO:root:epoch 2, Episode 191, total_loss: 193.0070343017578, q_loss 191.1674346923828, v_loss 1.8395991325378418 ,lr 0.001
INFO:root:epoch 2, Episode 192, total_loss: 335.3218078613281, q_loss 333.998291015625, v_loss 1.3235293626785278 ,lr 0.001
INFO:root:epoch 2, Episode 193, total_loss: 76.63261413574219, q_loss 74.23529815673828, v_loss 2.397312641143799 ,lr 0.001
INFO:root:epoch 2, Episode 194, total_loss: 1026.93310546875, q_loss 1023.3357543945312, v_loss 3.597356081008911 ,lr 0.001
INFO:root:epoch 2, Episode 195, total_loss: 250.5274200439453, q_loss 248.40794372558594, v_loss 2.119473695755005 ,lr 0.001
INFO:root:epoch 2, Episode 196, total_loss: 123.0146484375, q_loss 120.25113677978516, v_loss 2.7635090351104736 ,lr 0.001
INFO:root:epoch 2, Episode 197, total_loss: 3948.040771484375, q_loss 3944.22802734375, v_loss 3.8128039836883545 ,lr 0.001
INFO:root:epoch 2, Episode 198, total_loss: 265.85986328125, q_loss 263.99603271484375, v_loss 1.8638403415679932 ,lr 0.001
INFO:root:epoch 2, Episode 199, total_loss: 547.1613159179688, q_loss 545.6152954101562, v_loss 1.5460433959960938 ,lr 0.001
INFO:root:epoch 2, Episode 200, total_loss: 292.066162109375, q_loss 289.1203308105469, v_loss 2.945842981338501 ,lr 0.001
INFO:root:epoch 2, Episode 201, total_loss: 427.8725280761719, q_loss 422.2108154296875, v_loss 5.6617112159729 ,lr 0.001
INFO:root:epoch 2, Episode 202, total_loss: 120.11619567871094, q_loss 117.05144500732422, v_loss 3.064751625061035 ,lr 0.001
INFO:root:epoch 2, Episode 203, total_loss: 1978.56396484375, q_loss 1976.1917724609375, v_loss 2.372175455093384 ,lr 0.001
INFO:root:epoch 2, Episode 204, total_loss: 428.2099304199219, q_loss 426.2564697265625, v_loss 1.9534724950790405 ,lr 0.001
INFO:root:epoch 2, Episode 205, total_loss: 1893.9775390625, q_loss 1889.9981689453125, v_loss 3.9793567657470703 ,lr 0.001
INFO:root:epoch 2, Episode 206, total_loss: 70.16014099121094, q_loss 68.56497955322266, v_loss 1.5951640605926514 ,lr 0.001
INFO:root:epoch 2, Episode 207, total_loss: 263.7386474609375, q_loss 262.2014465332031, v_loss 1.5372132062911987 ,lr 0.001
INFO:root:epoch 2, Episode 208, total_loss: 344.9595642089844, q_loss 342.88836669921875, v_loss 2.071204423904419 ,lr 0.001
INFO:root:epoch 2, Episode 209, total_loss: 70.70294189453125, q_loss 69.5621109008789, v_loss 1.1408323049545288 ,lr 0.001
INFO:root:epoch 2, Episode 210, total_loss: 321.583740234375, q_loss 319.3591003417969, v_loss 2.2246365547180176 ,lr 0.001
INFO:root:epoch 2, Episode 211, total_loss: 215.2451171875, q_loss 214.10023498535156, v_loss 1.1448875665664673 ,lr 0.001
INFO:root:epoch 2, Episode 212, total_loss: 273.6421203613281, q_loss 270.8944396972656, v_loss 2.7476940155029297 ,lr 0.001
INFO:root:epoch 2, Episode 213, total_loss: 1360.5390625, q_loss 1358.7938232421875, v_loss 1.7452161312103271 ,lr 0.001
INFO:root:epoch 2, Episode 214, total_loss: 68.85391235351562, q_loss 67.54981231689453, v_loss 1.3041020631790161 ,lr 0.001
INFO:root:epoch 2, Episode 215, total_loss: 164.2639617919922, q_loss 163.34500122070312, v_loss 0.9189673662185669 ,lr 0.001
INFO:root:epoch 2, Episode 216, total_loss: 225.30674743652344, q_loss 223.54238891601562, v_loss 1.7643531560897827 ,lr 0.001
INFO:root:epoch 2, Episode 217, total_loss: 634.990478515625, q_loss 632.6005859375, v_loss 2.389897584915161 ,lr 0.001
INFO:root:epoch 2, Episode 218, total_loss: 174.92274475097656, q_loss 174.17987060546875, v_loss 0.7428667545318604 ,lr 0.001
INFO:root:epoch 2, Episode 219, total_loss: 190.47862243652344, q_loss 189.00357055664062, v_loss 1.4750537872314453 ,lr 0.001
INFO:root:epoch 2, Episode 220, total_loss: 280.7418518066406, q_loss 279.013916015625, v_loss 1.7279374599456787 ,lr 0.001
INFO:root:epoch 2, Episode 221, total_loss: 913.068115234375, q_loss 911.2029418945312, v_loss 1.865199327468872 ,lr 0.001
INFO:root:epoch 2, Episode 222, total_loss: 61.1460075378418, q_loss 60.24791717529297, v_loss 0.898090124130249 ,lr 0.001
INFO:root:epoch 2, Episode 223, total_loss: 1644.7032470703125, q_loss 1643.277099609375, v_loss 1.4261565208435059 ,lr 0.001
INFO:root:epoch 2, Episode 224, total_loss: 188.71746826171875, q_loss 187.35829162597656, v_loss 1.3591793775558472 ,lr 0.001
INFO:root:epoch 2, Episode 225, total_loss: 172.48001098632812, q_loss 171.60218811035156, v_loss 0.8778204321861267 ,lr 0.001
INFO:root:epoch 2, Episode 226, total_loss: 113.31925964355469, q_loss 111.79286193847656, v_loss 1.5263960361480713 ,lr 0.001
INFO:root:epoch 2, Episode 227, total_loss: 138.8363037109375, q_loss 136.9734344482422, v_loss 1.8628698587417603 ,lr 0.001
INFO:root:epoch 2, Episode 228, total_loss: 351.57220458984375, q_loss 348.77410888671875, v_loss 2.7981109619140625 ,lr 0.001
INFO:root:epoch 2, Episode 229, total_loss: 320.0828857421875, q_loss 318.6138000488281, v_loss 1.4690769910812378 ,lr 0.001
INFO:root:epoch 2, Episode 230, total_loss: 326.753173828125, q_loss 325.12078857421875, v_loss 1.6323732137680054 ,lr 0.001
INFO:root:epoch 2, Episode 231, total_loss: 178.21514892578125, q_loss 177.328125, v_loss 0.887030839920044 ,lr 0.001
INFO:root:epoch 2, Episode 232, total_loss: 1270.0838623046875, q_loss 1269.0302734375, v_loss 1.0535435676574707 ,lr 0.001
INFO:root:epoch 2, Episode 233, total_loss: 1099.0316162109375, q_loss 1095.8961181640625, v_loss 3.1355462074279785 ,lr 0.001
INFO:root:epoch 2, Episode 234, total_loss: 328.7436828613281, q_loss 308.8620910644531, v_loss 19.881582260131836 ,lr 0.001
INFO:root:epoch 2, Episode 235, total_loss: 68.51265716552734, q_loss 67.6582260131836, v_loss 0.8544327020645142 ,lr 0.001
INFO:root:epoch 2, Episode 236, total_loss: 108.39241790771484, q_loss 107.3714599609375, v_loss 1.0209572315216064 ,lr 0.001
INFO:root:epoch 2, Episode 237, total_loss: 1501.7901611328125, q_loss 1496.186279296875, v_loss 5.60382604598999 ,lr 0.001
INFO:root:epoch 2, Episode 238, total_loss: 1680.177734375, q_loss 1672.768798828125, v_loss 7.40887451171875 ,lr 0.001
INFO:root:epoch 2, Episode 239, total_loss: 793.5101318359375, q_loss 791.6919555664062, v_loss 1.8181692361831665 ,lr 0.001
INFO:root:epoch 2, Episode 240, total_loss: 259.8727111816406, q_loss 257.6009216308594, v_loss 2.271796464920044 ,lr 0.001
INFO:root:epoch 2, Episode 241, total_loss: 342.17083740234375, q_loss 340.5697326660156, v_loss 1.601108431816101 ,lr 0.001
INFO:root:epoch 2, Episode 242, total_loss: 62.206748962402344, q_loss 60.94974899291992, v_loss 1.2569984197616577 ,lr 0.001
INFO:root:epoch 2, Episode 243, total_loss: 2982.2216796875, q_loss 2980.474609375, v_loss 1.7471095323562622 ,lr 0.001
INFO:root:epoch 2, Episode 244, total_loss: 206.08880615234375, q_loss 203.9947509765625, v_loss 2.094057083129883 ,lr 0.001
INFO:root:epoch 2, Episode 245, total_loss: 3088.198486328125, q_loss 3080.03564453125, v_loss 8.162748336791992 ,lr 0.001
INFO:root:epoch 2, Episode 246, total_loss: 2041.54736328125, q_loss 2035.8853759765625, v_loss 5.661945343017578 ,lr 0.001
INFO:root:epoch 2, Episode 247, total_loss: 114.79176330566406, q_loss 113.17149353027344, v_loss 1.6202682256698608 ,lr 0.001
INFO:root:epoch 2, Episode 248, total_loss: 1042.6304931640625, q_loss 1037.6114501953125, v_loss 5.019017696380615 ,lr 0.001
INFO:root:epoch 2, Episode 249, total_loss: 3281.246826171875, q_loss 3279.77587890625, v_loss 1.470909595489502 ,lr 0.001
INFO:root:epoch 2, Episode 250, total_loss: 266.0128479003906, q_loss 262.7290344238281, v_loss 3.283820390701294 ,lr 0.001
INFO:root:epoch 2, Episode 251, total_loss: 617.5448608398438, q_loss 615.91259765625, v_loss 1.6322541236877441 ,lr 0.001
INFO:root:epoch 2, Episode 252, total_loss: 3510.472412109375, q_loss 3508.09912109375, v_loss 2.373317241668701 ,lr 0.001
INFO:root:epoch 2, Episode 253, total_loss: 175.1380157470703, q_loss 173.32020568847656, v_loss 1.8178074359893799 ,lr 0.001
INFO:root:epoch 2, Episode 254, total_loss: 165.29385375976562, q_loss 160.45382690429688, v_loss 4.840028762817383 ,lr 0.001
INFO:root:epoch 2, Episode 255, total_loss: 1464.75537109375, q_loss 1462.319580078125, v_loss 2.4358417987823486 ,lr 0.001
INFO:root:epoch 2, Episode 256, total_loss: 310.9859313964844, q_loss 309.6446838378906, v_loss 1.3412469625473022 ,lr 0.001
INFO:root:epoch 2, Episode 257, total_loss: 2626.300048828125, q_loss 2622.856201171875, v_loss 3.443862199783325 ,lr 0.001
INFO:root:epoch 2, Episode 258, total_loss: 489.64825439453125, q_loss 479.4731140136719, v_loss 10.175132751464844 ,lr 0.001
INFO:root:epoch 2, Episode 259, total_loss: 285.95782470703125, q_loss 284.5496520996094, v_loss 1.4081838130950928 ,lr 0.001
INFO:root:epoch 2, Episode 260, total_loss: 78.83853912353516, q_loss 76.76065826416016, v_loss 2.0778777599334717 ,lr 0.001
INFO:root:epoch 2, Episode 261, total_loss: 155.9858856201172, q_loss 154.11636352539062, v_loss 1.869518756866455 ,lr 0.001
INFO:root:epoch 2, Episode 262, total_loss: 1305.552001953125, q_loss 1297.875244140625, v_loss 7.676758766174316 ,lr 0.001
INFO:root:epoch 2, Episode 263, total_loss: 83.27628326416016, q_loss 81.08113098144531, v_loss 2.195155143737793 ,lr 0.001
INFO:root:epoch 2, Episode 264, total_loss: 474.660888671875, q_loss 472.6155700683594, v_loss 2.0453267097473145 ,lr 0.001
INFO:root:epoch 2, Episode 265, total_loss: 561.6417846679688, q_loss 547.5375366210938, v_loss 14.104219436645508 ,lr 0.001
INFO:root:epoch 2, Episode 266, total_loss: 142.29119873046875, q_loss 134.896240234375, v_loss 7.394965648651123 ,lr 0.001
INFO:root:epoch 2, Episode 267, total_loss: 82.37107849121094, q_loss 76.84521484375, v_loss 5.525866985321045 ,lr 0.001
INFO:root:epoch 2, Episode 268, total_loss: 142.51441955566406, q_loss 134.4852294921875, v_loss 8.029189109802246 ,lr 0.001
INFO:root:epoch 2, Episode 269, total_loss: 422.82757568359375, q_loss 420.1238098144531, v_loss 2.70377516746521 ,lr 0.001
INFO:root:epoch 2, Episode 270, total_loss: 2588.331787109375, q_loss 2586.478515625, v_loss 1.8532978296279907 ,lr 0.001
INFO:root:epoch 2, Episode 271, total_loss: 151.59246826171875, q_loss 143.61904907226562, v_loss 7.973418712615967 ,lr 0.001
INFO:root:epoch 2, Episode 272, total_loss: 521.55029296875, q_loss 492.3834533691406, v_loss 29.166852951049805 ,lr 0.001
INFO:root:epoch 2, Episode 273, total_loss: 481.61456298828125, q_loss 471.8818664550781, v_loss 9.732707023620605 ,lr 0.001
INFO:root:epoch 2, Episode 274, total_loss: 73.95310974121094, q_loss 61.867103576660156, v_loss 12.086006164550781 ,lr 0.001
INFO:root:epoch 2, Episode 275, total_loss: 490.2100830078125, q_loss 485.9835510253906, v_loss 4.226543426513672 ,lr 0.001
INFO:root:epoch 2, Episode 276, total_loss: 53.75468826293945, q_loss 51.68473434448242, v_loss 2.069953203201294 ,lr 0.001
INFO:root:epoch 2, Episode 277, total_loss: 2274.52783203125, q_loss 2269.52392578125, v_loss 5.003917217254639 ,lr 0.001
INFO:root:epoch 2, Episode 278, total_loss: 2823.14697265625, q_loss 2819.3603515625, v_loss 3.7865772247314453 ,lr 0.001
INFO:root:epoch 2, Episode 279, total_loss: 1328.7745361328125, q_loss 1325.3316650390625, v_loss 3.442906141281128 ,lr 0.001
INFO:root:epoch 2, Episode 280, total_loss: 118.32046508789062, q_loss 111.90569305419922, v_loss 6.414769172668457 ,lr 0.001
INFO:root:epoch 2, Episode 281, total_loss: 1301.8143310546875, q_loss 1287.986328125, v_loss 13.828018188476562 ,lr 0.001
INFO:root:epoch 2, Episode 282, total_loss: 60.55610275268555, q_loss 59.308021545410156, v_loss 1.248079776763916 ,lr 0.001
INFO:root:epoch 2, Episode 283, total_loss: 1675.773193359375, q_loss 1671.27880859375, v_loss 4.494441509246826 ,lr 0.001
INFO:root:epoch 2, Episode 284, total_loss: 2323.740478515625, q_loss 2317.532958984375, v_loss 6.207549571990967 ,lr 0.001
INFO:root:epoch 2, Episode 285, total_loss: 279.59014892578125, q_loss 275.517822265625, v_loss 4.07233190536499 ,lr 0.001
INFO:root:epoch 2, Episode 286, total_loss: 86.47905731201172, q_loss 81.2835922241211, v_loss 5.195465564727783 ,lr 0.001
INFO:root:val_loss 1.1046267747879028
INFO:root:epoch 2, Episode 287, total_loss: 136.44415283203125, q_loss 128.6888885498047, v_loss 7.755268096923828 ,lr 0.001
INFO:root:epoch 2, Episode 288, total_loss: 1452.204833984375, q_loss 1337.2388916015625, v_loss 114.9659423828125 ,lr 0.001
INFO:root:epoch 2, Episode 289, total_loss: 150.85116577148438, q_loss 146.31410217285156, v_loss 4.537064552307129 ,lr 0.001
INFO:root:epoch 2, Episode 290, total_loss: 727.4322509765625, q_loss 724.1245727539062, v_loss 3.307671546936035 ,lr 0.001
INFO:root:epoch 2, Episode 291, total_loss: 327.97869873046875, q_loss 292.93817138671875, v_loss 35.0405158996582 ,lr 0.001
INFO:root:epoch 2, Episode 292, total_loss: 72.20999908447266, q_loss 70.0021743774414, v_loss 2.2078256607055664 ,lr 0.001
INFO:root:epoch 2, Episode 293, total_loss: 346.4779357910156, q_loss 343.8388977050781, v_loss 2.639047384262085 ,lr 0.001
INFO:root:epoch 2, Episode 294, total_loss: 429.34002685546875, q_loss 426.1734313964844, v_loss 3.1665897369384766 ,lr 0.001
INFO:root:epoch 2, Episode 295, total_loss: 92.18344116210938, q_loss 80.87621307373047, v_loss 11.307229042053223 ,lr 0.001
INFO:root:epoch 2, Episode 296, total_loss: 282.5872497558594, q_loss 279.5313415527344, v_loss 3.055901527404785 ,lr 0.001
INFO:root:epoch 2, Episode 297, total_loss: 322.64306640625, q_loss 305.0882873535156, v_loss 17.554786682128906 ,lr 0.001
INFO:root:epoch 2, Episode 298, total_loss: 175.854736328125, q_loss 169.4329376220703, v_loss 6.421793460845947 ,lr 0.001
INFO:root:epoch 2, Episode 299, total_loss: 1002.65185546875, q_loss 998.1629028320312, v_loss 4.488932132720947 ,lr 0.001
INFO:root:epoch 2, Episode 300, total_loss: 508.1417541503906, q_loss 505.63519287109375, v_loss 2.5065643787384033 ,lr 0.001
INFO:root:epoch 2, Episode 301, total_loss: 118.3275146484375, q_loss 116.92657470703125, v_loss 1.4009395837783813 ,lr 0.001
INFO:root:epoch 2, Episode 302, total_loss: 117.25291442871094, q_loss 115.90143585205078, v_loss 1.3514779806137085 ,lr 0.001
INFO:root:epoch 2, Episode 303, total_loss: 70.78277587890625, q_loss 60.7672233581543, v_loss 10.01555061340332 ,lr 0.001
INFO:root:epoch 2, Episode 304, total_loss: 980.126953125, q_loss 976.466796875, v_loss 3.66017484664917 ,lr 0.001
INFO:root:epoch 2, Episode 305, total_loss: 1990.4879150390625, q_loss 1986.878662109375, v_loss 3.6092562675476074 ,lr 0.001
INFO:root:epoch 2, Episode 306, total_loss: 1415.25, q_loss 1412.459228515625, v_loss 2.790794849395752 ,lr 0.001
INFO:root:epoch 2, Episode 307, total_loss: 422.7318420410156, q_loss 420.9073486328125, v_loss 1.8244949579238892 ,lr 0.001
INFO:root:epoch 2, Episode 308, total_loss: 1093.298583984375, q_loss 1090.8006591796875, v_loss 2.497936487197876 ,lr 0.001
INFO:root:epoch 2, Episode 309, total_loss: 1280.5416259765625, q_loss 1265.405029296875, v_loss 15.13659381866455 ,lr 0.001
INFO:root:epoch 2, Episode 310, total_loss: 1963.45556640625, q_loss 1957.596923828125, v_loss 5.8586602210998535 ,lr 0.001
INFO:root:epoch 2, Episode 311, total_loss: 1488.179931640625, q_loss 1478.846923828125, v_loss 9.333020210266113 ,lr 0.001
INFO:root:epoch 2, Episode 312, total_loss: 1124.6920166015625, q_loss 1120.69921875, v_loss 3.992845058441162 ,lr 0.001
INFO:root:epoch 2, Episode 313, total_loss: 403.40081787109375, q_loss 402.5377502441406, v_loss 0.8630650639533997 ,lr 0.001
INFO:root:epoch 2, Episode 314, total_loss: 1476.061279296875, q_loss 1472.6307373046875, v_loss 3.4305074214935303 ,lr 0.001
INFO:root:epoch 2, Episode 315, total_loss: 75.90730285644531, q_loss 72.55699920654297, v_loss 3.35030460357666 ,lr 0.001
INFO:root:epoch 2, Episode 316, total_loss: 358.8858642578125, q_loss 352.1641845703125, v_loss 6.7216796875 ,lr 0.001
INFO:root:epoch 2, Episode 317, total_loss: 920.7537231445312, q_loss 919.630859375, v_loss 1.122856616973877 ,lr 0.001
INFO:root:epoch 2, Episode 318, total_loss: 58.11766052246094, q_loss 56.384090423583984, v_loss 1.7335690259933472 ,lr 0.001
INFO:root:epoch 2, Episode 319, total_loss: 1368.928955078125, q_loss 1367.697509765625, v_loss 1.2314181327819824 ,lr 0.001
INFO:root:epoch 2, Episode 320, total_loss: 3452.79638671875, q_loss 3450.511962890625, v_loss 2.284341335296631 ,lr 0.001
INFO:root:epoch 2, Episode 321, total_loss: 126.22599029541016, q_loss 125.46688079833984, v_loss 0.7591058015823364 ,lr 0.001
INFO:root:epoch 2, Episode 322, total_loss: 56.232791900634766, q_loss 55.97477340698242, v_loss 0.2580203413963318 ,lr 0.001
INFO:root:epoch 2, Episode 323, total_loss: 138.2822265625, q_loss 134.7430419921875, v_loss 3.5391829013824463 ,lr 0.001
INFO:root:epoch 2, Episode 324, total_loss: 189.79283142089844, q_loss 188.92738342285156, v_loss 0.8654537200927734 ,lr 0.001
INFO:root:epoch 2, Episode 325, total_loss: 2405.001708984375, q_loss 2398.52197265625, v_loss 6.479824542999268 ,lr 0.001
INFO:root:epoch 2, Episode 326, total_loss: 2997.12353515625, q_loss 2990.843505859375, v_loss 6.28012228012085 ,lr 0.001
INFO:root:epoch 2, Episode 327, total_loss: 320.2525634765625, q_loss 318.85491943359375, v_loss 1.397642970085144 ,lr 0.001
INFO:root:epoch 2, Episode 328, total_loss: 249.8245391845703, q_loss 248.79183959960938, v_loss 1.0327030420303345 ,lr 0.001
INFO:root:epoch 2, Episode 329, total_loss: 2979.8154296875, q_loss 2975.113037109375, v_loss 4.702507019042969 ,lr 0.001
INFO:root:epoch 2, Episode 330, total_loss: 132.8153839111328, q_loss 131.8755340576172, v_loss 0.9398483633995056 ,lr 0.001
INFO:root:epoch 2, Episode 331, total_loss: 314.0976867675781, q_loss 312.8251953125, v_loss 1.2724806070327759 ,lr 0.001
INFO:root:epoch 2, Episode 332, total_loss: 1652.9971923828125, q_loss 1644.0379638671875, v_loss 8.959220886230469 ,lr 0.001
INFO:root:epoch 2, Episode 333, total_loss: 1408.5712890625, q_loss 1404.7615966796875, v_loss 3.8096470832824707 ,lr 0.001
INFO:root:epoch 2, Episode 334, total_loss: 4262.48876953125, q_loss 4251.513671875, v_loss 10.974876403808594 ,lr 0.001
INFO:root:epoch 2, Episode 335, total_loss: 118.51443481445312, q_loss 116.03160858154297, v_loss 2.482830047607422 ,lr 0.001
INFO:root:epoch 2, Episode 336, total_loss: 106.5455551147461, q_loss 104.49197387695312, v_loss 2.0535809993743896 ,lr 0.001
INFO:root:epoch 2, Episode 337, total_loss: 344.3189392089844, q_loss 341.9214782714844, v_loss 2.397462844848633 ,lr 0.001
INFO:root:epoch 2, Episode 338, total_loss: 954.2069702148438, q_loss 952.34912109375, v_loss 1.8578256368637085 ,lr 0.001
INFO:root:epoch 2, Episode 339, total_loss: 382.5161437988281, q_loss 378.9220275878906, v_loss 3.5941176414489746 ,lr 0.001
INFO:root:epoch 2, Episode 340, total_loss: 55.183753967285156, q_loss 54.221656799316406, v_loss 0.9620981812477112 ,lr 0.001
INFO:root:epoch 2, Episode 341, total_loss: 288.84820556640625, q_loss 286.4502258300781, v_loss 2.397966146469116 ,lr 0.001
INFO:root:epoch 2, Episode 342, total_loss: 157.324951171875, q_loss 155.29066467285156, v_loss 2.0342857837677 ,lr 0.001
INFO:root:epoch 2, Episode 343, total_loss: 1183.7568359375, q_loss 1179.58447265625, v_loss 4.172346115112305 ,lr 0.001
INFO:root:epoch 2, Episode 344, total_loss: 738.6765747070312, q_loss 734.7156372070312, v_loss 3.960958480834961 ,lr 0.001
INFO:root:epoch 2, Episode 345, total_loss: 193.97630310058594, q_loss 189.5991668701172, v_loss 4.377139091491699 ,lr 0.001
INFO:root:epoch 2, Episode 346, total_loss: 835.8150024414062, q_loss 829.2418823242188, v_loss 6.5731024742126465 ,lr 0.001
INFO:root:epoch 2, Episode 347, total_loss: 64.14685821533203, q_loss 62.47612762451172, v_loss 1.6707276105880737 ,lr 0.001
INFO:root:epoch 2, Episode 348, total_loss: 287.52435302734375, q_loss 282.56536865234375, v_loss 4.958972930908203 ,lr 0.001
INFO:root:epoch 2, Episode 349, total_loss: 257.0556640625, q_loss 253.4434051513672, v_loss 3.61226487159729 ,lr 0.001
INFO:root:epoch 2, Episode 350, total_loss: 181.6765899658203, q_loss 180.38954162597656, v_loss 1.2870444059371948 ,lr 0.001
INFO:root:epoch 2, Episode 351, total_loss: 57.67848587036133, q_loss 57.308956146240234, v_loss 0.3695294260978699 ,lr 0.001
INFO:root:epoch 2, Episode 352, total_loss: 139.55589294433594, q_loss 136.5176544189453, v_loss 3.0382416248321533 ,lr 0.001
INFO:root:epoch 2, Episode 353, total_loss: 658.5484619140625, q_loss 652.7783813476562, v_loss 5.770082950592041 ,lr 0.001
INFO:root:epoch 2, Episode 354, total_loss: 134.14224243164062, q_loss 132.2786102294922, v_loss 1.8636388778686523 ,lr 0.001
INFO:root:epoch 2, Episode 355, total_loss: 226.22219848632812, q_loss 224.0841827392578, v_loss 2.138009548187256 ,lr 0.001
INFO:root:epoch 2, Episode 356, total_loss: 297.81048583984375, q_loss 295.5831604003906, v_loss 2.2273213863372803 ,lr 0.001
INFO:root:epoch 2, Episode 357, total_loss: 342.85357666015625, q_loss 338.8477478027344, v_loss 4.005816459655762 ,lr 0.001
INFO:root:epoch 2, Episode 358, total_loss: 303.1731872558594, q_loss 300.35748291015625, v_loss 2.8157050609588623 ,lr 0.001
INFO:root:epoch 2, Episode 359, total_loss: 300.8476257324219, q_loss 289.8496398925781, v_loss 10.99797248840332 ,lr 0.001
INFO:root:epoch 2, Episode 360, total_loss: 70.07476806640625, q_loss 66.69702911376953, v_loss 3.3777363300323486 ,lr 0.001
INFO:root:epoch 2, Episode 361, total_loss: 3767.9365234375, q_loss 3766.41748046875, v_loss 1.5190351009368896 ,lr 0.001
INFO:root:epoch 2, Episode 362, total_loss: 61.99638748168945, q_loss 60.12793731689453, v_loss 1.8684484958648682 ,lr 0.001
INFO:root:epoch 2, Episode 363, total_loss: 1474.6011962890625, q_loss 1472.2569580078125, v_loss 2.344233989715576 ,lr 0.001
INFO:root:epoch 2, Episode 364, total_loss: 314.8374938964844, q_loss 312.1478271484375, v_loss 2.6896772384643555 ,lr 0.001
INFO:root:epoch 2, Episode 365, total_loss: 76.1692123413086, q_loss 73.03764343261719, v_loss 3.131565570831299 ,lr 0.001
INFO:root:epoch 2, Episode 366, total_loss: 383.4638977050781, q_loss 381.1787109375, v_loss 2.2851855754852295 ,lr 0.001
INFO:root:epoch 2, Episode 367, total_loss: 2211.77197265625, q_loss 2209.04931640625, v_loss 2.722625732421875 ,lr 0.001
INFO:root:epoch 2, Episode 368, total_loss: 674.3316040039062, q_loss 670.28857421875, v_loss 4.04304838180542 ,lr 0.001
INFO:root:epoch 2, Episode 369, total_loss: 319.4646911621094, q_loss 318.1171569824219, v_loss 1.3475239276885986 ,lr 0.001
INFO:root:epoch 2, Episode 370, total_loss: 384.70635986328125, q_loss 382.9934997558594, v_loss 1.7128565311431885 ,lr 0.001
INFO:root:epoch 2, Episode 371, total_loss: 432.0452575683594, q_loss 423.06671142578125, v_loss 8.978532791137695 ,lr 0.001
INFO:root:epoch 2, Episode 372, total_loss: 80.69112396240234, q_loss 80.12030029296875, v_loss 0.5708199143409729 ,lr 0.001
INFO:root:epoch 2, Episode 373, total_loss: 79.26589965820312, q_loss 78.41168212890625, v_loss 0.8542184233665466 ,lr 0.001
INFO:root:epoch 2, Episode 374, total_loss: 576.397216796875, q_loss 574.3745727539062, v_loss 2.022636651992798 ,lr 0.001
INFO:root:epoch 2, Episode 375, total_loss: 112.22100830078125, q_loss 110.70983123779297, v_loss 1.511177897453308 ,lr 0.001
INFO:root:epoch 2, Episode 376, total_loss: 538.4951171875, q_loss 536.7136840820312, v_loss 1.781441330909729 ,lr 0.001
INFO:root:epoch 2, Episode 377, total_loss: 53.9647102355957, q_loss 53.83945083618164, v_loss 0.12525948882102966 ,lr 0.001
INFO:root:epoch 2, Episode 378, total_loss: 1665.2545166015625, q_loss 1664.0574951171875, v_loss 1.1970493793487549 ,lr 0.001
INFO:root:epoch 2, Episode 379, total_loss: 214.22869873046875, q_loss 209.2220458984375, v_loss 5.006648063659668 ,lr 0.001
INFO:root:epoch 2, Episode 380, total_loss: 248.09095764160156, q_loss 246.9712371826172, v_loss 1.1197173595428467 ,lr 0.001
INFO:root:epoch 2, Episode 381, total_loss: 52.62160873413086, q_loss 50.87405776977539, v_loss 1.747549295425415 ,lr 0.001
INFO:root:epoch 2, Episode 382, total_loss: 514.3098754882812, q_loss 510.7926330566406, v_loss 3.5172231197357178 ,lr 0.001
INFO:root:epoch 2, Episode 383, total_loss: 1728.7744140625, q_loss 1726.6385498046875, v_loss 2.1358253955841064 ,lr 0.001
INFO:root:epoch 2, Episode 384, total_loss: 463.1831359863281, q_loss 462.5466003417969, v_loss 0.6365242004394531 ,lr 0.001
INFO:root:epoch 2, Episode 385, total_loss: 194.7031707763672, q_loss 194.0432586669922, v_loss 0.6599153280258179 ,lr 0.001
INFO:root:epoch 2, Episode 386, total_loss: 48.564208984375, q_loss 47.817752838134766, v_loss 0.7464566230773926 ,lr 0.001
INFO:root:val_loss 3.4819955825805664
INFO:root:epoch 2, Episode 387, total_loss: 3311.16162109375, q_loss 3305.48974609375, v_loss 5.671956539154053 ,lr 0.001
INFO:root:epoch 2, Episode 388, total_loss: 328.6117248535156, q_loss 327.93780517578125, v_loss 0.6739159226417542 ,lr 0.001
INFO:root:epoch 2, Episode 389, total_loss: 57.313968658447266, q_loss 57.04282760620117, v_loss 0.2711403965950012 ,lr 0.001
INFO:root:epoch 2, Episode 390, total_loss: 522.0054321289062, q_loss 520.9730834960938, v_loss 1.0323675870895386 ,lr 0.001
INFO:root:epoch 2, Episode 391, total_loss: 80.84367370605469, q_loss 80.03539276123047, v_loss 0.8082801699638367 ,lr 0.001
INFO:root:epoch 2, Episode 392, total_loss: 310.8940124511719, q_loss 310.6131896972656, v_loss 0.2808228135108948 ,lr 0.001
INFO:root:epoch 2, Episode 393, total_loss: 134.31459045410156, q_loss 133.02723693847656, v_loss 1.2873610258102417 ,lr 0.001
INFO:root:epoch 2, Episode 394, total_loss: 1451.00439453125, q_loss 1446.783203125, v_loss 4.221182346343994 ,lr 0.001
INFO:root:epoch 2, Episode 395, total_loss: 671.7993774414062, q_loss 671.0482788085938, v_loss 0.7510978579521179 ,lr 0.001
INFO:root:epoch 2, Episode 396, total_loss: 311.0943298339844, q_loss 309.84033203125, v_loss 1.2540032863616943 ,lr 0.001
INFO:root:epoch 2, Episode 397, total_loss: 68.66047668457031, q_loss 67.2413101196289, v_loss 1.4191662073135376 ,lr 0.001
INFO:root:epoch 2, Episode 398, total_loss: 111.46326446533203, q_loss 107.70458221435547, v_loss 3.758683443069458 ,lr 0.001
INFO:root:epoch 2, Episode 399, total_loss: 3203.598388671875, q_loss 3202.09033203125, v_loss 1.5080281496047974 ,lr 0.001
INFO:root:epoch 2, Episode 400, total_loss: 146.4086456298828, q_loss 144.5374298095703, v_loss 1.8712143898010254 ,lr 0.001
INFO:root:epoch 2, Episode 401, total_loss: 166.27444458007812, q_loss 164.23025512695312, v_loss 2.0441842079162598 ,lr 0.001
INFO:root:epoch 2, Episode 402, total_loss: 5937.3818359375, q_loss 5932.33544921875, v_loss 5.046304702758789 ,lr 0.001
INFO:root:epoch 2, Episode 403, total_loss: 259.2673645019531, q_loss 254.11761474609375, v_loss 5.149750232696533 ,lr 0.001
INFO:root:epoch 2, Episode 404, total_loss: 250.02349853515625, q_loss 247.8514862060547, v_loss 2.172010898590088 ,lr 0.001
INFO:root:epoch 2, Episode 405, total_loss: 337.7225341796875, q_loss 336.96136474609375, v_loss 0.761167049407959 ,lr 0.001
INFO:root:epoch 2, Episode 406, total_loss: 130.265869140625, q_loss 128.26937866210938, v_loss 1.9964863061904907 ,lr 0.001
INFO:root:epoch 2, Episode 407, total_loss: 166.1272430419922, q_loss 164.28643798828125, v_loss 1.8408111333847046 ,lr 0.001
INFO:root:epoch 2, Episode 408, total_loss: 628.2970581054688, q_loss 623.3599853515625, v_loss 4.9370646476745605 ,lr 0.001
INFO:root:epoch 2, Episode 409, total_loss: 209.79884338378906, q_loss 209.2553253173828, v_loss 0.543521523475647 ,lr 0.001
INFO:root:epoch 2, Episode 410, total_loss: 3590.735107421875, q_loss 3588.22705078125, v_loss 2.5080525875091553 ,lr 0.001
INFO:root:epoch 2, Episode 411, total_loss: 76.3914566040039, q_loss 76.1709976196289, v_loss 0.2204590141773224 ,lr 0.001
INFO:root:epoch 2, Episode 412, total_loss: 271.70452880859375, q_loss 265.7576599121094, v_loss 5.946863651275635 ,lr 0.001
INFO:root:epoch 2, Episode 413, total_loss: 520.9342041015625, q_loss 516.3926391601562, v_loss 4.541592121124268 ,lr 0.001
INFO:root:epoch 2, Episode 414, total_loss: 5014.5595703125, q_loss 5006.8203125, v_loss 7.739256858825684 ,lr 0.001
INFO:root:epoch 2, Episode 415, total_loss: 962.3145141601562, q_loss 960.9655151367188, v_loss 1.3490151166915894 ,lr 0.001
INFO:root:epoch 2, Episode 416, total_loss: 600.6588134765625, q_loss 596.5565795898438, v_loss 4.102217197418213 ,lr 0.001
INFO:root:epoch 2, Episode 417, total_loss: 1540.322998046875, q_loss 1534.5721435546875, v_loss 5.750796794891357 ,lr 0.001
INFO:root:epoch 2, Episode 418, total_loss: 142.6222381591797, q_loss 141.22023010253906, v_loss 1.4020130634307861 ,lr 0.001
INFO:root:epoch 2, Episode 419, total_loss: 252.4155731201172, q_loss 251.1075897216797, v_loss 1.3079763650894165 ,lr 0.001
INFO:root:epoch 2, Episode 420, total_loss: 348.03369140625, q_loss 343.8356628417969, v_loss 4.19801664352417 ,lr 0.001
INFO:root:epoch 2, Episode 421, total_loss: 348.4870910644531, q_loss 346.6514587402344, v_loss 1.835632562637329 ,lr 0.001
INFO:root:epoch 2, Episode 422, total_loss: 935.7787475585938, q_loss 933.8973388671875, v_loss 1.8814228773117065 ,lr 0.001
INFO:root:epoch 2, Episode 423, total_loss: 157.4990692138672, q_loss 156.00634765625, v_loss 1.492727518081665 ,lr 0.001
INFO:root:epoch 2, Episode 424, total_loss: 1037.450439453125, q_loss 1036.03759765625, v_loss 1.4128499031066895 ,lr 0.001
INFO:root:epoch 2, Episode 425, total_loss: 136.30917358398438, q_loss 135.48367309570312, v_loss 0.8255079388618469 ,lr 0.001
INFO:root:epoch 2, Episode 426, total_loss: 156.84451293945312, q_loss 155.4589080810547, v_loss 1.3855979442596436 ,lr 0.001
INFO:root:epoch 2, Episode 427, total_loss: 476.05718994140625, q_loss 473.7182312011719, v_loss 2.3389554023742676 ,lr 0.001
INFO:root:epoch 2, Episode 428, total_loss: 636.3131713867188, q_loss 633.0250244140625, v_loss 3.2881667613983154 ,lr 0.001
INFO:root:epoch 2, Episode 429, total_loss: 460.2160949707031, q_loss 457.3788146972656, v_loss 2.837273359298706 ,lr 0.001
INFO:root:epoch 2, Episode 430, total_loss: 339.55859375, q_loss 336.5831604003906, v_loss 2.9754230976104736 ,lr 0.001
INFO:root:epoch 2, Episode 431, total_loss: 50.40785217285156, q_loss 48.74375915527344, v_loss 1.6640937328338623 ,lr 0.001
INFO:root:epoch 2, Episode 432, total_loss: 181.9609375, q_loss 181.21145629882812, v_loss 0.7494739890098572 ,lr 0.001
INFO:root:epoch 2, Episode 433, total_loss: 806.6065063476562, q_loss 803.5140991210938, v_loss 3.092409133911133 ,lr 0.001
INFO:root:epoch 2, Episode 434, total_loss: 55.69813537597656, q_loss 55.42184066772461, v_loss 0.2762943506240845 ,lr 0.001
INFO:root:epoch 2, Episode 435, total_loss: 41.19504928588867, q_loss 40.183197021484375, v_loss 1.0118540525436401 ,lr 0.001
INFO:root:epoch 2, Episode 436, total_loss: 429.8175964355469, q_loss 427.74969482421875, v_loss 2.0679008960723877 ,lr 0.001
INFO:root:epoch 2, Episode 437, total_loss: 671.6747436523438, q_loss 670.0404052734375, v_loss 1.6343142986297607 ,lr 0.001
INFO:root:epoch 2, Episode 438, total_loss: 146.84019470214844, q_loss 144.84539794921875, v_loss 1.9948021173477173 ,lr 0.001
INFO:root:epoch 2, Episode 439, total_loss: 158.60496520996094, q_loss 155.52891540527344, v_loss 3.0760438442230225 ,lr 0.001
INFO:root:epoch 2, Episode 440, total_loss: 424.7467041015625, q_loss 423.8213195800781, v_loss 0.925381064414978 ,lr 0.001
INFO:root:epoch 2, Episode 441, total_loss: 31.457273483276367, q_loss 30.611553192138672, v_loss 0.8457209467887878 ,lr 0.001
INFO:root:epoch 2, Episode 442, total_loss: 260.10369873046875, q_loss 259.3814392089844, v_loss 0.7222452759742737 ,lr 0.001
INFO:root:epoch 2, Episode 443, total_loss: 24.518461227416992, q_loss 24.07670021057129, v_loss 0.4417603015899658 ,lr 0.001
INFO:root:epoch 2, Episode 444, total_loss: 144.75584411621094, q_loss 143.1571502685547, v_loss 1.598694920539856 ,lr 0.001
INFO:root:epoch 2, Episode 445, total_loss: 23.010168075561523, q_loss 22.355121612548828, v_loss 0.6550471186637878 ,lr 0.001
INFO:root:epoch 2, Episode 446, total_loss: 367.8813171386719, q_loss 366.115478515625, v_loss 1.7658281326293945 ,lr 0.001
INFO:root:epoch 2, Episode 447, total_loss: 31.34379768371582, q_loss 30.67928695678711, v_loss 0.6645100712776184 ,lr 0.001
INFO:root:epoch 2, Episode 448, total_loss: 149.98423767089844, q_loss 149.0348663330078, v_loss 0.9493734240531921 ,lr 0.001
INFO:root:epoch 2, Episode 449, total_loss: 197.83416748046875, q_loss 196.754638671875, v_loss 1.0795259475708008 ,lr 0.001
INFO:root:epoch 2, Episode 450, total_loss: 1729.9583740234375, q_loss 1728.748291015625, v_loss 1.2101149559020996 ,lr 0.001
INFO:root:epoch 2, Episode 451, total_loss: 1249.4830322265625, q_loss 1247.1640625, v_loss 2.3189914226531982 ,lr 0.001
INFO:root:epoch 2, Episode 452, total_loss: 1015.556884765625, q_loss 1014.2750244140625, v_loss 1.2818892002105713 ,lr 0.001
INFO:root:epoch 2, Episode 453, total_loss: 4901.1396484375, q_loss 4891.89892578125, v_loss 9.240887641906738 ,lr 0.001
INFO:root:epoch 2, Episode 454, total_loss: 121.26997375488281, q_loss 120.15159606933594, v_loss 1.118377923965454 ,lr 0.001
INFO:root:epoch 2, Episode 455, total_loss: 135.20945739746094, q_loss 135.0220489501953, v_loss 0.18740808963775635 ,lr 0.001
INFO:root:epoch 2, Episode 456, total_loss: 236.89199829101562, q_loss 233.87942504882812, v_loss 3.0125784873962402 ,lr 0.001
INFO:root:epoch 3, Episode 0, total_loss: 198.86123657226562, q_loss 197.3349151611328, v_loss 1.5263203382492065 ,lr 0.001
INFO:root:epoch 3, Episode 1, total_loss: 515.1390991210938, q_loss 511.3043212890625, v_loss 3.834787607192993 ,lr 0.001
INFO:root:epoch 3, Episode 2, total_loss: 59.7177848815918, q_loss 58.75436019897461, v_loss 0.9634257555007935 ,lr 0.001
INFO:root:epoch 3, Episode 3, total_loss: 57.487281799316406, q_loss 54.29163360595703, v_loss 3.1956467628479004 ,lr 0.001
INFO:root:epoch 3, Episode 4, total_loss: 1299.6602783203125, q_loss 1288.3197021484375, v_loss 11.34062671661377 ,lr 0.001
INFO:root:epoch 3, Episode 5, total_loss: 2925.509765625, q_loss 2915.6748046875, v_loss 9.834850311279297 ,lr 0.001
INFO:root:epoch 3, Episode 6, total_loss: 229.54019165039062, q_loss 226.67359924316406, v_loss 2.8665969371795654 ,lr 0.001
INFO:root:epoch 3, Episode 7, total_loss: 576.828125, q_loss 573.489990234375, v_loss 3.338153123855591 ,lr 0.001
INFO:root:epoch 3, Episode 8, total_loss: 263.50537109375, q_loss 261.728515625, v_loss 1.7768654823303223 ,lr 0.001
INFO:root:epoch 3, Episode 9, total_loss: 101.23091888427734, q_loss 101.12337493896484, v_loss 0.10754460096359253 ,lr 0.001
INFO:root:epoch 3, Episode 10, total_loss: 1792.0810546875, q_loss 1783.9326171875, v_loss 8.148423194885254 ,lr 0.001
INFO:root:epoch 3, Episode 11, total_loss: 1095.076416015625, q_loss 1079.7877197265625, v_loss 15.288673400878906 ,lr 0.001
INFO:root:epoch 3, Episode 12, total_loss: 1761.385986328125, q_loss 1756.4559326171875, v_loss 4.9300761222839355 ,lr 0.001
INFO:root:epoch 3, Episode 13, total_loss: 164.4697265625, q_loss 162.2463836669922, v_loss 2.223344087600708 ,lr 0.001
INFO:root:epoch 3, Episode 14, total_loss: 732.5189208984375, q_loss 731.1559448242188, v_loss 1.362982153892517 ,lr 0.001
INFO:root:epoch 3, Episode 15, total_loss: 233.6424560546875, q_loss 232.524169921875, v_loss 1.1182854175567627 ,lr 0.001
INFO:root:epoch 3, Episode 16, total_loss: 97.57627868652344, q_loss 94.47720336914062, v_loss 3.0990755558013916 ,lr 0.001
INFO:root:epoch 3, Episode 17, total_loss: 1071.4947509765625, q_loss 1067.0001220703125, v_loss 4.494681358337402 ,lr 0.001
INFO:root:epoch 3, Episode 18, total_loss: 280.38604736328125, q_loss 273.6082458496094, v_loss 6.777815341949463 ,lr 0.001
INFO:root:epoch 3, Episode 19, total_loss: 2106.01953125, q_loss 2103.287353515625, v_loss 2.732128858566284 ,lr 0.001
INFO:root:epoch 3, Episode 20, total_loss: 207.7594757080078, q_loss 201.3141632080078, v_loss 6.445311069488525 ,lr 0.001
INFO:root:epoch 3, Episode 21, total_loss: 4997.97998046875, q_loss 4992.27197265625, v_loss 5.708142280578613 ,lr 0.001
INFO:root:epoch 3, Episode 22, total_loss: 418.78009033203125, q_loss 411.7046203613281, v_loss 7.0754594802856445 ,lr 0.001
INFO:root:epoch 3, Episode 23, total_loss: 3110.89501953125, q_loss 3105.53857421875, v_loss 5.356392860412598 ,lr 0.001
INFO:root:epoch 3, Episode 24, total_loss: 238.35621643066406, q_loss 236.0328369140625, v_loss 2.323383331298828 ,lr 0.001
INFO:root:epoch 3, Episode 25, total_loss: 80.34901428222656, q_loss 77.92584991455078, v_loss 2.423164129257202 ,lr 0.001
INFO:root:epoch 3, Episode 26, total_loss: 1593.971435546875, q_loss 1589.9805908203125, v_loss 3.9908244609832764 ,lr 0.001
INFO:root:epoch 3, Episode 27, total_loss: 1757.8372802734375, q_loss 1755.9078369140625, v_loss 1.9293956756591797 ,lr 0.001
INFO:root:epoch 3, Episode 28, total_loss: 148.5835723876953, q_loss 144.80967712402344, v_loss 3.773892879486084 ,lr 0.001
INFO:root:epoch 3, Episode 29, total_loss: 321.398193359375, q_loss 317.8138122558594, v_loss 3.5843727588653564 ,lr 0.001
INFO:root:val_loss 1.7933329343795776
INFO:root:epoch 3, Episode 30, total_loss: 125.2301254272461, q_loss 122.7540512084961, v_loss 2.4760758876800537 ,lr 0.001
INFO:root:epoch 3, Episode 31, total_loss: 233.24386596679688, q_loss 228.86807250976562, v_loss 4.375799655914307 ,lr 0.001
INFO:root:epoch 3, Episode 32, total_loss: 434.61065673828125, q_loss 429.00390625, v_loss 5.606756687164307 ,lr 0.001
INFO:root:epoch 3, Episode 33, total_loss: 628.4547729492188, q_loss 623.5321044921875, v_loss 4.922640800476074 ,lr 0.001
INFO:root:epoch 3, Episode 34, total_loss: 60.50585174560547, q_loss 58.477718353271484, v_loss 2.028132677078247 ,lr 0.001
INFO:root:epoch 3, Episode 35, total_loss: 202.8522491455078, q_loss 201.23524475097656, v_loss 1.6169995069503784 ,lr 0.001
INFO:root:epoch 3, Episode 36, total_loss: 1367.5115966796875, q_loss 1365.6759033203125, v_loss 1.83564293384552 ,lr 0.001
INFO:root:epoch 3, Episode 37, total_loss: 127.66488647460938, q_loss 127.19568634033203, v_loss 0.4691963195800781 ,lr 0.001
INFO:root:epoch 3, Episode 38, total_loss: 1064.19189453125, q_loss 1061.6590576171875, v_loss 2.5328781604766846 ,lr 0.001
INFO:root:epoch 3, Episode 39, total_loss: 1142.0189208984375, q_loss 1139.985107421875, v_loss 2.0337817668914795 ,lr 0.001
INFO:root:epoch 3, Episode 40, total_loss: 1208.824951171875, q_loss 1195.1868896484375, v_loss 13.638073921203613 ,lr 0.001
INFO:root:epoch 3, Episode 41, total_loss: 1016.9268798828125, q_loss 1014.077392578125, v_loss 2.8494579792022705 ,lr 0.001
INFO:root:epoch 3, Episode 42, total_loss: 290.23150634765625, q_loss 289.316650390625, v_loss 0.9148604273796082 ,lr 0.001
INFO:root:epoch 3, Episode 43, total_loss: 126.99923706054688, q_loss 125.5651626586914, v_loss 1.4340769052505493 ,lr 0.001
INFO:root:epoch 3, Episode 44, total_loss: 103.35407257080078, q_loss 102.8031997680664, v_loss 0.5508753657341003 ,lr 0.001
INFO:root:epoch 3, Episode 45, total_loss: 261.1554260253906, q_loss 258.424072265625, v_loss 2.7313549518585205 ,lr 0.001
INFO:root:epoch 3, Episode 46, total_loss: 124.00314331054688, q_loss 121.57917022705078, v_loss 2.423973798751831 ,lr 0.001
INFO:root:epoch 3, Episode 47, total_loss: 1056.27490234375, q_loss 1052.106689453125, v_loss 4.168234825134277 ,lr 0.001
INFO:root:epoch 3, Episode 48, total_loss: 1286.347412109375, q_loss 1284.3538818359375, v_loss 1.9935784339904785 ,lr 0.001
INFO:root:epoch 3, Episode 49, total_loss: 268.0164794921875, q_loss 266.53082275390625, v_loss 1.4856470823287964 ,lr 0.001
INFO:root:epoch 3, Episode 50, total_loss: 451.9210205078125, q_loss 450.420166015625, v_loss 1.500848650932312 ,lr 0.001
INFO:root:epoch 3, Episode 51, total_loss: 121.04168701171875, q_loss 120.16017150878906, v_loss 0.8815160989761353 ,lr 0.001
INFO:root:epoch 3, Episode 52, total_loss: 180.44680786132812, q_loss 178.4977569580078, v_loss 1.9490562677383423 ,lr 0.001
INFO:root:epoch 3, Episode 53, total_loss: 1058.710693359375, q_loss 1055.1397705078125, v_loss 3.5708816051483154 ,lr 0.001
INFO:root:epoch 3, Episode 54, total_loss: 367.1817932128906, q_loss 363.4139099121094, v_loss 3.7678701877593994 ,lr 0.001
INFO:root:epoch 3, Episode 55, total_loss: 315.2123107910156, q_loss 312.9400634765625, v_loss 2.2722561359405518 ,lr 0.001
INFO:root:epoch 3, Episode 56, total_loss: 1506.3966064453125, q_loss 1503.07177734375, v_loss 3.3248324394226074 ,lr 0.001
INFO:root:epoch 3, Episode 57, total_loss: 72.39010620117188, q_loss 71.7911148071289, v_loss 0.5989903211593628 ,lr 0.001
INFO:root:epoch 3, Episode 58, total_loss: 153.82708740234375, q_loss 152.64183044433594, v_loss 1.1852531433105469 ,lr 0.001
INFO:root:epoch 3, Episode 59, total_loss: 3441.83154296875, q_loss 3433.893310546875, v_loss 7.9381914138793945 ,lr 0.001
INFO:root:epoch 3, Episode 60, total_loss: 138.9350128173828, q_loss 136.74578857421875, v_loss 2.189225196838379 ,lr 0.001
INFO:root:epoch 3, Episode 61, total_loss: 1965.7442626953125, q_loss 1961.1947021484375, v_loss 4.549532890319824 ,lr 0.001
INFO:root:epoch 3, Episode 62, total_loss: 215.25662231445312, q_loss 213.62130737304688, v_loss 1.6353083848953247 ,lr 0.001
INFO:root:epoch 3, Episode 63, total_loss: 75.38896942138672, q_loss 74.31495666503906, v_loss 1.0740129947662354 ,lr 0.001
INFO:root:epoch 3, Episode 64, total_loss: 245.2625274658203, q_loss 242.1035614013672, v_loss 3.1589643955230713 ,lr 0.001
INFO:root:epoch 3, Episode 65, total_loss: 5008.79248046875, q_loss 4988.59326171875, v_loss 20.19900131225586 ,lr 0.001
INFO:root:epoch 3, Episode 66, total_loss: 65.467529296875, q_loss 63.549686431884766, v_loss 1.9178431034088135 ,lr 0.001
INFO:root:epoch 3, Episode 67, total_loss: 271.2417907714844, q_loss 269.35784912109375, v_loss 1.8839293718338013 ,lr 0.001
INFO:root:epoch 3, Episode 68, total_loss: 648.6553344726562, q_loss 646.19775390625, v_loss 2.4575610160827637 ,lr 0.001
INFO:root:epoch 3, Episode 69, total_loss: 1119.8828125, q_loss 1116.8094482421875, v_loss 3.0734193325042725 ,lr 0.001
INFO:root:epoch 3, Episode 70, total_loss: 75.15296173095703, q_loss 74.80204010009766, v_loss 0.35092175006866455 ,lr 0.001
INFO:root:epoch 3, Episode 71, total_loss: 388.3240661621094, q_loss 382.6428527832031, v_loss 5.681217670440674 ,lr 0.001
INFO:root:epoch 3, Episode 72, total_loss: 76.86210632324219, q_loss 74.40970611572266, v_loss 2.4524006843566895 ,lr 0.001
INFO:root:epoch 3, Episode 73, total_loss: 1253.1241455078125, q_loss 1247.5970458984375, v_loss 5.527148246765137 ,lr 0.001
INFO:root:epoch 3, Episode 74, total_loss: 2792.15380859375, q_loss 2786.07958984375, v_loss 6.074324607849121 ,lr 0.001
INFO:root:epoch 3, Episode 75, total_loss: 153.28390502929688, q_loss 152.48167419433594, v_loss 0.8022239208221436 ,lr 0.001
INFO:root:epoch 3, Episode 76, total_loss: 119.22663879394531, q_loss 116.73237609863281, v_loss 2.494259834289551 ,lr 0.001
INFO:root:epoch 3, Episode 77, total_loss: 66.455078125, q_loss 64.82411193847656, v_loss 1.6309653520584106 ,lr 0.001
INFO:root:epoch 3, Episode 78, total_loss: 120.88826751708984, q_loss 118.3257827758789, v_loss 2.562488317489624 ,lr 0.001
INFO:root:epoch 3, Episode 79, total_loss: 652.1806030273438, q_loss 649.5573120117188, v_loss 2.6232712268829346 ,lr 0.001
INFO:root:epoch 3, Episode 80, total_loss: 1937.7169189453125, q_loss 1930.930908203125, v_loss 6.785987377166748 ,lr 0.001
INFO:root:epoch 3, Episode 81, total_loss: 182.10971069335938, q_loss 178.97142028808594, v_loss 3.1382827758789062 ,lr 0.001
INFO:root:epoch 3, Episode 82, total_loss: 1307.684326171875, q_loss 1297.1201171875, v_loss 10.564163208007812 ,lr 0.001
INFO:root:epoch 3, Episode 83, total_loss: 70.2468032836914, q_loss 67.7898941040039, v_loss 2.4569098949432373 ,lr 0.001
INFO:root:epoch 3, Episode 84, total_loss: 352.9481201171875, q_loss 351.7897033691406, v_loss 1.1584055423736572 ,lr 0.001
INFO:root:epoch 3, Episode 85, total_loss: 62.71592330932617, q_loss 61.39509963989258, v_loss 1.3208234310150146 ,lr 0.001
INFO:root:epoch 3, Episode 86, total_loss: 134.9905242919922, q_loss 133.37550354003906, v_loss 1.6150275468826294 ,lr 0.001
INFO:root:epoch 3, Episode 87, total_loss: 120.81314086914062, q_loss 120.1785659790039, v_loss 0.634577214717865 ,lr 0.001
INFO:root:epoch 3, Episode 88, total_loss: 171.21792602539062, q_loss 170.61141967773438, v_loss 0.60650634765625 ,lr 0.001
INFO:root:epoch 3, Episode 89, total_loss: 1813.5450439453125, q_loss 1806.175048828125, v_loss 7.370049953460693 ,lr 0.001
INFO:root:epoch 3, Episode 90, total_loss: 1311.284912109375, q_loss 1310.0950927734375, v_loss 1.189792513847351 ,lr 0.001
INFO:root:epoch 3, Episode 91, total_loss: 1088.5247802734375, q_loss 1085.603759765625, v_loss 2.9209635257720947 ,lr 0.001
INFO:root:epoch 3, Episode 92, total_loss: 432.1186828613281, q_loss 429.7520446777344, v_loss 2.366626501083374 ,lr 0.001
INFO:root:epoch 3, Episode 93, total_loss: 274.1442565917969, q_loss 270.59796142578125, v_loss 3.546300172805786 ,lr 0.001
INFO:root:epoch 3, Episode 94, total_loss: 195.53916931152344, q_loss 193.82473754882812, v_loss 1.7144348621368408 ,lr 0.001
INFO:root:epoch 3, Episode 95, total_loss: 440.6919250488281, q_loss 439.3487854003906, v_loss 1.343152403831482 ,lr 0.001
INFO:root:epoch 3, Episode 96, total_loss: 1645.3477783203125, q_loss 1643.4632568359375, v_loss 1.8844972848892212 ,lr 0.001
INFO:root:epoch 3, Episode 97, total_loss: 1043.4022216796875, q_loss 1033.6749267578125, v_loss 9.727350234985352 ,lr 0.001
INFO:root:epoch 3, Episode 98, total_loss: 383.48529052734375, q_loss 379.99517822265625, v_loss 3.4901046752929688 ,lr 0.001
INFO:root:epoch 3, Episode 99, total_loss: 1188.9429931640625, q_loss 1184.247802734375, v_loss 4.695242404937744 ,lr 0.001
INFO:root:epoch 3, Episode 100, total_loss: 818.047607421875, q_loss 816.6122436523438, v_loss 1.435368299484253 ,lr 0.001
INFO:root:epoch 3, Episode 101, total_loss: 304.1628112792969, q_loss 299.72564697265625, v_loss 4.437159538269043 ,lr 0.001
INFO:root:epoch 3, Episode 102, total_loss: 621.7137451171875, q_loss 609.8388671875, v_loss 11.874905586242676 ,lr 0.001
INFO:root:epoch 3, Episode 103, total_loss: 2616.51806640625, q_loss 2596.5810546875, v_loss 19.937124252319336 ,lr 0.001
INFO:root:epoch 3, Episode 104, total_loss: 322.4859619140625, q_loss 310.01849365234375, v_loss 12.467474937438965 ,lr 0.001
INFO:root:epoch 3, Episode 105, total_loss: 219.36285400390625, q_loss 205.81707763671875, v_loss 13.545768737792969 ,lr 0.001
INFO:root:epoch 3, Episode 106, total_loss: 612.9943237304688, q_loss 598.29052734375, v_loss 14.703815460205078 ,lr 0.001
INFO:root:epoch 3, Episode 107, total_loss: 470.9317626953125, q_loss 453.48638916015625, v_loss 17.44538688659668 ,lr 0.001
INFO:root:epoch 3, Episode 108, total_loss: 84.66691589355469, q_loss 76.76417541503906, v_loss 7.902744293212891 ,lr 0.001
INFO:root:epoch 3, Episode 109, total_loss: 1586.7432861328125, q_loss 1575.213134765625, v_loss 11.530180931091309 ,lr 0.001
INFO:root:epoch 3, Episode 110, total_loss: 2177.153076171875, q_loss 2170.20947265625, v_loss 6.943563461303711 ,lr 0.001
INFO:root:epoch 3, Episode 111, total_loss: 281.5041198730469, q_loss 270.1373291015625, v_loss 11.366796493530273 ,lr 0.001
INFO:root:epoch 3, Episode 112, total_loss: 2182.572265625, q_loss 2178.673583984375, v_loss 3.8986620903015137 ,lr 0.001
INFO:root:epoch 3, Episode 113, total_loss: 82.006591796875, q_loss 77.30623626708984, v_loss 4.700354099273682 ,lr 0.001
INFO:root:epoch 3, Episode 114, total_loss: 1121.80419921875, q_loss 1114.4373779296875, v_loss 7.366811752319336 ,lr 0.001
INFO:root:epoch 3, Episode 115, total_loss: 1139.234130859375, q_loss 1133.9176025390625, v_loss 5.316488742828369 ,lr 0.001
INFO:root:epoch 3, Episode 116, total_loss: 1183.6439208984375, q_loss 1175.5928955078125, v_loss 8.051021575927734 ,lr 0.001
INFO:root:epoch 3, Episode 117, total_loss: 169.44224548339844, q_loss 168.59693908691406, v_loss 0.8453049659729004 ,lr 0.001
INFO:root:epoch 3, Episode 118, total_loss: 824.372314453125, q_loss 823.0703125, v_loss 1.3020267486572266 ,lr 0.001
INFO:root:epoch 3, Episode 119, total_loss: 72.02804565429688, q_loss 70.184814453125, v_loss 1.8432295322418213 ,lr 0.001
INFO:root:epoch 3, Episode 120, total_loss: 1058.9718017578125, q_loss 1057.29150390625, v_loss 1.6802645921707153 ,lr 0.001
INFO:root:epoch 3, Episode 121, total_loss: 2325.328125, q_loss 2322.130615234375, v_loss 3.197457790374756 ,lr 0.001
INFO:root:epoch 3, Episode 122, total_loss: 2748.02685546875, q_loss 2746.596435546875, v_loss 1.430456280708313 ,lr 0.001
INFO:root:epoch 3, Episode 123, total_loss: 932.5311279296875, q_loss 931.3850708007812, v_loss 1.146053671836853 ,lr 0.001
INFO:root:epoch 3, Episode 124, total_loss: 506.2438659667969, q_loss 504.4353942871094, v_loss 1.8084675073623657 ,lr 0.001
INFO:root:epoch 3, Episode 125, total_loss: 116.48283386230469, q_loss 114.40999603271484, v_loss 2.072838306427002 ,lr 0.001
INFO:root:epoch 3, Episode 126, total_loss: 79.07196807861328, q_loss 78.126220703125, v_loss 0.9457493424415588 ,lr 0.001
INFO:root:epoch 3, Episode 127, total_loss: 682.6324462890625, q_loss 679.8342895507812, v_loss 2.798168897628784 ,lr 0.001
INFO:root:epoch 3, Episode 128, total_loss: 1273.339111328125, q_loss 1270.1192626953125, v_loss 3.2197928428649902 ,lr 0.001
INFO:root:epoch 3, Episode 129, total_loss: 323.46685791015625, q_loss 319.4893798828125, v_loss 3.977475166320801 ,lr 0.001
INFO:root:val_loss 1.7563146352767944
INFO:root:epoch 3, Episode 130, total_loss: 634.45166015625, q_loss 627.1282348632812, v_loss 7.32341194152832 ,lr 0.001
INFO:root:epoch 3, Episode 131, total_loss: 80.98072814941406, q_loss 79.99066162109375, v_loss 0.9900634288787842 ,lr 0.001
INFO:root:epoch 3, Episode 132, total_loss: 187.4929656982422, q_loss 186.3622589111328, v_loss 1.1307108402252197 ,lr 0.001
INFO:root:epoch 3, Episode 133, total_loss: 4827.5927734375, q_loss 4824.33251953125, v_loss 3.2604360580444336 ,lr 0.001
INFO:root:epoch 3, Episode 134, total_loss: 170.92372131347656, q_loss 169.48097229003906, v_loss 1.442746877670288 ,lr 0.001
INFO:root:epoch 3, Episode 135, total_loss: 371.80859375, q_loss 370.01910400390625, v_loss 1.7894772291183472 ,lr 0.001
INFO:root:epoch 3, Episode 136, total_loss: 188.67715454101562, q_loss 186.81727600097656, v_loss 1.8598712682724 ,lr 0.001
INFO:root:epoch 3, Episode 137, total_loss: 415.31072998046875, q_loss 413.2588806152344, v_loss 2.051839828491211 ,lr 0.001
INFO:root:epoch 3, Episode 138, total_loss: 179.13389587402344, q_loss 178.47764587402344, v_loss 0.6562561392784119 ,lr 0.001
INFO:root:epoch 3, Episode 139, total_loss: 415.46893310546875, q_loss 414.0882263183594, v_loss 1.3806933164596558 ,lr 0.001
INFO:root:epoch 3, Episode 140, total_loss: 81.30805969238281, q_loss 80.5815200805664, v_loss 0.7265390157699585 ,lr 0.001
INFO:root:epoch 3, Episode 141, total_loss: 573.4226684570312, q_loss 571.8758544921875, v_loss 1.5468393564224243 ,lr 0.001
INFO:root:epoch 3, Episode 142, total_loss: 2314.50244140625, q_loss 2311.160400390625, v_loss 3.3420286178588867 ,lr 0.001
INFO:root:epoch 3, Episode 143, total_loss: 243.69407653808594, q_loss 238.87989807128906, v_loss 4.814172267913818 ,lr 0.001
INFO:root:epoch 3, Episode 144, total_loss: 85.62140655517578, q_loss 83.88343811035156, v_loss 1.737965703010559 ,lr 0.001
INFO:root:epoch 3, Episode 145, total_loss: 150.85272216796875, q_loss 150.1455535888672, v_loss 0.7071651816368103 ,lr 0.001
INFO:root:epoch 3, Episode 146, total_loss: 842.6475219726562, q_loss 838.8027954101562, v_loss 3.8447186946868896 ,lr 0.001
INFO:root:epoch 3, Episode 147, total_loss: 295.6595153808594, q_loss 292.4717712402344, v_loss 3.1877386569976807 ,lr 0.001
INFO:root:epoch 3, Episode 148, total_loss: 174.22518920898438, q_loss 173.50961303710938, v_loss 0.7155696153640747 ,lr 0.001
INFO:root:epoch 3, Episode 149, total_loss: 156.75820922851562, q_loss 155.20159912109375, v_loss 1.5566139221191406 ,lr 0.001
INFO:root:epoch 3, Episode 150, total_loss: 788.195068359375, q_loss 786.4035034179688, v_loss 1.7915866374969482 ,lr 0.001
INFO:root:epoch 3, Episode 151, total_loss: 364.7250061035156, q_loss 361.1371154785156, v_loss 3.587895393371582 ,lr 0.001
INFO:root:epoch 3, Episode 152, total_loss: 75.99202728271484, q_loss 73.8130111694336, v_loss 2.1790127754211426 ,lr 0.001
INFO:root:epoch 3, Episode 153, total_loss: 251.93128967285156, q_loss 249.44680786132812, v_loss 2.484485149383545 ,lr 0.001
INFO:root:epoch 3, Episode 154, total_loss: 521.6016845703125, q_loss 519.7269287109375, v_loss 1.8747726678848267 ,lr 0.001
INFO:root:epoch 3, Episode 155, total_loss: 297.4286193847656, q_loss 295.9380798339844, v_loss 1.4905275106430054 ,lr 0.001
INFO:root:epoch 3, Episode 156, total_loss: 100.79389190673828, q_loss 99.30145263671875, v_loss 1.4924366474151611 ,lr 0.001
INFO:root:epoch 3, Episode 157, total_loss: 3186.88525390625, q_loss 3186.430419921875, v_loss 0.45483121275901794 ,lr 0.001
INFO:root:epoch 3, Episode 158, total_loss: 272.98291015625, q_loss 270.751953125, v_loss 2.230959415435791 ,lr 0.001
INFO:root:epoch 3, Episode 159, total_loss: 901.8074951171875, q_loss 898.4563598632812, v_loss 3.35113787651062 ,lr 0.001
INFO:root:epoch 3, Episode 160, total_loss: 64.68867492675781, q_loss 63.602325439453125, v_loss 1.0863507986068726 ,lr 0.001
INFO:root:epoch 3, Episode 161, total_loss: 388.3555603027344, q_loss 386.0004577636719, v_loss 2.355090379714966 ,lr 0.001
INFO:root:epoch 3, Episode 162, total_loss: 67.8308334350586, q_loss 66.572998046875, v_loss 1.2578381299972534 ,lr 0.001
INFO:root:epoch 3, Episode 163, total_loss: 1232.304931640625, q_loss 1229.892822265625, v_loss 2.4120516777038574 ,lr 0.001
INFO:root:epoch 3, Episode 164, total_loss: 103.18742370605469, q_loss 102.80215454101562, v_loss 0.38526979088783264 ,lr 0.001
INFO:root:epoch 3, Episode 165, total_loss: 216.30459594726562, q_loss 213.6195526123047, v_loss 2.6850509643554688 ,lr 0.001
INFO:root:epoch 3, Episode 166, total_loss: 288.91973876953125, q_loss 287.0931701660156, v_loss 1.8265787363052368 ,lr 0.001
INFO:root:epoch 3, Episode 167, total_loss: 507.33770751953125, q_loss 504.7292175292969, v_loss 2.608494281768799 ,lr 0.001
INFO:root:epoch 3, Episode 168, total_loss: 1629.37744140625, q_loss 1626.178466796875, v_loss 3.1989428997039795 ,lr 0.001
INFO:root:epoch 3, Episode 169, total_loss: 80.10911560058594, q_loss 79.69188690185547, v_loss 0.4172304570674896 ,lr 0.001
INFO:root:epoch 3, Episode 170, total_loss: 116.5255126953125, q_loss 114.94031524658203, v_loss 1.5851941108703613 ,lr 0.001
INFO:root:epoch 3, Episode 171, total_loss: 481.0093688964844, q_loss 478.0427551269531, v_loss 2.9666121006011963 ,lr 0.001
INFO:root:epoch 3, Episode 172, total_loss: 1245.830810546875, q_loss 1242.581298828125, v_loss 3.2495338916778564 ,lr 0.001
INFO:root:epoch 3, Episode 173, total_loss: 3294.517822265625, q_loss 3293.170654296875, v_loss 1.3472685813903809 ,lr 0.001
INFO:root:epoch 3, Episode 174, total_loss: 318.25994873046875, q_loss 316.730224609375, v_loss 1.5297342538833618 ,lr 0.001
INFO:root:epoch 3, Episode 175, total_loss: 68.82318115234375, q_loss 68.3117904663086, v_loss 0.5113918781280518 ,lr 0.001
INFO:root:epoch 3, Episode 176, total_loss: 169.02676391601562, q_loss 168.12631225585938, v_loss 0.9004557132720947 ,lr 0.001
INFO:root:epoch 3, Episode 177, total_loss: 973.14697265625, q_loss 971.3743286132812, v_loss 1.772632122039795 ,lr 0.001
INFO:root:epoch 3, Episode 178, total_loss: 529.7501220703125, q_loss 529.0676879882812, v_loss 0.6824275851249695 ,lr 0.001
INFO:root:epoch 3, Episode 179, total_loss: 1253.260009765625, q_loss 1247.0989990234375, v_loss 6.160963535308838 ,lr 0.001
INFO:root:epoch 3, Episode 180, total_loss: 156.06723022460938, q_loss 153.84938049316406, v_loss 2.217849016189575 ,lr 0.001
INFO:root:epoch 3, Episode 181, total_loss: 963.337890625, q_loss 960.0297241210938, v_loss 3.308180332183838 ,lr 0.001
INFO:root:epoch 3, Episode 182, total_loss: 1060.245361328125, q_loss 1059.1282958984375, v_loss 1.1170827150344849 ,lr 0.001
INFO:root:epoch 3, Episode 183, total_loss: 614.6429443359375, q_loss 612.1035766601562, v_loss 2.539346218109131 ,lr 0.001
INFO:root:epoch 3, Episode 184, total_loss: 80.22335052490234, q_loss 77.81829833984375, v_loss 2.4050533771514893 ,lr 0.001
INFO:root:epoch 3, Episode 185, total_loss: 768.9102783203125, q_loss 767.7264404296875, v_loss 1.183807373046875 ,lr 0.001
INFO:root:epoch 3, Episode 186, total_loss: 1311.03759765625, q_loss 1307.5408935546875, v_loss 3.4966886043548584 ,lr 0.001
INFO:root:epoch 3, Episode 187, total_loss: 3183.977294921875, q_loss 3180.14404296875, v_loss 3.833189010620117 ,lr 0.001
INFO:root:epoch 3, Episode 188, total_loss: 525.34375, q_loss 522.0761108398438, v_loss 3.2676615715026855 ,lr 0.001
INFO:root:epoch 3, Episode 189, total_loss: 80.46376037597656, q_loss 78.8599853515625, v_loss 1.6037719249725342 ,lr 0.001
INFO:root:epoch 3, Episode 190, total_loss: 504.338134765625, q_loss 502.5978698730469, v_loss 1.7402801513671875 ,lr 0.001
INFO:root:epoch 3, Episode 191, total_loss: 189.98681640625, q_loss 188.05572509765625, v_loss 1.9310981035232544 ,lr 0.001
INFO:root:epoch 3, Episode 192, total_loss: 324.3298034667969, q_loss 322.86907958984375, v_loss 1.4607107639312744 ,lr 0.001
INFO:root:epoch 3, Episode 193, total_loss: 69.08358001708984, q_loss 67.00993347167969, v_loss 2.0736441612243652 ,lr 0.001
INFO:root:epoch 3, Episode 194, total_loss: 991.6334838867188, q_loss 988.0726928710938, v_loss 3.5608134269714355 ,lr 0.001
INFO:root:epoch 3, Episode 195, total_loss: 246.96400451660156, q_loss 245.04249572753906, v_loss 1.9215015172958374 ,lr 0.001
INFO:root:epoch 3, Episode 196, total_loss: 114.3592758178711, q_loss 111.69931030273438, v_loss 2.6599643230438232 ,lr 0.001
INFO:root:epoch 3, Episode 197, total_loss: 4053.597900390625, q_loss 4049.7568359375, v_loss 3.8409619331359863 ,lr 0.001
INFO:root:epoch 3, Episode 198, total_loss: 252.83450317382812, q_loss 250.83370971679688, v_loss 2.0007925033569336 ,lr 0.001
INFO:root:epoch 3, Episode 199, total_loss: 546.7346801757812, q_loss 545.209716796875, v_loss 1.524985909461975 ,lr 0.001
INFO:root:epoch 3, Episode 200, total_loss: 288.606201171875, q_loss 286.1143798828125, v_loss 2.491821527481079 ,lr 0.001
INFO:root:epoch 3, Episode 201, total_loss: 419.7940979003906, q_loss 414.04833984375, v_loss 5.745748996734619 ,lr 0.001
INFO:root:epoch 3, Episode 202, total_loss: 121.24331665039062, q_loss 118.56366729736328, v_loss 2.6796514987945557 ,lr 0.001
INFO:root:epoch 3, Episode 203, total_loss: 1968.381103515625, q_loss 1966.36962890625, v_loss 2.011479616165161 ,lr 0.001
INFO:root:epoch 3, Episode 204, total_loss: 429.0185546875, q_loss 427.2365417480469, v_loss 1.7819994688034058 ,lr 0.001
INFO:root:epoch 3, Episode 205, total_loss: 1883.5828857421875, q_loss 1880.2447509765625, v_loss 3.3381028175354004 ,lr 0.001
INFO:root:epoch 3, Episode 206, total_loss: 75.27484130859375, q_loss 73.80682373046875, v_loss 1.4680204391479492 ,lr 0.001
INFO:root:epoch 3, Episode 207, total_loss: 267.8925476074219, q_loss 266.6215515136719, v_loss 1.270983099937439 ,lr 0.001
INFO:root:epoch 3, Episode 208, total_loss: 348.02545166015625, q_loss 346.062744140625, v_loss 1.9627166986465454 ,lr 0.001
INFO:root:epoch 3, Episode 209, total_loss: 77.02627563476562, q_loss 75.99771881103516, v_loss 1.0285567045211792 ,lr 0.001
INFO:root:epoch 3, Episode 210, total_loss: 324.0348815917969, q_loss 322.2790832519531, v_loss 1.7558059692382812 ,lr 0.001
INFO:root:epoch 3, Episode 211, total_loss: 217.0018310546875, q_loss 215.828369140625, v_loss 1.1734673976898193 ,lr 0.001
INFO:root:epoch 3, Episode 212, total_loss: 278.98980712890625, q_loss 277.05914306640625, v_loss 1.9306740760803223 ,lr 0.001
INFO:root:epoch 3, Episode 213, total_loss: 1357.298095703125, q_loss 1356.0406494140625, v_loss 1.2574435472488403 ,lr 0.001
INFO:root:epoch 3, Episode 214, total_loss: 74.85908508300781, q_loss 73.70806121826172, v_loss 1.1510266065597534 ,lr 0.001
INFO:root:epoch 3, Episode 215, total_loss: 167.7048797607422, q_loss 166.83242797851562, v_loss 0.8724488615989685 ,lr 0.001
INFO:root:epoch 3, Episode 216, total_loss: 231.94342041015625, q_loss 230.0369110107422, v_loss 1.906505823135376 ,lr 0.001
INFO:root:epoch 3, Episode 217, total_loss: 622.9102172851562, q_loss 620.33935546875, v_loss 2.5708694458007812 ,lr 0.001
INFO:root:epoch 3, Episode 218, total_loss: 179.10568237304688, q_loss 178.4893035888672, v_loss 0.6163731813430786 ,lr 0.001
INFO:root:epoch 3, Episode 219, total_loss: 192.79893493652344, q_loss 191.6976318359375, v_loss 1.101302146911621 ,lr 0.001
INFO:root:epoch 3, Episode 220, total_loss: 283.0310363769531, q_loss 280.916748046875, v_loss 2.1142807006835938 ,lr 0.001
INFO:root:epoch 3, Episode 221, total_loss: 912.6454467773438, q_loss 911.177734375, v_loss 1.4677016735076904 ,lr 0.001
INFO:root:epoch 3, Episode 222, total_loss: 63.48323440551758, q_loss 62.69321823120117, v_loss 0.7900159358978271 ,lr 0.001
INFO:root:epoch 3, Episode 223, total_loss: 1642.319580078125, q_loss 1640.941162109375, v_loss 1.3783695697784424 ,lr 0.001
INFO:root:epoch 3, Episode 224, total_loss: 190.20301818847656, q_loss 189.24600219726562, v_loss 0.9570232033729553 ,lr 0.001
INFO:root:epoch 3, Episode 225, total_loss: 172.7335662841797, q_loss 171.9197235107422, v_loss 0.8138412833213806 ,lr 0.001
INFO:root:epoch 3, Episode 226, total_loss: 115.06246948242188, q_loss 114.03562927246094, v_loss 1.0268428325653076 ,lr 0.001
INFO:root:epoch 3, Episode 227, total_loss: 140.29803466796875, q_loss 138.75909423828125, v_loss 1.5389349460601807 ,lr 0.001
INFO:root:epoch 3, Episode 228, total_loss: 349.6716003417969, q_loss 347.7606201171875, v_loss 1.9109654426574707 ,lr 0.001
INFO:root:epoch 3, Episode 229, total_loss: 323.30792236328125, q_loss 322.1040344238281, v_loss 1.2038891315460205 ,lr 0.001
INFO:root:val_loss 2.523667812347412
INFO:root:epoch 3, Episode 230, total_loss: 325.9849548339844, q_loss 324.67724609375, v_loss 1.3076958656311035 ,lr 0.001
INFO:root:epoch 3, Episode 231, total_loss: 179.62060546875, q_loss 178.6551971435547, v_loss 0.9654032588005066 ,lr 0.001
INFO:root:epoch 3, Episode 232, total_loss: 1273.38330078125, q_loss 1272.646728515625, v_loss 0.7365756630897522 ,lr 0.001
INFO:root:epoch 3, Episode 233, total_loss: 1095.49560546875, q_loss 1092.1697998046875, v_loss 3.3258111476898193 ,lr 0.001
INFO:root:epoch 3, Episode 234, total_loss: 323.39154052734375, q_loss 306.64410400390625, v_loss 16.747447967529297 ,lr 0.001
INFO:root:epoch 3, Episode 235, total_loss: 70.45115661621094, q_loss 69.66944885253906, v_loss 0.7817059755325317 ,lr 0.001
INFO:root:epoch 3, Episode 236, total_loss: 109.47762298583984, q_loss 108.51425170898438, v_loss 0.9633693695068359 ,lr 0.001
INFO:root:epoch 3, Episode 237, total_loss: 1488.1446533203125, q_loss 1484.1556396484375, v_loss 3.989034652709961 ,lr 0.001
INFO:root:epoch 3, Episode 238, total_loss: 1662.802734375, q_loss 1656.198486328125, v_loss 6.604236125946045 ,lr 0.001
INFO:root:epoch 3, Episode 239, total_loss: 795.251953125, q_loss 793.6547241210938, v_loss 1.5972013473510742 ,lr 0.001
INFO:root:epoch 3, Episode 240, total_loss: 261.0736999511719, q_loss 258.85595703125, v_loss 2.217747688293457 ,lr 0.001
INFO:root:epoch 3, Episode 241, total_loss: 343.1279296875, q_loss 341.3773193359375, v_loss 1.7505998611450195 ,lr 0.001
INFO:root:epoch 3, Episode 242, total_loss: 64.4604263305664, q_loss 63.177772521972656, v_loss 1.2826555967330933 ,lr 0.001
INFO:root:epoch 3, Episode 243, total_loss: 2987.607421875, q_loss 2985.61572265625, v_loss 1.9916040897369385 ,lr 0.001
INFO:root:epoch 3, Episode 244, total_loss: 207.39755249023438, q_loss 204.89944458007812, v_loss 2.4981095790863037 ,lr 0.001
INFO:root:epoch 3, Episode 245, total_loss: 2934.004638671875, q_loss 2929.589599609375, v_loss 4.41499137878418 ,lr 0.001
INFO:root:epoch 3, Episode 246, total_loss: 2048.977783203125, q_loss 2042.599609375, v_loss 6.3782548904418945 ,lr 0.001
INFO:root:epoch 3, Episode 247, total_loss: 116.48314666748047, q_loss 114.9044418334961, v_loss 1.578704595565796 ,lr 0.001
INFO:root:epoch 3, Episode 248, total_loss: 1061.6304931640625, q_loss 1057.197265625, v_loss 4.433260917663574 ,lr 0.001
INFO:root:epoch 3, Episode 249, total_loss: 3262.8173828125, q_loss 3261.43994140625, v_loss 1.377366065979004 ,lr 0.001
INFO:root:epoch 3, Episode 250, total_loss: 267.3461608886719, q_loss 264.4282531738281, v_loss 2.917910575866699 ,lr 0.001
INFO:root:epoch 3, Episode 251, total_loss: 622.597412109375, q_loss 620.9175415039062, v_loss 1.6798416376113892 ,lr 0.001
INFO:root:epoch 3, Episode 252, total_loss: 3446.726318359375, q_loss 3444.352783203125, v_loss 2.3735172748565674 ,lr 0.001
INFO:root:epoch 3, Episode 253, total_loss: 186.27508544921875, q_loss 184.72265625, v_loss 1.5524227619171143 ,lr 0.001
INFO:root:epoch 3, Episode 254, total_loss: 168.0366973876953, q_loss 163.41236877441406, v_loss 4.624324321746826 ,lr 0.001
INFO:root:epoch 3, Episode 255, total_loss: 1500.3106689453125, q_loss 1498.033447265625, v_loss 2.2772066593170166 ,lr 0.001
INFO:root:epoch 3, Episode 256, total_loss: 281.5479431152344, q_loss 280.4680480957031, v_loss 1.0799071788787842 ,lr 0.001
INFO:root:epoch 3, Episode 257, total_loss: 2780.82177734375, q_loss 2777.661865234375, v_loss 3.159804105758667 ,lr 0.001
INFO:root:epoch 3, Episode 258, total_loss: 504.74005126953125, q_loss 495.8364562988281, v_loss 8.90358829498291 ,lr 0.001
INFO:root:epoch 3, Episode 259, total_loss: 271.240966796875, q_loss 269.951171875, v_loss 1.2897846698760986 ,lr 0.001
INFO:root:epoch 3, Episode 260, total_loss: 66.1490249633789, q_loss 64.10787963867188, v_loss 2.041146755218506 ,lr 0.001
INFO:root:epoch 3, Episode 261, total_loss: 147.11386108398438, q_loss 145.38230895996094, v_loss 1.731550931930542 ,lr 0.001
INFO:root:epoch 3, Episode 262, total_loss: 1307.5657958984375, q_loss 1299.730224609375, v_loss 7.835623264312744 ,lr 0.001
INFO:root:epoch 3, Episode 263, total_loss: 69.26766204833984, q_loss 67.21623992919922, v_loss 2.0514254570007324 ,lr 0.001
INFO:root:epoch 3, Episode 264, total_loss: 477.8070983886719, q_loss 475.71954345703125, v_loss 2.0875680446624756 ,lr 0.001
INFO:root:epoch 3, Episode 265, total_loss: 558.6051025390625, q_loss 546.9104614257812, v_loss 11.694616317749023 ,lr 0.001
INFO:root:epoch 3, Episode 266, total_loss: 139.1725616455078, q_loss 131.3437957763672, v_loss 7.828769207000732 ,lr 0.001
INFO:root:epoch 3, Episode 267, total_loss: 68.48611450195312, q_loss 62.94508743286133, v_loss 5.541029930114746 ,lr 0.001
INFO:root:epoch 3, Episode 268, total_loss: 134.33311462402344, q_loss 125.5676498413086, v_loss 8.76546859741211 ,lr 0.001
INFO:root:epoch 3, Episode 269, total_loss: 425.3047790527344, q_loss 422.93316650390625, v_loss 2.371609687805176 ,lr 0.001
INFO:root:epoch 3, Episode 270, total_loss: 2639.135498046875, q_loss 2637.55517578125, v_loss 1.5804262161254883 ,lr 0.001
INFO:root:epoch 3, Episode 271, total_loss: 138.05874633789062, q_loss 130.54652404785156, v_loss 7.5122246742248535 ,lr 0.001
INFO:root:epoch 3, Episode 272, total_loss: 499.822021484375, q_loss 471.7985534667969, v_loss 28.023452758789062 ,lr 0.001
INFO:root:epoch 3, Episode 273, total_loss: 477.62701416015625, q_loss 468.6651611328125, v_loss 8.9618501663208 ,lr 0.001
INFO:root:epoch 3, Episode 274, total_loss: 66.26219177246094, q_loss 54.50551986694336, v_loss 11.756671905517578 ,lr 0.001
INFO:root:epoch 3, Episode 275, total_loss: 484.4142150878906, q_loss 480.3865661621094, v_loss 4.027640342712402 ,lr 0.001
INFO:root:epoch 3, Episode 276, total_loss: 47.887447357177734, q_loss 46.045570373535156, v_loss 1.841877818107605 ,lr 0.001
INFO:root:epoch 3, Episode 277, total_loss: 2281.543212890625, q_loss 2277.130859375, v_loss 4.412261009216309 ,lr 0.001
INFO:root:epoch 3, Episode 278, total_loss: 2812.427734375, q_loss 2806.43408203125, v_loss 5.993634223937988 ,lr 0.001
INFO:root:epoch 3, Episode 279, total_loss: 1322.5277099609375, q_loss 1319.589599609375, v_loss 2.93805193901062 ,lr 0.001
INFO:root:epoch 3, Episode 280, total_loss: 124.11905670166016, q_loss 118.37769317626953, v_loss 5.741362571716309 ,lr 0.001
INFO:root:epoch 3, Episode 281, total_loss: 1282.6087646484375, q_loss 1268.3177490234375, v_loss 14.291056632995605 ,lr 0.001
INFO:root:epoch 3, Episode 282, total_loss: 62.71780014038086, q_loss 61.644989013671875, v_loss 1.072811484336853 ,lr 0.001
INFO:root:epoch 3, Episode 283, total_loss: 1662.8486328125, q_loss 1659.601806640625, v_loss 3.2468807697296143 ,lr 0.001
INFO:root:epoch 3, Episode 284, total_loss: 2312.345703125, q_loss 2306.0908203125, v_loss 6.254961013793945 ,lr 0.001
INFO:root:epoch 3, Episode 285, total_loss: 283.8357238769531, q_loss 280.1753234863281, v_loss 3.6604011058807373 ,lr 0.001
INFO:root:epoch 3, Episode 286, total_loss: 89.84480285644531, q_loss 84.83892059326172, v_loss 5.005882740020752 ,lr 0.001
INFO:root:epoch 3, Episode 287, total_loss: 139.3710479736328, q_loss 132.51609802246094, v_loss 6.854944229125977 ,lr 0.001
INFO:root:epoch 3, Episode 288, total_loss: 1419.288330078125, q_loss 1314.8359375, v_loss 104.45244598388672 ,lr 0.001
INFO:root:epoch 3, Episode 289, total_loss: 154.68467712402344, q_loss 150.43368530273438, v_loss 4.250998497009277 ,lr 0.001
INFO:root:epoch 3, Episode 290, total_loss: 728.7254028320312, q_loss 726.1229858398438, v_loss 2.6024389266967773 ,lr 0.001
INFO:root:epoch 3, Episode 291, total_loss: 322.7447509765625, q_loss 292.3311462402344, v_loss 30.413602828979492 ,lr 0.001
INFO:root:epoch 3, Episode 292, total_loss: 77.64855194091797, q_loss 75.5957260131836, v_loss 2.0528225898742676 ,lr 0.001
INFO:root:epoch 3, Episode 293, total_loss: 348.34808349609375, q_loss 345.93829345703125, v_loss 2.409796714782715 ,lr 0.001
INFO:root:epoch 3, Episode 294, total_loss: 432.48345947265625, q_loss 429.83807373046875, v_loss 2.6453940868377686 ,lr 0.001
INFO:root:epoch 3, Episode 295, total_loss: 94.45640563964844, q_loss 84.26428985595703, v_loss 10.192115783691406 ,lr 0.001
INFO:root:epoch 3, Episode 296, total_loss: 282.7449035644531, q_loss 280.3724365234375, v_loss 2.3724520206451416 ,lr 0.001
INFO:root:epoch 3, Episode 297, total_loss: 322.3869934082031, q_loss 307.62689208984375, v_loss 14.760090827941895 ,lr 0.001
INFO:root:epoch 3, Episode 298, total_loss: 181.68357849121094, q_loss 176.2389373779297, v_loss 5.444641590118408 ,lr 0.001
INFO:root:epoch 3, Episode 299, total_loss: 991.9635009765625, q_loss 986.6254272460938, v_loss 5.338050365447998 ,lr 0.001
INFO:root:epoch 3, Episode 300, total_loss: 505.54473876953125, q_loss 503.9872131347656, v_loss 1.5575358867645264 ,lr 0.001
INFO:root:epoch 3, Episode 301, total_loss: 122.3763198852539, q_loss 120.95948791503906, v_loss 1.4168342351913452 ,lr 0.001
INFO:root:epoch 3, Episode 302, total_loss: 120.24623107910156, q_loss 118.92984771728516, v_loss 1.3163813352584839 ,lr 0.001
INFO:root:epoch 3, Episode 303, total_loss: 73.02538299560547, q_loss 64.13165283203125, v_loss 8.893733024597168 ,lr 0.001
INFO:root:epoch 3, Episode 304, total_loss: 972.0323486328125, q_loss 968.6294555664062, v_loss 3.4028923511505127 ,lr 0.001
INFO:root:epoch 3, Episode 305, total_loss: 1965.9693603515625, q_loss 1962.1513671875, v_loss 3.8180150985717773 ,lr 0.001
INFO:root:epoch 3, Episode 306, total_loss: 1400.299072265625, q_loss 1396.5093994140625, v_loss 3.789633274078369 ,lr 0.001
INFO:root:epoch 3, Episode 307, total_loss: 426.7535095214844, q_loss 425.12164306640625, v_loss 1.6318808794021606 ,lr 0.001
INFO:root:epoch 3, Episode 308, total_loss: 1097.997314453125, q_loss 1095.3572998046875, v_loss 2.640056848526001 ,lr 0.001
INFO:root:epoch 3, Episode 309, total_loss: 1275.1741943359375, q_loss 1261.0081787109375, v_loss 14.166044235229492 ,lr 0.001
INFO:root:epoch 3, Episode 310, total_loss: 1891.792724609375, q_loss 1884.8853759765625, v_loss 6.907375335693359 ,lr 0.001
INFO:root:epoch 3, Episode 311, total_loss: 1480.810791015625, q_loss 1473.0928955078125, v_loss 7.717920780181885 ,lr 0.001
INFO:root:epoch 3, Episode 312, total_loss: 1146.816162109375, q_loss 1143.490234375, v_loss 3.3259100914001465 ,lr 0.001
INFO:root:epoch 3, Episode 313, total_loss: 405.1754455566406, q_loss 404.38690185546875, v_loss 0.7885345220565796 ,lr 0.001
INFO:root:epoch 3, Episode 314, total_loss: 1510.6572265625, q_loss 1505.808349609375, v_loss 4.848869323730469 ,lr 0.001
INFO:root:epoch 3, Episode 315, total_loss: 77.54352569580078, q_loss 74.32154846191406, v_loss 3.2219765186309814 ,lr 0.001
INFO:root:epoch 3, Episode 316, total_loss: 358.0477294921875, q_loss 351.3363342285156, v_loss 6.711400032043457 ,lr 0.001
INFO:root:epoch 3, Episode 317, total_loss: 893.4422607421875, q_loss 891.6682739257812, v_loss 1.7739721536636353 ,lr 0.001
INFO:root:epoch 3, Episode 318, total_loss: 67.1825180053711, q_loss 65.39915466308594, v_loss 1.7833640575408936 ,lr 0.001
INFO:root:epoch 3, Episode 319, total_loss: 1304.02783203125, q_loss 1301.39306640625, v_loss 2.6347169876098633 ,lr 0.001
INFO:root:epoch 3, Episode 320, total_loss: 3296.928466796875, q_loss 3295.321044921875, v_loss 1.6073251962661743 ,lr 0.001
INFO:root:epoch 3, Episode 321, total_loss: 147.5839080810547, q_loss 146.53399658203125, v_loss 1.0499169826507568 ,lr 0.001
