INFO:root:epoch 0, Episode 0, total_loss: 145034.46875, q_loss 118826.34375, v_loss 26208.126953125 ,lr 0.01
INFO:root:epoch 0, Episode 1, total_loss: 51536453632.0, q_loss 51120312320.0, v_loss 416142880.0 ,lr 0.01
INFO:root:epoch 0, Episode 2, total_loss: 2261507584.0, q_loss 2120759168.0, v_loss 140748320.0 ,lr 0.01
INFO:root:epoch 0, Episode 3, total_loss: 826743232.0, q_loss 779887488.0, v_loss 46855752.0 ,lr 0.01
INFO:root:epoch 0, Episode 4, total_loss: 86143592.0, q_loss 76146008.0, v_loss 9997582.0 ,lr 0.01
INFO:root:epoch 0, Episode 5, total_loss: 1075803904.0, q_loss 489288896.0, v_loss 586515072.0 ,lr 0.01
INFO:root:epoch 0, Episode 6, total_loss: 216102880.0, q_loss 172348704.0, v_loss 43754172.0 ,lr 0.01
INFO:root:epoch 0, Episode 7, total_loss: 619472576.0, q_loss 579536192.0, v_loss 39936380.0 ,lr 0.01
INFO:root:epoch 0, Episode 8, total_loss: 78612784.0, q_loss 68827528.0, v_loss 9785254.0 ,lr 0.01
INFO:root:epoch 0, Episode 9, total_loss: 39937560.0, q_loss 38263660.0, v_loss 1673898.0 ,lr 0.01
INFO:root:epoch 0, Episode 10, total_loss: 39339696.0, q_loss 34431904.0, v_loss 4907791.0 ,lr 0.01
INFO:root:epoch 0, Episode 11, total_loss: 1504728.0, q_loss 1451327.875, v_loss 53400.18359375 ,lr 0.01
INFO:root:epoch 0, Episode 12, total_loss: 51078.6640625, q_loss 34564.60546875, v_loss 16514.05859375 ,lr 0.01
INFO:root:epoch 0, Episode 13, total_loss: 50678.90234375, q_loss 45098.234375, v_loss 5580.66845703125 ,lr 0.01
INFO:root:epoch 0, Episode 14, total_loss: 20623.4140625, q_loss 9726.416015625, v_loss 10896.9990234375 ,lr 0.01
INFO:root:epoch 0, Episode 15, total_loss: 70859.3203125, q_loss 64980.99609375, v_loss 5878.32470703125 ,lr 0.01
INFO:root:epoch 0, Episode 16, total_loss: 46345.8828125, q_loss 29668.671875, v_loss 16677.208984375 ,lr 0.01
INFO:root:epoch 0, Episode 17, total_loss: 35008.65625, q_loss 20562.791015625, v_loss 14445.8662109375 ,lr 0.01
INFO:root:epoch 0, Episode 18, total_loss: 28830.06640625, q_loss 15601.37890625, v_loss 13228.6884765625 ,lr 0.01
INFO:root:epoch 0, Episode 19, total_loss: 73303.3125, q_loss 53391.421875, v_loss 19911.88671875 ,lr 0.01
INFO:root:epoch 0, Episode 20, total_loss: 23246.380859375, q_loss 12363.2294921875, v_loss 10883.1513671875 ,lr 0.01
INFO:root:epoch 0, Episode 21, total_loss: 116731.7734375, q_loss 106804.4140625, v_loss 9927.357421875 ,lr 0.01
INFO:root:epoch 0, Episode 22, total_loss: 93562.25, q_loss 91831.3671875, v_loss 1730.8857421875 ,lr 0.01
INFO:root:epoch 0, Episode 23, total_loss: 34461.1953125, q_loss 25348.203125, v_loss 9112.994140625 ,lr 0.01
INFO:root:epoch 0, Episode 24, total_loss: 3819.39501953125, q_loss 2562.9501953125, v_loss 1256.4449462890625 ,lr 0.01
INFO:root:epoch 0, Episode 25, total_loss: 56525.9765625, q_loss 53251.08984375, v_loss 3274.884765625 ,lr 0.01
INFO:root:epoch 0, Episode 26, total_loss: 8050.8212890625, q_loss 4486.94873046875, v_loss 3563.872314453125 ,lr 0.01
INFO:root:epoch 0, Episode 27, total_loss: 6928.28857421875, q_loss 3563.3974609375, v_loss 3364.89111328125 ,lr 0.01
INFO:root:epoch 0, Episode 28, total_loss: 5530.947265625, q_loss 3266.433837890625, v_loss 2264.513671875 ,lr 0.01
INFO:root:epoch 0, Episode 29, total_loss: 2551.297119140625, q_loss 1590.65234375, v_loss 960.6448364257812 ,lr 0.01
INFO:root:epoch 0, Episode 30, total_loss: 2522.9208984375, q_loss 1432.4833984375, v_loss 1090.4373779296875 ,lr 0.01
INFO:root:epoch 0, Episode 31, total_loss: 1436.79052734375, q_loss 842.3646850585938, v_loss 594.4259033203125 ,lr 0.01
INFO:root:epoch 0, Episode 32, total_loss: 4190.388671875, q_loss 2697.392333984375, v_loss 1492.9962158203125 ,lr 0.01
INFO:root:epoch 0, Episode 33, total_loss: 3925.279296875, q_loss 2625.520263671875, v_loss 1299.759033203125 ,lr 0.01
INFO:root:epoch 0, Episode 34, total_loss: 6746.8056640625, q_loss 4145.6357421875, v_loss 2601.169677734375 ,lr 0.01
INFO:root:epoch 0, Episode 35, total_loss: 4422.337890625, q_loss 2689.76025390625, v_loss 1732.5777587890625 ,lr 0.01
INFO:root:epoch 0, Episode 36, total_loss: 5451.81494140625, q_loss 3038.500732421875, v_loss 2413.314208984375 ,lr 0.01
INFO:root:epoch 0, Episode 37, total_loss: 2917.137939453125, q_loss 1533.122314453125, v_loss 1384.015625 ,lr 0.01
INFO:root:epoch 0, Episode 38, total_loss: 3986.22265625, q_loss 1838.973876953125, v_loss 2147.248779296875 ,lr 0.01
INFO:root:epoch 0, Episode 39, total_loss: 13973.87109375, q_loss 8188.8037109375, v_loss 5785.06787109375 ,lr 0.01
INFO:root:epoch 0, Episode 40, total_loss: 4809.056640625, q_loss 2760.42626953125, v_loss 2048.63037109375 ,lr 0.01
INFO:root:epoch 0, Episode 41, total_loss: 2748.701416015625, q_loss 2093.771484375, v_loss 654.9298706054688 ,lr 0.01
INFO:root:epoch 0, Episode 42, total_loss: 8886.876953125, q_loss 7737.15283203125, v_loss 1149.724609375 ,lr 0.01
INFO:root:epoch 0, Episode 43, total_loss: 1235.3065185546875, q_loss 923.0172119140625, v_loss 312.2893371582031 ,lr 0.01
INFO:root:epoch 0, Episode 44, total_loss: 1140.9764404296875, q_loss 730.2653198242188, v_loss 410.71112060546875 ,lr 0.01
INFO:root:epoch 0, Episode 45, total_loss: 69.2590103149414, q_loss 37.32829284667969, v_loss 31.93071937561035 ,lr 0.01
INFO:root:epoch 0, Episode 46, total_loss: 5711.55224609375, q_loss 5278.32373046875, v_loss 433.2286071777344 ,lr 0.01
INFO:root:epoch 0, Episode 47, total_loss: 465.82696533203125, q_loss 368.3731994628906, v_loss 97.4537582397461 ,lr 0.01
INFO:root:epoch 0, Episode 48, total_loss: 1555.8289794921875, q_loss 1338.812255859375, v_loss 217.01669311523438 ,lr 0.01
INFO:root:epoch 0, Episode 49, total_loss: 1232.966552734375, q_loss 783.33544921875, v_loss 449.6310729980469 ,lr 0.01
INFO:root:epoch 0, Episode 50, total_loss: 1619.84521484375, q_loss 874.2070922851562, v_loss 745.6380615234375 ,lr 0.01
INFO:root:epoch 0, Episode 51, total_loss: 2585.7470703125, q_loss 1422.2821044921875, v_loss 1163.465087890625 ,lr 0.01
INFO:root:epoch 0, Episode 52, total_loss: 961.000244140625, q_loss 704.2352294921875, v_loss 256.7650146484375 ,lr 0.01
INFO:root:epoch 0, Episode 53, total_loss: 1987.39453125, q_loss 991.4275512695312, v_loss 995.9669189453125 ,lr 0.01
INFO:root:epoch 0, Episode 54, total_loss: 14553.306640625, q_loss 11066.224609375, v_loss 3487.08203125 ,lr 0.01
INFO:root:epoch 0, Episode 55, total_loss: 1162.7572021484375, q_loss 546.1021728515625, v_loss 616.655029296875 ,lr 0.01
INFO:root:epoch 0, Episode 56, total_loss: 504.05126953125, q_loss 314.2156066894531, v_loss 189.8356475830078 ,lr 0.01
INFO:root:epoch 0, Episode 57, total_loss: 5378.142578125, q_loss 4730.9267578125, v_loss 647.2156982421875 ,lr 0.01
INFO:root:epoch 0, Episode 58, total_loss: 3594.69580078125, q_loss 1792.4825439453125, v_loss 1802.213134765625 ,lr 0.01
INFO:root:epoch 0, Episode 59, total_loss: 398.587890625, q_loss 169.3285675048828, v_loss 229.2593231201172 ,lr 0.01
INFO:root:epoch 0, Episode 60, total_loss: 1017.5733642578125, q_loss 561.8726196289062, v_loss 455.7007751464844 ,lr 0.01
INFO:root:epoch 0, Episode 61, total_loss: 1340.216064453125, q_loss 1076.901123046875, v_loss 263.31488037109375 ,lr 0.01
INFO:root:epoch 0, Episode 62, total_loss: 8565.728515625, q_loss 4278.52587890625, v_loss 4287.2021484375 ,lr 0.01
INFO:root:epoch 0, Episode 63, total_loss: 530.85693359375, q_loss 332.53582763671875, v_loss 198.32110595703125 ,lr 0.01
INFO:root:epoch 0, Episode 64, total_loss: 2506.113037109375, q_loss 1321.487548828125, v_loss 1184.62548828125 ,lr 0.01
INFO:root:epoch 0, Episode 65, total_loss: 25393.46875, q_loss 12875.62890625, v_loss 12517.8408203125 ,lr 0.01
INFO:root:epoch 0, Episode 66, total_loss: 704.0001831054688, q_loss 622.8230590820312, v_loss 81.17713928222656 ,lr 0.01
INFO:root:epoch 0, Episode 67, total_loss: 63.58050537109375, q_loss 33.175228118896484, v_loss 30.405277252197266 ,lr 0.01
INFO:root:epoch 0, Episode 68, total_loss: 1147.217041015625, q_loss 872.3829956054688, v_loss 274.833984375 ,lr 0.01
INFO:root:epoch 0, Episode 69, total_loss: 6890.814453125, q_loss 5253.98046875, v_loss 1636.8341064453125 ,lr 0.01
INFO:root:epoch 0, Episode 70, total_loss: 697.1334228515625, q_loss 299.5320739746094, v_loss 397.601318359375 ,lr 0.01
INFO:root:epoch 0, Episode 71, total_loss: 1056.245849609375, q_loss 454.4931640625, v_loss 601.752685546875 ,lr 0.01
INFO:root:epoch 0, Episode 72, total_loss: 2280.03955078125, q_loss 1340.8697509765625, v_loss 939.169921875 ,lr 0.01
INFO:root:epoch 0, Episode 73, total_loss: 5386.97998046875, q_loss 4021.53515625, v_loss 1365.44482421875 ,lr 0.01
INFO:root:epoch 0, Episode 74, total_loss: 1782.906494140625, q_loss 1199.8992919921875, v_loss 583.0072021484375 ,lr 0.01
INFO:root:epoch 0, Episode 75, total_loss: 324.9493713378906, q_loss 198.66470336914062, v_loss 126.28466796875 ,lr 0.01
INFO:root:epoch 0, Episode 76, total_loss: 623.907470703125, q_loss 519.9432373046875, v_loss 103.96421813964844 ,lr 0.01
INFO:root:epoch 0, Episode 77, total_loss: 974.8106689453125, q_loss 594.9637451171875, v_loss 379.8468933105469 ,lr 0.01
INFO:root:epoch 0, Episode 78, total_loss: 2362.05859375, q_loss 2145.084228515625, v_loss 216.97447204589844 ,lr 0.01
INFO:root:epoch 0, Episode 79, total_loss: 6.931471824645996, q_loss 4.79868221282959, v_loss 2.132789373397827 ,lr 0.01
INFO:root:epoch 0, Episode 80, total_loss: 686.0159301757812, q_loss 661.5596313476562, v_loss 24.456321716308594 ,lr 0.01
INFO:root:epoch 0, Episode 81, total_loss: 1222.955078125, q_loss 481.83123779296875, v_loss 741.1238403320312 ,lr 0.01
INFO:root:epoch 0, Episode 82, total_loss: 1505.328369140625, q_loss 920.0562133789062, v_loss 585.2720947265625 ,lr 0.01
INFO:root:epoch 0, Episode 83, total_loss: 453.1182556152344, q_loss 180.6524658203125, v_loss 272.4657897949219 ,lr 0.01
INFO:root:epoch 0, Episode 84, total_loss: 101.69593048095703, q_loss 42.354217529296875, v_loss 59.341712951660156 ,lr 0.01
INFO:root:epoch 0, Episode 85, total_loss: 3608.019775390625, q_loss 1586.935791015625, v_loss 2021.083984375 ,lr 0.01
INFO:root:epoch 0, Episode 86, total_loss: 756.5855712890625, q_loss 605.2315673828125, v_loss 151.35403442382812 ,lr 0.01
INFO:root:epoch 0, Episode 87, total_loss: 970.773193359375, q_loss 625.4429931640625, v_loss 345.3302307128906 ,lr 0.01
INFO:root:epoch 0, Episode 88, total_loss: 1379.519775390625, q_loss 1015.759033203125, v_loss 363.7607116699219 ,lr 0.01
INFO:root:epoch 0, Episode 89, total_loss: 3807.61083984375, q_loss 3244.54150390625, v_loss 563.0693359375 ,lr 0.01
INFO:root:epoch 0, Episode 90, total_loss: 521.2393798828125, q_loss 428.2376708984375, v_loss 93.0016860961914 ,lr 0.01
INFO:root:epoch 0, Episode 91, total_loss: 218.56983947753906, q_loss 97.81491088867188, v_loss 120.75492858886719 ,lr 0.01
INFO:root:epoch 0, Episode 92, total_loss: 2381.63623046875, q_loss 1401.644775390625, v_loss 979.9913940429688 ,lr 0.01
INFO:root:epoch 0, Episode 93, total_loss: 2455.852294921875, q_loss 2043.4732666015625, v_loss 412.37908935546875 ,lr 0.01
INFO:root:epoch 0, Episode 94, total_loss: 474.4950256347656, q_loss 189.45693969726562, v_loss 285.0380859375 ,lr 0.01
INFO:root:epoch 0, Episode 95, total_loss: 4347.44091796875, q_loss 4335.89892578125, v_loss 11.541837692260742 ,lr 0.01
INFO:root:epoch 0, Episode 96, total_loss: 156.59414672851562, q_loss 62.212345123291016, v_loss 94.38179779052734 ,lr 0.01
INFO:root:epoch 0, Episode 97, total_loss: 586.427001953125, q_loss 369.50213623046875, v_loss 216.92486572265625 ,lr 0.01
INFO:root:epoch 0, Episode 98, total_loss: 641.9204711914062, q_loss 493.425048828125, v_loss 148.4954376220703 ,lr 0.01
INFO:root:epoch 0, Episode 99, total_loss: 766.6724853515625, q_loss 531.132568359375, v_loss 235.5399169921875 ,lr 0.01
INFO:root:epoch 0, Episode 100, total_loss: 786.7808227539062, q_loss 574.33203125, v_loss 212.4488067626953 ,lr 0.01
INFO:root:epoch 0, Episode 101, total_loss: 357.32891845703125, q_loss 312.0025329589844, v_loss 45.32637023925781 ,lr 0.01
INFO:root:epoch 0, Episode 102, total_loss: 214.1897735595703, q_loss 161.73638916015625, v_loss 52.45338821411133 ,lr 0.01
INFO:root:epoch 0, Episode 103, total_loss: 1837.4454345703125, q_loss 1324.4427490234375, v_loss 513.002685546875 ,lr 0.01
INFO:root:epoch 0, Episode 104, total_loss: 161.41734313964844, q_loss 136.7273712158203, v_loss 24.689966201782227 ,lr 0.01
INFO:root:epoch 0, Episode 105, total_loss: 13.353761672973633, q_loss 8.282122611999512, v_loss 5.071638584136963 ,lr 0.01
INFO:root:epoch 0, Episode 106, total_loss: 174.06619262695312, q_loss 160.4565887451172, v_loss 13.609606742858887 ,lr 0.01
INFO:root:epoch 0, Episode 107, total_loss: 390.46112060546875, q_loss 320.0180358886719, v_loss 70.44309997558594 ,lr 0.01
INFO:root:epoch 0, Episode 108, total_loss: 411.45721435546875, q_loss 342.1117858886719, v_loss 69.3454360961914 ,lr 0.01
INFO:root:epoch 0, Episode 109, total_loss: 30.969757080078125, q_loss 15.631912231445312, v_loss 15.337843894958496 ,lr 0.01
INFO:root:epoch 0, Episode 110, total_loss: 1119.7994384765625, q_loss 1065.970703125, v_loss 53.82876968383789 ,lr 0.01
INFO:root:epoch 0, Episode 111, total_loss: 487.6687927246094, q_loss 321.80572509765625, v_loss 165.86306762695312 ,lr 0.01
INFO:root:epoch 0, Episode 112, total_loss: 978.5916748046875, q_loss 871.0007934570312, v_loss 107.59089660644531 ,lr 0.01
INFO:root:epoch 0, Episode 113, total_loss: 1446.3272705078125, q_loss 1384.5859375, v_loss 61.741363525390625 ,lr 0.01
INFO:root:epoch 0, Episode 114, total_loss: 360.1425476074219, q_loss 219.78109741210938, v_loss 140.3614501953125 ,lr 0.01
INFO:root:epoch 0, Episode 115, total_loss: 373.6882019042969, q_loss 345.31689453125, v_loss 28.371309280395508 ,lr 0.01
INFO:root:epoch 0, Episode 116, total_loss: 28.428112030029297, q_loss 14.785804748535156, v_loss 13.642306327819824 ,lr 0.01
INFO:root:epoch 0, Episode 117, total_loss: 797.4740600585938, q_loss 720.8026123046875, v_loss 76.67147064208984 ,lr 0.01
INFO:root:epoch 0, Episode 118, total_loss: 1045.7579345703125, q_loss 1037.9566650390625, v_loss 7.801242351531982 ,lr 0.01
INFO:root:epoch 0, Episode 119, total_loss: 408.87310791015625, q_loss 386.4407653808594, v_loss 22.43235206604004 ,lr 0.01
INFO:root:epoch 0, Episode 120, total_loss: 148.99850463867188, q_loss 113.89315032958984, v_loss 35.1053581237793 ,lr 0.01
INFO:root:epoch 0, Episode 121, total_loss: 146.870849609375, q_loss 116.0001220703125, v_loss 30.870723724365234 ,lr 0.01
INFO:root:epoch 0, Episode 122, total_loss: 5006.978515625, q_loss 5002.4599609375, v_loss 4.518734455108643 ,lr 0.01
INFO:root:epoch 0, Episode 123, total_loss: 1645.5030517578125, q_loss 1606.23095703125, v_loss 39.27204895019531 ,lr 0.01
INFO:root:epoch 0, Episode 124, total_loss: 4352.2392578125, q_loss 3565.065673828125, v_loss 787.1737060546875 ,lr 0.01
INFO:root:epoch 0, Episode 125, total_loss: 685.2826538085938, q_loss 554.460205078125, v_loss 130.8224639892578 ,lr 0.01
INFO:root:epoch 0, Episode 126, total_loss: 198.53811645507812, q_loss 143.2668914794922, v_loss 55.27122116088867 ,lr 0.01
INFO:root:epoch 0, Episode 127, total_loss: 3146.23388671875, q_loss 3038.1201171875, v_loss 108.11376190185547 ,lr 0.01
INFO:root:epoch 0, Episode 128, total_loss: 328.2556457519531, q_loss 304.56182861328125, v_loss 23.693828582763672 ,lr 0.01
INFO:root:epoch 0, Episode 129, total_loss: 1323.497314453125, q_loss 793.2627563476562, v_loss 530.2345581054688 ,lr 0.01
INFO:root:epoch 0, Episode 130, total_loss: 3556.08642578125, q_loss 3528.903076171875, v_loss 27.183300018310547 ,lr 0.01
INFO:root:epoch 0, Episode 131, total_loss: 5615.2099609375, q_loss 4269.54833984375, v_loss 1345.6617431640625 ,lr 0.01
INFO:root:epoch 0, Episode 132, total_loss: 2459.30908203125, q_loss 1368.298828125, v_loss 1091.01025390625 ,lr 0.01
INFO:root:epoch 0, Episode 133, total_loss: 357.7327575683594, q_loss 229.75807189941406, v_loss 127.97469329833984 ,lr 0.01
INFO:root:epoch 0, Episode 134, total_loss: 20.94737434387207, q_loss 10.90920639038086, v_loss 10.038167953491211 ,lr 0.01
INFO:root:epoch 0, Episode 135, total_loss: 354.9350891113281, q_loss 229.288818359375, v_loss 125.6462631225586 ,lr 0.01
INFO:root:epoch 0, Episode 136, total_loss: 4379.001953125, q_loss 4269.60595703125, v_loss 109.39614868164062 ,lr 0.01
INFO:root:epoch 0, Episode 137, total_loss: 1628.5513916015625, q_loss 1591.48876953125, v_loss 37.062591552734375 ,lr 0.01
INFO:root:epoch 0, Episode 138, total_loss: 39.520347595214844, q_loss 21.91604232788086, v_loss 17.604307174682617 ,lr 0.01
INFO:root:epoch 0, Episode 139, total_loss: 2437.49560546875, q_loss 1813.741943359375, v_loss 623.753662109375 ,lr 0.01
INFO:root:epoch 0, Episode 140, total_loss: 373.15606689453125, q_loss 370.8149108886719, v_loss 2.3411595821380615 ,lr 0.01
INFO:root:epoch 0, Episode 141, total_loss: 759.47265625, q_loss 360.0523376464844, v_loss 399.4202880859375 ,lr 0.01
INFO:root:epoch 0, Episode 142, total_loss: 2007.792724609375, q_loss 1990.658935546875, v_loss 17.133827209472656 ,lr 0.01
INFO:root:epoch 0, Episode 143, total_loss: 804.4213256835938, q_loss 636.9661865234375, v_loss 167.4551239013672 ,lr 0.01
INFO:root:epoch 0, Episode 144, total_loss: 4258.31591796875, q_loss 3450.41943359375, v_loss 807.8963623046875 ,lr 0.01
INFO:root:epoch 0, Episode 145, total_loss: 2828.66748046875, q_loss 2286.553955078125, v_loss 542.1136474609375 ,lr 0.01
INFO:root:epoch 0, Episode 146, total_loss: 2204.53076171875, q_loss 1617.1041259765625, v_loss 587.4265747070312 ,lr 0.01
INFO:root:epoch 0, Episode 147, total_loss: 3254.698974609375, q_loss 2313.8857421875, v_loss 940.813232421875 ,lr 0.01
INFO:root:epoch 0, Episode 148, total_loss: 2852.057373046875, q_loss 2023.585693359375, v_loss 828.4716186523438 ,lr 0.01
INFO:root:epoch 0, Episode 149, total_loss: 1215.58544921875, q_loss 831.31982421875, v_loss 384.2655944824219 ,lr 0.01
INFO:root:epoch 0, Episode 150, total_loss: 2021.4381103515625, q_loss 1882.6925048828125, v_loss 138.74557495117188 ,lr 0.01
INFO:root:epoch 0, Episode 151, total_loss: 2301.611572265625, q_loss 2262.21044921875, v_loss 39.40106201171875 ,lr 0.01
INFO:root:epoch 0, Episode 152, total_loss: 1438.456787109375, q_loss 1283.0113525390625, v_loss 155.4454345703125 ,lr 0.01
INFO:root:epoch 0, Episode 153, total_loss: 1071.1136474609375, q_loss 525.2481689453125, v_loss 545.865478515625 ,lr 0.01
INFO:root:epoch 0, Episode 154, total_loss: 173.39495849609375, q_loss 129.48635864257812, v_loss 43.908607482910156 ,lr 0.01
INFO:root:epoch 0, Episode 155, total_loss: 150.71766662597656, q_loss 112.23664855957031, v_loss 38.48101806640625 ,lr 0.01
INFO:root:epoch 0, Episode 156, total_loss: 913.7117919921875, q_loss 793.0192260742188, v_loss 120.69253540039062 ,lr 0.01
INFO:root:epoch 0, Episode 157, total_loss: 2019.485595703125, q_loss 1598.197509765625, v_loss 421.2880859375 ,lr 0.01
INFO:root:epoch 0, Episode 158, total_loss: 195.50079345703125, q_loss 165.48385620117188, v_loss 30.016937255859375 ,lr 0.01
INFO:root:epoch 0, Episode 159, total_loss: 479.82354736328125, q_loss 440.6775207519531, v_loss 39.146018981933594 ,lr 0.01
INFO:root:epoch 0, Episode 160, total_loss: 385.01507568359375, q_loss 327.98492431640625, v_loss 57.030147552490234 ,lr 0.01
INFO:root:epoch 0, Episode 161, total_loss: 28.97464370727539, q_loss 17.22146987915039, v_loss 11.753174781799316 ,lr 0.01
INFO:root:epoch 0, Episode 162, total_loss: 602.345947265625, q_loss 534.1290283203125, v_loss 68.2168960571289 ,lr 0.01
INFO:root:epoch 0, Episode 163, total_loss: 407.77508544921875, q_loss 401.7566833496094, v_loss 6.018404960632324 ,lr 0.01
INFO:root:epoch 0, Episode 164, total_loss: 6.34907341003418, q_loss 4.610060214996338, v_loss 1.7390130758285522 ,lr 0.01
INFO:root:epoch 0, Episode 165, total_loss: 338.8125915527344, q_loss 314.7982177734375, v_loss 24.014375686645508 ,lr 0.01
INFO:root:epoch 0, Episode 166, total_loss: 948.1470947265625, q_loss 885.7420654296875, v_loss 62.40504455566406 ,lr 0.01
INFO:root:epoch 0, Episode 167, total_loss: 159.6949005126953, q_loss 108.98582458496094, v_loss 50.709075927734375 ,lr 0.01
INFO:root:epoch 0, Episode 168, total_loss: 2229.190185546875, q_loss 1960.2509765625, v_loss 268.9391784667969 ,lr 0.01
INFO:root:epoch 0, Episode 169, total_loss: 261.28814697265625, q_loss 150.2625732421875, v_loss 111.02555847167969 ,lr 0.01
INFO:root:epoch 0, Episode 170, total_loss: 119.10964965820312, q_loss 48.083580017089844, v_loss 71.02606964111328 ,lr 0.01
INFO:root:epoch 0, Episode 171, total_loss: 307.408203125, q_loss 286.0014953613281, v_loss 21.406692504882812 ,lr 0.01
INFO:root:epoch 0, Episode 172, total_loss: 2977.69677734375, q_loss 2904.798828125, v_loss 72.8978500366211 ,lr 0.01
INFO:root:epoch 0, Episode 173, total_loss: 2121.1416015625, q_loss 2079.275390625, v_loss 41.86628341674805 ,lr 0.01
INFO:root:epoch 0, Episode 174, total_loss: 123.48114776611328, q_loss 80.7769775390625, v_loss 42.70417022705078 ,lr 0.01
INFO:root:epoch 0, Episode 175, total_loss: 2330.740478515625, q_loss 2239.85498046875, v_loss 90.88553619384766 ,lr 0.01
INFO:root:epoch 0, Episode 176, total_loss: 363.61236572265625, q_loss 234.91680908203125, v_loss 128.695556640625 ,lr 0.01
INFO:root:epoch 0, Episode 177, total_loss: 1734.8280029296875, q_loss 1689.5587158203125, v_loss 45.26930618286133 ,lr 0.01
INFO:root:epoch 0, Episode 178, total_loss: 5308.9697265625, q_loss 4416.18505859375, v_loss 892.78466796875 ,lr 0.01
INFO:root:epoch 0, Episode 179, total_loss: 2900.22216796875, q_loss 2814.955322265625, v_loss 85.26678466796875 ,lr 0.01
INFO:root:epoch 0, Episode 180, total_loss: 102.74908447265625, q_loss 49.60356903076172, v_loss 53.145511627197266 ,lr 0.01
INFO:root:epoch 0, Episode 181, total_loss: 972.36328125, q_loss 705.9733276367188, v_loss 266.3899841308594 ,lr 0.01
INFO:root:epoch 0, Episode 182, total_loss: 65.41294860839844, q_loss 26.545604705810547, v_loss 38.867347717285156 ,lr 0.01
INFO:root:epoch 0, Episode 183, total_loss: 1208.743896484375, q_loss 767.2670288085938, v_loss 441.4768371582031 ,lr 0.01
INFO:root:epoch 0, Episode 184, total_loss: 902.5877685546875, q_loss 701.6414184570312, v_loss 200.94631958007812 ,lr 0.01
INFO:root:epoch 0, Episode 185, total_loss: 409.4153137207031, q_loss 188.11825561523438, v_loss 221.29705810546875 ,lr 0.01
INFO:root:epoch 0, Episode 186, total_loss: 4514.30029296875, q_loss 4046.057861328125, v_loss 468.24237060546875 ,lr 0.01
INFO:root:epoch 0, Episode 187, total_loss: 884.2607421875, q_loss 611.8038330078125, v_loss 272.4568786621094 ,lr 0.01
INFO:root:epoch 0, Episode 188, total_loss: 366.40289306640625, q_loss 210.14559936523438, v_loss 156.25730895996094 ,lr 0.01
INFO:root:epoch 0, Episode 189, total_loss: 28.717422485351562, q_loss 10.457636833190918, v_loss 18.25978660583496 ,lr 0.01
INFO:root:epoch 0, Episode 190, total_loss: 350.1248779296875, q_loss 187.30657958984375, v_loss 162.81829833984375 ,lr 0.01
INFO:root:epoch 0, Episode 191, total_loss: 656.9935913085938, q_loss 637.2445678710938, v_loss 19.74900245666504 ,lr 0.01
INFO:root:epoch 0, Episode 192, total_loss: 863.9691772460938, q_loss 785.7007446289062, v_loss 78.26844024658203 ,lr 0.01
INFO:root:epoch 0, Episode 193, total_loss: 145.7290802001953, q_loss 53.8843994140625, v_loss 91.84468078613281 ,lr 0.01
INFO:root:epoch 0, Episode 194, total_loss: 2149.146240234375, q_loss 1798.80126953125, v_loss 350.34503173828125 ,lr 0.01
INFO:root:epoch 0, Episode 195, total_loss: 268.442138671875, q_loss 163.5850372314453, v_loss 104.85710906982422 ,lr 0.01
INFO:root:epoch 0, Episode 196, total_loss: 18.558910369873047, q_loss 9.721403121948242, v_loss 8.837507247924805 ,lr 0.01
INFO:root:epoch 0, Episode 197, total_loss: 319.35601806640625, q_loss 278.8096618652344, v_loss 40.54634475708008 ,lr 0.01
INFO:root:epoch 0, Episode 198, total_loss: 670.4989013671875, q_loss 621.9600219726562, v_loss 48.538883209228516 ,lr 0.01
INFO:root:epoch 0, Episode 199, total_loss: 4273.28125, q_loss 4045.669189453125, v_loss 227.6119384765625 ,lr 0.01
INFO:root:epoch 0, Episode 200, total_loss: 314.1914367675781, q_loss 305.09197998046875, v_loss 9.099468231201172 ,lr 0.01
INFO:root:epoch 0, Episode 201, total_loss: 2118.12353515625, q_loss 2030.307373046875, v_loss 87.81621551513672 ,lr 0.01
INFO:root:epoch 0, Episode 202, total_loss: 217.76463317871094, q_loss 171.30471801757812, v_loss 46.45991134643555 ,lr 0.01
INFO:root:epoch 0, Episode 203, total_loss: 289.0853576660156, q_loss 237.05174255371094, v_loss 52.033626556396484 ,lr 0.01
INFO:root:epoch 0, Episode 204, total_loss: 4269.490234375, q_loss 4237.8466796875, v_loss 31.643407821655273 ,lr 0.01
INFO:root:epoch 0, Episode 205, total_loss: 705.8090209960938, q_loss 697.23046875, v_loss 8.578533172607422 ,lr 0.01
INFO:root:epoch 0, Episode 206, total_loss: 293.368408203125, q_loss 270.73834228515625, v_loss 22.63007164001465 ,lr 0.01
INFO:root:epoch 0, Episode 207, total_loss: 4059.85205078125, q_loss 3987.86474609375, v_loss 71.98726654052734 ,lr 0.01
INFO:root:epoch 0, Episode 208, total_loss: 1543.9776611328125, q_loss 1412.255126953125, v_loss 131.72251892089844 ,lr 0.01
INFO:root:epoch 0, Episode 209, total_loss: 234.52822875976562, q_loss 149.94973754882812, v_loss 84.57848358154297 ,lr 0.01
INFO:root:epoch 0, Episode 210, total_loss: 2786.5380859375, q_loss 2676.865966796875, v_loss 109.6721420288086 ,lr 0.01
INFO:root:epoch 0, Episode 211, total_loss: 3967.2109375, q_loss 3932.968505859375, v_loss 34.24253845214844 ,lr 0.01
INFO:root:epoch 0, Episode 212, total_loss: 458.94232177734375, q_loss 290.7458190917969, v_loss 168.19651794433594 ,lr 0.01
INFO:root:epoch 0, Episode 213, total_loss: 3703.45849609375, q_loss 3582.014404296875, v_loss 121.4440689086914 ,lr 0.01
INFO:root:epoch 0, Episode 214, total_loss: 168.94854736328125, q_loss 88.38011169433594, v_loss 80.56842803955078 ,lr 0.01
INFO:root:epoch 0, Episode 215, total_loss: 1508.909912109375, q_loss 954.7565307617188, v_loss 554.1534423828125 ,lr 0.01
INFO:root:epoch 0, Episode 216, total_loss: 1323.2784423828125, q_loss 935.3668823242188, v_loss 387.9115295410156 ,lr 0.01
INFO:root:epoch 0, Episode 217, total_loss: 1537.453857421875, q_loss 1290.2047119140625, v_loss 247.2491912841797 ,lr 0.01
INFO:root:epoch 0, Episode 218, total_loss: 1875.447021484375, q_loss 1754.6597900390625, v_loss 120.78728485107422 ,lr 0.01
INFO:root:epoch 0, Episode 219, total_loss: 1795.455810546875, q_loss 1773.9559326171875, v_loss 21.499858856201172 ,lr 0.01
INFO:root:epoch 0, Episode 220, total_loss: 134.22454833984375, q_loss 100.9146957397461, v_loss 33.30984878540039 ,lr 0.01
INFO:root:epoch 0, Episode 221, total_loss: 193.94346618652344, q_loss 97.94029235839844, v_loss 96.003173828125 ,lr 0.01
INFO:root:epoch 0, Episode 222, total_loss: 556.0363159179688, q_loss 471.6776123046875, v_loss 84.35868835449219 ,lr 0.01
INFO:root:epoch 0, Episode 223, total_loss: 1706.97607421875, q_loss 1466.3231201171875, v_loss 240.65298461914062 ,lr 0.01
INFO:root:epoch 0, Episode 224, total_loss: 1818.1473388671875, q_loss 1751.849609375, v_loss 66.2977523803711 ,lr 0.01
INFO:root:epoch 0, Episode 225, total_loss: 196.62228393554688, q_loss 162.189208984375, v_loss 34.433067321777344 ,lr 0.01
INFO:root:epoch 0, Episode 226, total_loss: 413.5753173828125, q_loss 398.7535400390625, v_loss 14.82178020477295 ,lr 0.01
INFO:root:epoch 0, Episode 227, total_loss: 356.01885986328125, q_loss 324.565673828125, v_loss 31.453201293945312 ,lr 0.01
INFO:root:epoch 0, Episode 228, total_loss: 474.0107727050781, q_loss 438.51336669921875, v_loss 35.49741744995117 ,lr 0.01
INFO:root:epoch 0, Episode 229, total_loss: 163.94793701171875, q_loss 122.59174346923828, v_loss 41.35619354248047 ,lr 0.01
INFO:root:epoch 0, Episode 230, total_loss: 201.5353240966797, q_loss 131.48924255371094, v_loss 70.04608154296875 ,lr 0.01
INFO:root:epoch 0, Episode 231, total_loss: 219.5423126220703, q_loss 166.52894592285156, v_loss 53.013370513916016 ,lr 0.01
INFO:root:epoch 0, Episode 232, total_loss: 180.22650146484375, q_loss 152.64083862304688, v_loss 27.58566665649414 ,lr 0.01
INFO:root:epoch 0, Episode 233, total_loss: 1985.25146484375, q_loss 1915.7926025390625, v_loss 69.4588394165039 ,lr 0.01
INFO:root:epoch 0, Episode 234, total_loss: 57.797080993652344, q_loss 31.891094207763672, v_loss 25.905988693237305 ,lr 0.01
INFO:root:epoch 0, Episode 235, total_loss: 1063.9049072265625, q_loss 1023.6170654296875, v_loss 40.28789138793945 ,lr 0.01
INFO:root:epoch 0, Episode 236, total_loss: 483.4509582519531, q_loss 424.7708740234375, v_loss 58.68008804321289 ,lr 0.01
INFO:root:epoch 0, Episode 237, total_loss: 245.29519653320312, q_loss 214.7938690185547, v_loss 30.50133514404297 ,lr 0.01
INFO:root:epoch 0, Episode 238, total_loss: 158.2635040283203, q_loss 145.29696655273438, v_loss 12.966534614562988 ,lr 0.01
INFO:root:epoch 0, Episode 239, total_loss: 555.4589233398438, q_loss 459.63409423828125, v_loss 95.8248062133789 ,lr 0.01
INFO:root:epoch 0, Episode 240, total_loss: 324.6947021484375, q_loss 284.1839294433594, v_loss 40.51077651977539 ,lr 0.01
INFO:root:epoch 0, Episode 241, total_loss: 192.66763305664062, q_loss 165.50669860839844, v_loss 27.160934448242188 ,lr 0.01
INFO:root:epoch 0, Episode 242, total_loss: 55.342247009277344, q_loss 28.91190528869629, v_loss 26.430339813232422 ,lr 0.01
INFO:root:epoch 0, Episode 243, total_loss: 1757.7022705078125, q_loss 1700.84423828125, v_loss 56.85799789428711 ,lr 0.01
INFO:root:epoch 0, Episode 244, total_loss: 318.7096862792969, q_loss 298.67987060546875, v_loss 20.02980613708496 ,lr 0.01
INFO:root:epoch 0, Episode 245, total_loss: 240.672119140625, q_loss 216.2126922607422, v_loss 24.459434509277344 ,lr 0.01
INFO:root:epoch 0, Episode 246, total_loss: 385.93865966796875, q_loss 378.52227783203125, v_loss 7.416388511657715 ,lr 0.01
INFO:root:epoch 0, Episode 247, total_loss: 28.2713623046875, q_loss 16.93173599243164, v_loss 11.339627265930176 ,lr 0.01
INFO:root:epoch 0, Episode 248, total_loss: 324.3047790527344, q_loss 295.2458190917969, v_loss 29.058971405029297 ,lr 0.01
INFO:root:epoch 0, Episode 249, total_loss: 370.2022399902344, q_loss 318.2824401855469, v_loss 51.9197883605957 ,lr 0.01
INFO:root:epoch 0, Episode 250, total_loss: 98.74977111816406, q_loss 51.09597396850586, v_loss 47.65379333496094 ,lr 0.01
INFO:root:epoch 0, Episode 251, total_loss: 2631.99951171875, q_loss 2536.7568359375, v_loss 95.24263000488281 ,lr 0.01
INFO:root:epoch 0, Episode 252, total_loss: 503.1211242675781, q_loss 483.0534973144531, v_loss 20.06764030456543 ,lr 0.01
INFO:root:epoch 0, Episode 253, total_loss: 2663.023193359375, q_loss 2643.719482421875, v_loss 19.30362319946289 ,lr 0.01
INFO:root:epoch 0, Episode 254, total_loss: 79.32101440429688, q_loss 74.67351531982422, v_loss 4.6475019454956055 ,lr 0.01
INFO:root:epoch 0, Episode 255, total_loss: 572.73291015625, q_loss 528.2242431640625, v_loss 44.508670806884766 ,lr 0.01
INFO:root:epoch 0, Episode 256, total_loss: 291.8699645996094, q_loss 272.00732421875, v_loss 19.86264419555664 ,lr 0.01
INFO:root:epoch 0, Episode 257, total_loss: 851.22509765625, q_loss 787.8500366210938, v_loss 63.37503433227539 ,lr 0.01
INFO:root:epoch 0, Episode 258, total_loss: 285.482666015625, q_loss 271.25689697265625, v_loss 14.225759506225586 ,lr 0.01
INFO:root:epoch 0, Episode 259, total_loss: 4815.8359375, q_loss 4783.505859375, v_loss 32.329864501953125 ,lr 0.01
INFO:root:epoch 0, Episode 260, total_loss: 127.16423034667969, q_loss 89.51783752441406, v_loss 37.64638900756836 ,lr 0.01
INFO:root:epoch 0, Episode 261, total_loss: 243.99476623535156, q_loss 228.3693084716797, v_loss 15.625456809997559 ,lr 0.01
INFO:root:epoch 0, Episode 262, total_loss: 1390.3546142578125, q_loss 1263.641357421875, v_loss 126.71321868896484 ,lr 0.01
INFO:root:epoch 0, Episode 263, total_loss: 32.034934997558594, q_loss 13.342049598693848, v_loss 18.69288444519043 ,lr 0.01
INFO:root:epoch 0, Episode 264, total_loss: 378.8467712402344, q_loss 364.2146911621094, v_loss 14.632079124450684 ,lr 0.01
INFO:root:epoch 0, Episode 265, total_loss: 204.307861328125, q_loss 190.94992065429688, v_loss 13.357941627502441 ,lr 0.01
INFO:root:epoch 0, Episode 266, total_loss: 552.2666015625, q_loss 532.7735595703125, v_loss 19.493057250976562 ,lr 0.01
INFO:root:epoch 0, Episode 267, total_loss: 12.64259147644043, q_loss 7.6517744064331055, v_loss 4.990817070007324 ,lr 0.01
INFO:root:epoch 0, Episode 268, total_loss: 751.4403686523438, q_loss 667.6533813476562, v_loss 83.7870101928711 ,lr 0.01
INFO:root:epoch 0, Episode 269, total_loss: 4231.10205078125, q_loss 4169.6533203125, v_loss 61.44896697998047 ,lr 0.01
INFO:root:epoch 0, Episode 270, total_loss: 1582.2008056640625, q_loss 1570.4007568359375, v_loss 11.800082206726074 ,lr 0.01
INFO:root:epoch 0, Episode 271, total_loss: 847.2425537109375, q_loss 838.311279296875, v_loss 8.93128776550293 ,lr 0.01
INFO:root:epoch 0, Episode 272, total_loss: 23.89651107788086, q_loss 11.773977279663086, v_loss 12.12253475189209 ,lr 0.01
INFO:root:epoch 0, Episode 273, total_loss: 837.0652465820312, q_loss 764.4140014648438, v_loss 72.65123748779297 ,lr 0.01
INFO:root:epoch 0, Episode 274, total_loss: 1233.5074462890625, q_loss 1228.876708984375, v_loss 4.630749702453613 ,lr 0.01
INFO:root:epoch 0, Episode 275, total_loss: 1136.946044921875, q_loss 1131.9595947265625, v_loss 4.986489772796631 ,lr 0.01
INFO:root:epoch 0, Episode 276, total_loss: 160.30108642578125, q_loss 139.85488891601562, v_loss 20.446191787719727 ,lr 0.01
INFO:root:epoch 0, Episode 277, total_loss: 1549.908203125, q_loss 1531.5484619140625, v_loss 18.359699249267578 ,lr 0.01
INFO:root:epoch 0, Episode 278, total_loss: 741.5047607421875, q_loss 708.5338134765625, v_loss 32.970916748046875 ,lr 0.01
INFO:root:epoch 0, Episode 279, total_loss: 1240.280517578125, q_loss 1219.877197265625, v_loss 20.403324127197266 ,lr 0.01
INFO:root:epoch 0, Episode 280, total_loss: 289.3812255859375, q_loss 227.5710906982422, v_loss 61.81011962890625 ,lr 0.01
INFO:root:epoch 0, Episode 281, total_loss: 3.7341842651367188, q_loss 3.40234112739563, v_loss 0.33184322714805603 ,lr 0.01
INFO:root:epoch 0, Episode 282, total_loss: 350.4773864746094, q_loss 348.82525634765625, v_loss 1.6521161794662476 ,lr 0.01
INFO:root:epoch 0, Episode 283, total_loss: 4028.76025390625, q_loss 4001.478759765625, v_loss 27.28151512145996 ,lr 0.01
INFO:root:epoch 0, Episode 284, total_loss: 1507.3653564453125, q_loss 1504.98681640625, v_loss 2.3784852027893066 ,lr 0.01
INFO:root:epoch 0, Episode 285, total_loss: 525.7579345703125, q_loss 523.3695068359375, v_loss 2.388437509536743 ,lr 0.01
INFO:root:epoch 0, Episode 286, total_loss: 82.25322723388672, q_loss 71.97341918945312, v_loss 10.279810905456543 ,lr 0.01
INFO:root:epoch 0, Episode 287, total_loss: 7.26114559173584, q_loss 6.597033500671387, v_loss 0.6641122698783875 ,lr 0.01
INFO:root:epoch 0, Episode 288, total_loss: 2002.02001953125, q_loss 1966.91015625, v_loss 35.10984420776367 ,lr 0.01
INFO:root:epoch 0, Episode 289, total_loss: 657.2332153320312, q_loss 622.8370361328125, v_loss 34.39618682861328 ,lr 0.01
INFO:root:epoch 0, Episode 290, total_loss: 291.78009033203125, q_loss 273.61553955078125, v_loss 18.164546966552734 ,lr 0.01
INFO:root:epoch 0, Episode 291, total_loss: 253.2152557373047, q_loss 241.80747985839844, v_loss 11.407780647277832 ,lr 0.01
INFO:root:epoch 0, Episode 292, total_loss: 71.38575744628906, q_loss 70.69593811035156, v_loss 0.6898208260536194 ,lr 0.01
INFO:root:epoch 0, Episode 293, total_loss: 1424.3568115234375, q_loss 1409.7279052734375, v_loss 14.628887176513672 ,lr 0.01
INFO:root:epoch 0, Episode 294, total_loss: 9.663496971130371, q_loss 6.2783403396606445, v_loss 3.3851566314697266 ,lr 0.01
INFO:root:epoch 0, Episode 295, total_loss: 405.46453857421875, q_loss 397.3163757324219, v_loss 8.14815616607666 ,lr 0.01
INFO:root:epoch 0, Episode 296, total_loss: 4.119574546813965, q_loss 2.826493263244629, v_loss 1.293081283569336 ,lr 0.01
INFO:root:epoch 0, Episode 297, total_loss: 1163.7591552734375, q_loss 1119.2869873046875, v_loss 44.47219467163086 ,lr 0.01
INFO:root:epoch 0, Episode 298, total_loss: 262.8848876953125, q_loss 259.0149841308594, v_loss 3.8699135780334473 ,lr 0.01
INFO:root:epoch 0, Episode 299, total_loss: 4009.698974609375, q_loss 4008.698486328125, v_loss 1.0005323886871338 ,lr 0.01
INFO:root:epoch 0, Episode 300, total_loss: 44.400962829589844, q_loss 27.96919059753418, v_loss 16.43177032470703 ,lr 0.01
INFO:root:epoch 0, Episode 301, total_loss: 338.3883056640625, q_loss 323.11529541015625, v_loss 15.273022651672363 ,lr 0.01
INFO:root:epoch 0, Episode 302, total_loss: 671.12353515625, q_loss 619.1661376953125, v_loss 51.957393646240234 ,lr 0.01
INFO:root:epoch 0, Episode 303, total_loss: 315.64093017578125, q_loss 287.8658142089844, v_loss 27.775114059448242 ,lr 0.01
INFO:root:epoch 0, Episode 304, total_loss: 73.33769226074219, q_loss 39.62516784667969, v_loss 33.712520599365234 ,lr 0.01
INFO:root:epoch 0, Episode 305, total_loss: 623.3115234375, q_loss 569.3648681640625, v_loss 53.94668197631836 ,lr 0.01
INFO:root:epoch 0, Episode 306, total_loss: 935.0694580078125, q_loss 899.3075561523438, v_loss 35.76190948486328 ,lr 0.01
INFO:root:epoch 0, Episode 307, total_loss: 172.37655639648438, q_loss 148.9912872314453, v_loss 23.385276794433594 ,lr 0.01
INFO:root:epoch 0, Episode 308, total_loss: 280.584716796875, q_loss 239.29026794433594, v_loss 41.29446029663086 ,lr 0.01
INFO:root:epoch 0, Episode 309, total_loss: 484.44000244140625, q_loss 363.2016296386719, v_loss 121.23835754394531 ,lr 0.01
INFO:root:epoch 0, Episode 310, total_loss: 1102.331298828125, q_loss 1057.103759765625, v_loss 45.22749328613281 ,lr 0.01
INFO:root:epoch 0, Episode 311, total_loss: 112.63690948486328, q_loss 100.80940246582031, v_loss 11.827506065368652 ,lr 0.01
INFO:root:epoch 0, Episode 312, total_loss: 29.48546028137207, q_loss 14.89937973022461, v_loss 14.586080551147461 ,lr 0.01
INFO:root:epoch 0, Episode 313, total_loss: 220.96112060546875, q_loss 212.0037384033203, v_loss 8.957387924194336 ,lr 0.01
INFO:root:epoch 0, Episode 314, total_loss: 2921.3994140625, q_loss 2891.505859375, v_loss 29.89346694946289 ,lr 0.01
INFO:root:epoch 0, Episode 315, total_loss: 665.8995971679688, q_loss 660.037353515625, v_loss 5.862271308898926 ,lr 0.01
INFO:root:epoch 0, Episode 316, total_loss: 5.421215057373047, q_loss 4.366817951202393, v_loss 1.0543971061706543 ,lr 0.01
INFO:root:epoch 0, Episode 317, total_loss: 440.30322265625, q_loss 436.81243896484375, v_loss 3.4907689094543457 ,lr 0.01
INFO:root:epoch 0, Episode 318, total_loss: 170.9023895263672, q_loss 160.38232421875, v_loss 10.520068168640137 ,lr 0.01
INFO:root:epoch 0, Episode 319, total_loss: 468.412109375, q_loss 437.6205749511719, v_loss 30.791540145874023 ,lr 0.01
INFO:root:epoch 0, Episode 320, total_loss: 245.2115478515625, q_loss 202.0254364013672, v_loss 43.18611145019531 ,lr 0.01
INFO:root:epoch 0, Episode 321, total_loss: 441.4981384277344, q_loss 419.7688903808594, v_loss 21.729238510131836 ,lr 0.01
INFO:root:epoch 0, Episode 322, total_loss: 180.36053466796875, q_loss 158.81024169921875, v_loss 21.55028533935547 ,lr 0.01
INFO:root:epoch 0, Episode 323, total_loss: 6073.88720703125, q_loss 6057.392578125, v_loss 16.494789123535156 ,lr 0.01
INFO:root:epoch 0, Episode 324, total_loss: 211.50486755371094, q_loss 190.6251678466797, v_loss 20.87970542907715 ,lr 0.01
INFO:root:epoch 0, Episode 325, total_loss: 13.102819442749023, q_loss 7.7502241134643555, v_loss 5.352595329284668 ,lr 0.01
INFO:root:epoch 0, Episode 326, total_loss: 828.39794921875, q_loss 797.0908203125, v_loss 31.30710792541504 ,lr 0.01
INFO:root:epoch 0, Episode 327, total_loss: 341.8586730957031, q_loss 309.8788757324219, v_loss 31.979801177978516 ,lr 0.01
INFO:root:epoch 0, Episode 328, total_loss: 1538.7529296875, q_loss 1521.8790283203125, v_loss 16.873912811279297 ,lr 0.01
INFO:root:epoch 0, Episode 329, total_loss: 986.6724243164062, q_loss 898.5860595703125, v_loss 88.08634185791016 ,lr 0.01
INFO:root:epoch 0, Episode 330, total_loss: 22.79914093017578, q_loss 13.635092735290527, v_loss 9.164047241210938 ,lr 0.01
INFO:root:epoch 0, Episode 331, total_loss: 187.08880615234375, q_loss 127.96485900878906, v_loss 59.12394332885742 ,lr 0.01
INFO:root:epoch 0, Episode 332, total_loss: 760.8565063476562, q_loss 666.035400390625, v_loss 94.82112121582031 ,lr 0.01
INFO:root:epoch 0, Episode 333, total_loss: 1155.426025390625, q_loss 1123.8751220703125, v_loss 31.550941467285156 ,lr 0.01
INFO:root:epoch 0, Episode 334, total_loss: 3695.07763671875, q_loss 3600.146728515625, v_loss 94.93096923828125 ,lr 0.01
INFO:root:epoch 0, Episode 335, total_loss: 2904.64208984375, q_loss 2819.364501953125, v_loss 85.27750396728516 ,lr 0.01
INFO:root:epoch 0, Episode 336, total_loss: 1304.7166748046875, q_loss 1275.386962890625, v_loss 29.32975959777832 ,lr 0.01
INFO:root:epoch 0, Episode 337, total_loss: 12.094882011413574, q_loss 7.197888374328613, v_loss 4.896993637084961 ,lr 0.01
INFO:root:epoch 0, Episode 338, total_loss: 1043.610595703125, q_loss 1023.1032104492188, v_loss 20.507369995117188 ,lr 0.01
INFO:root:epoch 0, Episode 339, total_loss: 149.9662628173828, q_loss 141.4975128173828, v_loss 8.468745231628418 ,lr 0.01
INFO:root:epoch 0, Episode 340, total_loss: 2025.8751220703125, q_loss 1860.1982421875, v_loss 165.67686462402344 ,lr 0.01
INFO:root:epoch 0, Episode 341, total_loss: 1427.7808837890625, q_loss 1402.0433349609375, v_loss 25.7375545501709 ,lr 0.01
INFO:root:epoch 0, Episode 342, total_loss: 1708.7630615234375, q_loss 1550.329345703125, v_loss 158.4337615966797 ,lr 0.01
INFO:root:epoch 0, Episode 343, total_loss: 54.102684020996094, q_loss 29.694902420043945, v_loss 24.407779693603516 ,lr 0.01
INFO:root:epoch 0, Episode 344, total_loss: 4130.09814453125, q_loss 3951.51904296875, v_loss 178.57931518554688 ,lr 0.01
INFO:root:epoch 0, Episode 345, total_loss: 393.4736633300781, q_loss 331.80926513671875, v_loss 61.664390563964844 ,lr 0.01
INFO:root:epoch 0, Episode 346, total_loss: 2783.894775390625, q_loss 2721.433349609375, v_loss 62.461387634277344 ,lr 0.01
INFO:root:epoch 0, Episode 347, total_loss: 2024.580322265625, q_loss 1692.27197265625, v_loss 332.30828857421875 ,lr 0.01
INFO:root:epoch 0, Episode 348, total_loss: 28.578643798828125, q_loss 17.474496841430664, v_loss 11.104146957397461 ,lr 0.01
INFO:root:epoch 0, Episode 349, total_loss: 757.7769775390625, q_loss 671.4360961914062, v_loss 86.34089660644531 ,lr 0.01
INFO:root:epoch 0, Episode 350, total_loss: 1003.7130126953125, q_loss 742.6796264648438, v_loss 261.0334167480469 ,lr 0.01
INFO:root:epoch 0, Episode 351, total_loss: 216.143310546875, q_loss 165.1649627685547, v_loss 50.978355407714844 ,lr 0.01
INFO:root:epoch 0, Episode 352, total_loss: 287.74468994140625, q_loss 283.1527404785156, v_loss 4.5919342041015625 ,lr 0.01
INFO:root:epoch 0, Episode 353, total_loss: 3722.2978515625, q_loss 3589.233642578125, v_loss 133.06417846679688 ,lr 0.01
INFO:root:epoch 0, Episode 354, total_loss: 1056.132568359375, q_loss 831.7816772460938, v_loss 224.35086059570312 ,lr 0.01
INFO:root:epoch 0, Episode 355, total_loss: 289.3921813964844, q_loss 274.1671447753906, v_loss 15.225037574768066 ,lr 0.01
INFO:root:epoch 0, Episode 356, total_loss: 1160.6468505859375, q_loss 1080.1715087890625, v_loss 80.47531127929688 ,lr 0.01
INFO:root:epoch 0, Episode 357, total_loss: 1830.9482421875, q_loss 1301.8511962890625, v_loss 529.0971069335938 ,lr 0.01
INFO:root:epoch 0, Episode 358, total_loss: 426.338623046875, q_loss 398.4962158203125, v_loss 27.842418670654297 ,lr 0.01
INFO:root:epoch 0, Episode 359, total_loss: 1686.933837890625, q_loss 1607.310791015625, v_loss 79.62305450439453 ,lr 0.01
INFO:root:epoch 0, Episode 360, total_loss: 2319.268310546875, q_loss 2136.024169921875, v_loss 183.24411010742188 ,lr 0.01
INFO:root:epoch 0, Episode 361, total_loss: 1391.287841796875, q_loss 918.4862670898438, v_loss 472.80157470703125 ,lr 0.01
INFO:root:epoch 0, Episode 362, total_loss: 472.3878173828125, q_loss 313.48419189453125, v_loss 158.9036407470703 ,lr 0.01
INFO:root:epoch 0, Episode 363, total_loss: 524.9088134765625, q_loss 371.7943115234375, v_loss 153.11451721191406 ,lr 0.01
INFO:root:epoch 0, Episode 364, total_loss: 737.7531127929688, q_loss 662.0001831054688, v_loss 75.7529525756836 ,lr 0.01
INFO:root:epoch 0, Episode 365, total_loss: 1209.8016357421875, q_loss 1074.4423828125, v_loss 135.35928344726562 ,lr 0.01
INFO:root:epoch 0, Episode 366, total_loss: 1520.90087890625, q_loss 1492.0860595703125, v_loss 28.814815521240234 ,lr 0.01
INFO:root:epoch 0, Episode 367, total_loss: 2559.13037109375, q_loss 2059.624755859375, v_loss 499.5055236816406 ,lr 0.01
INFO:root:epoch 0, Episode 368, total_loss: 157.32308959960938, q_loss 156.22100830078125, v_loss 1.102075219154358 ,lr 0.01
INFO:root:epoch 0, Episode 369, total_loss: 76.89454650878906, q_loss 76.09693908691406, v_loss 0.7976092100143433 ,lr 0.01
INFO:root:epoch 0, Episode 370, total_loss: 108.07569885253906, q_loss 104.05486297607422, v_loss 4.020838737487793 ,lr 0.01
INFO:root:epoch 0, Episode 371, total_loss: 90.14068603515625, q_loss 57.348201751708984, v_loss 32.79248809814453 ,lr 0.01
INFO:root:epoch 0, Episode 372, total_loss: 349.2861633300781, q_loss 348.1954040527344, v_loss 1.0907682180404663 ,lr 0.01
INFO:root:epoch 0, Episode 373, total_loss: 62.6209602355957, q_loss 44.76509475708008, v_loss 17.855865478515625 ,lr 0.01
INFO:root:epoch 0, Episode 374, total_loss: 1515.9229736328125, q_loss 1513.6976318359375, v_loss 2.225369453430176 ,lr 0.01
INFO:root:epoch 0, Episode 375, total_loss: 625.1699829101562, q_loss 462.03546142578125, v_loss 163.13450622558594 ,lr 0.01
INFO:root:epoch 0, Episode 376, total_loss: 3021.841552734375, q_loss 2997.016357421875, v_loss 24.825180053710938 ,lr 0.01
INFO:root:epoch 0, Episode 377, total_loss: 714.4830932617188, q_loss 707.0531005859375, v_loss 7.4300055503845215 ,lr 0.01
INFO:root:epoch 0, Episode 378, total_loss: 101.13192749023438, q_loss 96.15800476074219, v_loss 4.97391939163208 ,lr 0.01
INFO:root:epoch 0, Episode 379, total_loss: 25.10171890258789, q_loss 13.127884864807129, v_loss 11.973834037780762 ,lr 0.01
INFO:root:epoch 0, Episode 380, total_loss: 179.35049438476562, q_loss 120.63102722167969, v_loss 58.7194709777832 ,lr 0.01
INFO:root:epoch 0, Episode 381, total_loss: 144.1509246826172, q_loss 127.48152160644531, v_loss 16.669397354125977 ,lr 0.01
INFO:root:epoch 0, Episode 382, total_loss: 3624.04052734375, q_loss 3616.2998046875, v_loss 7.7407755851745605 ,lr 0.01
INFO:root:epoch 0, Episode 383, total_loss: 1819.109619140625, q_loss 1720.8355712890625, v_loss 98.2740707397461 ,lr 0.01
INFO:root:epoch 0, Episode 384, total_loss: 410.72869873046875, q_loss 198.40866088867188, v_loss 212.32003784179688 ,lr 0.01
INFO:root:epoch 0, Episode 385, total_loss: 1226.3304443359375, q_loss 774.267333984375, v_loss 452.0631408691406 ,lr 0.01
INFO:root:epoch 0, Episode 386, total_loss: 11.369789123535156, q_loss 6.243765354156494, v_loss 5.126023292541504 ,lr 0.01
INFO:root:epoch 0, Episode 387, total_loss: 1748.6900634765625, q_loss 1374.13671875, v_loss 374.5533142089844 ,lr 0.01
INFO:root:epoch 0, Episode 388, total_loss: 985.8662109375, q_loss 870.0811157226562, v_loss 115.78512573242188 ,lr 0.01
INFO:root:epoch 0, Episode 389, total_loss: 394.24652099609375, q_loss 351.2550048828125, v_loss 42.99150085449219 ,lr 0.01
INFO:root:epoch 0, Episode 390, total_loss: 55.78032684326172, q_loss 29.39963150024414, v_loss 26.38069725036621 ,lr 0.01
INFO:root:epoch 0, Episode 391, total_loss: 6780.36279296875, q_loss 6762.89697265625, v_loss 17.465625762939453 ,lr 0.01
INFO:root:epoch 0, Episode 392, total_loss: 983.702880859375, q_loss 789.5595703125, v_loss 194.14332580566406 ,lr 0.01
INFO:root:epoch 0, Episode 393, total_loss: 478.6098937988281, q_loss 401.1632080078125, v_loss 77.4466781616211 ,lr 0.01
INFO:root:epoch 0, Episode 394, total_loss: 765.1085205078125, q_loss 527.47265625, v_loss 237.6358642578125 ,lr 0.01
INFO:root:epoch 0, Episode 395, total_loss: 4404.59619140625, q_loss 3990.6220703125, v_loss 413.97418212890625 ,lr 0.01
INFO:root:epoch 0, Episode 396, total_loss: 640.5281982421875, q_loss 439.61669921875, v_loss 200.91152954101562 ,lr 0.01
INFO:root:epoch 0, Episode 397, total_loss: 5542.91357421875, q_loss 4801.20947265625, v_loss 741.7042236328125 ,lr 0.01
INFO:root:epoch 0, Episode 398, total_loss: 301.3359069824219, q_loss 223.7670135498047, v_loss 77.56890106201172 ,lr 0.01
INFO:root:epoch 0, Episode 399, total_loss: 398.96466064453125, q_loss 342.6126708984375, v_loss 56.35198974609375 ,lr 0.01
INFO:root:epoch 0, Episode 400, total_loss: 3708.17138671875, q_loss 3285.077880859375, v_loss 423.09344482421875 ,lr 0.01
INFO:root:epoch 0, Episode 401, total_loss: 541.2404174804688, q_loss 426.08795166015625, v_loss 115.1524429321289 ,lr 0.01
INFO:root:epoch 0, Episode 402, total_loss: 802.1987915039062, q_loss 605.9808959960938, v_loss 196.21788024902344 ,lr 0.01
INFO:root:epoch 0, Episode 403, total_loss: 1661.672607421875, q_loss 1488.9615478515625, v_loss 172.71102905273438 ,lr 0.01
INFO:root:epoch 0, Episode 404, total_loss: 616.273681640625, q_loss 429.4222106933594, v_loss 186.8514862060547 ,lr 0.01
INFO:root:epoch 0, Episode 405, total_loss: 230.40603637695312, q_loss 140.26011657714844, v_loss 90.14591217041016 ,lr 0.01
INFO:root:epoch 0, Episode 406, total_loss: 1733.1478271484375, q_loss 1229.1195068359375, v_loss 504.0282897949219 ,lr 0.01
INFO:root:epoch 0, Episode 407, total_loss: 608.59716796875, q_loss 383.48895263671875, v_loss 225.10821533203125 ,lr 0.01
INFO:root:epoch 0, Episode 408, total_loss: 2008.7130126953125, q_loss 1887.943115234375, v_loss 120.7699203491211 ,lr 0.01
INFO:root:epoch 0, Episode 409, total_loss: 2412.42822265625, q_loss 1890.64453125, v_loss 521.7836303710938 ,lr 0.01
INFO:root:epoch 0, Episode 410, total_loss: 111.06753540039062, q_loss 94.95565795898438, v_loss 16.111879348754883 ,lr 0.01
INFO:root:epoch 0, Episode 411, total_loss: 362.20751953125, q_loss 334.22601318359375, v_loss 27.98149871826172 ,lr 0.01
INFO:root:epoch 0, Episode 412, total_loss: 63.28900146484375, q_loss 62.59387969970703, v_loss 0.6951219439506531 ,lr 0.01
INFO:root:epoch 0, Episode 413, total_loss: 140.22454833984375, q_loss 128.93846130371094, v_loss 11.286086082458496 ,lr 0.01
INFO:root:epoch 0, Episode 414, total_loss: 378.7196960449219, q_loss 341.6258239746094, v_loss 37.09386444091797 ,lr 0.01
INFO:root:epoch 0, Episode 415, total_loss: 1788.8585205078125, q_loss 1692.9742431640625, v_loss 95.88427734375 ,lr 0.01
INFO:root:epoch 0, Episode 416, total_loss: 1610.3409423828125, q_loss 1562.560302734375, v_loss 47.78068161010742 ,lr 0.01
INFO:root:epoch 0, Episode 417, total_loss: 1395.9051513671875, q_loss 1367.09765625, v_loss 28.807491302490234 ,lr 0.01
INFO:root:epoch 0, Episode 418, total_loss: 1432.568359375, q_loss 1370.215576171875, v_loss 62.352813720703125 ,lr 0.01
INFO:root:epoch 0, Episode 419, total_loss: 118.18721008300781, q_loss 104.91171264648438, v_loss 13.275494575500488 ,lr 0.01
INFO:root:epoch 0, Episode 420, total_loss: 1609.551513671875, q_loss 1596.333740234375, v_loss 13.217771530151367 ,lr 0.01
INFO:root:epoch 0, Episode 421, total_loss: 213.69444274902344, q_loss 189.30783081054688, v_loss 24.386606216430664 ,lr 0.01
INFO:root:epoch 0, Episode 422, total_loss: 44.58428192138672, q_loss 23.051279067993164, v_loss 21.533000946044922 ,lr 0.01
INFO:root:epoch 0, Episode 423, total_loss: 826.9573974609375, q_loss 738.4287719726562, v_loss 88.52861022949219 ,lr 0.01
INFO:root:epoch 0, Episode 424, total_loss: 740.8040771484375, q_loss 666.3052368164062, v_loss 74.49884796142578 ,lr 0.01
INFO:root:epoch 0, Episode 425, total_loss: 388.11285400390625, q_loss 274.9678955078125, v_loss 113.14497375488281 ,lr 0.01
INFO:root:epoch 0, Episode 426, total_loss: 80.38768768310547, q_loss 67.43093872070312, v_loss 12.956751823425293 ,lr 0.01
INFO:root:epoch 0, Episode 427, total_loss: 484.2959899902344, q_loss 423.6939392089844, v_loss 60.6020393371582 ,lr 0.01
INFO:root:epoch 0, Episode 428, total_loss: 132.06797790527344, q_loss 112.36872863769531, v_loss 19.69924545288086 ,lr 0.01
INFO:root:epoch 0, Episode 429, total_loss: 2897.3115234375, q_loss 2655.035400390625, v_loss 242.2762451171875 ,lr 0.01
INFO:root:epoch 0, Episode 430, total_loss: 1990.1724853515625, q_loss 1957.0838623046875, v_loss 33.08867645263672 ,lr 0.01
INFO:root:epoch 0, Episode 431, total_loss: 11.630369186401367, q_loss 6.865000247955322, v_loss 4.765368938446045 ,lr 0.01
INFO:root:epoch 0, Episode 432, total_loss: 215.4407958984375, q_loss 209.22242736816406, v_loss 6.21836519241333 ,lr 0.01
INFO:root:epoch 0, Episode 433, total_loss: 3578.927734375, q_loss 3528.905029296875, v_loss 50.02277755737305 ,lr 0.01
INFO:root:epoch 0, Episode 434, total_loss: 545.74755859375, q_loss 492.9483947753906, v_loss 52.79917907714844 ,lr 0.01
INFO:root:epoch 0, Episode 435, total_loss: 6255.12841796875, q_loss 6218.603515625, v_loss 36.52503204345703 ,lr 0.01
INFO:root:epoch 0, Episode 436, total_loss: 221.98875427246094, q_loss 200.3722686767578, v_loss 21.616487503051758 ,lr 0.01
INFO:root:epoch 0, Episode 437, total_loss: 2106.7880859375, q_loss 2043.8387451171875, v_loss 62.94926071166992 ,lr 0.01
INFO:root:epoch 0, Episode 438, total_loss: 510.4066162109375, q_loss 467.7449951171875, v_loss 42.661624908447266 ,lr 0.01
INFO:root:epoch 0, Episode 439, total_loss: 1364.3577880859375, q_loss 1339.1005859375, v_loss 25.257192611694336 ,lr 0.01
INFO:root:epoch 0, Episode 440, total_loss: 116.61480712890625, q_loss 90.8316879272461, v_loss 25.78312110900879 ,lr 0.01
INFO:root:epoch 0, Episode 441, total_loss: 228.2852783203125, q_loss 208.6880645751953, v_loss 19.59721565246582 ,lr 0.01
INFO:root:epoch 0, Episode 442, total_loss: 701.1417236328125, q_loss 690.6971435546875, v_loss 10.444568634033203 ,lr 0.01
INFO:root:epoch 0, Episode 443, total_loss: 184.90444946289062, q_loss 160.56802368164062, v_loss 24.3364315032959 ,lr 0.01
INFO:root:epoch 0, Episode 444, total_loss: 2401.75244140625, q_loss 2327.427734375, v_loss 74.32478332519531 ,lr 0.01
INFO:root:epoch 0, Episode 445, total_loss: 1503.7205810546875, q_loss 1441.2822265625, v_loss 62.43831253051758 ,lr 0.01
INFO:root:epoch 0, Episode 446, total_loss: 2482.0322265625, q_loss 2434.023193359375, v_loss 48.009010314941406 ,lr 0.01
INFO:root:epoch 0, Episode 447, total_loss: 75.15817260742188, q_loss 74.03367614746094, v_loss 1.1244990825653076 ,lr 0.01
INFO:root:epoch 0, Episode 448, total_loss: 323.6032409667969, q_loss 308.72882080078125, v_loss 14.874424934387207 ,lr 0.01
INFO:root:epoch 0, Episode 449, total_loss: 1005.1768798828125, q_loss 886.8512573242188, v_loss 118.32562255859375 ,lr 0.01
INFO:root:epoch 0, Episode 450, total_loss: 313.7303161621094, q_loss 259.03021240234375, v_loss 54.70011520385742 ,lr 0.01
INFO:root:epoch 0, Episode 451, total_loss: 3533.0849609375, q_loss 3418.2880859375, v_loss 114.7967529296875 ,lr 0.01
INFO:root:epoch 0, Episode 452, total_loss: 2530.969482421875, q_loss 2374.097412109375, v_loss 156.8719940185547 ,lr 0.01
INFO:root:epoch 0, Episode 453, total_loss: 16.236053466796875, q_loss 9.819693565368652, v_loss 6.416358947753906 ,lr 0.01
INFO:root:epoch 0, Episode 454, total_loss: 6.051115036010742, q_loss 4.332230091094971, v_loss 1.7188847064971924 ,lr 0.01
INFO:root:epoch 0, Episode 455, total_loss: 614.898681640625, q_loss 598.2862548828125, v_loss 16.612436294555664 ,lr 0.01
INFO:root:epoch 0, Episode 456, total_loss: 184.49575805664062, q_loss 178.3236846923828, v_loss 6.172072887420654 ,lr 0.01
INFO:root:epoch 1, Episode 0, total_loss: 129.7510223388672, q_loss 126.55633544921875, v_loss 3.194680690765381 ,lr 0.01
INFO:root:epoch 1, Episode 1, total_loss: 392.74896240234375, q_loss 375.2191162109375, v_loss 17.529855728149414 ,lr 0.01
INFO:root:epoch 1, Episode 2, total_loss: 193.21646118164062, q_loss 159.89732360839844, v_loss 33.319129943847656 ,lr 0.01
INFO:root:epoch 1, Episode 3, total_loss: 7045.4150390625, q_loss 6895.05859375, v_loss 150.35633850097656 ,lr 0.01
INFO:root:epoch 1, Episode 4, total_loss: 1796.8140869140625, q_loss 1499.6693115234375, v_loss 297.1448059082031 ,lr 0.01
INFO:root:epoch 1, Episode 5, total_loss: 1341.22265625, q_loss 723.7288818359375, v_loss 617.4938354492188 ,lr 0.01
INFO:root:epoch 1, Episode 6, total_loss: 2637.747802734375, q_loss 2333.6044921875, v_loss 304.14337158203125 ,lr 0.01
INFO:root:epoch 1, Episode 7, total_loss: 572.3410034179688, q_loss 458.1034851074219, v_loss 114.23754119873047 ,lr 0.01
INFO:root:epoch 1, Episode 8, total_loss: 359.3108215332031, q_loss 282.67926025390625, v_loss 76.63155364990234 ,lr 0.01
INFO:root:epoch 1, Episode 9, total_loss: 260.6085510253906, q_loss 156.8943328857422, v_loss 103.7142105102539 ,lr 0.01
INFO:root:epoch 1, Episode 10, total_loss: 1406.644287109375, q_loss 1097.6370849609375, v_loss 309.00714111328125 ,lr 0.01
INFO:root:epoch 1, Episode 11, total_loss: 393.01904296875, q_loss 192.1995391845703, v_loss 200.8195037841797 ,lr 0.01
INFO:root:epoch 1, Episode 12, total_loss: 506.64520263671875, q_loss 282.7893981933594, v_loss 223.85580444335938 ,lr 0.01
INFO:root:epoch 1, Episode 13, total_loss: 67.28956604003906, q_loss 34.34004592895508, v_loss 32.949520111083984 ,lr 0.01
INFO:root:epoch 1, Episode 14, total_loss: 265.0379943847656, q_loss 255.46102905273438, v_loss 9.576952934265137 ,lr 0.01
INFO:root:epoch 1, Episode 15, total_loss: 158.3922576904297, q_loss 80.45520782470703, v_loss 77.93704986572266 ,lr 0.01
INFO:root:epoch 1, Episode 16, total_loss: 447.97601318359375, q_loss 441.5777587890625, v_loss 6.398239612579346 ,lr 0.01
INFO:root:epoch 1, Episode 17, total_loss: 1171.607177734375, q_loss 561.9038696289062, v_loss 609.7033081054688 ,lr 0.01
INFO:root:epoch 1, Episode 18, total_loss: 755.049072265625, q_loss 421.27923583984375, v_loss 333.76983642578125 ,lr 0.01
INFO:root:epoch 1, Episode 19, total_loss: 1010.2420654296875, q_loss 851.936279296875, v_loss 158.30580139160156 ,lr 0.01
INFO:root:epoch 1, Episode 20, total_loss: 821.0441284179688, q_loss 626.1344604492188, v_loss 194.90966796875 ,lr 0.01
INFO:root:epoch 1, Episode 21, total_loss: 258.83245849609375, q_loss 152.45135498046875, v_loss 106.38111877441406 ,lr 0.01
INFO:root:epoch 1, Episode 22, total_loss: 24.58306121826172, q_loss 23.907211303710938, v_loss 0.6758503913879395 ,lr 0.01
INFO:root:epoch 1, Episode 23, total_loss: 2887.055908203125, q_loss 1606.2421875, v_loss 1280.813720703125 ,lr 0.01
INFO:root:epoch 1, Episode 24, total_loss: 189.23501586914062, q_loss 182.98281860351562, v_loss 6.252200603485107 ,lr 0.01
INFO:root:epoch 1, Episode 25, total_loss: 165.70794677734375, q_loss 76.81134796142578, v_loss 88.89659881591797 ,lr 0.01
INFO:root:epoch 1, Episode 26, total_loss: 493.8113708496094, q_loss 463.63409423828125, v_loss 30.177263259887695 ,lr 0.01
INFO:root:epoch 1, Episode 27, total_loss: 530.7923583984375, q_loss 480.0534973144531, v_loss 50.7388801574707 ,lr 0.01
INFO:root:epoch 1, Episode 28, total_loss: 839.5421142578125, q_loss 803.4619750976562, v_loss 36.08014678955078 ,lr 0.01
INFO:root:epoch 1, Episode 29, total_loss: 559.7924194335938, q_loss 540.1911010742188, v_loss 19.601329803466797 ,lr 0.01
INFO:root:epoch 1, Episode 30, total_loss: 176.62139892578125, q_loss 141.14114379882812, v_loss 35.480247497558594 ,lr 0.01
INFO:root:epoch 1, Episode 31, total_loss: 124.88127899169922, q_loss 117.30796813964844, v_loss 7.573311805725098 ,lr 0.01
INFO:root:epoch 1, Episode 32, total_loss: 1179.900390625, q_loss 1174.8192138671875, v_loss 5.081209182739258 ,lr 0.01
INFO:root:epoch 1, Episode 33, total_loss: 174.655517578125, q_loss 158.31532287597656, v_loss 16.340190887451172 ,lr 0.01
INFO:root:epoch 1, Episode 34, total_loss: 1153.67724609375, q_loss 1132.7088623046875, v_loss 20.96834945678711 ,lr 0.01
INFO:root:epoch 1, Episode 35, total_loss: 590.888916015625, q_loss 478.5031433105469, v_loss 112.3857650756836 ,lr 0.01
INFO:root:epoch 1, Episode 36, total_loss: 422.2758483886719, q_loss 407.8265686035156, v_loss 14.449284553527832 ,lr 0.01
INFO:root:epoch 1, Episode 37, total_loss: 303.35467529296875, q_loss 268.3175048828125, v_loss 35.03715896606445 ,lr 0.01
INFO:root:epoch 1, Episode 38, total_loss: 224.53515625, q_loss 152.55160522460938, v_loss 71.98355865478516 ,lr 0.01
INFO:root:epoch 1, Episode 39, total_loss: 2291.56640625, q_loss 2048.16796875, v_loss 243.39852905273438 ,lr 0.01
INFO:root:epoch 1, Episode 40, total_loss: 823.919921875, q_loss 768.1207885742188, v_loss 55.799110412597656 ,lr 0.01
INFO:root:epoch 1, Episode 41, total_loss: 1153.569091796875, q_loss 1139.925048828125, v_loss 13.644006729125977 ,lr 0.01
INFO:root:epoch 1, Episode 42, total_loss: 6431.3876953125, q_loss 6398.71533203125, v_loss 32.67222595214844 ,lr 0.01
INFO:root:epoch 1, Episode 43, total_loss: 585.3005981445312, q_loss 580.2323608398438, v_loss 5.068253993988037 ,lr 0.01
INFO:root:epoch 1, Episode 44, total_loss: 283.6653747558594, q_loss 273.3523254394531, v_loss 10.313041687011719 ,lr 0.01
INFO:root:epoch 1, Episode 45, total_loss: 3.7727746963500977, q_loss 3.0861704349517822, v_loss 0.6866041421890259 ,lr 0.01
INFO:root:epoch 1, Episode 46, total_loss: 4602.6201171875, q_loss 4546.6455078125, v_loss 55.97453689575195 ,lr 0.01
INFO:root:epoch 1, Episode 47, total_loss: 193.73873901367188, q_loss 185.9007110595703, v_loss 7.838028907775879 ,lr 0.01
INFO:root:epoch 1, Episode 48, total_loss: 790.2900390625, q_loss 785.9718017578125, v_loss 4.318253993988037 ,lr 0.01
INFO:root:epoch 1, Episode 49, total_loss: 212.18679809570312, q_loss 191.12738037109375, v_loss 21.059425354003906 ,lr 0.01
INFO:root:epoch 1, Episode 50, total_loss: 96.99490356445312, q_loss 88.75088500976562, v_loss 8.244022369384766 ,lr 0.01
INFO:root:epoch 1, Episode 51, total_loss: 380.8907470703125, q_loss 364.11663818359375, v_loss 16.77409553527832 ,lr 0.01
INFO:root:epoch 1, Episode 52, total_loss: 294.76483154296875, q_loss 284.0033264160156, v_loss 10.761520385742188 ,lr 0.01
INFO:root:epoch 1, Episode 53, total_loss: 235.67730712890625, q_loss 228.2085723876953, v_loss 7.468728065490723 ,lr 0.01
INFO:root:epoch 1, Episode 54, total_loss: 7200.28759765625, q_loss 7190.6162109375, v_loss 9.671375274658203 ,lr 0.01
INFO:root:epoch 1, Episode 55, total_loss: 154.90501403808594, q_loss 149.4486083984375, v_loss 5.456407070159912 ,lr 0.01
INFO:root:epoch 1, Episode 56, total_loss: 119.25879669189453, q_loss 112.2447280883789, v_loss 7.0140700340271 ,lr 0.01
INFO:root:epoch 1, Episode 57, total_loss: 4000.811767578125, q_loss 3958.79931640625, v_loss 42.01234436035156 ,lr 0.01
INFO:root:epoch 1, Episode 58, total_loss: 152.67562866210938, q_loss 116.02516174316406, v_loss 36.65046691894531 ,lr 0.01
INFO:root:epoch 1, Episode 59, total_loss: 91.53446960449219, q_loss 51.6365966796875, v_loss 39.89787673950195 ,lr 0.01
INFO:root:epoch 1, Episode 60, total_loss: 509.1667785644531, q_loss 473.9289855957031, v_loss 35.237796783447266 ,lr 0.01
INFO:root:epoch 1, Episode 61, total_loss: 787.5958862304688, q_loss 775.1783447265625, v_loss 12.417561531066895 ,lr 0.01
INFO:root:epoch 1, Episode 62, total_loss: 1626.230712890625, q_loss 1573.8148193359375, v_loss 52.4158935546875 ,lr 0.01
INFO:root:epoch 1, Episode 63, total_loss: 129.98477172851562, q_loss 117.45951843261719, v_loss 12.525256156921387 ,lr 0.01
INFO:root:epoch 1, Episode 64, total_loss: 315.3613586425781, q_loss 303.9632873535156, v_loss 11.398058891296387 ,lr 0.01
INFO:root:epoch 1, Episode 65, total_loss: 57.70547103881836, q_loss 42.08811569213867, v_loss 15.617354393005371 ,lr 0.01
INFO:root:epoch 1, Episode 66, total_loss: 711.426513671875, q_loss 690.3651123046875, v_loss 21.06138038635254 ,lr 0.01
INFO:root:epoch 1, Episode 67, total_loss: 23.84499168395996, q_loss 21.012325286865234, v_loss 2.832667112350464 ,lr 0.01
INFO:root:epoch 1, Episode 68, total_loss: 344.6947937011719, q_loss 333.458251953125, v_loss 11.236531257629395 ,lr 0.01
INFO:root:epoch 1, Episode 69, total_loss: 3718.68701171875, q_loss 3701.78125, v_loss 16.90579605102539 ,lr 0.01
INFO:root:epoch 1, Episode 70, total_loss: 17.93145751953125, q_loss 11.647658348083496, v_loss 6.283799648284912 ,lr 0.01
INFO:root:epoch 1, Episode 71, total_loss: 246.40936279296875, q_loss 236.56626892089844, v_loss 9.843094825744629 ,lr 0.01
INFO:root:epoch 1, Episode 72, total_loss: 505.4810791015625, q_loss 501.92645263671875, v_loss 3.554624319076538 ,lr 0.01
INFO:root:epoch 1, Episode 73, total_loss: 1910.793212890625, q_loss 1904.462646484375, v_loss 6.330543041229248 ,lr 0.01
INFO:root:epoch 1, Episode 74, total_loss: 557.7514038085938, q_loss 510.03326416015625, v_loss 47.7181510925293 ,lr 0.01
INFO:root:epoch 1, Episode 75, total_loss: 6.474206924438477, q_loss 4.1385955810546875, v_loss 2.335611343383789 ,lr 0.01
INFO:root:epoch 1, Episode 76, total_loss: 280.51287841796875, q_loss 275.39019775390625, v_loss 5.122690677642822 ,lr 0.01
INFO:root:epoch 1, Episode 77, total_loss: 197.8865509033203, q_loss 190.60833740234375, v_loss 7.2782182693481445 ,lr 0.01
INFO:root:epoch 1, Episode 78, total_loss: 2106.0703125, q_loss 2089.9765625, v_loss 16.093839645385742 ,lr 0.01
INFO:root:epoch 1, Episode 79, total_loss: 3.2909131050109863, q_loss 2.8991682529449463, v_loss 0.3917447328567505 ,lr 0.01
INFO:root:epoch 1, Episode 80, total_loss: 597.13671875, q_loss 593.76123046875, v_loss 3.375460386276245 ,lr 0.01
INFO:root:epoch 1, Episode 81, total_loss: 75.60533905029297, q_loss 71.20426177978516, v_loss 4.401080131530762 ,lr 0.01
INFO:root:epoch 1, Episode 82, total_loss: 645.5062866210938, q_loss 641.2518310546875, v_loss 4.254484176635742 ,lr 0.01
INFO:root:epoch 1, Episode 83, total_loss: 6.819960594177246, q_loss 4.265161991119385, v_loss 2.5547983646392822 ,lr 0.01
INFO:root:epoch 1, Episode 84, total_loss: 4.159780025482178, q_loss 3.2303807735443115, v_loss 0.9293990731239319 ,lr 0.01
INFO:root:epoch 1, Episode 85, total_loss: 455.12158203125, q_loss 449.8271484375, v_loss 5.294436454772949 ,lr 0.01
INFO:root:epoch 1, Episode 86, total_loss: 378.4004211425781, q_loss 377.4360656738281, v_loss 0.9643643498420715 ,lr 0.01
INFO:root:epoch 1, Episode 87, total_loss: 325.0345764160156, q_loss 323.3682861328125, v_loss 1.6662861108779907 ,lr 0.01
INFO:root:epoch 1, Episode 88, total_loss: 743.0445556640625, q_loss 740.9473876953125, v_loss 2.0971922874450684 ,lr 0.01
INFO:root:epoch 1, Episode 89, total_loss: 2617.757568359375, q_loss 2615.599365234375, v_loss 2.158220052719116 ,lr 0.01
INFO:root:epoch 1, Episode 90, total_loss: 401.1302795410156, q_loss 398.303955078125, v_loss 2.826319456100464 ,lr 0.01
INFO:root:epoch 1, Episode 91, total_loss: 7.242256164550781, q_loss 5.73886775970459, v_loss 1.5033886432647705 ,lr 0.01
INFO:root:epoch 1, Episode 92, total_loss: 338.9697570800781, q_loss 336.4857482910156, v_loss 2.4840073585510254 ,lr 0.01
INFO:root:epoch 1, Episode 93, total_loss: 1714.3419189453125, q_loss 1712.936767578125, v_loss 1.4051437377929688 ,lr 0.01
INFO:root:epoch 1, Episode 94, total_loss: 12.182503700256348, q_loss 10.401086807250977, v_loss 1.7814167737960815 ,lr 0.01
INFO:root:epoch 1, Episode 95, total_loss: 4275.83837890625, q_loss 4275.7060546875, v_loss 0.13209161162376404 ,lr 0.01
INFO:root:epoch 1, Episode 96, total_loss: 6.677959442138672, q_loss 5.507659435272217, v_loss 1.1702998876571655 ,lr 0.01
INFO:root:epoch 1, Episode 97, total_loss: 306.21728515625, q_loss 302.8960266113281, v_loss 3.3212506771087646 ,lr 0.01
INFO:root:epoch 1, Episode 98, total_loss: 317.77899169921875, q_loss 315.8142395019531, v_loss 1.9647448062896729 ,lr 0.01
INFO:root:epoch 1, Episode 99, total_loss: 416.6716613769531, q_loss 412.4814758300781, v_loss 4.1901774406433105 ,lr 0.01
INFO:root:epoch 1, Episode 100, total_loss: 314.28875732421875, q_loss 306.0767517089844, v_loss 8.212008476257324 ,lr 0.01
INFO:root:epoch 1, Episode 101, total_loss: 208.87071228027344, q_loss 208.18212890625, v_loss 0.6885842084884644 ,lr 0.01
INFO:root:epoch 1, Episode 102, total_loss: 114.90513610839844, q_loss 113.84735107421875, v_loss 1.0577828884124756 ,lr 0.01
INFO:root:epoch 1, Episode 103, total_loss: 761.049072265625, q_loss 753.760009765625, v_loss 7.289051532745361 ,lr 0.01
INFO:root:epoch 1, Episode 104, total_loss: 93.87055969238281, q_loss 93.3023681640625, v_loss 0.5681926012039185 ,lr 0.01
INFO:root:epoch 1, Episode 105, total_loss: 2.9630231857299805, q_loss 2.9051733016967773, v_loss 0.05784999579191208 ,lr 0.01
INFO:root:epoch 1, Episode 106, total_loss: 166.16796875, q_loss 166.0097198486328, v_loss 0.15825651586055756 ,lr 0.01
INFO:root:epoch 1, Episode 107, total_loss: 259.0047302246094, q_loss 255.63778686523438, v_loss 3.3669376373291016 ,lr 0.01
INFO:root:epoch 1, Episode 108, total_loss: 298.8414306640625, q_loss 296.23980712890625, v_loss 2.6016252040863037 ,lr 0.01
INFO:root:epoch 1, Episode 109, total_loss: 3.00813364982605, q_loss 2.7668235301971436, v_loss 0.24131014943122864 ,lr 0.01
INFO:root:epoch 1, Episode 110, total_loss: 956.9172973632812, q_loss 955.8159790039062, v_loss 1.1013351678848267 ,lr 0.01
INFO:root:epoch 1, Episode 111, total_loss: 125.73641967773438, q_loss 122.9783706665039, v_loss 2.758049249649048 ,lr 0.01
INFO:root:epoch 1, Episode 112, total_loss: 715.1088256835938, q_loss 708.9574584960938, v_loss 6.151340484619141 ,lr 0.01
INFO:root:epoch 1, Episode 113, total_loss: 1227.2847900390625, q_loss 1223.749755859375, v_loss 3.535034418106079 ,lr 0.01
INFO:root:epoch 1, Episode 114, total_loss: 137.01251220703125, q_loss 134.6089324951172, v_loss 2.4035842418670654 ,lr 0.01
INFO:root:epoch 1, Episode 115, total_loss: 309.4331359863281, q_loss 308.1766662597656, v_loss 1.2564564943313599 ,lr 0.01
INFO:root:epoch 1, Episode 116, total_loss: 4.309453010559082, q_loss 3.5103158950805664, v_loss 0.7991369366645813 ,lr 0.01
INFO:root:epoch 1, Episode 117, total_loss: 462.8185119628906, q_loss 457.0450439453125, v_loss 5.773462295532227 ,lr 0.01
INFO:root:epoch 1, Episode 118, total_loss: 1049.9036865234375, q_loss 1046.5572509765625, v_loss 3.3463847637176514 ,lr 0.01
INFO:root:epoch 1, Episode 119, total_loss: 365.18096923828125, q_loss 359.3982238769531, v_loss 5.782744407653809 ,lr 0.01
INFO:root:epoch 1, Episode 120, total_loss: 71.24284362792969, q_loss 69.19403076171875, v_loss 2.0488104820251465 ,lr 0.01
INFO:root:epoch 1, Episode 121, total_loss: 95.57743835449219, q_loss 91.13411712646484, v_loss 4.443324565887451 ,lr 0.01
INFO:root:epoch 1, Episode 122, total_loss: 4817.85986328125, q_loss 4802.76513671875, v_loss 15.094940185546875 ,lr 0.01
INFO:root:epoch 1, Episode 123, total_loss: 1551.111083984375, q_loss 1535.4344482421875, v_loss 15.676579475402832 ,lr 0.01
INFO:root:epoch 1, Episode 124, total_loss: 2877.3662109375, q_loss 2747.127685546875, v_loss 130.23849487304688 ,lr 0.01
INFO:root:epoch 1, Episode 125, total_loss: 450.7908630371094, q_loss 401.0113220214844, v_loss 49.7795524597168 ,lr 0.01
INFO:root:epoch 1, Episode 126, total_loss: 123.53251647949219, q_loss 108.08879089355469, v_loss 15.44372844696045 ,lr 0.01
INFO:root:epoch 1, Episode 127, total_loss: 3485.08984375, q_loss 3463.843505859375, v_loss 21.24636459350586 ,lr 0.01
INFO:root:epoch 1, Episode 128, total_loss: 285.698486328125, q_loss 270.0965576171875, v_loss 15.60191535949707 ,lr 0.01
INFO:root:epoch 1, Episode 129, total_loss: 324.9593200683594, q_loss 315.6311340332031, v_loss 9.32818603515625 ,lr 0.01
INFO:root:epoch 1, Episode 130, total_loss: 3532.129638671875, q_loss 3524.723388671875, v_loss 7.406150817871094 ,lr 0.01
INFO:root:epoch 1, Episode 131, total_loss: 2864.523681640625, q_loss 2843.12158203125, v_loss 21.402055740356445 ,lr 0.01
INFO:root:epoch 1, Episode 132, total_loss: 280.9842834472656, q_loss 233.92713928222656, v_loss 47.05713653564453 ,lr 0.01
INFO:root:epoch 1, Episode 133, total_loss: 145.88174438476562, q_loss 125.71536254882812, v_loss 20.1663761138916 ,lr 0.01
INFO:root:epoch 1, Episode 134, total_loss: 40.936885833740234, q_loss 38.45030212402344, v_loss 2.486583709716797 ,lr 0.01
INFO:root:epoch 1, Episode 135, total_loss: 116.17289733886719, q_loss 109.36309814453125, v_loss 6.809796333312988 ,lr 0.01
INFO:root:epoch 1, Episode 136, total_loss: 4118.443359375, q_loss 4081.150634765625, v_loss 37.29290008544922 ,lr 0.01
INFO:root:epoch 1, Episode 137, total_loss: 1523.5400390625, q_loss 1511.58740234375, v_loss 11.952584266662598 ,lr 0.01
INFO:root:epoch 1, Episode 138, total_loss: 28.357500076293945, q_loss 16.769254684448242, v_loss 11.588245391845703 ,lr 0.01
INFO:root:epoch 1, Episode 139, total_loss: 1039.882568359375, q_loss 1029.1153564453125, v_loss 10.767203330993652 ,lr 0.01
INFO:root:epoch 1, Episode 140, total_loss: 427.87896728515625, q_loss 423.4628601074219, v_loss 4.416110992431641 ,lr 0.01
INFO:root:epoch 1, Episode 141, total_loss: 20.600658416748047, q_loss 12.567953109741211, v_loss 8.032706260681152 ,lr 0.01
INFO:root:epoch 1, Episode 142, total_loss: 1640.930419921875, q_loss 1629.4427490234375, v_loss 11.487611770629883 ,lr 0.01
INFO:root:epoch 1, Episode 143, total_loss: 427.1407165527344, q_loss 421.8109130859375, v_loss 5.329813003540039 ,lr 0.01
INFO:root:epoch 1, Episode 144, total_loss: 1446.9114990234375, q_loss 1403.677978515625, v_loss 43.23347473144531 ,lr 0.01
INFO:root:epoch 1, Episode 145, total_loss: 1806.5985107421875, q_loss 1790.563720703125, v_loss 16.0347900390625 ,lr 0.01
INFO:root:epoch 1, Episode 146, total_loss: 2667.528076171875, q_loss 2555.663818359375, v_loss 111.86434173583984 ,lr 0.01
INFO:root:epoch 1, Episode 147, total_loss: 1621.3277587890625, q_loss 1593.02197265625, v_loss 28.30582618713379 ,lr 0.01
INFO:root:epoch 1, Episode 148, total_loss: 1318.311767578125, q_loss 1306.0865478515625, v_loss 12.225250244140625 ,lr 0.01
INFO:root:epoch 1, Episode 149, total_loss: 502.62957763671875, q_loss 487.550537109375, v_loss 15.079055786132812 ,lr 0.01
INFO:root:epoch 1, Episode 150, total_loss: 2011.613525390625, q_loss 1995.992431640625, v_loss 15.621098518371582 ,lr 0.01
INFO:root:epoch 1, Episode 151, total_loss: 2316.222412109375, q_loss 2293.040771484375, v_loss 23.1815242767334 ,lr 0.01
INFO:root:epoch 1, Episode 152, total_loss: 1215.807373046875, q_loss 1176.504150390625, v_loss 39.30327224731445 ,lr 0.01
INFO:root:epoch 1, Episode 153, total_loss: 65.48616027832031, q_loss 44.35736846923828, v_loss 21.128795623779297 ,lr 0.01
INFO:root:epoch 1, Episode 154, total_loss: 84.3845443725586, q_loss 80.0128402709961, v_loss 4.371704578399658 ,lr 0.01
INFO:root:epoch 1, Episode 155, total_loss: 92.45862579345703, q_loss 86.92205047607422, v_loss 5.53657341003418 ,lr 0.01
INFO:root:epoch 1, Episode 156, total_loss: 603.8564453125, q_loss 568.8052978515625, v_loss 35.0511474609375 ,lr 0.01
INFO:root:epoch 1, Episode 157, total_loss: 1371.1107177734375, q_loss 1308.92138671875, v_loss 62.18927764892578 ,lr 0.01
INFO:root:epoch 1, Episode 158, total_loss: 157.92745971679688, q_loss 139.75575256347656, v_loss 18.17171287536621 ,lr 0.01
INFO:root:epoch 1, Episode 159, total_loss: 416.01373291015625, q_loss 389.84613037109375, v_loss 26.1676025390625 ,lr 0.01
INFO:root:epoch 1, Episode 160, total_loss: 310.83514404296875, q_loss 295.3674011230469, v_loss 15.467757225036621 ,lr 0.01
INFO:root:epoch 1, Episode 161, total_loss: 16.488815307617188, q_loss 9.931344985961914, v_loss 6.557470321655273 ,lr 0.01
INFO:root:epoch 1, Episode 162, total_loss: 476.2668762207031, q_loss 466.1404113769531, v_loss 10.126472473144531 ,lr 0.01
INFO:root:epoch 1, Episode 163, total_loss: 422.5011901855469, q_loss 415.5066833496094, v_loss 6.994502067565918 ,lr 0.01
INFO:root:epoch 1, Episode 164, total_loss: 4.353147029876709, q_loss 3.4005472660064697, v_loss 0.9525995850563049 ,lr 0.01
INFO:root:epoch 1, Episode 165, total_loss: 289.0907287597656, q_loss 282.0201110839844, v_loss 7.07061767578125 ,lr 0.01
INFO:root:epoch 1, Episode 166, total_loss: 818.32861328125, q_loss 809.8326416015625, v_loss 8.49596118927002 ,lr 0.01
INFO:root:epoch 1, Episode 167, total_loss: 91.86835479736328, q_loss 89.60635375976562, v_loss 2.262000799179077 ,lr 0.01
INFO:root:epoch 1, Episode 168, total_loss: 1629.0809326171875, q_loss 1588.1368408203125, v_loss 40.944034576416016 ,lr 0.01
INFO:root:epoch 1, Episode 169, total_loss: 90.6783676147461, q_loss 80.12008666992188, v_loss 10.558280944824219 ,lr 0.01
INFO:root:epoch 1, Episode 170, total_loss: 32.344364166259766, q_loss 24.758817672729492, v_loss 7.585545539855957 ,lr 0.01
INFO:root:epoch 1, Episode 171, total_loss: 311.0137634277344, q_loss 290.642333984375, v_loss 20.371435165405273 ,lr 0.01
INFO:root:epoch 1, Episode 172, total_loss: 3096.9873046875, q_loss 3048.619873046875, v_loss 48.36738967895508 ,lr 0.01
INFO:root:epoch 1, Episode 173, total_loss: 2064.554443359375, q_loss 2047.8433837890625, v_loss 16.711008071899414 ,lr 0.01
INFO:root:epoch 1, Episode 174, total_loss: 19.215723037719727, q_loss 12.677374839782715, v_loss 6.538348197937012 ,lr 0.01
INFO:root:epoch 1, Episode 175, total_loss: 1602.9349365234375, q_loss 1586.9744873046875, v_loss 15.960495948791504 ,lr 0.01
INFO:root:epoch 1, Episode 176, total_loss: 92.37442779541016, q_loss 82.4259262084961, v_loss 9.948500633239746 ,lr 0.01
INFO:root:epoch 1, Episode 177, total_loss: 1491.52392578125, q_loss 1485.268798828125, v_loss 6.255068778991699 ,lr 0.01
INFO:root:epoch 1, Episode 178, total_loss: 3874.977783203125, q_loss 3683.13037109375, v_loss 191.84750366210938 ,lr 0.01
INFO:root:epoch 1, Episode 179, total_loss: 2866.08544921875, q_loss 2841.12841796875, v_loss 24.956989288330078 ,lr 0.01
INFO:root:epoch 1, Episode 180, total_loss: 16.673288345336914, q_loss 9.386857986450195, v_loss 7.286430835723877 ,lr 0.01
INFO:root:epoch 1, Episode 181, total_loss: 583.6884155273438, q_loss 567.4784545898438, v_loss 16.20994758605957 ,lr 0.01
INFO:root:epoch 1, Episode 182, total_loss: 5.5136308670043945, q_loss 3.9603703022003174, v_loss 1.553260326385498 ,lr 0.01
INFO:root:epoch 1, Episode 183, total_loss: 507.23297119140625, q_loss 502.5245056152344, v_loss 4.708454132080078 ,lr 0.01
INFO:root:epoch 1, Episode 184, total_loss: 557.8534545898438, q_loss 550.7023315429688, v_loss 7.151113986968994 ,lr 0.01
INFO:root:epoch 1, Episode 185, total_loss: 87.35930633544922, q_loss 82.0291519165039, v_loss 5.33015251159668 ,lr 0.01
INFO:root:epoch 1, Episode 186, total_loss: 3211.38623046875, q_loss 3203.49072265625, v_loss 7.895486831665039 ,lr 0.01
INFO:root:epoch 1, Episode 187, total_loss: 449.76190185546875, q_loss 442.07440185546875, v_loss 7.687500953674316 ,lr 0.01
INFO:root:epoch 1, Episode 188, total_loss: 88.04173278808594, q_loss 82.5999526977539, v_loss 5.441782474517822 ,lr 0.01
INFO:root:epoch 1, Episode 189, total_loss: 16.078262329101562, q_loss 14.77249813079834, v_loss 1.3057637214660645 ,lr 0.01
INFO:root:epoch 1, Episode 190, total_loss: 83.46092224121094, q_loss 76.25260162353516, v_loss 7.2083234786987305 ,lr 0.01
INFO:root:epoch 1, Episode 191, total_loss: 589.0188598632812, q_loss 587.8973999023438, v_loss 1.1214655637741089 ,lr 0.01
INFO:root:epoch 1, Episode 192, total_loss: 508.6719055175781, q_loss 505.8912048339844, v_loss 2.7806873321533203 ,lr 0.01
INFO:root:epoch 1, Episode 193, total_loss: 4.4252610206604, q_loss 3.166830539703369, v_loss 1.2584303617477417 ,lr 0.01
INFO:root:epoch 1, Episode 194, total_loss: 1528.029052734375, q_loss 1511.12646484375, v_loss 16.902610778808594 ,lr 0.01
INFO:root:epoch 1, Episode 195, total_loss: 115.89327239990234, q_loss 108.74037170410156, v_loss 7.152900218963623 ,lr 0.01
INFO:root:epoch 1, Episode 196, total_loss: 7.736717224121094, q_loss 4.543286323547363, v_loss 3.1934306621551514 ,lr 0.01
INFO:root:epoch 1, Episode 197, total_loss: 266.38189697265625, q_loss 262.8017578125, v_loss 3.5801429748535156 ,lr 0.01
INFO:root:epoch 1, Episode 198, total_loss: 520.0650634765625, q_loss 518.5697631835938, v_loss 1.4953210353851318 ,lr 0.01
INFO:root:epoch 1, Episode 199, total_loss: 3109.362060546875, q_loss 3103.928955078125, v_loss 5.433128833770752 ,lr 0.01
INFO:root:epoch 1, Episode 200, total_loss: 333.5654296875, q_loss 331.7694396972656, v_loss 1.795983076095581 ,lr 0.01
INFO:root:epoch 1, Episode 201, total_loss: 1717.197265625, q_loss 1709.5189208984375, v_loss 7.678377151489258 ,lr 0.01
INFO:root:epoch 1, Episode 202, total_loss: 119.88013458251953, q_loss 116.85918426513672, v_loss 3.020948648452759 ,lr 0.01
INFO:root:epoch 1, Episode 203, total_loss: 128.2940673828125, q_loss 126.11073303222656, v_loss 2.1833300590515137 ,lr 0.01
INFO:root:epoch 1, Episode 204, total_loss: 4181.14990234375, q_loss 4180.29052734375, v_loss 0.8592742085456848 ,lr 0.01
INFO:root:epoch 1, Episode 205, total_loss: 684.234375, q_loss 683.269775390625, v_loss 0.9646182060241699 ,lr 0.01
INFO:root:epoch 1, Episode 206, total_loss: 274.5602111816406, q_loss 272.50946044921875, v_loss 2.0507607460021973 ,lr 0.01
INFO:root:epoch 1, Episode 207, total_loss: 4065.475341796875, q_loss 4060.60009765625, v_loss 4.8751325607299805 ,lr 0.01
INFO:root:epoch 1, Episode 208, total_loss: 1261.9534912109375, q_loss 1259.030029296875, v_loss 2.9234962463378906 ,lr 0.01
INFO:root:epoch 1, Episode 209, total_loss: 81.69300842285156, q_loss 79.81413269042969, v_loss 1.8788762092590332 ,lr 0.01
INFO:root:epoch 1, Episode 210, total_loss: 2201.917236328125, q_loss 2168.073974609375, v_loss 33.84320068359375 ,lr 0.01
INFO:root:epoch 1, Episode 211, total_loss: 3653.749267578125, q_loss 3652.243896484375, v_loss 1.5053514242172241 ,lr 0.01
INFO:root:epoch 1, Episode 212, total_loss: 200.90614318847656, q_loss 194.85987854003906, v_loss 6.046261310577393 ,lr 0.01
INFO:root:epoch 1, Episode 213, total_loss: 3506.844482421875, q_loss 3492.162841796875, v_loss 14.681618690490723 ,lr 0.01
INFO:root:epoch 1, Episode 214, total_loss: 27.773256301879883, q_loss 17.088348388671875, v_loss 10.684907913208008 ,lr 0.01
INFO:root:epoch 1, Episode 215, total_loss: 552.0006103515625, q_loss 478.27520751953125, v_loss 73.72540283203125 ,lr 0.01
INFO:root:epoch 1, Episode 216, total_loss: 494.5093994140625, q_loss 423.0743103027344, v_loss 71.43508911132812 ,lr 0.01
INFO:root:epoch 1, Episode 217, total_loss: 986.6139526367188, q_loss 957.5518188476562, v_loss 29.06214714050293 ,lr 0.01
INFO:root:epoch 1, Episode 218, total_loss: 2006.6802978515625, q_loss 1952.81640625, v_loss 53.8638916015625 ,lr 0.01
INFO:root:epoch 1, Episode 219, total_loss: 1805.305419921875, q_loss 1779.7806396484375, v_loss 25.524784088134766 ,lr 0.01
INFO:root:epoch 1, Episode 220, total_loss: 76.75293731689453, q_loss 73.27517700195312, v_loss 3.477757215499878 ,lr 0.01
INFO:root:epoch 1, Episode 221, total_loss: 34.72416687011719, q_loss 19.465843200683594, v_loss 15.258322715759277 ,lr 0.01
INFO:root:epoch 1, Episode 222, total_loss: 330.249267578125, q_loss 324.37945556640625, v_loss 5.8698225021362305 ,lr 0.01
INFO:root:epoch 1, Episode 223, total_loss: 1330.263671875, q_loss 1313.10205078125, v_loss 17.161590576171875 ,lr 0.01
INFO:root:epoch 1, Episode 224, total_loss: 1592.58203125, q_loss 1575.2708740234375, v_loss 17.311185836791992 ,lr 0.01
INFO:root:epoch 1, Episode 225, total_loss: 178.77456665039062, q_loss 164.79164123535156, v_loss 13.98292064666748 ,lr 0.01
INFO:root:epoch 1, Episode 226, total_loss: 378.9777526855469, q_loss 369.9515686035156, v_loss 9.02617359161377 ,lr 0.01
INFO:root:epoch 1, Episode 227, total_loss: 327.08575439453125, q_loss 315.6438903808594, v_loss 11.441874504089355 ,lr 0.01
INFO:root:epoch 1, Episode 228, total_loss: 469.5290832519531, q_loss 437.4140625, v_loss 32.11503219604492 ,lr 0.01
INFO:root:epoch 1, Episode 229, total_loss: 107.50311279296875, q_loss 92.54979705810547, v_loss 14.953317642211914 ,lr 0.01
INFO:root:epoch 1, Episode 230, total_loss: 86.53399658203125, q_loss 76.28597259521484, v_loss 10.248025894165039 ,lr 0.01
INFO:root:epoch 1, Episode 231, total_loss: 162.52651977539062, q_loss 161.39393615722656, v_loss 1.132587194442749 ,lr 0.01
INFO:root:epoch 1, Episode 232, total_loss: 159.234619140625, q_loss 158.05157470703125, v_loss 1.1830447912216187 ,lr 0.01
INFO:root:epoch 1, Episode 233, total_loss: 1878.940185546875, q_loss 1872.36669921875, v_loss 6.573446750640869 ,lr 0.01
INFO:root:epoch 1, Episode 234, total_loss: 8.213890075683594, q_loss 5.71740198135376, v_loss 2.496488332748413 ,lr 0.01
INFO:root:epoch 1, Episode 235, total_loss: 992.7576904296875, q_loss 989.7225952148438, v_loss 3.0350892543792725 ,lr 0.01
INFO:root:epoch 1, Episode 236, total_loss: 338.0207824707031, q_loss 325.8572082519531, v_loss 12.163579940795898 ,lr 0.01
INFO:root:epoch 1, Episode 237, total_loss: 185.80792236328125, q_loss 182.87864685058594, v_loss 2.929274797439575 ,lr 0.01
INFO:root:epoch 1, Episode 238, total_loss: 142.15261840820312, q_loss 140.2455596923828, v_loss 1.907065987586975 ,lr 0.01
INFO:root:epoch 1, Episode 239, total_loss: 629.5838623046875, q_loss 621.9992065429688, v_loss 7.584627628326416 ,lr 0.01
INFO:root:epoch 1, Episode 240, total_loss: 233.66070556640625, q_loss 229.16555786132812, v_loss 4.495155334472656 ,lr 0.01
INFO:root:epoch 1, Episode 241, total_loss: 153.04388427734375, q_loss 148.94119262695312, v_loss 4.102697849273682 ,lr 0.01
INFO:root:epoch 1, Episode 242, total_loss: 27.884000778198242, q_loss 17.891246795654297, v_loss 9.992753982543945 ,lr 0.01
INFO:root:epoch 1, Episode 243, total_loss: 1624.58056640625, q_loss 1609.6668701171875, v_loss 14.913671493530273 ,lr 0.01
INFO:root:epoch 1, Episode 244, total_loss: 290.23138427734375, q_loss 277.3161926269531, v_loss 12.915181159973145 ,lr 0.01
INFO:root:epoch 1, Episode 245, total_loss: 203.7185516357422, q_loss 192.41934204101562, v_loss 11.299212455749512 ,lr 0.01
INFO:root:epoch 1, Episode 246, total_loss: 341.04931640625, q_loss 335.48712158203125, v_loss 5.562187194824219 ,lr 0.01
INFO:root:epoch 1, Episode 247, total_loss: 9.763219833374023, q_loss 6.229823112487793, v_loss 3.5333964824676514 ,lr 0.01
INFO:root:epoch 1, Episode 248, total_loss: 449.2960510253906, q_loss 434.29248046875, v_loss 15.003582000732422 ,lr 0.01
INFO:root:epoch 1, Episode 249, total_loss: 272.3069763183594, q_loss 267.5469665527344, v_loss 4.760013580322266 ,lr 0.01
INFO:root:epoch 1, Episode 250, total_loss: 6.6883158683776855, q_loss 4.825328826904297, v_loss 1.8629870414733887 ,lr 0.01
INFO:root:epoch 1, Episode 251, total_loss: 2300.046142578125, q_loss 2296.379638671875, v_loss 3.6664912700653076 ,lr 0.01
INFO:root:epoch 1, Episode 252, total_loss: 448.5537109375, q_loss 445.4885559082031, v_loss 3.065150260925293 ,lr 0.01
INFO:root:epoch 1, Episode 253, total_loss: 2398.5625, q_loss 2396.04345703125, v_loss 2.5191216468811035 ,lr 0.01
INFO:root:epoch 1, Episode 254, total_loss: 75.95221710205078, q_loss 70.9914779663086, v_loss 4.9607367515563965 ,lr 0.01
INFO:root:epoch 1, Episode 255, total_loss: 490.8532409667969, q_loss 476.9403381347656, v_loss 13.912898063659668 ,lr 0.01
INFO:root:epoch 1, Episode 256, total_loss: 273.67022705078125, q_loss 267.95318603515625, v_loss 5.717034339904785 ,lr 0.01
INFO:root:epoch 1, Episode 257, total_loss: 666.9537353515625, q_loss 657.595947265625, v_loss 9.357780456542969 ,lr 0.01
INFO:root:epoch 1, Episode 258, total_loss: 280.2608947753906, q_loss 277.1076965332031, v_loss 3.1531925201416016 ,lr 0.01
INFO:root:epoch 1, Episode 259, total_loss: 4682.4208984375, q_loss 4680.267578125, v_loss 2.153444290161133 ,lr 0.01
INFO:root:epoch 1, Episode 260, total_loss: 64.12345123291016, q_loss 63.201229095458984, v_loss 0.9222217202186584 ,lr 0.01
INFO:root:epoch 1, Episode 261, total_loss: 237.40472412109375, q_loss 234.1104278564453, v_loss 3.2943015098571777 ,lr 0.01
INFO:root:epoch 1, Episode 262, total_loss: 1186.6893310546875, q_loss 1163.7178955078125, v_loss 22.971391677856445 ,lr 0.01
INFO:root:epoch 1, Episode 263, total_loss: 17.101703643798828, q_loss 10.160688400268555, v_loss 6.941015720367432 ,lr 0.01
INFO:root:epoch 1, Episode 264, total_loss: 386.5702819824219, q_loss 373.3833312988281, v_loss 13.186941146850586 ,lr 0.01
INFO:root:epoch 1, Episode 265, total_loss: 220.39320373535156, q_loss 205.43743896484375, v_loss 14.955766677856445 ,lr 0.01
INFO:root:epoch 1, Episode 266, total_loss: 578.67333984375, q_loss 551.6412963867188, v_loss 27.032066345214844 ,lr 0.01
INFO:root:epoch 1, Episode 267, total_loss: 17.775333404541016, q_loss 10.785844802856445, v_loss 6.989489555358887 ,lr 0.01
INFO:root:epoch 1, Episode 268, total_loss: 667.6312866210938, q_loss 644.198486328125, v_loss 23.432798385620117 ,lr 0.01
INFO:root:epoch 1, Episode 269, total_loss: 3973.18798828125, q_loss 3961.222900390625, v_loss 11.96519660949707 ,lr 0.01
INFO:root:epoch 1, Episode 270, total_loss: 1561.242919921875, q_loss 1558.9373779296875, v_loss 2.305485486984253 ,lr 0.01
INFO:root:epoch 1, Episode 271, total_loss: 845.6935424804688, q_loss 844.7827758789062, v_loss 0.9107936024665833 ,lr 0.01
INFO:root:epoch 1, Episode 272, total_loss: 12.793283462524414, q_loss 10.526389122009277, v_loss 2.2668941020965576 ,lr 0.01
INFO:root:epoch 1, Episode 273, total_loss: 699.0377197265625, q_loss 692.3346557617188, v_loss 6.703048229217529 ,lr 0.01
INFO:root:epoch 1, Episode 274, total_loss: 1221.61083984375, q_loss 1220.798828125, v_loss 0.8120293021202087 ,lr 0.01
INFO:root:epoch 1, Episode 275, total_loss: 1077.999755859375, q_loss 1076.529052734375, v_loss 1.4706701040267944 ,lr 0.01
INFO:root:epoch 1, Episode 276, total_loss: 124.22740173339844, q_loss 121.2054443359375, v_loss 3.0219545364379883 ,lr 0.01
INFO:root:epoch 1, Episode 277, total_loss: 1601.5455322265625, q_loss 1540.3414306640625, v_loss 61.20412063598633 ,lr 0.01
INFO:root:epoch 1, Episode 278, total_loss: 635.9029541015625, q_loss 629.2420654296875, v_loss 6.660904884338379 ,lr 0.01
INFO:root:epoch 1, Episode 279, total_loss: 1151.832763671875, q_loss 1148.0093994140625, v_loss 3.8234074115753174 ,lr 0.01
INFO:root:epoch 1, Episode 280, total_loss: 159.06654357910156, q_loss 152.33038330078125, v_loss 6.736163139343262 ,lr 0.01
INFO:root:epoch 1, Episode 281, total_loss: 3.709625005722046, q_loss 3.413466691970825, v_loss 0.29615822434425354 ,lr 0.01
INFO:root:epoch 1, Episode 282, total_loss: 360.3301696777344, q_loss 357.6812744140625, v_loss 2.648880958557129 ,lr 0.01
INFO:root:epoch 1, Episode 283, total_loss: 4006.689208984375, q_loss 3990.802734375, v_loss 15.886401176452637 ,lr 0.01
INFO:root:epoch 1, Episode 284, total_loss: 1505.788330078125, q_loss 1504.4595947265625, v_loss 1.3287577629089355 ,lr 0.01
INFO:root:epoch 1, Episode 285, total_loss: 484.01776123046875, q_loss 483.21478271484375, v_loss 0.8029801249504089 ,lr 0.01
INFO:root:epoch 1, Episode 286, total_loss: 72.08878326416016, q_loss 64.02360534667969, v_loss 8.065176963806152 ,lr 0.01
INFO:root:epoch 1, Episode 287, total_loss: 14.025233268737793, q_loss 13.38036060333252, v_loss 0.6448730826377869 ,lr 0.01
INFO:root:epoch 1, Episode 288, total_loss: 2030.286865234375, q_loss 2006.1982421875, v_loss 24.088647842407227 ,lr 0.01
INFO:root:epoch 1, Episode 289, total_loss: 517.66455078125, q_loss 507.84979248046875, v_loss 9.814777374267578 ,lr 0.01
INFO:root:epoch 1, Episode 290, total_loss: 264.415283203125, q_loss 259.486328125, v_loss 4.928967475891113 ,lr 0.01
INFO:root:epoch 1, Episode 291, total_loss: 203.2947998046875, q_loss 199.7012939453125, v_loss 3.593501329421997 ,lr 0.01
INFO:root:epoch 1, Episode 292, total_loss: 69.87353515625, q_loss 69.51368713378906, v_loss 0.3598508834838867 ,lr 0.01
INFO:root:epoch 1, Episode 293, total_loss: 1351.0052490234375, q_loss 1341.392822265625, v_loss 9.612397193908691 ,lr 0.01
INFO:root:epoch 1, Episode 294, total_loss: 11.194440841674805, q_loss 6.935553073883057, v_loss 4.258888244628906 ,lr 0.01
INFO:root:epoch 1, Episode 295, total_loss: 430.0787353515625, q_loss 406.6527404785156, v_loss 23.425983428955078 ,lr 0.01
INFO:root:epoch 1, Episode 296, total_loss: 11.41512680053711, q_loss 6.765495300292969, v_loss 4.649631977081299 ,lr 0.01
INFO:root:epoch 1, Episode 297, total_loss: 1017.7006225585938, q_loss 1005.1902465820312, v_loss 12.51037311553955 ,lr 0.01
INFO:root:epoch 1, Episode 298, total_loss: 322.05218505859375, q_loss 308.6224670410156, v_loss 13.429731369018555 ,lr 0.01
INFO:root:epoch 1, Episode 299, total_loss: 3899.916015625, q_loss 3898.77294921875, v_loss 1.1430537700653076 ,lr 0.01
INFO:root:epoch 1, Episode 300, total_loss: 21.281126022338867, q_loss 15.5982084274292, v_loss 5.682917594909668 ,lr 0.01
INFO:root:epoch 1, Episode 301, total_loss: 299.0458068847656, q_loss 290.6871643066406, v_loss 8.358638763427734 ,lr 0.01
INFO:root:epoch 1, Episode 302, total_loss: 567.7099609375, q_loss 564.12939453125, v_loss 3.5805771350860596 ,lr 0.01
INFO:root:epoch 1, Episode 303, total_loss: 260.1769104003906, q_loss 255.56179809570312, v_loss 4.615107536315918 ,lr 0.01
INFO:root:epoch 1, Episode 304, total_loss: 11.422774314880371, q_loss 10.411823272705078, v_loss 1.0109513998031616 ,lr 0.01
INFO:root:epoch 1, Episode 305, total_loss: 392.5760803222656, q_loss 387.26971435546875, v_loss 5.306352138519287 ,lr 0.01
INFO:root:epoch 1, Episode 306, total_loss: 894.76123046875, q_loss 893.4559326171875, v_loss 1.305293321609497 ,lr 0.01
INFO:root:epoch 1, Episode 307, total_loss: 107.75072479248047, q_loss 107.16889953613281, v_loss 0.5818225741386414 ,lr 0.01
INFO:root:epoch 1, Episode 308, total_loss: 130.57540893554688, q_loss 129.51583862304688, v_loss 1.0595697164535522 ,lr 0.01
INFO:root:epoch 1, Episode 309, total_loss: 278.2920227050781, q_loss 272.765869140625, v_loss 5.526154518127441 ,lr 0.01
INFO:root:epoch 1, Episode 310, total_loss: 958.9564819335938, q_loss 955.660888671875, v_loss 3.295584201812744 ,lr 0.01
INFO:root:epoch 1, Episode 311, total_loss: 94.78714752197266, q_loss 93.9912109375, v_loss 0.7959333062171936 ,lr 0.01
INFO:root:epoch 1, Episode 312, total_loss: 5.078421592712402, q_loss 3.361945390701294, v_loss 1.716476321220398 ,lr 0.01
INFO:root:epoch 1, Episode 313, total_loss: 197.58929443359375, q_loss 195.24095153808594, v_loss 2.3483376502990723 ,lr 0.01
INFO:root:epoch 1, Episode 314, total_loss: 2871.74365234375, q_loss 2861.596435546875, v_loss 10.147165298461914 ,lr 0.01
INFO:root:epoch 1, Episode 315, total_loss: 629.2030639648438, q_loss 627.4509887695312, v_loss 1.7520887851715088 ,lr 0.01
INFO:root:epoch 1, Episode 316, total_loss: 2.9686837196350098, q_loss 2.6545510292053223, v_loss 0.3141326308250427 ,lr 0.01
INFO:root:epoch 1, Episode 317, total_loss: 426.0248718261719, q_loss 425.83221435546875, v_loss 0.19266918301582336 ,lr 0.01
INFO:root:epoch 1, Episode 318, total_loss: 141.34844970703125, q_loss 140.72056579589844, v_loss 0.6278831958770752 ,lr 0.01
INFO:root:epoch 1, Episode 319, total_loss: 411.8227233886719, q_loss 410.0771179199219, v_loss 1.745591163635254 ,lr 0.01
INFO:root:epoch 1, Episode 320, total_loss: 149.90101623535156, q_loss 146.92726135253906, v_loss 2.973747491836548 ,lr 0.01
INFO:root:epoch 1, Episode 321, total_loss: 363.402587890625, q_loss 362.6014709472656, v_loss 0.8011064529418945 ,lr 0.01
INFO:root:epoch 1, Episode 322, total_loss: 130.02391052246094, q_loss 128.6342010498047, v_loss 1.3897082805633545 ,lr 0.01
INFO:root:epoch 1, Episode 323, total_loss: 5763.61865234375, q_loss 5760.87744140625, v_loss 2.7413718700408936 ,lr 0.01
INFO:root:epoch 1, Episode 324, total_loss: 163.85858154296875, q_loss 163.04592895507812, v_loss 0.8126512169837952 ,lr 0.01
INFO:root:epoch 1, Episode 325, total_loss: 5.290200710296631, q_loss 4.836302280426025, v_loss 0.453898549079895 ,lr 0.01
INFO:root:epoch 1, Episode 326, total_loss: 653.2614135742188, q_loss 652.4760131835938, v_loss 0.7854079604148865 ,lr 0.01
INFO:root:epoch 1, Episode 327, total_loss: 298.8032531738281, q_loss 297.5250549316406, v_loss 1.2782026529312134 ,lr 0.01
INFO:root:epoch 1, Episode 328, total_loss: 1465.149169921875, q_loss 1464.04296875, v_loss 1.1062248945236206 ,lr 0.01
INFO:root:epoch 1, Episode 329, total_loss: 792.9203491210938, q_loss 787.9376220703125, v_loss 4.982747554779053 ,lr 0.01
INFO:root:epoch 1, Episode 330, total_loss: 2.8355376720428467, q_loss 2.6124513149261475, v_loss 0.2230864018201828 ,lr 0.01
INFO:root:epoch 1, Episode 331, total_loss: 64.97093963623047, q_loss 63.14083480834961, v_loss 1.8301023244857788 ,lr 0.01
INFO:root:epoch 1, Episode 332, total_loss: 562.1464233398438, q_loss 558.6583862304688, v_loss 3.4880125522613525 ,lr 0.01
INFO:root:epoch 1, Episode 333, total_loss: 1081.5753173828125, q_loss 1081.35302734375, v_loss 0.22223813831806183 ,lr 0.01
INFO:root:epoch 1, Episode 334, total_loss: 3256.566162109375, q_loss 3255.072265625, v_loss 1.493972659111023 ,lr 0.01
INFO:root:epoch 1, Episode 335, total_loss: 2785.515869140625, q_loss 2777.11083984375, v_loss 8.405128479003906 ,lr 0.01
INFO:root:epoch 1, Episode 336, total_loss: 1230.87548828125, q_loss 1229.6265869140625, v_loss 1.2488740682601929 ,lr 0.01
INFO:root:epoch 1, Episode 337, total_loss: 3.8932459354400635, q_loss 3.7007408142089844, v_loss 0.19250519573688507 ,lr 0.01
INFO:root:epoch 1, Episode 338, total_loss: 997.251953125, q_loss 995.6194458007812, v_loss 1.632528305053711 ,lr 0.01
INFO:root:epoch 1, Episode 339, total_loss: 130.97752380371094, q_loss 130.89622497558594, v_loss 0.08130122721195221 ,lr 0.01
INFO:root:epoch 1, Episode 340, total_loss: 1333.0059814453125, q_loss 1330.822265625, v_loss 2.183663845062256 ,lr 0.01
INFO:root:epoch 1, Episode 341, total_loss: 1298.095947265625, q_loss 1297.3720703125, v_loss 0.7239356637001038 ,lr 0.01
INFO:root:epoch 1, Episode 342, total_loss: 1285.72998046875, q_loss 1283.2376708984375, v_loss 2.4923179149627686 ,lr 0.01
INFO:root:epoch 1, Episode 343, total_loss: 4.1743974685668945, q_loss 3.3438708782196045, v_loss 0.8305268287658691 ,lr 0.01
INFO:root:epoch 1, Episode 344, total_loss: 3027.12353515625, q_loss 3007.026611328125, v_loss 20.096908569335938 ,lr 0.01
INFO:root:epoch 1, Episode 345, total_loss: 248.87025451660156, q_loss 247.79737854003906, v_loss 1.0728797912597656 ,lr 0.01
INFO:root:epoch 1, Episode 346, total_loss: 2621.119140625, q_loss 2620.435791015625, v_loss 0.6832556128501892 ,lr 0.01
INFO:root:epoch 1, Episode 347, total_loss: 1796.7633056640625, q_loss 1790.277587890625, v_loss 6.485681056976318 ,lr 0.01
INFO:root:epoch 1, Episode 348, total_loss: 3.2890713214874268, q_loss 2.867973804473877, v_loss 0.42109742760658264 ,lr 0.01
INFO:root:epoch 1, Episode 349, total_loss: 523.1174926757812, q_loss 517.5514526367188, v_loss 5.566020965576172 ,lr 0.01
INFO:root:epoch 1, Episode 350, total_loss: 567.4208374023438, q_loss 562.7173461914062, v_loss 4.7035136222839355 ,lr 0.01
INFO:root:epoch 1, Episode 351, total_loss: 147.26019287109375, q_loss 141.8220672607422, v_loss 5.4381303787231445 ,lr 0.01
INFO:root:epoch 1, Episode 352, total_loss: 261.8814697265625, q_loss 254.84713745117188, v_loss 7.034331321716309 ,lr 0.01
INFO:root:epoch 1, Episode 353, total_loss: 3162.658203125, q_loss 3155.23193359375, v_loss 7.426286220550537 ,lr 0.01
INFO:root:epoch 1, Episode 354, total_loss: 615.099609375, q_loss 610.0242919921875, v_loss 5.075336456298828 ,lr 0.01
INFO:root:epoch 1, Episode 355, total_loss: 254.36526489257812, q_loss 254.0599822998047, v_loss 0.3052850663661957 ,lr 0.01
INFO:root:epoch 1, Episode 356, total_loss: 1054.453369140625, q_loss 1016.6231689453125, v_loss 37.83020782470703 ,lr 0.01
INFO:root:epoch 1, Episode 357, total_loss: 1303.334716796875, q_loss 1255.1016845703125, v_loss 48.23302459716797 ,lr 0.01
INFO:root:epoch 1, Episode 358, total_loss: 394.6928405761719, q_loss 390.57318115234375, v_loss 4.119655609130859 ,lr 0.01
INFO:root:epoch 1, Episode 359, total_loss: 1294.656005859375, q_loss 1291.2694091796875, v_loss 3.3865694999694824 ,lr 0.01
INFO:root:epoch 1, Episode 360, total_loss: 2608.58251953125, q_loss 2576.463623046875, v_loss 32.11878204345703 ,lr 0.01
INFO:root:epoch 1, Episode 361, total_loss: 524.0634765625, q_loss 502.336181640625, v_loss 21.72731590270996 ,lr 0.01
INFO:root:epoch 1, Episode 362, total_loss: 177.7587890625, q_loss 171.75747680664062, v_loss 6.001304626464844 ,lr 0.01
INFO:root:epoch 1, Episode 363, total_loss: 279.57940673828125, q_loss 271.5111999511719, v_loss 8.068219184875488 ,lr 0.01
INFO:root:epoch 1, Episode 364, total_loss: 486.5323181152344, q_loss 485.156005859375, v_loss 1.3763025999069214 ,lr 0.01
INFO:root:epoch 1, Episode 365, total_loss: 1323.2198486328125, q_loss 1316.387451171875, v_loss 6.832450866699219 ,lr 0.01
INFO:root:epoch 1, Episode 366, total_loss: 1525.18408203125, q_loss 1516.61572265625, v_loss 8.568341255187988 ,lr 0.01
INFO:root:epoch 1, Episode 367, total_loss: 1978.83154296875, q_loss 1818.6689453125, v_loss 160.16259765625 ,lr 0.01
INFO:root:epoch 1, Episode 368, total_loss: 156.6195831298828, q_loss 156.0812530517578, v_loss 0.5383358597755432 ,lr 0.01
INFO:root:epoch 1, Episode 369, total_loss: 88.24385833740234, q_loss 81.43328857421875, v_loss 6.810572624206543 ,lr 0.01
INFO:root:epoch 1, Episode 370, total_loss: 106.14393615722656, q_loss 100.99016571044922, v_loss 5.153773784637451 ,lr 0.01
INFO:root:epoch 1, Episode 371, total_loss: 46.92429733276367, q_loss 26.964492797851562, v_loss 19.95980453491211 ,lr 0.01
INFO:root:epoch 1, Episode 372, total_loss: 345.0696716308594, q_loss 344.5591125488281, v_loss 0.5105578303337097 ,lr 0.01
INFO:root:epoch 1, Episode 373, total_loss: 27.838481903076172, q_loss 14.745179176330566, v_loss 13.093303680419922 ,lr 0.01
INFO:root:epoch 1, Episode 374, total_loss: 1505.966796875, q_loss 1503.675048828125, v_loss 2.291754722595215 ,lr 0.01
INFO:root:epoch 1, Episode 375, total_loss: 215.5048828125, q_loss 151.5147247314453, v_loss 63.990150451660156 ,lr 0.01
INFO:root:epoch 1, Episode 376, total_loss: 1682.370361328125, q_loss 1502.1131591796875, v_loss 180.2572021484375 ,lr 0.01
INFO:root:epoch 1, Episode 377, total_loss: 703.5772094726562, q_loss 701.953369140625, v_loss 1.6238155364990234 ,lr 0.01
INFO:root:epoch 1, Episode 378, total_loss: 88.18035125732422, q_loss 84.26654815673828, v_loss 3.91379976272583 ,lr 0.01
INFO:root:epoch 1, Episode 379, total_loss: 31.13416290283203, q_loss 19.59050178527832, v_loss 11.543662071228027 ,lr 0.01
INFO:root:epoch 1, Episode 380, total_loss: 147.98001098632812, q_loss 107.73953247070312, v_loss 40.240474700927734 ,lr 0.01
INFO:root:epoch 1, Episode 381, total_loss: 127.82747650146484, q_loss 117.66199493408203, v_loss 10.165481567382812 ,lr 0.01
INFO:root:epoch 1, Episode 382, total_loss: 3557.01708984375, q_loss 3510.27685546875, v_loss 46.74031066894531 ,lr 0.01
INFO:root:epoch 1, Episode 383, total_loss: 1726.552734375, q_loss 1658.8123779296875, v_loss 67.74037170410156 ,lr 0.01
INFO:root:epoch 1, Episode 384, total_loss: 69.58784484863281, q_loss 38.24329376220703, v_loss 31.344554901123047 ,lr 0.01
INFO:root:epoch 1, Episode 385, total_loss: 461.1722106933594, q_loss 430.91448974609375, v_loss 30.257713317871094 ,lr 0.01
INFO:root:epoch 1, Episode 386, total_loss: 4.491241931915283, q_loss 3.4825618267059326, v_loss 1.008679986000061 ,lr 0.01
INFO:root:epoch 1, Episode 387, total_loss: 1166.2823486328125, q_loss 1137.8095703125, v_loss 28.472806930541992 ,lr 0.01
INFO:root:epoch 1, Episode 388, total_loss: 726.015869140625, q_loss 715.2727661132812, v_loss 10.74309253692627 ,lr 0.01
INFO:root:epoch 1, Episode 389, total_loss: 261.6893005371094, q_loss 259.5270080566406, v_loss 2.1622798442840576 ,lr 0.01
INFO:root:epoch 1, Episode 390, total_loss: 12.334489822387695, q_loss 8.771729469299316, v_loss 3.562760591506958 ,lr 0.01
INFO:root:epoch 1, Episode 391, total_loss: 5315.6708984375, q_loss 5300.154296875, v_loss 15.51679515838623 ,lr 0.01
INFO:root:epoch 1, Episode 392, total_loss: 292.45751953125, q_loss 280.78173828125, v_loss 11.675787925720215 ,lr 0.01
INFO:root:epoch 1, Episode 393, total_loss: 14.596943855285645, q_loss 8.552854537963867, v_loss 6.044089317321777 ,lr 0.01
INFO:root:epoch 1, Episode 394, total_loss: 211.5396728515625, q_loss 209.9033660888672, v_loss 1.6363122463226318 ,lr 0.01
INFO:root:epoch 1, Episode 395, total_loss: 2318.9404296875, q_loss 2310.349853515625, v_loss 8.590503692626953 ,lr 0.01
INFO:root:epoch 1, Episode 396, total_loss: 82.21371459960938, q_loss 79.28163146972656, v_loss 2.932082176208496 ,lr 0.01
INFO:root:epoch 1, Episode 397, total_loss: 4176.78662109375, q_loss 4171.9814453125, v_loss 4.805354595184326 ,lr 0.01
INFO:root:epoch 1, Episode 398, total_loss: 110.09747314453125, q_loss 108.45761108398438, v_loss 1.6398600339889526 ,lr 0.01
INFO:root:epoch 1, Episode 399, total_loss: 4.641711711883545, q_loss 3.6095480918884277, v_loss 1.0321636199951172 ,lr 0.01
INFO:root:epoch 1, Episode 400, total_loss: 1818.4891357421875, q_loss 1799.4539794921875, v_loss 19.035200119018555 ,lr 0.01
INFO:root:epoch 1, Episode 401, total_loss: 306.51641845703125, q_loss 300.5403137207031, v_loss 5.976105213165283 ,lr 0.01
INFO:root:epoch 1, Episode 402, total_loss: 368.1262512207031, q_loss 356.26568603515625, v_loss 11.86055850982666 ,lr 0.01
INFO:root:epoch 1, Episode 403, total_loss: 1212.5013427734375, q_loss 1194.286376953125, v_loss 18.21492576599121 ,lr 0.01
INFO:root:epoch 1, Episode 404, total_loss: 185.22845458984375, q_loss 170.42135620117188, v_loss 14.807100296020508 ,lr 0.01
INFO:root:epoch 1, Episode 405, total_loss: 79.93202209472656, q_loss 73.31610107421875, v_loss 6.615920543670654 ,lr 0.01
INFO:root:epoch 1, Episode 406, total_loss: 583.9390258789062, q_loss 551.4987182617188, v_loss 32.4403190612793 ,lr 0.01
INFO:root:epoch 1, Episode 407, total_loss: 227.14598083496094, q_loss 211.7281036376953, v_loss 15.417882919311523 ,lr 0.01
INFO:root:epoch 1, Episode 408, total_loss: 1534.0926513671875, q_loss 1525.7020263671875, v_loss 8.39067554473877 ,lr 0.01
INFO:root:epoch 1, Episode 409, total_loss: 1264.2132568359375, q_loss 1252.90234375, v_loss 11.310877799987793 ,lr 0.01
INFO:root:epoch 1, Episode 410, total_loss: 78.50311279296875, q_loss 76.72034454345703, v_loss 1.7827662229537964 ,lr 0.01
INFO:root:epoch 1, Episode 411, total_loss: 231.83767700195312, q_loss 228.44039916992188, v_loss 3.397275447845459 ,lr 0.01
INFO:root:epoch 1, Episode 412, total_loss: 65.02400970458984, q_loss 64.9622802734375, v_loss 0.061731673777103424 ,lr 0.01
INFO:root:epoch 1, Episode 413, total_loss: 110.66629028320312, q_loss 108.33537292480469, v_loss 2.3309168815612793 ,lr 0.01
INFO:root:epoch 1, Episode 414, total_loss: 309.430908203125, q_loss 308.8758239746094, v_loss 0.5550963282585144 ,lr 0.01
INFO:root:epoch 1, Episode 415, total_loss: 1194.4686279296875, q_loss 1175.829833984375, v_loss 18.638763427734375 ,lr 0.01
INFO:root:epoch 1, Episode 416, total_loss: 1362.230712890625, q_loss 1356.8076171875, v_loss 5.423035621643066 ,lr 0.01
INFO:root:epoch 1, Episode 417, total_loss: 1251.11962890625, q_loss 1248.9144287109375, v_loss 2.2052576541900635 ,lr 0.01
INFO:root:epoch 1, Episode 418, total_loss: 1217.185546875, q_loss 1211.4368896484375, v_loss 5.748606204986572 ,lr 0.01
INFO:root:epoch 1, Episode 419, total_loss: 93.07715606689453, q_loss 92.90107727050781, v_loss 0.17607562243938446 ,lr 0.01
INFO:root:epoch 1, Episode 420, total_loss: 1498.1591796875, q_loss 1496.0511474609375, v_loss 2.1080548763275146 ,lr 0.01
INFO:root:epoch 1, Episode 421, total_loss: 175.70944213867188, q_loss 173.42405700683594, v_loss 2.2853827476501465 ,lr 0.01
INFO:root:epoch 1, Episode 422, total_loss: 6.665539264678955, q_loss 4.6167449951171875, v_loss 2.0487942695617676 ,lr 0.01
INFO:root:epoch 1, Episode 423, total_loss: 662.4760131835938, q_loss 661.384033203125, v_loss 1.0919731855392456 ,lr 0.01
INFO:root:epoch 1, Episode 424, total_loss: 621.0595092773438, q_loss 584.9247436523438, v_loss 36.1347770690918 ,lr 0.01
INFO:root:epoch 1, Episode 425, total_loss: 179.88275146484375, q_loss 171.55926513671875, v_loss 8.323485374450684 ,lr 0.01
INFO:root:epoch 1, Episode 426, total_loss: 69.96308898925781, q_loss 64.56867980957031, v_loss 5.394412994384766 ,lr 0.01
INFO:root:epoch 1, Episode 427, total_loss: 360.5767822265625, q_loss 357.988525390625, v_loss 2.588250160217285 ,lr 0.01
INFO:root:epoch 1, Episode 428, total_loss: 85.76786804199219, q_loss 83.61488342285156, v_loss 2.152981758117676 ,lr 0.01
INFO:root:epoch 1, Episode 429, total_loss: 2160.266845703125, q_loss 2106.338623046875, v_loss 53.92811965942383 ,lr 0.01
INFO:root:epoch 1, Episode 430, total_loss: 1893.8729248046875, q_loss 1887.327392578125, v_loss 6.545475006103516 ,lr 0.01
INFO:root:epoch 1, Episode 431, total_loss: 33.840572357177734, q_loss 30.710546493530273, v_loss 3.1300246715545654 ,lr 0.01
INFO:root:epoch 1, Episode 432, total_loss: 256.7950744628906, q_loss 254.06735229492188, v_loss 2.7277135848999023 ,lr 0.01
INFO:root:epoch 1, Episode 433, total_loss: 3751.20751953125, q_loss 3747.007568359375, v_loss 4.199977874755859 ,lr 0.01
INFO:root:epoch 1, Episode 434, total_loss: 490.5342102050781, q_loss 476.1853332519531, v_loss 14.348876953125 ,lr 0.01
INFO:root:epoch 1, Episode 435, total_loss: 5851.07470703125, q_loss 5823.6318359375, v_loss 27.443063735961914 ,lr 0.01
INFO:root:epoch 1, Episode 436, total_loss: 149.70510864257812, q_loss 148.79446411132812, v_loss 0.9106472134590149 ,lr 0.01
INFO:root:epoch 1, Episode 437, total_loss: 2160.887451171875, q_loss 2158.405517578125, v_loss 2.4819629192352295 ,lr 0.01
INFO:root:epoch 1, Episode 438, total_loss: 321.88848876953125, q_loss 300.48199462890625, v_loss 21.40650749206543 ,lr 0.01
INFO:root:epoch 1, Episode 439, total_loss: 1178.6429443359375, q_loss 1174.521240234375, v_loss 4.12172269821167 ,lr 0.01
INFO:root:epoch 1, Episode 440, total_loss: 78.40973663330078, q_loss 71.14163208007812, v_loss 7.268107891082764 ,lr 0.01
INFO:root:epoch 1, Episode 441, total_loss: 190.6640167236328, q_loss 186.1169891357422, v_loss 4.547022342681885 ,lr 0.01
INFO:root:epoch 1, Episode 442, total_loss: 684.93994140625, q_loss 682.8934326171875, v_loss 2.0465376377105713 ,lr 0.01
INFO:root:epoch 1, Episode 443, total_loss: 155.4263916015625, q_loss 150.8419647216797, v_loss 4.5844292640686035 ,lr 0.01
INFO:root:epoch 1, Episode 444, total_loss: 2191.13916015625, q_loss 2178.3232421875, v_loss 12.8159761428833 ,lr 0.01
INFO:root:epoch 1, Episode 445, total_loss: 1382.59130859375, q_loss 1375.5086669921875, v_loss 7.082693099975586 ,lr 0.01
INFO:root:epoch 1, Episode 446, total_loss: 2258.492431640625, q_loss 2243.521240234375, v_loss 14.971234321594238 ,lr 0.01
INFO:root:epoch 1, Episode 447, total_loss: 76.51354217529297, q_loss 74.70333862304688, v_loss 1.810204029083252 ,lr 0.01
INFO:root:epoch 1, Episode 448, total_loss: 269.17877197265625, q_loss 253.82638549804688, v_loss 15.352396011352539 ,lr 0.01
INFO:root:epoch 1, Episode 449, total_loss: 757.6055908203125, q_loss 700.0827026367188, v_loss 57.52289962768555 ,lr 0.01
INFO:root:epoch 1, Episode 450, total_loss: 254.5973663330078, q_loss 233.8058319091797, v_loss 20.791532516479492 ,lr 0.01
INFO:root:epoch 1, Episode 451, total_loss: 3268.4599609375, q_loss 3145.354248046875, v_loss 123.10574340820312 ,lr 0.01
INFO:root:epoch 1, Episode 452, total_loss: 1972.8642578125, q_loss 1912.000244140625, v_loss 60.86399841308594 ,lr 0.01
INFO:root:epoch 1, Episode 453, total_loss: 27.62818145751953, q_loss 16.469158172607422, v_loss 11.159024238586426 ,lr 0.01
INFO:root:epoch 1, Episode 454, total_loss: 11.983896255493164, q_loss 7.632460594177246, v_loss 4.35143518447876 ,lr 0.01
INFO:root:epoch 1, Episode 455, total_loss: 606.2533569335938, q_loss 588.2538452148438, v_loss 17.99949836730957 ,lr 0.01
INFO:root:epoch 1, Episode 456, total_loss: 194.61508178710938, q_loss 192.26458740234375, v_loss 2.35050106048584 ,lr 0.01
INFO:root:epoch 2, Episode 0, total_loss: 123.33650970458984, q_loss 123.32864379882812, v_loss 0.007868047803640366 ,lr 0.001
INFO:root:epoch 2, Episode 1, total_loss: 269.2840270996094, q_loss 265.9565124511719, v_loss 3.3275015354156494 ,lr 0.001
INFO:root:epoch 2, Episode 2, total_loss: 130.41726684570312, q_loss 126.33809661865234, v_loss 4.079164981842041 ,lr 0.001
INFO:root:epoch 2, Episode 3, total_loss: 5135.06494140625, q_loss 5111.728515625, v_loss 23.33646011352539 ,lr 0.001
INFO:root:epoch 2, Episode 4, total_loss: 1170.7149658203125, q_loss 1163.4263916015625, v_loss 7.288551330566406 ,lr 0.001
INFO:root:epoch 2, Episode 5, total_loss: 1526.7484130859375, q_loss 1510.74560546875, v_loss 16.002777099609375 ,lr 0.001
INFO:root:epoch 2, Episode 6, total_loss: 1764.9359130859375, q_loss 1755.48779296875, v_loss 9.448141098022461 ,lr 0.001
INFO:root:epoch 2, Episode 7, total_loss: 207.23272705078125, q_loss 205.40943908691406, v_loss 1.8232871294021606 ,lr 0.001
INFO:root:epoch 2, Episode 8, total_loss: 132.75637817382812, q_loss 129.39703369140625, v_loss 3.359351873397827 ,lr 0.001
INFO:root:epoch 2, Episode 9, total_loss: 13.134299278259277, q_loss 11.339987754821777, v_loss 1.794311761856079 ,lr 0.001
INFO:root:epoch 2, Episode 10, total_loss: 513.3916625976562, q_loss 492.0395202636719, v_loss 21.352140426635742 ,lr 0.001
INFO:root:epoch 2, Episode 11, total_loss: 13.048261642456055, q_loss 10.439105033874512, v_loss 2.609156847000122 ,lr 0.001
INFO:root:epoch 2, Episode 12, total_loss: 141.32693481445312, q_loss 137.00672912597656, v_loss 4.3202033042907715 ,lr 0.001
INFO:root:epoch 2, Episode 13, total_loss: 8.182671546936035, q_loss 7.644501686096191, v_loss 0.5381702780723572 ,lr 0.001
INFO:root:epoch 2, Episode 14, total_loss: 248.9835205078125, q_loss 246.67587280273438, v_loss 2.3076417446136475 ,lr 0.001
INFO:root:epoch 2, Episode 15, total_loss: 13.444321632385254, q_loss 10.374969482421875, v_loss 3.0693519115448 ,lr 0.001
INFO:root:epoch 2, Episode 16, total_loss: 437.50567626953125, q_loss 431.5181884765625, v_loss 5.987490177154541 ,lr 0.001
INFO:root:epoch 2, Episode 17, total_loss: 169.8611602783203, q_loss 162.9508819580078, v_loss 6.910285472869873 ,lr 0.001
INFO:root:epoch 2, Episode 18, total_loss: 143.68093872070312, q_loss 133.73956298828125, v_loss 9.94138240814209 ,lr 0.001
INFO:root:epoch 2, Episode 19, total_loss: 691.0635375976562, q_loss 687.714599609375, v_loss 3.348909854888916 ,lr 0.001
INFO:root:epoch 2, Episode 20, total_loss: 502.20233154296875, q_loss 496.2132568359375, v_loss 5.9890851974487305 ,lr 0.001
INFO:root:epoch 2, Episode 21, total_loss: 15.822868347167969, q_loss 11.436164855957031, v_loss 4.3867034912109375 ,lr 0.001
INFO:root:epoch 2, Episode 22, total_loss: 12.081263542175293, q_loss 12.02320384979248, v_loss 0.058059509843587875 ,lr 0.001
INFO:root:epoch 2, Episode 23, total_loss: 825.2564086914062, q_loss 817.86083984375, v_loss 7.395545482635498 ,lr 0.001
INFO:root:epoch 2, Episode 24, total_loss: 176.3665771484375, q_loss 175.18531799316406, v_loss 1.1812540292739868 ,lr 0.001
INFO:root:epoch 2, Episode 25, total_loss: 17.106143951416016, q_loss 12.09731388092041, v_loss 5.0088300704956055 ,lr 0.001
INFO:root:epoch 2, Episode 26, total_loss: 392.8526306152344, q_loss 389.1357727050781, v_loss 3.716853141784668 ,lr 0.001
INFO:root:epoch 2, Episode 27, total_loss: 512.463623046875, q_loss 504.0731506347656, v_loss 8.390450477600098 ,lr 0.001
INFO:root:epoch 2, Episode 28, total_loss: 721.2517700195312, q_loss 716.7511596679688, v_loss 4.500580787658691 ,lr 0.001
INFO:root:epoch 2, Episode 29, total_loss: 517.3296508789062, q_loss 512.9547119140625, v_loss 4.374932765960693 ,lr 0.001
INFO:root:epoch 2, Episode 30, total_loss: 114.19757080078125, q_loss 110.1583251953125, v_loss 4.039248943328857 ,lr 0.001
INFO:root:epoch 2, Episode 31, total_loss: 107.8419418334961, q_loss 105.36278533935547, v_loss 2.4791600704193115 ,lr 0.001
INFO:root:epoch 2, Episode 32, total_loss: 1178.5819091796875, q_loss 1176.614013671875, v_loss 1.9679160118103027 ,lr 0.001
INFO:root:epoch 2, Episode 33, total_loss: 140.21670532226562, q_loss 135.1405792236328, v_loss 5.076119899749756 ,lr 0.001
INFO:root:epoch 2, Episode 34, total_loss: 1130.10009765625, q_loss 1127.857666015625, v_loss 2.2424678802490234 ,lr 0.001
INFO:root:epoch 2, Episode 35, total_loss: 371.5848083496094, q_loss 363.8013000488281, v_loss 7.783498764038086 ,lr 0.001
INFO:root:epoch 2, Episode 36, total_loss: 391.7414855957031, q_loss 387.6296081542969, v_loss 4.111866474151611 ,lr 0.001
INFO:root:epoch 2, Episode 37, total_loss: 237.36961364746094, q_loss 232.91871643066406, v_loss 4.4508957862854 ,lr 0.001
INFO:root:epoch 2, Episode 38, total_loss: 89.38711547851562, q_loss 81.94783782958984, v_loss 7.439276218414307 ,lr 0.001
INFO:root:epoch 2, Episode 39, total_loss: 1694.985595703125, q_loss 1667.5067138671875, v_loss 27.478925704956055 ,lr 0.001
INFO:root:epoch 2, Episode 40, total_loss: 639.7907104492188, q_loss 631.1881103515625, v_loss 8.602609634399414 ,lr 0.001
INFO:root:epoch 2, Episode 41, total_loss: 1119.9403076171875, q_loss 1118.3433837890625, v_loss 1.5968862771987915 ,lr 0.001
INFO:root:epoch 2, Episode 42, total_loss: 6053.53564453125, q_loss 6046.810546875, v_loss 6.725164413452148 ,lr 0.001
INFO:root:epoch 2, Episode 43, total_loss: 577.3423461914062, q_loss 571.294677734375, v_loss 6.047689437866211 ,lr 0.001
INFO:root:epoch 2, Episode 44, total_loss: 252.61456298828125, q_loss 248.73851013183594, v_loss 3.876046657562256 ,lr 0.001
INFO:root:epoch 2, Episode 45, total_loss: 5.558276653289795, q_loss 5.538918972015381, v_loss 0.019357502460479736 ,lr 0.001
INFO:root:epoch 2, Episode 46, total_loss: 4450.7744140625, q_loss 4437.4833984375, v_loss 13.291180610656738 ,lr 0.001
INFO:root:epoch 2, Episode 47, total_loss: 161.78692626953125, q_loss 159.6935272216797, v_loss 2.093402147293091 ,lr 0.001
INFO:root:epoch 2, Episode 48, total_loss: 769.00634765625, q_loss 763.356201171875, v_loss 5.650135517120361 ,lr 0.001
INFO:root:epoch 2, Episode 49, total_loss: 118.19192504882812, q_loss 113.11026763916016, v_loss 5.0816569328308105 ,lr 0.001
INFO:root:epoch 2, Episode 50, total_loss: 86.01300811767578, q_loss 80.61463928222656, v_loss 5.398368835449219 ,lr 0.001
INFO:root:epoch 2, Episode 51, total_loss: 352.6667785644531, q_loss 347.5801086425781, v_loss 5.086678504943848 ,lr 0.001
INFO:root:epoch 2, Episode 52, total_loss: 242.13124084472656, q_loss 239.86839294433594, v_loss 2.26285457611084 ,lr 0.001
INFO:root:epoch 2, Episode 53, total_loss: 222.31085205078125, q_loss 218.08290100097656, v_loss 4.227954864501953 ,lr 0.001
INFO:root:epoch 2, Episode 54, total_loss: 6936.61279296875, q_loss 6917.3271484375, v_loss 19.28588104248047 ,lr 0.001
INFO:root:epoch 2, Episode 55, total_loss: 165.17117309570312, q_loss 160.98252868652344, v_loss 4.1886491775512695 ,lr 0.001
INFO:root:epoch 2, Episode 56, total_loss: 115.47533416748047, q_loss 110.18929290771484, v_loss 5.286041736602783 ,lr 0.001
INFO:root:epoch 2, Episode 57, total_loss: 3843.678955078125, q_loss 3838.61865234375, v_loss 5.06024169921875 ,lr 0.001
INFO:root:epoch 2, Episode 58, total_loss: 77.07167053222656, q_loss 72.84758758544922, v_loss 4.224081993103027 ,lr 0.001
INFO:root:epoch 2, Episode 59, total_loss: 13.100192070007324, q_loss 9.742104530334473, v_loss 3.3580877780914307 ,lr 0.001
INFO:root:epoch 2, Episode 60, total_loss: 365.88616943359375, q_loss 361.80401611328125, v_loss 4.082152366638184 ,lr 0.001
INFO:root:epoch 2, Episode 61, total_loss: 747.8609619140625, q_loss 746.4937744140625, v_loss 1.3672065734863281 ,lr 0.001
INFO:root:epoch 2, Episode 62, total_loss: 1647.5245361328125, q_loss 1641.151611328125, v_loss 6.372894287109375 ,lr 0.001
INFO:root:epoch 2, Episode 63, total_loss: 89.99996948242188, q_loss 86.48226165771484, v_loss 3.517709732055664 ,lr 0.001
INFO:root:epoch 2, Episode 64, total_loss: 300.0571594238281, q_loss 298.8358154296875, v_loss 1.2213497161865234 ,lr 0.001
INFO:root:epoch 2, Episode 65, total_loss: 13.206026077270508, q_loss 9.51253604888916, v_loss 3.6934895515441895 ,lr 0.001
INFO:root:epoch 2, Episode 66, total_loss: 640.2398071289062, q_loss 634.591796875, v_loss 5.648026466369629 ,lr 0.001
INFO:root:epoch 2, Episode 67, total_loss: 7.4143829345703125, q_loss 7.144617557525635, v_loss 0.26976534724235535 ,lr 0.001
INFO:root:epoch 2, Episode 68, total_loss: 331.5831604003906, q_loss 328.8402099609375, v_loss 2.7429535388946533 ,lr 0.001
INFO:root:epoch 2, Episode 69, total_loss: 3672.781982421875, q_loss 3666.67431640625, v_loss 6.107701778411865 ,lr 0.001
INFO:root:epoch 2, Episode 70, total_loss: 19.03387451171875, q_loss 13.777793884277344, v_loss 5.25607967376709 ,lr 0.001
INFO:root:epoch 2, Episode 71, total_loss: 235.18850708007812, q_loss 233.640869140625, v_loss 1.547634482383728 ,lr 0.001
INFO:root:epoch 2, Episode 72, total_loss: 489.25146484375, q_loss 486.935791015625, v_loss 2.315687656402588 ,lr 0.001
INFO:root:epoch 2, Episode 73, total_loss: 1871.9871826171875, q_loss 1867.101806640625, v_loss 4.885354995727539 ,lr 0.001
INFO:root:epoch 2, Episode 74, total_loss: 521.072021484375, q_loss 518.8515625, v_loss 2.2204535007476807 ,lr 0.001
INFO:root:epoch 2, Episode 75, total_loss: 7.283958435058594, q_loss 5.8772172927856445, v_loss 1.4067413806915283 ,lr 0.001
INFO:root:epoch 2, Episode 76, total_loss: 262.7344665527344, q_loss 260.9065856933594, v_loss 1.8278865814208984 ,lr 0.001
INFO:root:epoch 2, Episode 77, total_loss: 194.4558868408203, q_loss 191.9284210205078, v_loss 2.5274670124053955 ,lr 0.001
INFO:root:epoch 2, Episode 78, total_loss: 1964.112060546875, q_loss 1959.6522216796875, v_loss 4.459778785705566 ,lr 0.001
INFO:root:epoch 2, Episode 79, total_loss: 4.4532365798950195, q_loss 4.442764759063721, v_loss 0.010471878573298454 ,lr 0.001
INFO:root:epoch 2, Episode 80, total_loss: 605.46435546875, q_loss 600.5515747070312, v_loss 4.912787437438965 ,lr 0.001
INFO:root:epoch 2, Episode 81, total_loss: 75.57722473144531, q_loss 71.48827362060547, v_loss 4.088949203491211 ,lr 0.001
INFO:root:epoch 2, Episode 82, total_loss: 654.9237060546875, q_loss 652.19140625, v_loss 2.732320547103882 ,lr 0.001
INFO:root:epoch 2, Episode 83, total_loss: 9.311698913574219, q_loss 6.8362135887146, v_loss 2.475484848022461 ,lr 0.001
INFO:root:epoch 2, Episode 84, total_loss: 5.775976657867432, q_loss 5.001130104064941, v_loss 0.774846613407135 ,lr 0.001
INFO:root:epoch 2, Episode 85, total_loss: 452.8447265625, q_loss 447.781982421875, v_loss 5.062745094299316 ,lr 0.001
INFO:root:epoch 2, Episode 86, total_loss: 375.7756652832031, q_loss 374.65948486328125, v_loss 1.1161723136901855 ,lr 0.001
INFO:root:epoch 2, Episode 87, total_loss: 326.5486755371094, q_loss 323.87579345703125, v_loss 2.6728742122650146 ,lr 0.001
INFO:root:epoch 2, Episode 88, total_loss: 745.1812133789062, q_loss 740.8762817382812, v_loss 4.304929733276367 ,lr 0.001
INFO:root:epoch 2, Episode 89, total_loss: 2643.490478515625, q_loss 2638.879638671875, v_loss 4.610842704772949 ,lr 0.001
INFO:root:epoch 2, Episode 90, total_loss: 420.2662353515625, q_loss 417.2586975097656, v_loss 3.0075485706329346 ,lr 0.001
INFO:root:epoch 2, Episode 91, total_loss: 8.656587600708008, q_loss 6.3490986824035645, v_loss 2.3074889183044434 ,lr 0.001
INFO:root:epoch 2, Episode 92, total_loss: 317.6832580566406, q_loss 314.3226318359375, v_loss 3.360626459121704 ,lr 0.001
INFO:root:epoch 2, Episode 93, total_loss: 1725.0526123046875, q_loss 1722.9921875, v_loss 2.0604755878448486 ,lr 0.001
INFO:root:epoch 2, Episode 94, total_loss: 8.861774444580078, q_loss 6.351076126098633, v_loss 2.510698080062866 ,lr 0.001
INFO:root:epoch 2, Episode 95, total_loss: 4321.53466796875, q_loss 4321.16357421875, v_loss 0.3710644841194153 ,lr 0.001
INFO:root:epoch 2, Episode 96, total_loss: 7.270740509033203, q_loss 5.162806510925293, v_loss 2.1079342365264893 ,lr 0.001
INFO:root:epoch 2, Episode 97, total_loss: 332.37078857421875, q_loss 322.55181884765625, v_loss 9.81896686553955 ,lr 0.001
INFO:root:epoch 2, Episode 98, total_loss: 302.8415832519531, q_loss 299.31536865234375, v_loss 3.5262022018432617 ,lr 0.001
INFO:root:epoch 2, Episode 99, total_loss: 417.79595947265625, q_loss 412.0975341796875, v_loss 5.698416233062744 ,lr 0.001
INFO:root:epoch 2, Episode 100, total_loss: 291.5074462890625, q_loss 289.48828125, v_loss 2.0191521644592285 ,lr 0.001
INFO:root:epoch 2, Episode 101, total_loss: 212.26116943359375, q_loss 210.7799072265625, v_loss 1.4812588691711426 ,lr 0.001
INFO:root:epoch 2, Episode 102, total_loss: 108.43421173095703, q_loss 106.9300308227539, v_loss 1.5041799545288086 ,lr 0.001
INFO:root:epoch 2, Episode 103, total_loss: 734.2069091796875, q_loss 730.2630615234375, v_loss 3.9438517093658447 ,lr 0.001
INFO:root:epoch 2, Episode 104, total_loss: 100.27198028564453, q_loss 98.54443359375, v_loss 1.7275491952896118 ,lr 0.001
INFO:root:epoch 2, Episode 105, total_loss: 3.491877794265747, q_loss 3.458282947540283, v_loss 0.0335947684943676 ,lr 0.001
INFO:root:epoch 2, Episode 106, total_loss: 154.81089782714844, q_loss 153.94537353515625, v_loss 0.8655269145965576 ,lr 0.001
INFO:root:epoch 2, Episode 107, total_loss: 260.0324401855469, q_loss 256.1549377441406, v_loss 3.877504587173462 ,lr 0.001
INFO:root:epoch 2, Episode 108, total_loss: 302.6519470214844, q_loss 297.6843566894531, v_loss 4.967600345611572 ,lr 0.001
INFO:root:epoch 2, Episode 109, total_loss: 5.206483840942383, q_loss 3.9980051517486572, v_loss 1.208478569984436 ,lr 0.001
INFO:root:epoch 2, Episode 110, total_loss: 1028.0760498046875, q_loss 1024.1668701171875, v_loss 3.909184694290161 ,lr 0.001
INFO:root:epoch 2, Episode 111, total_loss: 124.3696060180664, q_loss 121.96309661865234, v_loss 2.406507730484009 ,lr 0.001
INFO:root:epoch 2, Episode 112, total_loss: 652.0283203125, q_loss 646.57421875, v_loss 5.454106330871582 ,lr 0.001
INFO:root:epoch 2, Episode 113, total_loss: 1221.8470458984375, q_loss 1218.572265625, v_loss 3.274838924407959 ,lr 0.001
INFO:root:epoch 2, Episode 114, total_loss: 127.44390106201172, q_loss 124.08526611328125, v_loss 3.3586313724517822 ,lr 0.001
INFO:root:epoch 2, Episode 115, total_loss: 290.328857421875, q_loss 288.1540832519531, v_loss 2.174769163131714 ,lr 0.001
INFO:root:epoch 2, Episode 116, total_loss: 4.289890289306641, q_loss 3.67253041267395, v_loss 0.6173599362373352 ,lr 0.001
INFO:root:epoch 2, Episode 117, total_loss: 403.4461975097656, q_loss 400.1228942871094, v_loss 3.3233084678649902 ,lr 0.001
INFO:root:epoch 2, Episode 118, total_loss: 1047.9923095703125, q_loss 1046.7698974609375, v_loss 1.222352147102356 ,lr 0.001
INFO:root:epoch 2, Episode 119, total_loss: 350.33843994140625, q_loss 345.5257263183594, v_loss 4.8127217292785645 ,lr 0.001
INFO:root:epoch 2, Episode 120, total_loss: 66.54810333251953, q_loss 65.02828979492188, v_loss 1.5198099613189697 ,lr 0.001
INFO:root:epoch 2, Episode 121, total_loss: 94.5399169921875, q_loss 90.44861602783203, v_loss 4.091300964355469 ,lr 0.001
INFO:root:epoch 2, Episode 122, total_loss: 4906.96533203125, q_loss 4889.392578125, v_loss 17.572816848754883 ,lr 0.001
INFO:root:epoch 2, Episode 123, total_loss: 1521.737060546875, q_loss 1517.3199462890625, v_loss 4.41707181930542 ,lr 0.001
INFO:root:epoch 2, Episode 124, total_loss: 2250.486572265625, q_loss 2243.219482421875, v_loss 7.26716947555542 ,lr 0.001
INFO:root:epoch 2, Episode 125, total_loss: 332.4097900390625, q_loss 328.3770446777344, v_loss 4.032758712768555 ,lr 0.001
INFO:root:epoch 2, Episode 126, total_loss: 86.79336547851562, q_loss 84.51752471923828, v_loss 2.2758426666259766 ,lr 0.001
INFO:root:epoch 2, Episode 127, total_loss: 3195.138671875, q_loss 3181.51708984375, v_loss 13.621508598327637 ,lr 0.001
INFO:root:epoch 2, Episode 128, total_loss: 239.57789611816406, q_loss 237.37271118164062, v_loss 2.205188751220703 ,lr 0.001
INFO:root:epoch 2, Episode 129, total_loss: 304.65582275390625, q_loss 302.15093994140625, v_loss 2.504868268966675 ,lr 0.001
INFO:root:epoch 2, Episode 130, total_loss: 3529.597412109375, q_loss 3519.462890625, v_loss 10.134550094604492 ,lr 0.001
INFO:root:epoch 2, Episode 131, total_loss: 2778.754150390625, q_loss 2772.737548828125, v_loss 6.016611576080322 ,lr 0.001
INFO:root:epoch 2, Episode 132, total_loss: 162.7342529296875, q_loss 158.14019775390625, v_loss 4.59405517578125 ,lr 0.001
INFO:root:epoch 2, Episode 133, total_loss: 117.85375213623047, q_loss 114.37210083007812, v_loss 3.481651544570923 ,lr 0.001
INFO:root:epoch 2, Episode 134, total_loss: 3.9840197563171387, q_loss 3.7738990783691406, v_loss 0.21012072265148163 ,lr 0.001
INFO:root:epoch 2, Episode 135, total_loss: 89.7730941772461, q_loss 87.68578338623047, v_loss 2.087308406829834 ,lr 0.001
INFO:root:epoch 2, Episode 136, total_loss: 3919.61181640625, q_loss 3914.90869140625, v_loss 4.703195571899414 ,lr 0.001
INFO:root:epoch 2, Episode 137, total_loss: 1570.48486328125, q_loss 1565.7154541015625, v_loss 4.769419193267822 ,lr 0.001
INFO:root:epoch 2, Episode 138, total_loss: 5.822946548461914, q_loss 3.9045088291168213, v_loss 1.9184378385543823 ,lr 0.001
INFO:root:epoch 2, Episode 139, total_loss: 1046.31298828125, q_loss 1037.94873046875, v_loss 8.364293098449707 ,lr 0.001
INFO:root:epoch 2, Episode 140, total_loss: 407.01715087890625, q_loss 404.5025939941406, v_loss 2.5145468711853027 ,lr 0.001
INFO:root:epoch 2, Episode 141, total_loss: 6.7160539627075195, q_loss 4.454100608825684, v_loss 2.261953592300415 ,lr 0.001
INFO:root:epoch 2, Episode 142, total_loss: 1644.6787109375, q_loss 1631.1737060546875, v_loss 13.504972457885742 ,lr 0.001
INFO:root:epoch 2, Episode 143, total_loss: 415.69415283203125, q_loss 414.3106689453125, v_loss 1.3834869861602783 ,lr 0.001
INFO:root:epoch 2, Episode 144, total_loss: 1325.795166015625, q_loss 1325.0096435546875, v_loss 0.7855740785598755 ,lr 0.001
INFO:root:epoch 2, Episode 145, total_loss: 1721.7877197265625, q_loss 1715.2469482421875, v_loss 6.540752410888672 ,lr 0.001
INFO:root:epoch 2, Episode 146, total_loss: 2127.616943359375, q_loss 2117.656982421875, v_loss 9.959978103637695 ,lr 0.001
INFO:root:epoch 2, Episode 147, total_loss: 1583.2677001953125, q_loss 1568.759521484375, v_loss 14.508137702941895 ,lr 0.001
INFO:root:epoch 2, Episode 148, total_loss: 1283.5093994140625, q_loss 1278.2752685546875, v_loss 5.234110355377197 ,lr 0.001
INFO:root:epoch 2, Episode 149, total_loss: 430.6642761230469, q_loss 427.1123046875, v_loss 3.5519790649414062 ,lr 0.001
INFO:root:epoch 2, Episode 150, total_loss: 1692.430419921875, q_loss 1677.0677490234375, v_loss 15.362672805786133 ,lr 0.001
INFO:root:epoch 2, Episode 151, total_loss: 2301.390625, q_loss 2294.87890625, v_loss 6.511654853820801 ,lr 0.001
INFO:root:epoch 2, Episode 152, total_loss: 1110.40234375, q_loss 1103.0858154296875, v_loss 7.3165178298950195 ,lr 0.001
INFO:root:epoch 2, Episode 153, total_loss: 9.541608810424805, q_loss 5.813790798187256, v_loss 3.7278175354003906 ,lr 0.001
INFO:root:epoch 2, Episode 154, total_loss: 74.81753540039062, q_loss 74.38993072509766, v_loss 0.4276021718978882 ,lr 0.001
INFO:root:epoch 2, Episode 155, total_loss: 78.04051971435547, q_loss 77.16947174072266, v_loss 0.8710480332374573 ,lr 0.001
INFO:root:epoch 2, Episode 156, total_loss: 530.6973266601562, q_loss 526.93701171875, v_loss 3.7602999210357666 ,lr 0.001
INFO:root:epoch 2, Episode 157, total_loss: 1249.003662109375, q_loss 1216.365234375, v_loss 32.638389587402344 ,lr 0.001
INFO:root:epoch 2, Episode 158, total_loss: 134.63397216796875, q_loss 131.3414764404297, v_loss 3.2924911975860596 ,lr 0.001
INFO:root:epoch 2, Episode 159, total_loss: 343.59814453125, q_loss 337.6741943359375, v_loss 5.92396354675293 ,lr 0.001
INFO:root:epoch 2, Episode 160, total_loss: 267.75653076171875, q_loss 265.3418884277344, v_loss 2.414628028869629 ,lr 0.001
INFO:root:epoch 2, Episode 161, total_loss: 5.656283855438232, q_loss 4.533721446990967, v_loss 1.1225624084472656 ,lr 0.001
INFO:root:epoch 2, Episode 162, total_loss: 448.86138916015625, q_loss 447.135986328125, v_loss 1.725388526916504 ,lr 0.001
INFO:root:epoch 2, Episode 163, total_loss: 373.36431884765625, q_loss 371.3288879394531, v_loss 2.0354387760162354 ,lr 0.001
INFO:root:epoch 2, Episode 164, total_loss: 4.351103782653809, q_loss 3.898904800415039, v_loss 0.4521990120410919 ,lr 0.001
INFO:root:epoch 2, Episode 165, total_loss: 279.2216796875, q_loss 277.2861633300781, v_loss 1.9355288743972778 ,lr 0.001
INFO:root:epoch 2, Episode 166, total_loss: 804.0304565429688, q_loss 802.3865356445312, v_loss 1.6439307928085327 ,lr 0.001
INFO:root:epoch 2, Episode 167, total_loss: 93.04591369628906, q_loss 92.42532348632812, v_loss 0.6205918192863464 ,lr 0.001
INFO:root:epoch 2, Episode 168, total_loss: 1411.802734375, q_loss 1407.1085205078125, v_loss 4.694242477416992 ,lr 0.001
INFO:root:epoch 2, Episode 169, total_loss: 87.8817367553711, q_loss 83.1226806640625, v_loss 4.759056091308594 ,lr 0.001
INFO:root:epoch 2, Episode 170, total_loss: 9.724675178527832, q_loss 7.284664154052734, v_loss 2.4400112628936768 ,lr 0.001
INFO:root:epoch 2, Episode 171, total_loss: 277.41650390625, q_loss 274.9427185058594, v_loss 2.4737977981567383 ,lr 0.001
INFO:root:epoch 2, Episode 172, total_loss: 2771.218017578125, q_loss 2767.329345703125, v_loss 3.8886537551879883 ,lr 0.001
INFO:root:epoch 2, Episode 173, total_loss: 1946.407958984375, q_loss 1943.295654296875, v_loss 3.112281560897827 ,lr 0.001
INFO:root:epoch 2, Episode 174, total_loss: 6.941901206970215, q_loss 6.082533359527588, v_loss 0.859368085861206 ,lr 0.001
INFO:root:epoch 2, Episode 175, total_loss: 1626.100830078125, q_loss 1614.93994140625, v_loss 11.160887718200684 ,lr 0.001
INFO:root:epoch 2, Episode 176, total_loss: 71.75363159179688, q_loss 69.41336822509766, v_loss 2.3402626514434814 ,lr 0.001
INFO:root:epoch 2, Episode 177, total_loss: 1457.8594970703125, q_loss 1454.3489990234375, v_loss 3.510549545288086 ,lr 0.001
INFO:root:epoch 2, Episode 178, total_loss: 3437.69677734375, q_loss 3418.78369140625, v_loss 18.913103103637695 ,lr 0.001
INFO:root:epoch 2, Episode 179, total_loss: 2632.246826171875, q_loss 2628.288330078125, v_loss 3.958519220352173 ,lr 0.001
INFO:root:epoch 2, Episode 180, total_loss: 7.680144309997559, q_loss 6.337733268737793, v_loss 1.3424110412597656 ,lr 0.001
INFO:root:epoch 2, Episode 181, total_loss: 561.3128662109375, q_loss 559.0414428710938, v_loss 2.2713959217071533 ,lr 0.001
INFO:root:epoch 2, Episode 182, total_loss: 5.831287384033203, q_loss 5.5954389572143555, v_loss 0.2358485460281372 ,lr 0.001
INFO:root:epoch 2, Episode 183, total_loss: 504.4801330566406, q_loss 500.99066162109375, v_loss 3.489478349685669 ,lr 0.001
INFO:root:epoch 2, Episode 184, total_loss: 550.0097045898438, q_loss 548.1636352539062, v_loss 1.8460813760757446 ,lr 0.001
INFO:root:epoch 2, Episode 185, total_loss: 85.76594543457031, q_loss 84.25865173339844, v_loss 1.5072907209396362 ,lr 0.001
INFO:root:epoch 2, Episode 186, total_loss: 3105.017822265625, q_loss 3102.533447265625, v_loss 2.484304428100586 ,lr 0.001
INFO:root:epoch 2, Episode 187, total_loss: 434.2409362792969, q_loss 431.2154541015625, v_loss 3.0254716873168945 ,lr 0.001
INFO:root:epoch 2, Episode 188, total_loss: 79.72271728515625, q_loss 77.2091064453125, v_loss 2.513608455657959 ,lr 0.001
INFO:root:epoch 2, Episode 189, total_loss: 6.656449794769287, q_loss 6.035462856292725, v_loss 0.6209868788719177 ,lr 0.001
INFO:root:epoch 2, Episode 190, total_loss: 79.66472625732422, q_loss 74.56097412109375, v_loss 5.103753089904785 ,lr 0.001
INFO:root:epoch 2, Episode 191, total_loss: 595.4954833984375, q_loss 594.8440551757812, v_loss 0.651434063911438 ,lr 0.001
INFO:root:epoch 2, Episode 192, total_loss: 496.26019287109375, q_loss 494.813720703125, v_loss 1.4464846849441528 ,lr 0.001
INFO:root:epoch 2, Episode 193, total_loss: 7.565295696258545, q_loss 6.873726844787598, v_loss 0.6915690302848816 ,lr 0.001
INFO:root:epoch 2, Episode 194, total_loss: 1519.4464111328125, q_loss 1509.83740234375, v_loss 9.609052658081055 ,lr 0.001
INFO:root:epoch 2, Episode 195, total_loss: 110.65223693847656, q_loss 103.10690307617188, v_loss 7.54533576965332 ,lr 0.001
INFO:root:epoch 2, Episode 196, total_loss: 7.710747241973877, q_loss 6.639615535736084, v_loss 1.0711318254470825 ,lr 0.001
INFO:root:epoch 2, Episode 197, total_loss: 284.9113464355469, q_loss 282.32220458984375, v_loss 2.589144229888916 ,lr 0.001
INFO:root:epoch 2, Episode 198, total_loss: 526.8760375976562, q_loss 524.4274291992188, v_loss 2.4486305713653564 ,lr 0.001
INFO:root:epoch 2, Episode 199, total_loss: 3099.239501953125, q_loss 3095.96923828125, v_loss 3.2702527046203613 ,lr 0.001
INFO:root:epoch 2, Episode 200, total_loss: 299.05316162109375, q_loss 295.4754333496094, v_loss 3.57773756980896 ,lr 0.001
INFO:root:epoch 2, Episode 201, total_loss: 1727.479248046875, q_loss 1724.279296875, v_loss 3.1999213695526123 ,lr 0.001
INFO:root:epoch 2, Episode 202, total_loss: 122.05196380615234, q_loss 119.24675750732422, v_loss 2.805204153060913 ,lr 0.001
INFO:root:epoch 2, Episode 203, total_loss: 140.05072021484375, q_loss 137.33551025390625, v_loss 2.71521258354187 ,lr 0.001
INFO:root:epoch 2, Episode 204, total_loss: 4155.49951171875, q_loss 4154.26806640625, v_loss 1.2313405275344849 ,lr 0.001
INFO:root:epoch 2, Episode 205, total_loss: 678.4010009765625, q_loss 677.0289916992188, v_loss 1.3719854354858398 ,lr 0.001
INFO:root:epoch 2, Episode 206, total_loss: 248.6810302734375, q_loss 246.3354949951172, v_loss 2.3455419540405273 ,lr 0.001
INFO:root:epoch 2, Episode 207, total_loss: 3908.071044921875, q_loss 3903.382080078125, v_loss 4.688906669616699 ,lr 0.001
INFO:root:epoch 2, Episode 208, total_loss: 1209.4210205078125, q_loss 1206.5382080078125, v_loss 2.882859468460083 ,lr 0.001
INFO:root:epoch 2, Episode 209, total_loss: 83.02256774902344, q_loss 80.86363220214844, v_loss 2.1589319705963135 ,lr 0.001
INFO:root:epoch 2, Episode 210, total_loss: 2165.047607421875, q_loss 2144.759765625, v_loss 20.287830352783203 ,lr 0.001
INFO:root:epoch 2, Episode 211, total_loss: 3210.0576171875, q_loss 3191.677490234375, v_loss 18.380218505859375 ,lr 0.001
INFO:root:epoch 2, Episode 212, total_loss: 201.07920837402344, q_loss 195.2571258544922, v_loss 5.82207727432251 ,lr 0.001
INFO:root:epoch 2, Episode 213, total_loss: 3447.86865234375, q_loss 3443.93994140625, v_loss 3.9286365509033203 ,lr 0.001
INFO:root:epoch 2, Episode 214, total_loss: 7.312592506408691, q_loss 4.918892860412598, v_loss 2.3936996459960938 ,lr 0.001
INFO:root:epoch 2, Episode 215, total_loss: 375.9872741699219, q_loss 371.6958923339844, v_loss 4.291390419006348 ,lr 0.001
INFO:root:epoch 2, Episode 216, total_loss: 296.23065185546875, q_loss 290.3922119140625, v_loss 5.8384270668029785 ,lr 0.001
INFO:root:epoch 2, Episode 217, total_loss: 895.9671630859375, q_loss 892.9564208984375, v_loss 3.0107295513153076 ,lr 0.001
INFO:root:epoch 2, Episode 218, total_loss: 1981.46337890625, q_loss 1973.2509765625, v_loss 8.21234130859375 ,lr 0.001
INFO:root:epoch 2, Episode 219, total_loss: 1756.552978515625, q_loss 1753.677734375, v_loss 2.875211238861084 ,lr 0.001
INFO:root:epoch 2, Episode 220, total_loss: 72.36238098144531, q_loss 71.77537536621094, v_loss 0.5870034694671631 ,lr 0.001
INFO:root:epoch 2, Episode 221, total_loss: 10.447647094726562, q_loss 6.561849594116211, v_loss 3.8857979774475098 ,lr 0.001
INFO:root:epoch 2, Episode 222, total_loss: 306.9270935058594, q_loss 304.1708984375, v_loss 2.756187677383423 ,lr 0.001
INFO:root:epoch 2, Episode 223, total_loss: 1424.403076171875, q_loss 1412.8421630859375, v_loss 11.560853004455566 ,lr 0.001
INFO:root:epoch 2, Episode 224, total_loss: 1512.2762451171875, q_loss 1507.912841796875, v_loss 4.3633904457092285 ,lr 0.001
INFO:root:epoch 2, Episode 225, total_loss: 168.66729736328125, q_loss 165.12562561035156, v_loss 3.5416786670684814 ,lr 0.001
INFO:root:epoch 2, Episode 226, total_loss: 342.2695007324219, q_loss 339.3090515136719, v_loss 2.9604380130767822 ,lr 0.001
INFO:root:epoch 2, Episode 227, total_loss: 302.79107666015625, q_loss 298.2942199707031, v_loss 4.496865749359131 ,lr 0.001
INFO:root:epoch 2, Episode 228, total_loss: 394.5086364746094, q_loss 389.1587829589844, v_loss 5.34984827041626 ,lr 0.001
INFO:root:epoch 2, Episode 229, total_loss: 100.76907348632812, q_loss 96.3378677368164, v_loss 4.431209564208984 ,lr 0.001
INFO:root:epoch 2, Episode 230, total_loss: 70.24132537841797, q_loss 64.98424530029297, v_loss 5.257081508636475 ,lr 0.001
INFO:root:epoch 2, Episode 231, total_loss: 155.72683715820312, q_loss 152.6364288330078, v_loss 3.0904102325439453 ,lr 0.001
INFO:root:epoch 2, Episode 232, total_loss: 151.86610412597656, q_loss 149.6361083984375, v_loss 2.2299907207489014 ,lr 0.001
INFO:root:epoch 2, Episode 233, total_loss: 1881.938720703125, q_loss 1876.5791015625, v_loss 5.3596296310424805 ,lr 0.001
INFO:root:epoch 2, Episode 234, total_loss: 8.415018081665039, q_loss 5.603382110595703, v_loss 2.8116354942321777 ,lr 0.001
INFO:root:epoch 2, Episode 235, total_loss: 991.5895385742188, q_loss 987.811767578125, v_loss 3.777761936187744 ,lr 0.001
INFO:root:epoch 2, Episode 236, total_loss: 301.50970458984375, q_loss 295.6281433105469, v_loss 5.8815741539001465 ,lr 0.001
INFO:root:epoch 2, Episode 237, total_loss: 183.189697265625, q_loss 179.57081604003906, v_loss 3.6188805103302 ,lr 0.001
INFO:root:epoch 2, Episode 238, total_loss: 135.3662567138672, q_loss 133.96693420410156, v_loss 1.3993269205093384 ,lr 0.001
INFO:root:epoch 2, Episode 239, total_loss: 684.5704956054688, q_loss 683.6685791015625, v_loss 0.9019063115119934 ,lr 0.001
INFO:root:epoch 2, Episode 240, total_loss: 226.26931762695312, q_loss 222.5199432373047, v_loss 3.749368190765381 ,lr 0.001
INFO:root:epoch 2, Episode 241, total_loss: 142.77386474609375, q_loss 140.61972045898438, v_loss 2.154143810272217 ,lr 0.001
INFO:root:epoch 2, Episode 242, total_loss: 6.171192169189453, q_loss 4.4069905281066895, v_loss 1.7642017602920532 ,lr 0.001
INFO:root:epoch 2, Episode 243, total_loss: 1592.38720703125, q_loss 1589.3179931640625, v_loss 3.0692124366760254 ,lr 0.001
INFO:root:epoch 2, Episode 244, total_loss: 266.8931579589844, q_loss 262.6257019042969, v_loss 4.267458915710449 ,lr 0.001
INFO:root:epoch 2, Episode 245, total_loss: 190.52024841308594, q_loss 186.61451721191406, v_loss 3.905729293823242 ,lr 0.001
INFO:root:epoch 2, Episode 246, total_loss: 318.20184326171875, q_loss 315.4123840332031, v_loss 2.789461612701416 ,lr 0.001
INFO:root:epoch 2, Episode 247, total_loss: 6.841660499572754, q_loss 4.696600914001465, v_loss 2.145059823989868 ,lr 0.001
INFO:root:epoch 2, Episode 248, total_loss: 339.1659851074219, q_loss 335.3836669921875, v_loss 3.7823050022125244 ,lr 0.001
INFO:root:epoch 2, Episode 249, total_loss: 270.9931945800781, q_loss 268.0278625488281, v_loss 2.9653215408325195 ,lr 0.001
INFO:root:epoch 2, Episode 250, total_loss: 6.477569580078125, q_loss 4.399428844451904, v_loss 2.0781407356262207 ,lr 0.001
INFO:root:epoch 2, Episode 251, total_loss: 2243.285888671875, q_loss 2238.635498046875, v_loss 4.6503167152404785 ,lr 0.001
INFO:root:epoch 2, Episode 252, total_loss: 435.2268981933594, q_loss 432.35858154296875, v_loss 2.868312120437622 ,lr 0.001
INFO:root:epoch 2, Episode 253, total_loss: 2385.546875, q_loss 2382.487548828125, v_loss 3.0593135356903076 ,lr 0.001
INFO:root:epoch 2, Episode 254, total_loss: 68.29336547851562, q_loss 66.43938446044922, v_loss 1.8539808988571167 ,lr 0.001
INFO:root:epoch 2, Episode 255, total_loss: 413.2012939453125, q_loss 407.4140625, v_loss 5.787245750427246 ,lr 0.001
INFO:root:epoch 2, Episode 256, total_loss: 270.36077880859375, q_loss 267.51751708984375, v_loss 2.8432726860046387 ,lr 0.001
INFO:root:epoch 2, Episode 257, total_loss: 587.3124389648438, q_loss 583.8701171875, v_loss 3.4423184394836426 ,lr 0.001
INFO:root:epoch 2, Episode 258, total_loss: 251.6304931640625, q_loss 250.3281707763672, v_loss 1.3023205995559692 ,lr 0.001
INFO:root:epoch 2, Episode 259, total_loss: 4712.21630859375, q_loss 4705.26513671875, v_loss 6.951118469238281 ,lr 0.001
INFO:root:epoch 2, Episode 260, total_loss: 67.11809539794922, q_loss 65.30122375488281, v_loss 1.8168729543685913 ,lr 0.001
INFO:root:epoch 2, Episode 261, total_loss: 222.6814727783203, q_loss 220.94940185546875, v_loss 1.7320764064788818 ,lr 0.001
INFO:root:epoch 2, Episode 262, total_loss: 1195.177734375, q_loss 1185.8453369140625, v_loss 9.332371711730957 ,lr 0.001
INFO:root:epoch 2, Episode 263, total_loss: 6.641628265380859, q_loss 5.043481349945068, v_loss 1.598146915435791 ,lr 0.001
INFO:root:epoch 2, Episode 264, total_loss: 340.4322509765625, q_loss 339.2065734863281, v_loss 1.2256642580032349 ,lr 0.001
INFO:root:epoch 2, Episode 265, total_loss: 167.51951599121094, q_loss 165.37454223632812, v_loss 2.14497709274292 ,lr 0.001
INFO:root:epoch 2, Episode 266, total_loss: 568.2495727539062, q_loss 564.62158203125, v_loss 3.6279666423797607 ,lr 0.001
INFO:root:epoch 2, Episode 267, total_loss: 5.920168399810791, q_loss 4.946538925170898, v_loss 0.9736292958259583 ,lr 0.001
INFO:root:epoch 2, Episode 268, total_loss: 577.5230102539062, q_loss 575.296142578125, v_loss 2.226881980895996 ,lr 0.001
INFO:root:epoch 2, Episode 269, total_loss: 3806.985107421875, q_loss 3803.461181640625, v_loss 3.5238752365112305 ,lr 0.001
INFO:root:epoch 2, Episode 270, total_loss: 1552.3001708984375, q_loss 1548.2198486328125, v_loss 4.080301284790039 ,lr 0.001
INFO:root:epoch 2, Episode 271, total_loss: 837.243408203125, q_loss 836.0999145507812, v_loss 1.143517017364502 ,lr 0.001
INFO:root:epoch 2, Episode 272, total_loss: 6.849624156951904, q_loss 5.390336036682129, v_loss 1.4592880010604858 ,lr 0.001
INFO:root:epoch 2, Episode 273, total_loss: 639.537109375, q_loss 633.1806030273438, v_loss 6.356476783752441 ,lr 0.001
INFO:root:epoch 2, Episode 274, total_loss: 1214.9776611328125, q_loss 1214.5684814453125, v_loss 0.4091733396053314 ,lr 0.001
INFO:root:epoch 2, Episode 275, total_loss: 1089.4542236328125, q_loss 1087.2452392578125, v_loss 2.2089717388153076 ,lr 0.001
INFO:root:epoch 2, Episode 276, total_loss: 122.40557098388672, q_loss 120.60250854492188, v_loss 1.80306077003479 ,lr 0.001
INFO:root:epoch 2, Episode 277, total_loss: 1512.398193359375, q_loss 1507.0821533203125, v_loss 5.316034317016602 ,lr 0.001
INFO:root:epoch 2, Episode 278, total_loss: 585.4847412109375, q_loss 584.5726318359375, v_loss 0.9121097922325134 ,lr 0.001
INFO:root:epoch 2, Episode 279, total_loss: 1137.900390625, q_loss 1136.1414794921875, v_loss 1.7588857412338257 ,lr 0.001
INFO:root:epoch 2, Episode 280, total_loss: 146.735595703125, q_loss 145.59735107421875, v_loss 1.1382421255111694 ,lr 0.001
INFO:root:epoch 2, Episode 281, total_loss: 5.24127197265625, q_loss 5.1024041175842285, v_loss 0.13886798918247223 ,lr 0.001
INFO:root:epoch 2, Episode 282, total_loss: 367.1194763183594, q_loss 364.1970520019531, v_loss 2.9224367141723633 ,lr 0.001
INFO:root:epoch 2, Episode 283, total_loss: 3885.310302734375, q_loss 3881.50146484375, v_loss 3.8088760375976562 ,lr 0.001
INFO:root:epoch 2, Episode 284, total_loss: 1505.657958984375, q_loss 1504.097412109375, v_loss 1.560585379600525 ,lr 0.001
INFO:root:epoch 2, Episode 285, total_loss: 485.66265869140625, q_loss 484.9874572753906, v_loss 0.6751865744590759 ,lr 0.001
INFO:root:epoch 2, Episode 286, total_loss: 65.9350357055664, q_loss 63.735225677490234, v_loss 2.1998131275177 ,lr 0.001
INFO:root:epoch 2, Episode 287, total_loss: 8.064854621887207, q_loss 8.028742790222168, v_loss 0.03611178323626518 ,lr 0.001
INFO:root:epoch 2, Episode 288, total_loss: 1893.378173828125, q_loss 1890.019287109375, v_loss 3.358938217163086 ,lr 0.001
INFO:root:epoch 2, Episode 289, total_loss: 542.4823608398438, q_loss 534.3341674804688, v_loss 8.148180961608887 ,lr 0.001
INFO:root:epoch 2, Episode 290, total_loss: 258.5385437011719, q_loss 256.2463684082031, v_loss 2.292181968688965 ,lr 0.001
INFO:root:epoch 2, Episode 291, total_loss: 205.0185546875, q_loss 203.77828979492188, v_loss 1.2402653694152832 ,lr 0.001
INFO:root:epoch 2, Episode 292, total_loss: 69.3874740600586, q_loss 69.23938751220703, v_loss 0.14808814227581024 ,lr 0.001
INFO:root:epoch 2, Episode 293, total_loss: 1328.9815673828125, q_loss 1325.1353759765625, v_loss 3.846134901046753 ,lr 0.001
INFO:root:epoch 2, Episode 294, total_loss: 5.607736110687256, q_loss 4.780063629150391, v_loss 0.8276726603507996 ,lr 0.001
INFO:root:epoch 2, Episode 295, total_loss: 379.0718994140625, q_loss 375.0633544921875, v_loss 4.008538246154785 ,lr 0.001
INFO:root:epoch 2, Episode 296, total_loss: 4.876476764678955, q_loss 4.199244022369385, v_loss 0.6772326231002808 ,lr 0.001
INFO:root:epoch 2, Episode 297, total_loss: 1069.0125732421875, q_loss 1063.3489990234375, v_loss 5.66357946395874 ,lr 0.001
INFO:root:epoch 2, Episode 298, total_loss: 279.50921630859375, q_loss 276.9379577636719, v_loss 2.571261405944824 ,lr 0.001
INFO:root:epoch 2, Episode 299, total_loss: 3902.895751953125, q_loss 3902.57763671875, v_loss 0.3182280957698822 ,lr 0.001
INFO:root:epoch 2, Episode 300, total_loss: 12.122770309448242, q_loss 10.769209861755371, v_loss 1.3535603284835815 ,lr 0.001
INFO:root:epoch 2, Episode 301, total_loss: 286.00128173828125, q_loss 284.57781982421875, v_loss 1.4234619140625 ,lr 0.001
INFO:root:epoch 2, Episode 302, total_loss: 560.6408081054688, q_loss 557.6062622070312, v_loss 3.0345425605773926 ,lr 0.001
INFO:root:epoch 2, Episode 303, total_loss: 236.78956604003906, q_loss 232.5936737060547, v_loss 4.195888042449951 ,lr 0.001
INFO:root:epoch 2, Episode 304, total_loss: 5.3005146980285645, q_loss 4.391978740692139, v_loss 0.9085359573364258 ,lr 0.001
INFO:root:epoch 2, Episode 305, total_loss: 361.58416748046875, q_loss 359.1910095214844, v_loss 2.393151044845581 ,lr 0.001
INFO:root:epoch 2, Episode 306, total_loss: 905.4817504882812, q_loss 903.1535034179688, v_loss 2.3282670974731445 ,lr 0.001
INFO:root:epoch 2, Episode 307, total_loss: 116.85507202148438, q_loss 115.8349609375, v_loss 1.0201094150543213 ,lr 0.001
INFO:root:epoch 2, Episode 308, total_loss: 120.76033020019531, q_loss 119.39937591552734, v_loss 1.3609507083892822 ,lr 0.001
INFO:root:epoch 2, Episode 309, total_loss: 312.0869140625, q_loss 305.2674865722656, v_loss 6.819424152374268 ,lr 0.001
INFO:root:epoch 2, Episode 310, total_loss: 928.0829467773438, q_loss 926.1968383789062, v_loss 1.8861005306243896 ,lr 0.001
INFO:root:epoch 2, Episode 311, total_loss: 93.93126678466797, q_loss 93.4614486694336, v_loss 0.4698158800601959 ,lr 0.001
INFO:root:epoch 2, Episode 312, total_loss: 5.618393421173096, q_loss 4.100744724273682, v_loss 1.517648696899414 ,lr 0.001
INFO:root:epoch 2, Episode 313, total_loss: 197.20616149902344, q_loss 194.21165466308594, v_loss 2.994504690170288 ,lr 0.001
INFO:root:epoch 2, Episode 314, total_loss: 2762.7568359375, q_loss 2757.368408203125, v_loss 5.388352870941162 ,lr 0.001
INFO:root:epoch 2, Episode 315, total_loss: 625.8046264648438, q_loss 624.2828369140625, v_loss 1.5217844247817993 ,lr 0.001
INFO:root:epoch 2, Episode 316, total_loss: 3.6570003032684326, q_loss 3.2812695503234863, v_loss 0.3757307827472687 ,lr 0.001
INFO:root:epoch 2, Episode 317, total_loss: 427.7303161621094, q_loss 426.8819885253906, v_loss 0.8483306169509888 ,lr 0.001
INFO:root:epoch 2, Episode 318, total_loss: 140.8302459716797, q_loss 140.1259307861328, v_loss 0.7043176293373108 ,lr 0.001
INFO:root:epoch 2, Episode 319, total_loss: 413.42388916015625, q_loss 409.9399719238281, v_loss 3.4839162826538086 ,lr 0.001
INFO:root:epoch 2, Episode 320, total_loss: 153.692626953125, q_loss 147.77391052246094, v_loss 5.918716907501221 ,lr 0.001
INFO:root:epoch 2, Episode 321, total_loss: 362.6633605957031, q_loss 360.9854431152344, v_loss 1.677909255027771 ,lr 0.001
INFO:root:epoch 2, Episode 322, total_loss: 132.47215270996094, q_loss 129.68930053710938, v_loss 2.7828586101531982 ,lr 0.001
INFO:root:epoch 2, Episode 323, total_loss: 5733.390625, q_loss 5730.77001953125, v_loss 2.6208105087280273 ,lr 0.001
INFO:root:epoch 2, Episode 324, total_loss: 166.0675811767578, q_loss 163.94122314453125, v_loss 2.126359462738037 ,lr 0.001
INFO:root:epoch 2, Episode 325, total_loss: 5.507150650024414, q_loss 4.191189765930176, v_loss 1.3159607648849487 ,lr 0.001
INFO:root:epoch 2, Episode 326, total_loss: 656.1039428710938, q_loss 654.451904296875, v_loss 1.6520640850067139 ,lr 0.001
INFO:root:epoch 2, Episode 327, total_loss: 321.9446105957031, q_loss 317.6217956542969, v_loss 4.322808265686035 ,lr 0.001
INFO:root:epoch 2, Episode 328, total_loss: 1470.4576416015625, q_loss 1468.0567626953125, v_loss 2.4008772373199463 ,lr 0.001
INFO:root:epoch 2, Episode 329, total_loss: 785.2806396484375, q_loss 782.0736694335938, v_loss 3.2069644927978516 ,lr 0.001
INFO:root:epoch 2, Episode 330, total_loss: 3.6518406867980957, q_loss 3.0723865032196045, v_loss 0.5794541239738464 ,lr 0.001
INFO:root:epoch 2, Episode 331, total_loss: 63.972389221191406, q_loss 61.56941604614258, v_loss 2.4029734134674072 ,lr 0.001
INFO:root:epoch 2, Episode 332, total_loss: 561.72509765625, q_loss 557.9638061523438, v_loss 3.76129150390625 ,lr 0.001
INFO:root:epoch 2, Episode 333, total_loss: 1075.6358642578125, q_loss 1074.266845703125, v_loss 1.3689892292022705 ,lr 0.001
INFO:root:epoch 2, Episode 334, total_loss: 3276.44384765625, q_loss 3273.137939453125, v_loss 3.3057971000671387 ,lr 0.001
INFO:root:epoch 2, Episode 335, total_loss: 2767.489501953125, q_loss 2757.5625, v_loss 9.926949501037598 ,lr 0.001
INFO:root:epoch 2, Episode 336, total_loss: 1229.7550048828125, q_loss 1227.0826416015625, v_loss 2.6723527908325195 ,lr 0.001
INFO:root:epoch 2, Episode 337, total_loss: 3.3808155059814453, q_loss 2.864854335784912, v_loss 0.5159611701965332 ,lr 0.001
INFO:root:epoch 2, Episode 338, total_loss: 997.9457397460938, q_loss 991.9474487304688, v_loss 5.998271942138672 ,lr 0.001
INFO:root:epoch 2, Episode 339, total_loss: 129.28306579589844, q_loss 128.7122039794922, v_loss 0.5708638429641724 ,lr 0.001
INFO:root:epoch 2, Episode 340, total_loss: 1314.00146484375, q_loss 1310.004638671875, v_loss 3.996866464614868 ,lr 0.001
INFO:root:epoch 2, Episode 341, total_loss: 1301.541259765625, q_loss 1299.7144775390625, v_loss 1.8267587423324585 ,lr 0.001
INFO:root:epoch 2, Episode 342, total_loss: 1274.7218017578125, q_loss 1271.863037109375, v_loss 2.8587698936462402 ,lr 0.001
INFO:root:epoch 2, Episode 343, total_loss: 5.466689586639404, q_loss 4.148024082183838, v_loss 1.3186655044555664 ,lr 0.001
INFO:root:epoch 2, Episode 344, total_loss: 2869.696533203125, q_loss 2858.33447265625, v_loss 11.361968994140625 ,lr 0.001
INFO:root:epoch 2, Episode 345, total_loss: 253.33920288085938, q_loss 249.86968994140625, v_loss 3.4695193767547607 ,lr 0.001
INFO:root:epoch 2, Episode 346, total_loss: 2874.244873046875, q_loss 2862.3173828125, v_loss 11.927597999572754 ,lr 0.001
INFO:root:epoch 2, Episode 347, total_loss: 1663.8250732421875, q_loss 1659.049072265625, v_loss 4.775964736938477 ,lr 0.001
INFO:root:epoch 2, Episode 348, total_loss: 4.363612174987793, q_loss 3.738834857940674, v_loss 0.6247773766517639 ,lr 0.001
INFO:root:epoch 2, Episode 349, total_loss: 504.30108642578125, q_loss 502.3697814941406, v_loss 1.9313005208969116 ,lr 0.001
INFO:root:epoch 2, Episode 350, total_loss: 559.5171508789062, q_loss 557.8557739257812, v_loss 1.6613644361495972 ,lr 0.001
INFO:root:epoch 2, Episode 351, total_loss: 142.15878295898438, q_loss 139.75271606445312, v_loss 2.406061887741089 ,lr 0.001
INFO:root:epoch 2, Episode 352, total_loss: 243.23526000976562, q_loss 238.7821502685547, v_loss 4.453113555908203 ,lr 0.001
INFO:root:epoch 2, Episode 353, total_loss: 3139.97314453125, q_loss 3135.619873046875, v_loss 4.353301525115967 ,lr 0.001
INFO:root:epoch 2, Episode 354, total_loss: 617.256591796875, q_loss 614.6171264648438, v_loss 2.639482021331787 ,lr 0.001
INFO:root:epoch 2, Episode 355, total_loss: 247.38311767578125, q_loss 247.1402587890625, v_loss 0.24286191165447235 ,lr 0.001
INFO:root:epoch 2, Episode 356, total_loss: 964.5851440429688, q_loss 958.346435546875, v_loss 6.238707065582275 ,lr 0.001
INFO:root:epoch 2, Episode 357, total_loss: 1183.97412109375, q_loss 1178.4752197265625, v_loss 5.498878479003906 ,lr 0.001
INFO:root:epoch 2, Episode 358, total_loss: 387.4673767089844, q_loss 385.96954345703125, v_loss 1.4978413581848145 ,lr 0.001
INFO:root:epoch 2, Episode 359, total_loss: 1381.264404296875, q_loss 1379.171875, v_loss 2.0925240516662598 ,lr 0.001
INFO:root:epoch 2, Episode 360, total_loss: 2169.593994140625, q_loss 2164.672119140625, v_loss 4.921875953674316 ,lr 0.001
INFO:root:epoch 2, Episode 361, total_loss: 537.2030639648438, q_loss 531.7711791992188, v_loss 5.431888580322266 ,lr 0.001
INFO:root:epoch 2, Episode 362, total_loss: 174.7826385498047, q_loss 170.47555541992188, v_loss 4.307076454162598 ,lr 0.001
INFO:root:epoch 2, Episode 363, total_loss: 274.8948974609375, q_loss 270.69305419921875, v_loss 4.201851844787598 ,lr 0.001
INFO:root:epoch 2, Episode 364, total_loss: 454.84210205078125, q_loss 452.7442321777344, v_loss 2.0978612899780273 ,lr 0.001
INFO:root:epoch 2, Episode 365, total_loss: 1233.4346923828125, q_loss 1219.3963623046875, v_loss 14.038276672363281 ,lr 0.001
INFO:root:epoch 2, Episode 366, total_loss: 1534.6885986328125, q_loss 1529.5496826171875, v_loss 5.138883113861084 ,lr 0.001
INFO:root:epoch 2, Episode 367, total_loss: 2021.5484619140625, q_loss 2009.3905029296875, v_loss 12.157973289489746 ,lr 0.001
INFO:root:epoch 2, Episode 368, total_loss: 156.64071655273438, q_loss 156.10426330566406, v_loss 0.5364460349082947 ,lr 0.001
INFO:root:epoch 2, Episode 369, total_loss: 72.56043243408203, q_loss 70.6183090209961, v_loss 1.9421247243881226 ,lr 0.001
INFO:root:epoch 2, Episode 370, total_loss: 100.53517150878906, q_loss 97.84334564208984, v_loss 2.691828489303589 ,lr 0.001
INFO:root:epoch 2, Episode 371, total_loss: 27.838247299194336, q_loss 15.889370918273926, v_loss 11.94887638092041 ,lr 0.001
INFO:root:epoch 2, Episode 372, total_loss: 345.8603820800781, q_loss 344.8091125488281, v_loss 1.0512574911117554 ,lr 0.001
INFO:root:epoch 2, Episode 373, total_loss: 18.617576599121094, q_loss 10.281163215637207, v_loss 8.33641242980957 ,lr 0.001
INFO:root:epoch 2, Episode 374, total_loss: 1504.7152099609375, q_loss 1503.6588134765625, v_loss 1.0563642978668213 ,lr 0.001
INFO:root:epoch 2, Episode 375, total_loss: 195.54025268554688, q_loss 148.01846313476562, v_loss 47.52179718017578 ,lr 0.001
INFO:root:epoch 2, Episode 376, total_loss: 1636.2703857421875, q_loss 1505.3590087890625, v_loss 130.91139221191406 ,lr 0.001
INFO:root:epoch 2, Episode 377, total_loss: 689.7545776367188, q_loss 687.8203735351562, v_loss 1.9342100620269775 ,lr 0.001
INFO:root:epoch 2, Episode 378, total_loss: 93.71269226074219, q_loss 89.15430450439453, v_loss 4.5583882331848145 ,lr 0.001
INFO:root:epoch 2, Episode 379, total_loss: 27.501121520996094, q_loss 15.299545288085938, v_loss 12.20157527923584 ,lr 0.001
INFO:root:epoch 2, Episode 380, total_loss: 126.533447265625, q_loss 91.5370864868164, v_loss 34.996360778808594 ,lr 0.001
INFO:root:epoch 2, Episode 381, total_loss: 124.41783905029297, q_loss 116.82307434082031, v_loss 7.594766139984131 ,lr 0.001
INFO:root:epoch 2, Episode 382, total_loss: 3477.080078125, q_loss 3473.494140625, v_loss 3.585875988006592 ,lr 0.001
INFO:root:epoch 2, Episode 383, total_loss: 1762.60107421875, q_loss 1640.7796630859375, v_loss 121.8214340209961 ,lr 0.001
INFO:root:epoch 2, Episode 384, total_loss: 101.55107116699219, q_loss 51.25639724731445, v_loss 50.294673919677734 ,lr 0.001
INFO:root:epoch 2, Episode 385, total_loss: 618.552490234375, q_loss 503.7659912109375, v_loss 114.78648376464844 ,lr 0.001
INFO:root:epoch 2, Episode 386, total_loss: 2.4846298694610596, q_loss 2.434920072555542, v_loss 0.04970981553196907 ,lr 0.001
INFO:root:epoch 2, Episode 387, total_loss: 1259.36572265625, q_loss 1042.9442138671875, v_loss 216.42153930664062 ,lr 0.001
INFO:root:epoch 2, Episode 388, total_loss: 921.9793701171875, q_loss 812.3746337890625, v_loss 109.60474395751953 ,lr 0.001
INFO:root:epoch 2, Episode 389, total_loss: 301.7213439941406, q_loss 285.30828857421875, v_loss 16.413047790527344 ,lr 0.001
INFO:root:epoch 2, Episode 390, total_loss: 45.142330169677734, q_loss 25.357372283935547, v_loss 19.784957885742188 ,lr 0.001
INFO:root:epoch 2, Episode 391, total_loss: 5804.5830078125, q_loss 5797.70654296875, v_loss 6.876626014709473 ,lr 0.001
INFO:root:epoch 2, Episode 392, total_loss: 422.1983642578125, q_loss 375.0365295410156, v_loss 47.16183853149414 ,lr 0.001
INFO:root:epoch 2, Episode 393, total_loss: 20.14342498779297, q_loss 11.788558006286621, v_loss 8.354866981506348 ,lr 0.001
INFO:root:epoch 2, Episode 394, total_loss: 224.0750732421875, q_loss 214.61045837402344, v_loss 9.464617729187012 ,lr 0.001
INFO:root:epoch 2, Episode 395, total_loss: 2320.22021484375, q_loss 2294.049560546875, v_loss 26.170549392700195 ,lr 0.001
INFO:root:epoch 2, Episode 396, total_loss: 89.3801498413086, q_loss 83.64488220214844, v_loss 5.735270023345947 ,lr 0.001
INFO:root:epoch 2, Episode 397, total_loss: 4270.07470703125, q_loss 4265.51171875, v_loss 4.563183784484863 ,lr 0.001
INFO:root:epoch 2, Episode 398, total_loss: 104.92723846435547, q_loss 103.83263397216797, v_loss 1.0946030616760254 ,lr 0.001
INFO:root:epoch 2, Episode 399, total_loss: 13.967010498046875, q_loss 11.92557430267334, v_loss 2.0414366722106934 ,lr 0.001
INFO:root:epoch 2, Episode 400, total_loss: 1751.3880615234375, q_loss 1724.971923828125, v_loss 26.416175842285156 ,lr 0.001
INFO:root:epoch 2, Episode 401, total_loss: 308.82293701171875, q_loss 306.2758483886719, v_loss 2.5470995903015137 ,lr 0.001
INFO:root:epoch 2, Episode 402, total_loss: 371.0948791503906, q_loss 369.29595947265625, v_loss 1.7989245653152466 ,lr 0.001
INFO:root:epoch 2, Episode 403, total_loss: 1199.522705078125, q_loss 1197.96875, v_loss 1.5539528131484985 ,lr 0.001
INFO:root:epoch 2, Episode 404, total_loss: 147.31512451171875, q_loss 144.69998168945312, v_loss 2.6151421070098877 ,lr 0.001
INFO:root:epoch 2, Episode 405, total_loss: 74.62232971191406, q_loss 73.97520446777344, v_loss 0.6471287608146667 ,lr 0.001
INFO:root:epoch 2, Episode 406, total_loss: 493.7610168457031, q_loss 490.4903869628906, v_loss 3.2706313133239746 ,lr 0.001
INFO:root:epoch 2, Episode 407, total_loss: 220.7339324951172, q_loss 218.7141876220703, v_loss 2.0197389125823975 ,lr 0.001
INFO:root:epoch 2, Episode 408, total_loss: 1500.3294677734375, q_loss 1497.7869873046875, v_loss 2.5425355434417725 ,lr 0.001
INFO:root:epoch 2, Episode 409, total_loss: 1181.2525634765625, q_loss 1163.0780029296875, v_loss 18.174503326416016 ,lr 0.001
INFO:root:epoch 2, Episode 410, total_loss: 76.23668670654297, q_loss 75.45606231689453, v_loss 0.7806230187416077 ,lr 0.001
INFO:root:epoch 2, Episode 411, total_loss: 215.58197021484375, q_loss 213.32089233398438, v_loss 2.2610721588134766 ,lr 0.001
INFO:root:epoch 2, Episode 412, total_loss: 62.86005401611328, q_loss 62.6971435546875, v_loss 0.1629091501235962 ,lr 0.001
INFO:root:epoch 2, Episode 413, total_loss: 107.56249237060547, q_loss 106.4510498046875, v_loss 1.1114410161972046 ,lr 0.001
INFO:root:epoch 2, Episode 414, total_loss: 323.2699890136719, q_loss 322.3376770019531, v_loss 0.9323127865791321 ,lr 0.001
INFO:root:epoch 2, Episode 415, total_loss: 1135.6229248046875, q_loss 1129.9202880859375, v_loss 5.702608108520508 ,lr 0.001
INFO:root:epoch 2, Episode 416, total_loss: 1349.614501953125, q_loss 1346.8902587890625, v_loss 2.724233388900757 ,lr 0.001
INFO:root:epoch 2, Episode 417, total_loss: 1232.05029296875, q_loss 1228.42919921875, v_loss 3.6211390495300293 ,lr 0.001
INFO:root:epoch 2, Episode 418, total_loss: 1201.000244140625, q_loss 1197.66943359375, v_loss 3.3307907581329346 ,lr 0.001
INFO:root:epoch 2, Episode 419, total_loss: 93.7286605834961, q_loss 93.25753784179688, v_loss 0.4711250066757202 ,lr 0.001
INFO:root:epoch 2, Episode 420, total_loss: 1483.765380859375, q_loss 1482.4644775390625, v_loss 1.3008906841278076 ,lr 0.001
INFO:root:epoch 2, Episode 421, total_loss: 171.9586639404297, q_loss 170.69874572753906, v_loss 1.2599142789840698 ,lr 0.001
INFO:root:epoch 2, Episode 422, total_loss: 6.931617736816406, q_loss 6.090259552001953, v_loss 0.8413581848144531 ,lr 0.001
INFO:root:epoch 2, Episode 423, total_loss: 662.5336303710938, q_loss 660.722412109375, v_loss 1.8112064599990845 ,lr 0.001
INFO:root:epoch 2, Episode 424, total_loss: 527.6572875976562, q_loss 525.0761108398438, v_loss 2.581174373626709 ,lr 0.001
INFO:root:epoch 2, Episode 425, total_loss: 201.27410888671875, q_loss 198.9147186279297, v_loss 2.359395980834961 ,lr 0.001
INFO:root:epoch 2, Episode 426, total_loss: 58.98637008666992, q_loss 58.52766036987305, v_loss 0.4587114751338959 ,lr 0.001
INFO:root:epoch 2, Episode 427, total_loss: 363.5027770996094, q_loss 360.2955322265625, v_loss 3.2072410583496094 ,lr 0.001
INFO:root:epoch 2, Episode 428, total_loss: 86.52821350097656, q_loss 85.47251892089844, v_loss 1.055696725845337 ,lr 0.001
INFO:root:epoch 2, Episode 429, total_loss: 2089.5302734375, q_loss 2079.731201171875, v_loss 9.799144744873047 ,lr 0.001
INFO:root:epoch 2, Episode 430, total_loss: 1907.391845703125, q_loss 1903.667724609375, v_loss 3.724170446395874 ,lr 0.001
INFO:root:epoch 2, Episode 431, total_loss: 3.9214060306549072, q_loss 3.5170655250549316, v_loss 0.40434056520462036 ,lr 0.001
INFO:root:epoch 2, Episode 432, total_loss: 219.59808349609375, q_loss 218.4901885986328, v_loss 1.1079000234603882 ,lr 0.001
INFO:root:epoch 2, Episode 433, total_loss: 3519.549072265625, q_loss 3511.603271484375, v_loss 7.945838451385498 ,lr 0.001
INFO:root:epoch 2, Episode 434, total_loss: 439.0245361328125, q_loss 436.96722412109375, v_loss 2.057323932647705 ,lr 0.001
INFO:root:epoch 2, Episode 435, total_loss: 5859.81591796875, q_loss 5857.98486328125, v_loss 1.830942153930664 ,lr 0.001
INFO:root:epoch 2, Episode 436, total_loss: 142.29092407226562, q_loss 140.35858154296875, v_loss 1.9323478937149048 ,lr 0.001
INFO:root:epoch 2, Episode 437, total_loss: 2109.46142578125, q_loss 2104.707275390625, v_loss 4.754051208496094 ,lr 0.001
INFO:root:epoch 2, Episode 438, total_loss: 270.7119445800781, q_loss 269.0564880371094, v_loss 1.6554622650146484 ,lr 0.001
INFO:root:epoch 2, Episode 439, total_loss: 1172.8424072265625, q_loss 1171.5272216796875, v_loss 1.3151758909225464 ,lr 0.001
INFO:root:epoch 2, Episode 440, total_loss: 60.735713958740234, q_loss 59.545509338378906, v_loss 1.1902050971984863 ,lr 0.001
INFO:root:epoch 2, Episode 441, total_loss: 183.22634887695312, q_loss 182.05726623535156, v_loss 1.169080138206482 ,lr 0.001
INFO:root:epoch 2, Episode 442, total_loss: 679.0071411132812, q_loss 678.225341796875, v_loss 0.7817783355712891 ,lr 0.001
INFO:root:epoch 2, Episode 443, total_loss: 142.53392028808594, q_loss 141.10008239746094, v_loss 1.4338451623916626 ,lr 0.001
INFO:root:epoch 2, Episode 444, total_loss: 1998.9688720703125, q_loss 1993.2861328125, v_loss 5.682732105255127 ,lr 0.001
INFO:root:epoch 2, Episode 445, total_loss: 1314.3865966796875, q_loss 1313.0096435546875, v_loss 1.3769097328186035 ,lr 0.001
INFO:root:epoch 2, Episode 446, total_loss: 2072.680419921875, q_loss 2069.1884765625, v_loss 3.491955280303955 ,lr 0.001
INFO:root:epoch 2, Episode 447, total_loss: 72.88646697998047, q_loss 72.88420867919922, v_loss 0.00225821603089571 ,lr 0.001
INFO:root:epoch 2, Episode 448, total_loss: 253.06536865234375, q_loss 251.4528045654297, v_loss 1.6125624179840088 ,lr 0.001
INFO:root:epoch 2, Episode 449, total_loss: 633.7678833007812, q_loss 630.7094116210938, v_loss 3.058478593826294 ,lr 0.001
INFO:root:epoch 2, Episode 450, total_loss: 184.3970184326172, q_loss 182.3685302734375, v_loss 2.028489112854004 ,lr 0.001
INFO:root:epoch 2, Episode 451, total_loss: 3299.953857421875, q_loss 3294.704833984375, v_loss 5.249075889587402 ,lr 0.001
INFO:root:epoch 2, Episode 452, total_loss: 1550.8447265625, q_loss 1547.1754150390625, v_loss 3.6693286895751953 ,lr 0.001
INFO:root:epoch 2, Episode 453, total_loss: 5.319155693054199, q_loss 3.6766014099121094, v_loss 1.642554521560669 ,lr 0.001
INFO:root:epoch 2, Episode 454, total_loss: 4.775676250457764, q_loss 3.933744192123413, v_loss 0.8419318795204163 ,lr 0.001
INFO:root:epoch 2, Episode 455, total_loss: 561.7327880859375, q_loss 558.2139282226562, v_loss 3.5188474655151367 ,lr 0.001
INFO:root:epoch 2, Episode 456, total_loss: 182.52024841308594, q_loss 181.2104034423828, v_loss 1.309851884841919 ,lr 0.001
