INFO:root:epoch 0, Episode 0, total_loss: 8838.1171875, q_loss 5653.4501953125, v_loss 3184.66650390625 ,lr 0.01
INFO:root:epoch 0, Episode 1, total_loss: 4888404992.0, q_loss 4593695232.0, v_loss 294709952.0 ,lr 0.01
INFO:root:epoch 0, Episode 2, total_loss: 504915584.0, q_loss 488484192.0, v_loss 16431397.0 ,lr 0.01
INFO:root:epoch 0, Episode 3, total_loss: 1113803.75, q_loss 990504.4375, v_loss 123299.375 ,lr 0.01
INFO:root:epoch 0, Episode 4, total_loss: 2212526.75, q_loss 2190777.0, v_loss 21749.703125 ,lr 0.01
INFO:root:epoch 0, Episode 5, total_loss: 112478.21875, q_loss 84272.671875, v_loss 28205.54296875 ,lr 0.01
INFO:root:epoch 0, Episode 6, total_loss: 7684.517578125, q_loss 5492.87841796875, v_loss 2191.638916015625 ,lr 0.01
INFO:root:epoch 0, Episode 7, total_loss: 1488.20361328125, q_loss 1189.1904296875, v_loss 299.01318359375 ,lr 0.01
INFO:root:epoch 0, Episode 8, total_loss: 1494.7095947265625, q_loss 1259.46484375, v_loss 235.24472045898438 ,lr 0.01
INFO:root:epoch 0, Episode 9, total_loss: 1634.636474609375, q_loss 1178.157958984375, v_loss 456.47845458984375 ,lr 0.01
INFO:root:epoch 0, Episode 10, total_loss: 1305.271728515625, q_loss 896.8330078125, v_loss 408.4387512207031 ,lr 0.01
INFO:root:epoch 0, Episode 11, total_loss: 793.2974243164062, q_loss 558.6409912109375, v_loss 234.6564483642578 ,lr 0.01
INFO:root:epoch 0, Episode 12, total_loss: 644.4132080078125, q_loss 491.20745849609375, v_loss 153.2057342529297 ,lr 0.01
INFO:root:epoch 0, Episode 13, total_loss: 779.2980346679688, q_loss 612.99658203125, v_loss 166.3014373779297 ,lr 0.01
INFO:root:epoch 0, Episode 14, total_loss: 452.96978759765625, q_loss 377.88018798828125, v_loss 75.08958435058594 ,lr 0.01
INFO:root:epoch 0, Episode 15, total_loss: 290.4882507324219, q_loss 258.61224365234375, v_loss 31.876012802124023 ,lr 0.01
INFO:root:epoch 0, Episode 16, total_loss: 312.0189514160156, q_loss 266.5770263671875, v_loss 45.44192886352539 ,lr 0.01
INFO:root:epoch 0, Episode 17, total_loss: 351.8346252441406, q_loss 284.984375, v_loss 66.85025024414062 ,lr 0.01
INFO:root:epoch 0, Episode 18, total_loss: 346.33428955078125, q_loss 275.545166015625, v_loss 70.78912353515625 ,lr 0.01
INFO:root:epoch 0, Episode 19, total_loss: 304.2582092285156, q_loss 249.1420440673828, v_loss 55.116153717041016 ,lr 0.01
INFO:root:epoch 0, Episode 20, total_loss: 226.40078735351562, q_loss 204.60447692871094, v_loss 21.796302795410156 ,lr 0.01
INFO:root:epoch 0, Episode 21, total_loss: 242.51075744628906, q_loss 218.81556701660156, v_loss 23.6951847076416 ,lr 0.01
INFO:root:epoch 0, Episode 22, total_loss: 184.638916015625, q_loss 182.0469970703125, v_loss 2.5919127464294434 ,lr 0.01
INFO:root:epoch 0, Episode 23, total_loss: 184.41009521484375, q_loss 182.03903198242188, v_loss 2.371070623397827 ,lr 0.01
INFO:root:epoch 0, Episode 24, total_loss: 182.57098388671875, q_loss 180.40591430664062, v_loss 2.16507625579834 ,lr 0.01
INFO:root:epoch 0, Episode 25, total_loss: 178.38107299804688, q_loss 176.5354766845703, v_loss 1.8455888032913208 ,lr 0.01
INFO:root:epoch 0, Episode 26, total_loss: 176.7622833251953, q_loss 174.6153106689453, v_loss 2.1469781398773193 ,lr 0.01
INFO:root:epoch 0, Episode 27, total_loss: 176.99557495117188, q_loss 174.97044372558594, v_loss 2.0251264572143555 ,lr 0.01
INFO:root:epoch 0, Episode 28, total_loss: 175.0663299560547, q_loss 173.86727905273438, v_loss 1.1990512609481812 ,lr 0.01
INFO:root:epoch 0, Episode 29, total_loss: 171.7698974609375, q_loss 171.4879150390625, v_loss 0.28198733925819397 ,lr 0.01
INFO:root:epoch 0, Episode 30, total_loss: 173.1710968017578, q_loss 172.84130859375, v_loss 0.32979270815849304 ,lr 0.01
INFO:root:epoch 0, Episode 31, total_loss: 172.3125762939453, q_loss 171.83372497558594, v_loss 0.47885528206825256 ,lr 0.01
INFO:root:epoch 0, Episode 32, total_loss: 172.77516174316406, q_loss 172.05191040039062, v_loss 0.7232533097267151 ,lr 0.01
INFO:root:epoch 0, Episode 33, total_loss: 174.32785034179688, q_loss 173.11990356445312, v_loss 1.2079427242279053 ,lr 0.01
INFO:root:epoch 0, Episode 34, total_loss: 170.51414489746094, q_loss 170.17913818359375, v_loss 0.33500954508781433 ,lr 0.01
INFO:root:epoch 0, Episode 35, total_loss: 173.46527099609375, q_loss 172.3473358154297, v_loss 1.1179417371749878 ,lr 0.01
INFO:root:epoch 0, Episode 36, total_loss: 172.02127075195312, q_loss 171.21243286132812, v_loss 0.8088344931602478 ,lr 0.01
INFO:root:epoch 0, Episode 37, total_loss: 172.4009246826172, q_loss 171.8737335205078, v_loss 0.5271854996681213 ,lr 0.01
INFO:root:epoch 0, Episode 38, total_loss: 172.05801391601562, q_loss 171.41470336914062, v_loss 0.6433066129684448 ,lr 0.01
INFO:root:epoch 0, Episode 39, total_loss: 170.9693603515625, q_loss 170.4554901123047, v_loss 0.5138635039329529 ,lr 0.01
INFO:root:epoch 0, Episode 40, total_loss: 171.90994262695312, q_loss 170.89031982421875, v_loss 1.0196233987808228 ,lr 0.01
INFO:root:epoch 0, Episode 41, total_loss: 172.61846923828125, q_loss 171.278076171875, v_loss 1.3403924703598022 ,lr 0.01
INFO:root:epoch 0, Episode 42, total_loss: 171.00433349609375, q_loss 170.38340759277344, v_loss 0.6209230422973633 ,lr 0.01
INFO:root:epoch 0, Episode 43, total_loss: 170.61167907714844, q_loss 170.301025390625, v_loss 0.3106570243835449 ,lr 0.01
INFO:root:epoch 0, Episode 44, total_loss: 171.33070373535156, q_loss 170.9755859375, v_loss 0.3551230728626251 ,lr 0.01
INFO:root:epoch 0, Episode 45, total_loss: 171.2178955078125, q_loss 170.95846557617188, v_loss 0.25943031907081604 ,lr 0.01
INFO:root:epoch 0, Episode 46, total_loss: 170.52175903320312, q_loss 170.27574157714844, v_loss 0.24601291120052338 ,lr 0.01
INFO:root:epoch 0, Episode 47, total_loss: 170.59164428710938, q_loss 170.2858123779297, v_loss 0.30582836270332336 ,lr 0.01
INFO:root:epoch 0, Episode 48, total_loss: 170.72328186035156, q_loss 170.5071563720703, v_loss 0.21612738072872162 ,lr 0.01
INFO:root:epoch 0, Episode 49, total_loss: 171.3564453125, q_loss 171.01296997070312, v_loss 0.343481183052063 ,lr 0.01
INFO:root:epoch 0, Episode 50, total_loss: 169.9474334716797, q_loss 169.8121337890625, v_loss 0.1352957934141159 ,lr 0.01
INFO:root:epoch 0, Episode 51, total_loss: 170.8863983154297, q_loss 170.63204956054688, v_loss 0.2543480396270752 ,lr 0.01
INFO:root:epoch 0, Episode 52, total_loss: 170.32907104492188, q_loss 170.12942504882812, v_loss 0.19964584708213806 ,lr 0.01
INFO:root:epoch 0, Episode 53, total_loss: 170.97348022460938, q_loss 170.6105194091797, v_loss 0.36295393109321594 ,lr 0.01
INFO:root:epoch 0, Episode 54, total_loss: 169.83123779296875, q_loss 169.70896911621094, v_loss 0.1222614198923111 ,lr 0.01
INFO:root:epoch 0, Episode 55, total_loss: 170.64981079101562, q_loss 170.38681030273438, v_loss 0.26300153136253357 ,lr 0.01
INFO:root:epoch 0, Episode 56, total_loss: 170.06085205078125, q_loss 169.9041290283203, v_loss 0.15672917664051056 ,lr 0.01
INFO:root:epoch 0, Episode 57, total_loss: 170.5406494140625, q_loss 170.29312133789062, v_loss 0.24752837419509888 ,lr 0.01
INFO:root:epoch 0, Episode 58, total_loss: 169.67491149902344, q_loss 169.55601501464844, v_loss 0.11889755725860596 ,lr 0.01
INFO:root:epoch 0, Episode 59, total_loss: 170.2937469482422, q_loss 170.00477600097656, v_loss 0.2889752686023712 ,lr 0.01
INFO:root:epoch 0, Episode 60, total_loss: 169.8987274169922, q_loss 169.69589233398438, v_loss 0.20283101499080658 ,lr 0.01
INFO:root:epoch 0, Episode 61, total_loss: 170.0487060546875, q_loss 169.9035186767578, v_loss 0.14518725872039795 ,lr 0.01
INFO:root:epoch 0, Episode 62, total_loss: 169.87969970703125, q_loss 169.7403564453125, v_loss 0.1393483281135559 ,lr 0.01
INFO:root:epoch 0, Episode 63, total_loss: 169.57101440429688, q_loss 169.4664306640625, v_loss 0.10457637906074524 ,lr 0.01
INFO:root:epoch 0, Episode 64, total_loss: 169.8751220703125, q_loss 169.664306640625, v_loss 0.21081174910068512 ,lr 0.01
INFO:root:epoch 0, Episode 65, total_loss: 169.6925506591797, q_loss 169.5339813232422, v_loss 0.158562570810318 ,lr 0.01
INFO:root:epoch 0, Episode 66, total_loss: 169.4458770751953, q_loss 169.3509521484375, v_loss 0.09491977840662003 ,lr 0.01
INFO:root:epoch 0, Episode 67, total_loss: 169.63291931152344, q_loss 169.5349578857422, v_loss 0.09796765446662903 ,lr 0.01
INFO:root:epoch 0, Episode 68, total_loss: 169.57777404785156, q_loss 169.47447204589844, v_loss 0.10330917686223984 ,lr 0.01
INFO:root:epoch 0, Episode 69, total_loss: 169.51144409179688, q_loss 169.37428283691406, v_loss 0.13716749846935272 ,lr 0.01
INFO:root:epoch 0, Episode 70, total_loss: 169.33424377441406, q_loss 169.23536682128906, v_loss 0.098881796002388 ,lr 0.01
INFO:root:epoch 0, Episode 71, total_loss: 169.5467071533203, q_loss 169.43980407714844, v_loss 0.10690607875585556 ,lr 0.01
INFO:root:epoch 0, Episode 72, total_loss: 169.36474609375, q_loss 169.27047729492188, v_loss 0.09426482766866684 ,lr 0.01
INFO:root:epoch 0, Episode 73, total_loss: 169.4178924560547, q_loss 169.29501342773438, v_loss 0.12288624793291092 ,lr 0.01
INFO:root:epoch 0, Episode 74, total_loss: 169.47691345214844, q_loss 169.35574340820312, v_loss 0.12117727100849152 ,lr 0.01
INFO:root:epoch 0, Episode 75, total_loss: 169.38267517089844, q_loss 169.28640747070312, v_loss 0.09626618772745132 ,lr 0.01
INFO:root:epoch 0, Episode 76, total_loss: 169.3093719482422, q_loss 169.21310424804688, v_loss 0.09626300632953644 ,lr 0.01
INFO:root:epoch 0, Episode 77, total_loss: 169.35313415527344, q_loss 169.2454376220703, v_loss 0.10769367963075638 ,lr 0.01
INFO:root:epoch 0, Episode 78, total_loss: 169.32806396484375, q_loss 169.22267150878906, v_loss 0.10538876801729202 ,lr 0.01
INFO:root:epoch 0, Episode 79, total_loss: 169.34381103515625, q_loss 169.2466278076172, v_loss 0.09717889130115509 ,lr 0.01
INFO:root:epoch 0, Episode 80, total_loss: 169.31103515625, q_loss 169.21548461914062, v_loss 0.09554421156644821 ,lr 0.01
INFO:root:epoch 0, Episode 81, total_loss: 169.301025390625, q_loss 169.19863891601562, v_loss 0.10238893330097198 ,lr 0.01
INFO:root:epoch 0, Episode 82, total_loss: 169.34967041015625, q_loss 169.2484130859375, v_loss 0.10125996172428131 ,lr 0.01
INFO:root:epoch 0, Episode 83, total_loss: 169.26666259765625, q_loss 169.18142700195312, v_loss 0.08523397147655487 ,lr 0.01
INFO:root:epoch 0, Episode 84, total_loss: 169.29193115234375, q_loss 169.1998291015625, v_loss 0.09209831058979034 ,lr 0.01
INFO:root:epoch 0, Episode 85, total_loss: 169.27935791015625, q_loss 169.1828155517578, v_loss 0.0965452790260315 ,lr 0.01
INFO:root:epoch 0, Episode 86, total_loss: 169.24697875976562, q_loss 169.16619873046875, v_loss 0.08077885210514069 ,lr 0.01
INFO:root:epoch 0, Episode 87, total_loss: 169.31617736816406, q_loss 169.22900390625, v_loss 0.08717771619558334 ,lr 0.01
INFO:root:epoch 0, Episode 88, total_loss: 169.2191925048828, q_loss 169.1361083984375, v_loss 0.08308067172765732 ,lr 0.01
INFO:root:epoch 0, Episode 89, total_loss: 169.34185791015625, q_loss 169.23756408691406, v_loss 0.10430032014846802 ,lr 0.01
INFO:root:epoch 0, Episode 90, total_loss: 169.31141662597656, q_loss 169.22695922851562, v_loss 0.08445856720209122 ,lr 0.01
INFO:root:epoch 0, Episode 91, total_loss: 169.33599853515625, q_loss 169.2423553466797, v_loss 0.09364717453718185 ,lr 0.01
INFO:root:epoch 0, Episode 92, total_loss: 169.2227325439453, q_loss 169.13572692871094, v_loss 0.08701154589653015 ,lr 0.01
INFO:root:epoch 0, Episode 93, total_loss: 169.34808349609375, q_loss 169.23416137695312, v_loss 0.1139172688126564 ,lr 0.01
INFO:root:epoch 0, Episode 94, total_loss: 169.25050354003906, q_loss 169.17181396484375, v_loss 0.07869130373001099 ,lr 0.01
INFO:root:epoch 0, Episode 95, total_loss: 169.3158416748047, q_loss 169.22866821289062, v_loss 0.08717100322246552 ,lr 0.01
INFO:root:epoch 0, Episode 96, total_loss: 169.1951446533203, q_loss 169.11285400390625, v_loss 0.08228632807731628 ,lr 0.01
INFO:root:epoch 0, Episode 97, total_loss: 169.43490600585938, q_loss 169.29977416992188, v_loss 0.13513077795505524 ,lr 0.01
INFO:root:epoch 0, Episode 98, total_loss: 169.21421813964844, q_loss 169.13128662109375, v_loss 0.08293324708938599 ,lr 0.01
INFO:root:epoch 0, Episode 99, total_loss: 169.3079071044922, q_loss 169.2155303955078, v_loss 0.09237946569919586 ,lr 0.01
INFO:root:epoch 0, Episode 100, total_loss: 169.19740295410156, q_loss 169.11721801757812, v_loss 0.08019247651100159 ,lr 0.01
INFO:root:epoch 0, Episode 101, total_loss: 169.3401641845703, q_loss 169.21627807617188, v_loss 0.12388189882040024 ,lr 0.01
INFO:root:epoch 0, Episode 102, total_loss: 169.1731414794922, q_loss 169.08724975585938, v_loss 0.08589684963226318 ,lr 0.01
INFO:root:epoch 0, Episode 103, total_loss: 169.20533752441406, q_loss 169.12208557128906, v_loss 0.08325435221195221 ,lr 0.01
INFO:root:epoch 0, Episode 104, total_loss: 169.1765899658203, q_loss 169.091552734375, v_loss 0.08504442870616913 ,lr 0.01
INFO:root:epoch 0, Episode 105, total_loss: 169.17062377929688, q_loss 169.07139587402344, v_loss 0.09922973066568375 ,lr 0.01
INFO:root:epoch 0, Episode 106, total_loss: 169.1958465576172, q_loss 169.10166931152344, v_loss 0.09417823702096939 ,lr 0.01
INFO:root:epoch 0, Episode 107, total_loss: 169.14492797851562, q_loss 169.0550537109375, v_loss 0.08987364917993546 ,lr 0.01
INFO:root:epoch 0, Episode 108, total_loss: 169.2797393798828, q_loss 169.16835021972656, v_loss 0.11139056086540222 ,lr 0.01
INFO:root:epoch 0, Episode 109, total_loss: 169.27667236328125, q_loss 169.18138122558594, v_loss 0.09529303759336472 ,lr 0.01
INFO:root:epoch 0, Episode 110, total_loss: 169.3295440673828, q_loss 169.2135467529297, v_loss 0.11599771678447723 ,lr 0.01
INFO:root:epoch 0, Episode 111, total_loss: 169.14283752441406, q_loss 169.05889892578125, v_loss 0.08394595980644226 ,lr 0.01
INFO:root:epoch 0, Episode 112, total_loss: 169.56546020507812, q_loss 169.3966827392578, v_loss 0.16878476738929749 ,lr 0.01
INFO:root:epoch 0, Episode 113, total_loss: 169.1400604248047, q_loss 169.05520629882812, v_loss 0.08484669029712677 ,lr 0.01
INFO:root:epoch 0, Episode 114, total_loss: 169.31776428222656, q_loss 169.20892333984375, v_loss 0.10884789377450943 ,lr 0.01
INFO:root:epoch 0, Episode 115, total_loss: 169.2579803466797, q_loss 169.15419006347656, v_loss 0.10378532111644745 ,lr 0.01
INFO:root:epoch 0, Episode 116, total_loss: 169.10873413085938, q_loss 169.00950622558594, v_loss 0.09922485053539276 ,lr 0.01
INFO:root:epoch 0, Episode 117, total_loss: 169.24986267089844, q_loss 169.12277221679688, v_loss 0.12709763646125793 ,lr 0.01
INFO:root:epoch 0, Episode 118, total_loss: 169.20562744140625, q_loss 169.1023712158203, v_loss 0.10325070470571518 ,lr 0.01
INFO:root:epoch 0, Episode 119, total_loss: 169.3353729248047, q_loss 169.2040557861328, v_loss 0.13131198287010193 ,lr 0.01
INFO:root:epoch 0, Episode 120, total_loss: 169.10382080078125, q_loss 169.0111083984375, v_loss 0.09270885586738586 ,lr 0.01
INFO:root:epoch 0, Episode 121, total_loss: 169.3293914794922, q_loss 169.17137145996094, v_loss 0.1580129712820053 ,lr 0.01
INFO:root:epoch 0, Episode 122, total_loss: 169.05523681640625, q_loss 168.95408630371094, v_loss 0.10115238279104233 ,lr 0.01
INFO:root:epoch 0, Episode 123, total_loss: 169.1769256591797, q_loss 169.07203674316406, v_loss 0.10488530993461609 ,lr 0.01
INFO:root:epoch 0, Episode 124, total_loss: 169.15260314941406, q_loss 169.04869079589844, v_loss 0.10390821099281311 ,lr 0.01
INFO:root:epoch 0, Episode 125, total_loss: 169.0333709716797, q_loss 168.92758178710938, v_loss 0.10578736662864685 ,lr 0.01
INFO:root:epoch 0, Episode 126, total_loss: 169.1809539794922, q_loss 169.041015625, v_loss 0.13993917405605316 ,lr 0.01
INFO:root:epoch 0, Episode 127, total_loss: 169.1320037841797, q_loss 169.01583862304688, v_loss 0.11616484820842743 ,lr 0.01
INFO:root:epoch 0, Episode 128, total_loss: 169.21018981933594, q_loss 169.07882690429688, v_loss 0.13135556876659393 ,lr 0.01
INFO:root:epoch 0, Episode 129, total_loss: 169.05104064941406, q_loss 168.94149780273438, v_loss 0.10954011231660843 ,lr 0.01
INFO:root:epoch 0, Episode 130, total_loss: 169.384765625, q_loss 169.2182159423828, v_loss 0.16655462980270386 ,lr 0.01
INFO:root:epoch 0, Episode 131, total_loss: 169.12725830078125, q_loss 169.0173797607422, v_loss 0.10987987369298935 ,lr 0.01
INFO:root:epoch 0, Episode 132, total_loss: 169.10740661621094, q_loss 169.0029754638672, v_loss 0.10442829877138138 ,lr 0.01
INFO:root:epoch 0, Episode 133, total_loss: 169.10726928710938, q_loss 169.0121307373047, v_loss 0.09514139592647552 ,lr 0.01
INFO:root:epoch 0, Episode 134, total_loss: 169.0425567626953, q_loss 168.9343719482422, v_loss 0.10818222910165787 ,lr 0.01
INFO:root:epoch 0, Episode 135, total_loss: 169.0780029296875, q_loss 168.97412109375, v_loss 0.10388626903295517 ,lr 0.01
INFO:root:epoch 0, Episode 136, total_loss: 169.01882934570312, q_loss 168.92337036132812, v_loss 0.09546221792697906 ,lr 0.01
INFO:root:epoch 0, Episode 137, total_loss: 169.0501708984375, q_loss 168.95852661132812, v_loss 0.09164927899837494 ,lr 0.01
INFO:root:epoch 0, Episode 138, total_loss: 169.04869079589844, q_loss 168.955810546875, v_loss 0.09288091212511063 ,lr 0.01
INFO:root:epoch 0, Episode 139, total_loss: 168.97140502929688, q_loss 168.8743133544922, v_loss 0.09709451347589493 ,lr 0.01
INFO:root:epoch 0, Episode 140, total_loss: 169.12513732910156, q_loss 169.01942443847656, v_loss 0.10570570826530457 ,lr 0.01
INFO:root:epoch 0, Episode 141, total_loss: 168.97122192382812, q_loss 168.8783721923828, v_loss 0.0928460881114006 ,lr 0.01
INFO:root:epoch 0, Episode 142, total_loss: 169.03707885742188, q_loss 168.93832397460938, v_loss 0.09875685721635818 ,lr 0.01
INFO:root:epoch 0, Episode 143, total_loss: 169.01414489746094, q_loss 168.9228973388672, v_loss 0.09125001728534698 ,lr 0.01
INFO:root:epoch 0, Episode 144, total_loss: 169.03680419921875, q_loss 168.9429473876953, v_loss 0.09385235607624054 ,lr 0.01
INFO:root:epoch 0, Episode 145, total_loss: 169.0388641357422, q_loss 168.93826293945312, v_loss 0.10060696303844452 ,lr 0.01
INFO:root:epoch 0, Episode 146, total_loss: 168.9674530029297, q_loss 168.8829345703125, v_loss 0.08451096713542938 ,lr 0.01
INFO:root:epoch 0, Episode 147, total_loss: 168.97549438476562, q_loss 168.8903045654297, v_loss 0.08518821746110916 ,lr 0.01
INFO:root:epoch 0, Episode 148, total_loss: 168.93905639648438, q_loss 168.8465118408203, v_loss 0.09254992008209229 ,lr 0.01
INFO:root:epoch 0, Episode 149, total_loss: 169.11111450195312, q_loss 168.99330139160156, v_loss 0.11780989915132523 ,lr 0.01
INFO:root:epoch 0, Episode 150, total_loss: 169.03314208984375, q_loss 168.92503356933594, v_loss 0.1081073209643364 ,lr 0.01
INFO:root:epoch 0, Episode 151, total_loss: 169.1251983642578, q_loss 169.0021514892578, v_loss 0.1230536475777626 ,lr 0.01
INFO:root:epoch 0, Episode 152, total_loss: 168.91323852539062, q_loss 168.81591796875, v_loss 0.09731428325176239 ,lr 0.01
INFO:root:epoch 0, Episode 153, total_loss: 169.22900390625, q_loss 169.07318115234375, v_loss 0.15582400560379028 ,lr 0.01
INFO:root:epoch 0, Episode 154, total_loss: 169.12451171875, q_loss 169.0064239501953, v_loss 0.11808504909276962 ,lr 0.01
INFO:root:epoch 0, Episode 155, total_loss: 168.95143127441406, q_loss 168.83851623535156, v_loss 0.11290881782770157 ,lr 0.01
INFO:root:epoch 0, Episode 156, total_loss: 169.0050811767578, q_loss 168.89328002929688, v_loss 0.11179517209529877 ,lr 0.01
INFO:root:epoch 0, Episode 157, total_loss: 168.949951171875, q_loss 168.8125, v_loss 0.13745087385177612 ,lr 0.01
INFO:root:epoch 0, Episode 158, total_loss: 168.9251251220703, q_loss 168.80789184570312, v_loss 0.11723151057958603 ,lr 0.01
INFO:root:epoch 0, Episode 159, total_loss: 168.9146270751953, q_loss 168.8013916015625, v_loss 0.11323564499616623 ,lr 0.01
INFO:root:epoch 0, Episode 160, total_loss: 168.8882598876953, q_loss 168.76803588867188, v_loss 0.12022367119789124 ,lr 0.01
INFO:root:epoch 0, Episode 161, total_loss: 168.88951110839844, q_loss 168.76968383789062, v_loss 0.11983327567577362 ,lr 0.01
INFO:root:epoch 0, Episode 162, total_loss: 168.85787963867188, q_loss 168.74964904785156, v_loss 0.10823113471269608 ,lr 0.01
INFO:root:epoch 0, Episode 163, total_loss: 168.82574462890625, q_loss 168.71841430664062, v_loss 0.10732999444007874 ,lr 0.01
INFO:root:epoch 0, Episode 164, total_loss: 168.92283630371094, q_loss 168.79986572265625, v_loss 0.1229662299156189 ,lr 0.01
INFO:root:epoch 0, Episode 165, total_loss: 168.94358825683594, q_loss 168.82769775390625, v_loss 0.11589358001947403 ,lr 0.01
INFO:root:epoch 0, Episode 166, total_loss: 169.04110717773438, q_loss 168.9056854248047, v_loss 0.13542188704013824 ,lr 0.01
INFO:root:epoch 0, Episode 167, total_loss: 168.77532958984375, q_loss 168.67230224609375, v_loss 0.10303165018558502 ,lr 0.01
INFO:root:epoch 0, Episode 168, total_loss: 169.11294555664062, q_loss 168.96144104003906, v_loss 0.15149915218353271 ,lr 0.01
INFO:root:epoch 0, Episode 169, total_loss: 168.8648223876953, q_loss 168.7562255859375, v_loss 0.10858973860740662 ,lr 0.01
INFO:root:epoch 0, Episode 170, total_loss: 168.99667358398438, q_loss 168.86416625976562, v_loss 0.13250389695167542 ,lr 0.01
INFO:root:epoch 0, Episode 171, total_loss: 168.83213806152344, q_loss 168.72508239746094, v_loss 0.107059046626091 ,lr 0.01
INFO:root:epoch 0, Episode 172, total_loss: 169.01577758789062, q_loss 168.8513946533203, v_loss 0.1643827259540558 ,lr 0.01
INFO:root:epoch 0, Episode 173, total_loss: 168.80401611328125, q_loss 168.68869018554688, v_loss 0.11533132195472717 ,lr 0.01
INFO:root:epoch 0, Episode 174, total_loss: 168.88394165039062, q_loss 168.7677764892578, v_loss 0.11616763472557068 ,lr 0.01
INFO:root:epoch 0, Episode 175, total_loss: 168.77175903320312, q_loss 168.6511993408203, v_loss 0.12055402249097824 ,lr 0.01
INFO:root:epoch 0, Episode 176, total_loss: 168.80345153808594, q_loss 168.66085815429688, v_loss 0.14258785545825958 ,lr 0.01
INFO:root:epoch 0, Episode 177, total_loss: 168.83958435058594, q_loss 168.7145233154297, v_loss 0.12505647540092468 ,lr 0.01
INFO:root:epoch 0, Episode 178, total_loss: 168.79525756835938, q_loss 168.6702423095703, v_loss 0.1250186711549759 ,lr 0.01
INFO:root:epoch 0, Episode 179, total_loss: 168.82374572753906, q_loss 168.6886444091797, v_loss 0.13510441780090332 ,lr 0.01
INFO:root:epoch 0, Episode 180, total_loss: 168.70834350585938, q_loss 168.5890350341797, v_loss 0.1193104088306427 ,lr 0.01
INFO:root:epoch 0, Episode 181, total_loss: 168.7230682373047, q_loss 168.60067749023438, v_loss 0.12239664047956467 ,lr 0.01
INFO:root:epoch 0, Episode 182, total_loss: 168.6986083984375, q_loss 168.57498168945312, v_loss 0.12362688779830933 ,lr 0.01
INFO:root:epoch 0, Episode 183, total_loss: 168.70144653320312, q_loss 168.58084106445312, v_loss 0.1206008568406105 ,lr 0.01
INFO:root:epoch 0, Episode 184, total_loss: 168.6851348876953, q_loss 168.5655059814453, v_loss 0.11962924897670746 ,lr 0.01
INFO:root:epoch 0, Episode 185, total_loss: 168.6773223876953, q_loss 168.56106567382812, v_loss 0.11625903844833374 ,lr 0.01
INFO:root:epoch 0, Episode 186, total_loss: 168.7245635986328, q_loss 168.598876953125, v_loss 0.12568069994449615 ,lr 0.01
INFO:root:epoch 0, Episode 187, total_loss: 168.717041015625, q_loss 168.6045684814453, v_loss 0.11246892064809799 ,lr 0.01
INFO:root:epoch 0, Episode 188, total_loss: 168.67330932617188, q_loss 168.55747985839844, v_loss 0.11582937836647034 ,lr 0.01
INFO:root:epoch 0, Episode 189, total_loss: 168.71942138671875, q_loss 168.59315490722656, v_loss 0.1262737363576889 ,lr 0.01
INFO:root:epoch 0, Episode 190, total_loss: 168.7954864501953, q_loss 168.66297912597656, v_loss 0.1325087994337082 ,lr 0.01
INFO:root:epoch 0, Episode 191, total_loss: 168.84600830078125, q_loss 168.71510314941406, v_loss 0.13089938461780548 ,lr 0.01
INFO:root:epoch 0, Episode 192, total_loss: 168.67214965820312, q_loss 168.53591918945312, v_loss 0.1362273097038269 ,lr 0.01
INFO:root:epoch 0, Episode 193, total_loss: 168.716552734375, q_loss 168.5810089111328, v_loss 0.13554005324840546 ,lr 0.01
INFO:root:epoch 0, Episode 194, total_loss: 168.82981872558594, q_loss 168.69723510742188, v_loss 0.13258402049541473 ,lr 0.01
INFO:root:epoch 0, Episode 195, total_loss: 168.69760131835938, q_loss 168.54736328125, v_loss 0.15023262798786163 ,lr 0.01
INFO:root:epoch 0, Episode 196, total_loss: 168.86143493652344, q_loss 168.66876220703125, v_loss 0.1926741898059845 ,lr 0.01
INFO:root:epoch 0, Episode 197, total_loss: 168.6372833251953, q_loss 168.49937438964844, v_loss 0.1379077434539795 ,lr 0.01
INFO:root:epoch 0, Episode 198, total_loss: 168.95852661132812, q_loss 168.80975341796875, v_loss 0.14877374470233917 ,lr 0.01
INFO:root:epoch 0, Episode 199, total_loss: 168.7904815673828, q_loss 168.61248779296875, v_loss 0.1779930293560028 ,lr 0.01
INFO:root:epoch 0, Episode 200, total_loss: 168.5919647216797, q_loss 168.45655822753906, v_loss 0.1354057937860489 ,lr 0.01
INFO:root:epoch 0, Episode 201, total_loss: 168.6718292236328, q_loss 168.5318603515625, v_loss 0.13997146487236023 ,lr 0.01
INFO:root:epoch 0, Episode 202, total_loss: 168.54417419433594, q_loss 168.4093475341797, v_loss 0.13483060896396637 ,lr 0.01
INFO:root:epoch 0, Episode 203, total_loss: 168.8531036376953, q_loss 168.65158081054688, v_loss 0.20152433216571808 ,lr 0.01
INFO:root:epoch 0, Episode 204, total_loss: 168.57826232910156, q_loss 168.44229125976562, v_loss 0.13596802949905396 ,lr 0.01
INFO:root:epoch 0, Episode 205, total_loss: 168.7907257080078, q_loss 168.63587951660156, v_loss 0.15484824776649475 ,lr 0.01
INFO:root:epoch 0, Episode 206, total_loss: 168.494140625, q_loss 168.35321044921875, v_loss 0.14092975854873657 ,lr 0.01
INFO:root:epoch 0, Episode 207, total_loss: 169.02073669433594, q_loss 168.78872680664062, v_loss 0.23201480507850647 ,lr 0.01
INFO:root:epoch 0, Episode 208, total_loss: 168.76113891601562, q_loss 168.6124725341797, v_loss 0.1486705094575882 ,lr 0.01
INFO:root:epoch 0, Episode 209, total_loss: 168.78672790527344, q_loss 168.61746215820312, v_loss 0.16927020251750946 ,lr 0.01
INFO:root:epoch 0, Episode 210, total_loss: 168.69924926757812, q_loss 168.54542541503906, v_loss 0.1538253128528595 ,lr 0.01
INFO:root:epoch 0, Episode 211, total_loss: 168.5930633544922, q_loss 168.40769958496094, v_loss 0.18536318838596344 ,lr 0.01
INFO:root:epoch 0, Episode 212, total_loss: 168.63134765625, q_loss 168.47666931152344, v_loss 0.15468087792396545 ,lr 0.01
INFO:root:epoch 0, Episode 213, total_loss: 168.4645233154297, q_loss 168.30938720703125, v_loss 0.1551431268453598 ,lr 0.01
INFO:root:epoch 0, Episode 214, total_loss: 168.5746612548828, q_loss 168.37945556640625, v_loss 0.19520118832588196 ,lr 0.01
INFO:root:epoch 0, Episode 215, total_loss: 168.48757934570312, q_loss 168.3309783935547, v_loss 0.1566024124622345 ,lr 0.01
INFO:root:epoch 0, Episode 216, total_loss: 168.5489959716797, q_loss 168.392333984375, v_loss 0.1566673219203949 ,lr 0.01
INFO:root:epoch 0, Episode 217, total_loss: 168.42823791503906, q_loss 168.2461395263672, v_loss 0.18209224939346313 ,lr 0.01
INFO:root:epoch 0, Episode 218, total_loss: 168.4431610107422, q_loss 168.2614288330078, v_loss 0.181731179356575 ,lr 0.01
INFO:root:epoch 0, Episode 219, total_loss: 168.39166259765625, q_loss 168.23057556152344, v_loss 0.16108796000480652 ,lr 0.01
INFO:root:epoch 0, Episode 220, total_loss: 168.44773864746094, q_loss 168.288818359375, v_loss 0.15892253816127777 ,lr 0.01
INFO:root:epoch 0, Episode 221, total_loss: 168.40074157714844, q_loss 168.21908569335938, v_loss 0.18165233731269836 ,lr 0.01
INFO:root:epoch 0, Episode 222, total_loss: 168.39512634277344, q_loss 168.23806762695312, v_loss 0.1570652276277542 ,lr 0.01
INFO:root:epoch 0, Episode 223, total_loss: 168.44076538085938, q_loss 168.28021240234375, v_loss 0.16054747998714447 ,lr 0.01
INFO:root:epoch 0, Episode 224, total_loss: 168.2637176513672, q_loss 168.0973358154297, v_loss 0.16638338565826416 ,lr 0.01
INFO:root:epoch 0, Episode 225, total_loss: 168.30821228027344, q_loss 168.12326049804688, v_loss 0.18494662642478943 ,lr 0.01
INFO:root:epoch 0, Episode 226, total_loss: 168.37193298339844, q_loss 168.21311950683594, v_loss 0.15881751477718353 ,lr 0.01
INFO:root:epoch 0, Episode 227, total_loss: 168.43345642089844, q_loss 168.2624053955078, v_loss 0.17105233669281006 ,lr 0.01
INFO:root:epoch 0, Episode 228, total_loss: 168.23973083496094, q_loss 168.07188415527344, v_loss 0.16785229742527008 ,lr 0.01
INFO:root:epoch 0, Episode 229, total_loss: 168.60760498046875, q_loss 168.3439483642578, v_loss 0.26365190744400024 ,lr 0.01
INFO:root:epoch 0, Episode 230, total_loss: 168.48851013183594, q_loss 168.31602478027344, v_loss 0.17249064147472382 ,lr 0.01
INFO:root:epoch 0, Episode 231, total_loss: 168.43043518066406, q_loss 168.25694274902344, v_loss 0.1734856367111206 ,lr 0.01
INFO:root:epoch 0, Episode 232, total_loss: 168.3721466064453, q_loss 168.18821716308594, v_loss 0.18392708897590637 ,lr 0.01
INFO:root:epoch 0, Episode 233, total_loss: 168.25143432617188, q_loss 168.01724243164062, v_loss 0.23419611155986786 ,lr 0.01
INFO:root:epoch 0, Episode 234, total_loss: 168.3214111328125, q_loss 168.14117431640625, v_loss 0.18023449182510376 ,lr 0.01
INFO:root:epoch 0, Episode 235, total_loss: 168.13180541992188, q_loss 167.95587158203125, v_loss 0.17593638598918915 ,lr 0.01
INFO:root:epoch 0, Episode 236, total_loss: 168.19667053222656, q_loss 167.98846435546875, v_loss 0.20819932222366333 ,lr 0.01
INFO:root:epoch 0, Episode 237, total_loss: 168.21542358398438, q_loss 168.03150939941406, v_loss 0.18391923606395721 ,lr 0.01
INFO:root:epoch 0, Episode 238, total_loss: 168.0203094482422, q_loss 167.8577423095703, v_loss 0.16256240010261536 ,lr 0.01
INFO:root:epoch 0, Episode 239, total_loss: 168.24009704589844, q_loss 168.05130004882812, v_loss 0.1887947916984558 ,lr 0.01
INFO:root:epoch 0, Episode 240, total_loss: 168.1476593017578, q_loss 167.9671173095703, v_loss 0.18054790794849396 ,lr 0.01
INFO:root:epoch 0, Episode 241, total_loss: 167.96583557128906, q_loss 167.80006408691406, v_loss 0.16576522588729858 ,lr 0.01
INFO:root:epoch 0, Episode 242, total_loss: 168.14523315429688, q_loss 167.9657440185547, v_loss 0.17949353158473969 ,lr 0.01
INFO:root:epoch 0, Episode 243, total_loss: 168.15782165527344, q_loss 167.96327209472656, v_loss 0.19455045461654663 ,lr 0.01
INFO:root:epoch 0, Episode 244, total_loss: 168.25250244140625, q_loss 168.0557861328125, v_loss 0.19671659171581268 ,lr 0.01
INFO:root:epoch 0, Episode 245, total_loss: 167.90879821777344, q_loss 167.7418975830078, v_loss 0.16690261662006378 ,lr 0.01
INFO:root:epoch 0, Episode 246, total_loss: 168.2859344482422, q_loss 168.03457641601562, v_loss 0.2513604164123535 ,lr 0.01
INFO:root:epoch 0, Episode 247, total_loss: 167.94964599609375, q_loss 167.7783660888672, v_loss 0.17127244174480438 ,lr 0.01
INFO:root:epoch 0, Episode 248, total_loss: 168.14735412597656, q_loss 167.96066284179688, v_loss 0.18668429553508759 ,lr 0.01
INFO:root:epoch 0, Episode 249, total_loss: 167.8744659423828, q_loss 167.68008422851562, v_loss 0.19438587129116058 ,lr 0.01
INFO:root:epoch 0, Episode 250, total_loss: 168.2274169921875, q_loss 167.92491149902344, v_loss 0.30250877141952515 ,lr 0.01
INFO:root:epoch 0, Episode 251, total_loss: 167.91983032226562, q_loss 167.7393341064453, v_loss 0.1804974526166916 ,lr 0.01
INFO:root:epoch 0, Episode 252, total_loss: 168.0403289794922, q_loss 167.8430938720703, v_loss 0.19722844660282135 ,lr 0.01
INFO:root:epoch 0, Episode 253, total_loss: 167.83946228027344, q_loss 167.6352081298828, v_loss 0.20425857603549957 ,lr 0.01
INFO:root:epoch 0, Episode 254, total_loss: 167.87757873535156, q_loss 167.57798767089844, v_loss 0.29958879947662354 ,lr 0.01
INFO:root:epoch 0, Episode 255, total_loss: 167.92568969726562, q_loss 167.70318603515625, v_loss 0.2225079983472824 ,lr 0.01
INFO:root:epoch 0, Episode 256, total_loss: 167.70718383789062, q_loss 167.50965881347656, v_loss 0.19752418994903564 ,lr 0.01
INFO:root:epoch 0, Episode 257, total_loss: 167.70050048828125, q_loss 167.4949188232422, v_loss 0.20558512210845947 ,lr 0.01
INFO:root:epoch 0, Episode 258, total_loss: 167.67898559570312, q_loss 167.44677734375, v_loss 0.2322113811969757 ,lr 0.01
INFO:root:epoch 0, Episode 259, total_loss: 167.7082061767578, q_loss 167.5219268798828, v_loss 0.18627934157848358 ,lr 0.01
INFO:root:epoch 0, Episode 260, total_loss: 167.5989227294922, q_loss 167.3957061767578, v_loss 0.20322349667549133 ,lr 0.01
INFO:root:epoch 0, Episode 261, total_loss: 167.6035614013672, q_loss 167.39666748046875, v_loss 0.2068871259689331 ,lr 0.01
INFO:root:epoch 0, Episode 262, total_loss: 167.50677490234375, q_loss 167.32232666015625, v_loss 0.18444688618183136 ,lr 0.01
INFO:root:epoch 0, Episode 263, total_loss: 167.50180053710938, q_loss 167.3067626953125, v_loss 0.19504314661026 ,lr 0.01
INFO:root:epoch 0, Episode 264, total_loss: 167.4220428466797, q_loss 167.22120666503906, v_loss 0.20084106922149658 ,lr 0.01
INFO:root:epoch 0, Episode 265, total_loss: 167.518310546875, q_loss 167.32046508789062, v_loss 0.19784943759441376 ,lr 0.01
INFO:root:epoch 0, Episode 266, total_loss: 167.38145446777344, q_loss 167.187744140625, v_loss 0.19371260702610016 ,lr 0.01
INFO:root:epoch 0, Episode 267, total_loss: 167.66026306152344, q_loss 167.42486572265625, v_loss 0.23539000749588013 ,lr 0.01
INFO:root:epoch 0, Episode 268, total_loss: 167.69960021972656, q_loss 167.49728393554688, v_loss 0.20232197642326355 ,lr 0.01
INFO:root:epoch 0, Episode 269, total_loss: 167.46559143066406, q_loss 167.25286865234375, v_loss 0.21272270381450653 ,lr 0.01
INFO:root:epoch 0, Episode 270, total_loss: 167.626953125, q_loss 167.3125762939453, v_loss 0.314374715089798 ,lr 0.01
INFO:root:epoch 0, Episode 271, total_loss: 167.35379028320312, q_loss 167.1265411376953, v_loss 0.22724191844463348 ,lr 0.01
INFO:root:epoch 0, Episode 272, total_loss: 167.61257934570312, q_loss 167.42108154296875, v_loss 0.19150230288505554 ,lr 0.01
INFO:root:epoch 0, Episode 273, total_loss: 167.33824157714844, q_loss 167.09356689453125, v_loss 0.24466829001903534 ,lr 0.01
INFO:root:epoch 0, Episode 274, total_loss: 167.34130859375, q_loss 167.09593200683594, v_loss 0.24536912143230438 ,lr 0.01
INFO:root:epoch 0, Episode 275, total_loss: 167.24862670898438, q_loss 167.03114318847656, v_loss 0.2174876630306244 ,lr 0.01
INFO:root:epoch 0, Episode 276, total_loss: 167.21714782714844, q_loss 167.0056915283203, v_loss 0.2114536464214325 ,lr 0.01
INFO:root:epoch 0, Episode 277, total_loss: 167.2953338623047, q_loss 167.02243041992188, v_loss 0.272907018661499 ,lr 0.01
INFO:root:epoch 0, Episode 278, total_loss: 167.24801635742188, q_loss 167.04348754882812, v_loss 0.2045244574546814 ,lr 0.01
INFO:root:epoch 0, Episode 279, total_loss: 167.38795471191406, q_loss 167.17538452148438, v_loss 0.2125740945339203 ,lr 0.01
INFO:root:epoch 0, Episode 280, total_loss: 166.95452880859375, q_loss 166.7310333251953, v_loss 0.22349676489830017 ,lr 0.01
INFO:root:epoch 0, Episode 281, total_loss: 167.30245971679688, q_loss 166.99462890625, v_loss 0.3078358769416809 ,lr 0.01
INFO:root:epoch 0, Episode 282, total_loss: 167.44488525390625, q_loss 167.2054443359375, v_loss 0.23944638669490814 ,lr 0.01
INFO:root:epoch 0, Episode 283, total_loss: 167.20498657226562, q_loss 166.9433135986328, v_loss 0.26167112588882446 ,lr 0.01
INFO:root:epoch 0, Episode 284, total_loss: 167.3863067626953, q_loss 167.00466918945312, v_loss 0.38163116574287415 ,lr 0.01
INFO:root:epoch 0, Episode 285, total_loss: 166.95999145507812, q_loss 166.59901428222656, v_loss 0.36098402738571167 ,lr 0.01
INFO:root:epoch 0, Episode 286, total_loss: 167.4364013671875, q_loss 167.1610870361328, v_loss 0.2753068506717682 ,lr 0.01
INFO:root:epoch 0, Episode 287, total_loss: 166.71829223632812, q_loss 166.4734344482422, v_loss 0.2448572963476181 ,lr 0.01
INFO:root:epoch 0, Episode 288, total_loss: 167.2260284423828, q_loss 166.7548065185547, v_loss 0.47122231125831604 ,lr 0.01
INFO:root:epoch 0, Episode 289, total_loss: 167.15652465820312, q_loss 166.88612365722656, v_loss 0.27040526270866394 ,lr 0.01
INFO:root:epoch 0, Episode 290, total_loss: 167.09326171875, q_loss 166.7954559326172, v_loss 0.29780149459838867 ,lr 0.01
INFO:root:epoch 0, Episode 291, total_loss: 166.83998107910156, q_loss 166.600341796875, v_loss 0.23964643478393555 ,lr 0.01
INFO:root:epoch 0, Episode 292, total_loss: 167.70257568359375, q_loss 167.21995544433594, v_loss 0.48261716961860657 ,lr 0.01
INFO:root:epoch 0, Episode 293, total_loss: 166.91966247558594, q_loss 166.6508331298828, v_loss 0.2688267230987549 ,lr 0.01
INFO:root:epoch 0, Episode 294, total_loss: 167.3181915283203, q_loss 166.94622802734375, v_loss 0.37196803092956543 ,lr 0.01
INFO:root:epoch 0, Episode 295, total_loss: 166.79359436035156, q_loss 166.54583740234375, v_loss 0.24775858223438263 ,lr 0.01
INFO:root:epoch 0, Episode 296, total_loss: 166.9547119140625, q_loss 166.5228271484375, v_loss 0.4318845570087433 ,lr 0.01
INFO:root:epoch 0, Episode 297, total_loss: 166.6462860107422, q_loss 166.3384552001953, v_loss 0.30783718824386597 ,lr 0.01
INFO:root:epoch 0, Episode 298, total_loss: 166.7633056640625, q_loss 166.51231384277344, v_loss 0.2509962022304535 ,lr 0.01
INFO:root:epoch 0, Episode 299, total_loss: 166.6824493408203, q_loss 166.4022979736328, v_loss 0.2801583707332611 ,lr 0.01
INFO:root:epoch 0, Episode 300, total_loss: 166.50791931152344, q_loss 166.1822967529297, v_loss 0.3256271481513977 ,lr 0.01
INFO:root:epoch 0, Episode 301, total_loss: 166.50379943847656, q_loss 166.15956115722656, v_loss 0.34424489736557007 ,lr 0.01
INFO:root:epoch 0, Episode 302, total_loss: 166.51046752929688, q_loss 166.2642059326172, v_loss 0.24625788629055023 ,lr 0.01
INFO:root:epoch 0, Episode 303, total_loss: 166.17503356933594, q_loss 165.9175262451172, v_loss 0.25751277804374695 ,lr 0.01
INFO:root:epoch 0, Episode 304, total_loss: 166.2982940673828, q_loss 166.042724609375, v_loss 0.2555767893791199 ,lr 0.01
INFO:root:epoch 0, Episode 305, total_loss: 166.44564819335938, q_loss 166.20896911621094, v_loss 0.23667867481708527 ,lr 0.01
INFO:root:epoch 0, Episode 306, total_loss: 166.15933227539062, q_loss 165.91384887695312, v_loss 0.2454783022403717 ,lr 0.01
INFO:root:epoch 0, Episode 307, total_loss: 166.24887084960938, q_loss 165.996826171875, v_loss 0.2520378530025482 ,lr 0.01
INFO:root:epoch 0, Episode 308, total_loss: 166.17405700683594, q_loss 165.82186889648438, v_loss 0.35219070315361023 ,lr 0.01
INFO:root:epoch 0, Episode 309, total_loss: 166.19715881347656, q_loss 165.79444885253906, v_loss 0.4027029573917389 ,lr 0.01
INFO:root:epoch 0, Episode 310, total_loss: 165.95236206054688, q_loss 165.70896911621094, v_loss 0.24338647723197937 ,lr 0.01
INFO:root:epoch 0, Episode 311, total_loss: 166.15615844726562, q_loss 165.9033966064453, v_loss 0.2527632713317871 ,lr 0.01
INFO:root:epoch 0, Episode 312, total_loss: 166.0102996826172, q_loss 165.59512329101562, v_loss 0.41517654061317444 ,lr 0.01
INFO:root:epoch 0, Episode 313, total_loss: 165.84861755371094, q_loss 165.521240234375, v_loss 0.3273719847202301 ,lr 0.01
INFO:root:epoch 0, Episode 314, total_loss: 165.79681396484375, q_loss 165.5266876220703, v_loss 0.27011996507644653 ,lr 0.01
INFO:root:epoch 0, Episode 315, total_loss: 165.68798828125, q_loss 165.42601013183594, v_loss 0.26197636127471924 ,lr 0.01
INFO:root:epoch 0, Episode 316, total_loss: 166.04611206054688, q_loss 165.6376495361328, v_loss 0.4084680676460266 ,lr 0.01
INFO:root:epoch 0, Episode 317, total_loss: 165.53585815429688, q_loss 165.23974609375, v_loss 0.29611936211586 ,lr 0.01
INFO:root:epoch 0, Episode 318, total_loss: 165.63589477539062, q_loss 165.349365234375, v_loss 0.28652486205101013 ,lr 0.01
INFO:root:epoch 0, Episode 319, total_loss: 165.45518493652344, q_loss 165.171142578125, v_loss 0.28404000401496887 ,lr 0.01
INFO:root:epoch 0, Episode 320, total_loss: 165.63809204101562, q_loss 165.2460174560547, v_loss 0.39206942915916443 ,lr 0.01
INFO:root:epoch 0, Episode 321, total_loss: 165.3784637451172, q_loss 165.11402893066406, v_loss 0.26443028450012207 ,lr 0.01
INFO:root:epoch 0, Episode 322, total_loss: 165.49098205566406, q_loss 165.2374267578125, v_loss 0.2535592019557953 ,lr 0.01
INFO:root:epoch 0, Episode 323, total_loss: 165.45849609375, q_loss 165.14334106445312, v_loss 0.3151596486568451 ,lr 0.01
INFO:root:epoch 0, Episode 324, total_loss: 165.40103149414062, q_loss 164.98129272460938, v_loss 0.41973745822906494 ,lr 0.01
INFO:root:epoch 0, Episode 325, total_loss: 165.33973693847656, q_loss 165.0554962158203, v_loss 0.2842422425746918 ,lr 0.01
INFO:root:epoch 0, Episode 326, total_loss: 165.2012176513672, q_loss 164.95384216308594, v_loss 0.24738186597824097 ,lr 0.01
INFO:root:epoch 0, Episode 327, total_loss: 165.23886108398438, q_loss 164.86044311523438, v_loss 0.37841907143592834 ,lr 0.01
INFO:root:epoch 0, Episode 328, total_loss: 165.1600341796875, q_loss 164.87161254882812, v_loss 0.2884249985218048 ,lr 0.01
INFO:root:epoch 0, Episode 329, total_loss: 165.16078186035156, q_loss 164.92909240722656, v_loss 0.23169063031673431 ,lr 0.01
INFO:root:epoch 0, Episode 330, total_loss: 165.05865478515625, q_loss 164.80943298339844, v_loss 0.24921928346157074 ,lr 0.01
INFO:root:epoch 0, Episode 331, total_loss: 165.0792694091797, q_loss 164.75344848632812, v_loss 0.3258156478404999 ,lr 0.01
INFO:root:epoch 0, Episode 332, total_loss: 164.90313720703125, q_loss 164.6422576904297, v_loss 0.2608746886253357 ,lr 0.01
INFO:root:epoch 0, Episode 333, total_loss: 164.87026977539062, q_loss 164.62457275390625, v_loss 0.24569275975227356 ,lr 0.01
INFO:root:epoch 0, Episode 334, total_loss: 164.876220703125, q_loss 164.59669494628906, v_loss 0.2795236110687256 ,lr 0.01
INFO:root:epoch 0, Episode 335, total_loss: 164.6228790283203, q_loss 164.37644958496094, v_loss 0.24642515182495117 ,lr 0.01
INFO:root:epoch 0, Episode 336, total_loss: 164.56179809570312, q_loss 164.29949951171875, v_loss 0.2622953951358795 ,lr 0.01
INFO:root:epoch 0, Episode 337, total_loss: 164.52113342285156, q_loss 164.16896057128906, v_loss 0.35217031836509705 ,lr 0.01
INFO:root:epoch 0, Episode 338, total_loss: 164.37408447265625, q_loss 164.07359313964844, v_loss 0.300485223531723 ,lr 0.01
INFO:root:epoch 0, Episode 339, total_loss: 164.41168212890625, q_loss 164.1440887451172, v_loss 0.2675868570804596 ,lr 0.01
INFO:root:epoch 0, Episode 340, total_loss: 164.5467987060547, q_loss 164.21351623535156, v_loss 0.33327752351760864 ,lr 0.01
INFO:root:epoch 0, Episode 341, total_loss: 164.18655395507812, q_loss 163.87257385253906, v_loss 0.31398501992225647 ,lr 0.01
INFO:root:epoch 0, Episode 342, total_loss: 164.18548583984375, q_loss 163.92916870117188, v_loss 0.2563188374042511 ,lr 0.01
INFO:root:epoch 0, Episode 343, total_loss: 164.095458984375, q_loss 163.7538604736328, v_loss 0.34159567952156067 ,lr 0.01
INFO:root:epoch 0, Episode 344, total_loss: 164.02664184570312, q_loss 163.71681213378906, v_loss 0.30982470512390137 ,lr 0.01
INFO:root:epoch 0, Episode 345, total_loss: 163.98455810546875, q_loss 163.685546875, v_loss 0.29901814460754395 ,lr 0.01
INFO:root:epoch 0, Episode 346, total_loss: 163.98568725585938, q_loss 163.60354614257812, v_loss 0.38213619589805603 ,lr 0.01
INFO:root:epoch 0, Episode 347, total_loss: 163.90817260742188, q_loss 163.62213134765625, v_loss 0.28604423999786377 ,lr 0.01
INFO:root:epoch 0, Episode 348, total_loss: 163.84259033203125, q_loss 163.51510620117188, v_loss 0.32748937606811523 ,lr 0.01
INFO:root:epoch 0, Episode 349, total_loss: 163.74301147460938, q_loss 163.4332733154297, v_loss 0.30974501371383667 ,lr 0.01
INFO:root:epoch 0, Episode 350, total_loss: 163.6930694580078, q_loss 163.3947296142578, v_loss 0.29834064841270447 ,lr 0.01
INFO:root:epoch 0, Episode 351, total_loss: 163.64295959472656, q_loss 163.268310546875, v_loss 0.3746480345726013 ,lr 0.01
INFO:root:epoch 0, Episode 352, total_loss: 163.6071014404297, q_loss 163.3341827392578, v_loss 0.2729165256023407 ,lr 0.01
INFO:root:epoch 0, Episode 353, total_loss: 163.47174072265625, q_loss 163.17723083496094, v_loss 0.29450926184654236 ,lr 0.01
INFO:root:epoch 0, Episode 354, total_loss: 163.63497924804688, q_loss 163.18136596679688, v_loss 0.45361825823783875 ,lr 0.01
INFO:root:epoch 0, Episode 355, total_loss: 163.7197723388672, q_loss 163.4185333251953, v_loss 0.3012327253818512 ,lr 0.01
INFO:root:epoch 0, Episode 356, total_loss: 163.50628662109375, q_loss 163.12757873535156, v_loss 0.37870725989341736 ,lr 0.01
INFO:root:epoch 0, Episode 357, total_loss: 163.3257598876953, q_loss 162.82931518554688, v_loss 0.4964378774166107 ,lr 0.01
INFO:root:epoch 0, Episode 358, total_loss: 163.65982055664062, q_loss 163.28758239746094, v_loss 0.3722408711910248 ,lr 0.01
INFO:root:epoch 0, Episode 359, total_loss: 163.30435180664062, q_loss 162.79978942871094, v_loss 0.5045556426048279 ,lr 0.01
INFO:root:epoch 0, Episode 360, total_loss: 163.29449462890625, q_loss 162.81251525878906, v_loss 0.4819812476634979 ,lr 0.01
INFO:root:epoch 0, Episode 361, total_loss: 163.1451873779297, q_loss 162.85848999023438, v_loss 0.2866929769515991 ,lr 0.01
INFO:root:epoch 0, Episode 362, total_loss: 163.49020385742188, q_loss 163.13232421875, v_loss 0.35788407921791077 ,lr 0.01
INFO:root:epoch 0, Episode 363, total_loss: 163.9044647216797, q_loss 163.28697204589844, v_loss 0.6174878478050232 ,lr 0.01
INFO:root:epoch 0, Episode 364, total_loss: 164.66407775878906, q_loss 163.4468536376953, v_loss 1.2172191143035889 ,lr 0.01
INFO:root:epoch 0, Episode 365, total_loss: 164.42282104492188, q_loss 163.22024536132812, v_loss 1.2025760412216187 ,lr 0.01
INFO:root:epoch 0, Episode 366, total_loss: 164.0625, q_loss 163.2736358642578, v_loss 0.7888608574867249 ,lr 0.01
INFO:root:epoch 0, Episode 367, total_loss: 163.51736450195312, q_loss 162.63844299316406, v_loss 0.8789153099060059 ,lr 0.01
INFO:root:epoch 0, Episode 368, total_loss: 163.55413818359375, q_loss 163.07022094726562, v_loss 0.483911395072937 ,lr 0.01
INFO:root:epoch 0, Episode 369, total_loss: 166.67726135253906, q_loss 164.7432403564453, v_loss 1.9340182542800903 ,lr 0.01
INFO:root:epoch 0, Episode 370, total_loss: 176.45001220703125, q_loss 171.18893432617188, v_loss 5.261077404022217 ,lr 0.01
INFO:root:epoch 0, Episode 371, total_loss: 216.33120727539062, q_loss 192.21702575683594, v_loss 24.114173889160156 ,lr 0.01
INFO:root:epoch 0, Episode 372, total_loss: 265.4693908691406, q_loss 230.2697296142578, v_loss 35.19965362548828 ,lr 0.01
INFO:root:epoch 0, Episode 373, total_loss: 210.6431884765625, q_loss 184.9617919921875, v_loss 25.681400299072266 ,lr 0.01
INFO:root:epoch 0, Episode 374, total_loss: 218.60154724121094, q_loss 192.54324340820312, v_loss 26.05830955505371 ,lr 0.01
INFO:root:epoch 0, Episode 375, total_loss: 303.5895690917969, q_loss 253.8607177734375, v_loss 49.728858947753906 ,lr 0.01
INFO:root:epoch 0, Episode 376, total_loss: 216.59556579589844, q_loss 197.82122802734375, v_loss 18.774343490600586 ,lr 0.01
INFO:root:epoch 0, Episode 377, total_loss: 208.92874145507812, q_loss 184.93035888671875, v_loss 23.998376846313477 ,lr 0.01
INFO:root:epoch 0, Episode 378, total_loss: 223.19219970703125, q_loss 190.8536376953125, v_loss 32.338565826416016 ,lr 0.01
INFO:root:epoch 0, Episode 379, total_loss: 219.45164489746094, q_loss 188.56947326660156, v_loss 30.882171630859375 ,lr 0.01
INFO:root:epoch 0, Episode 380, total_loss: 207.611572265625, q_loss 182.8021240234375, v_loss 24.80944061279297 ,lr 0.01
INFO:root:epoch 0, Episode 381, total_loss: 190.8921661376953, q_loss 175.69757080078125, v_loss 15.19459056854248 ,lr 0.01
INFO:root:epoch 0, Episode 382, total_loss: 176.3767547607422, q_loss 169.96707153320312, v_loss 6.4096808433532715 ,lr 0.01
INFO:root:epoch 0, Episode 383, total_loss: 179.23497009277344, q_loss 172.63124084472656, v_loss 6.603734970092773 ,lr 0.01
INFO:root:epoch 0, Episode 384, total_loss: 189.0357666015625, q_loss 177.9778594970703, v_loss 11.057904243469238 ,lr 0.01
INFO:root:epoch 0, Episode 385, total_loss: 178.8234405517578, q_loss 172.3550567626953, v_loss 6.468377113342285 ,lr 0.01
INFO:root:epoch 0, Episode 386, total_loss: 172.26255798339844, q_loss 169.28448486328125, v_loss 2.9780702590942383 ,lr 0.01
INFO:root:epoch 0, Episode 387, total_loss: 180.6844482421875, q_loss 176.89439392089844, v_loss 3.79006028175354 ,lr 0.01
INFO:root:epoch 0, Episode 388, total_loss: 175.69381713867188, q_loss 173.00584411621094, v_loss 2.687974691390991 ,lr 0.01
INFO:root:epoch 0, Episode 389, total_loss: 168.95132446289062, q_loss 167.44639587402344, v_loss 1.5049316883087158 ,lr 0.01
INFO:root:epoch 0, Episode 390, total_loss: 170.44798278808594, q_loss 168.54443359375, v_loss 1.903549313545227 ,lr 0.01
INFO:root:epoch 0, Episode 391, total_loss: 172.05224609375, q_loss 169.65545654296875, v_loss 2.3967831134796143 ,lr 0.01
INFO:root:epoch 0, Episode 392, total_loss: 172.29611206054688, q_loss 169.90940856933594, v_loss 2.386700391769409 ,lr 0.01
INFO:root:epoch 0, Episode 393, total_loss: 170.78533935546875, q_loss 168.94935607910156, v_loss 1.8359838724136353 ,lr 0.01
INFO:root:epoch 0, Episode 394, total_loss: 169.30934143066406, q_loss 168.03062438964844, v_loss 1.2787153720855713 ,lr 0.01
INFO:root:epoch 0, Episode 395, total_loss: 168.84201049804688, q_loss 167.80091857910156, v_loss 1.0410994291305542 ,lr 0.01
INFO:root:epoch 0, Episode 396, total_loss: 168.79847717285156, q_loss 167.8377227783203, v_loss 0.960747241973877 ,lr 0.01
INFO:root:epoch 0, Episode 397, total_loss: 168.93679809570312, q_loss 167.94581604003906, v_loss 0.9909875988960266 ,lr 0.01
INFO:root:epoch 0, Episode 398, total_loss: 169.2985382080078, q_loss 168.20193481445312, v_loss 1.096601963043213 ,lr 0.01
INFO:root:epoch 0, Episode 399, total_loss: 170.00772094726562, q_loss 168.9081268310547, v_loss 1.099593997001648 ,lr 0.01
INFO:root:epoch 0, Episode 400, total_loss: 168.47891235351562, q_loss 167.6955108642578, v_loss 0.7833941578865051 ,lr 0.01
INFO:root:epoch 0, Episode 401, total_loss: 167.36456298828125, q_loss 166.86618041992188, v_loss 0.49837562441825867 ,lr 0.01
INFO:root:epoch 0, Episode 402, total_loss: 167.25787353515625, q_loss 166.8448486328125, v_loss 0.4130238890647888 ,lr 0.01
INFO:root:epoch 0, Episode 403, total_loss: 167.3172149658203, q_loss 166.88758850097656, v_loss 0.4296298027038574 ,lr 0.01
INFO:root:epoch 0, Episode 404, total_loss: 167.378173828125, q_loss 166.92251586914062, v_loss 0.45566433668136597 ,lr 0.01
INFO:root:epoch 0, Episode 405, total_loss: 167.3263702392578, q_loss 166.87327575683594, v_loss 0.45309004187583923 ,lr 0.01
INFO:root:epoch 0, Episode 406, total_loss: 167.1696014404297, q_loss 166.76202392578125, v_loss 0.4075755476951599 ,lr 0.01
INFO:root:epoch 0, Episode 407, total_loss: 166.98333740234375, q_loss 166.61764526367188, v_loss 0.36569949984550476 ,lr 0.01
INFO:root:epoch 0, Episode 408, total_loss: 166.88014221191406, q_loss 166.5412139892578, v_loss 0.33893007040023804 ,lr 0.01
INFO:root:epoch 0, Episode 409, total_loss: 166.7770538330078, q_loss 166.4525909423828, v_loss 0.3244679570198059 ,lr 0.01
INFO:root:epoch 0, Episode 410, total_loss: 166.69638061523438, q_loss 166.3705291748047, v_loss 0.3258553445339203 ,lr 0.01
INFO:root:epoch 0, Episode 411, total_loss: 166.86038208007812, q_loss 166.5273895263672, v_loss 0.3329930007457733 ,lr 0.01
INFO:root:epoch 0, Episode 412, total_loss: 166.7081756591797, q_loss 166.40631103515625, v_loss 0.3018697202205658 ,lr 0.01
INFO:root:epoch 0, Episode 413, total_loss: 166.37063598632812, q_loss 166.12513732910156, v_loss 0.2454967349767685 ,lr 0.01
INFO:root:epoch 0, Episode 414, total_loss: 166.39443969726562, q_loss 166.18093872070312, v_loss 0.2135072499513626 ,lr 0.01
INFO:root:epoch 0, Episode 415, total_loss: 166.39634704589844, q_loss 166.206787109375, v_loss 0.18956129252910614 ,lr 0.01
INFO:root:epoch 0, Episode 416, total_loss: 166.3506317138672, q_loss 166.1815643310547, v_loss 0.1690605878829956 ,lr 0.01
INFO:root:epoch 0, Episode 417, total_loss: 166.29779052734375, q_loss 166.14608764648438, v_loss 0.15170131623744965 ,lr 0.01
INFO:root:epoch 0, Episode 418, total_loss: 166.2391815185547, q_loss 166.10235595703125, v_loss 0.13681863248348236 ,lr 0.01
INFO:root:epoch 0, Episode 419, total_loss: 166.18626403808594, q_loss 166.05935668945312, v_loss 0.12690863013267517 ,lr 0.01
INFO:root:epoch 0, Episode 420, total_loss: 166.09869384765625, q_loss 165.98265075683594, v_loss 0.11604330688714981 ,lr 0.01
INFO:root:epoch 0, Episode 421, total_loss: 165.9950408935547, q_loss 165.8863525390625, v_loss 0.10869299620389938 ,lr 0.01
INFO:root:epoch 0, Episode 422, total_loss: 166.0052490234375, q_loss 165.89590454101562, v_loss 0.10934416949748993 ,lr 0.01
INFO:root:epoch 0, Episode 423, total_loss: 165.94435119628906, q_loss 165.84373474121094, v_loss 0.1006178930401802 ,lr 0.01
INFO:root:epoch 0, Episode 424, total_loss: 165.8887176513672, q_loss 165.7978973388672, v_loss 0.09082327038049698 ,lr 0.01
INFO:root:epoch 0, Episode 425, total_loss: 165.9144287109375, q_loss 165.82522583007812, v_loss 0.08919835835695267 ,lr 0.01
INFO:root:epoch 0, Episode 426, total_loss: 165.91531372070312, q_loss 165.8289031982422, v_loss 0.0864114761352539 ,lr 0.01
INFO:root:epoch 0, Episode 427, total_loss: 165.8267059326172, q_loss 165.7476043701172, v_loss 0.07910297811031342 ,lr 0.01
INFO:root:epoch 0, Episode 428, total_loss: 165.77761840820312, q_loss 165.69859313964844, v_loss 0.07902238517999649 ,lr 0.01
INFO:root:epoch 0, Episode 429, total_loss: 165.77613830566406, q_loss 165.6857147216797, v_loss 0.09042384475469589 ,lr 0.01
INFO:root:epoch 0, Episode 430, total_loss: 165.83164978027344, q_loss 165.72532653808594, v_loss 0.10632766038179398 ,lr 0.01
INFO:root:epoch 0, Episode 431, total_loss: 165.7834930419922, q_loss 165.67848205566406, v_loss 0.10500825941562653 ,lr 0.01
INFO:root:epoch 0, Episode 432, total_loss: 165.7834930419922, q_loss 165.6812286376953, v_loss 0.10226006805896759 ,lr 0.01
INFO:root:epoch 0, Episode 433, total_loss: 165.76254272460938, q_loss 165.66201782226562, v_loss 0.10052648186683655 ,lr 0.01
INFO:root:epoch 0, Episode 434, total_loss: 165.730224609375, q_loss 165.63021850585938, v_loss 0.10000156611204147 ,lr 0.01
INFO:root:epoch 0, Episode 435, total_loss: 165.68939208984375, q_loss 165.5857696533203, v_loss 0.1036255732178688 ,lr 0.01
INFO:root:epoch 0, Episode 436, total_loss: 165.66958618164062, q_loss 165.55543518066406, v_loss 0.11414572596549988 ,lr 0.01
INFO:root:epoch 0, Episode 437, total_loss: 165.6716766357422, q_loss 165.54991149902344, v_loss 0.12177205830812454 ,lr 0.01
INFO:root:epoch 0, Episode 438, total_loss: 165.63548278808594, q_loss 165.52139282226562, v_loss 0.1140865683555603 ,lr 0.01
INFO:root:epoch 0, Episode 439, total_loss: 165.59120178222656, q_loss 165.48951721191406, v_loss 0.10168349742889404 ,lr 0.01
INFO:root:epoch 0, Episode 440, total_loss: 165.55401611328125, q_loss 165.4602813720703, v_loss 0.0937315821647644 ,lr 0.01
INFO:root:epoch 0, Episode 441, total_loss: 165.5327911376953, q_loss 165.43832397460938, v_loss 0.09446306526660919 ,lr 0.01
INFO:root:epoch 0, Episode 442, total_loss: 165.55911254882812, q_loss 165.46543884277344, v_loss 0.0936722457408905 ,lr 0.01
INFO:root:epoch 0, Episode 443, total_loss: 165.49789428710938, q_loss 165.40499877929688, v_loss 0.09289716184139252 ,lr 0.01
INFO:root:epoch 0, Episode 444, total_loss: 165.47412109375, q_loss 165.37864685058594, v_loss 0.09547068923711777 ,lr 0.01
INFO:root:epoch 0, Episode 445, total_loss: 165.45298767089844, q_loss 165.3570098876953, v_loss 0.09597799926996231 ,lr 0.01
INFO:root:epoch 0, Episode 446, total_loss: 165.43370056152344, q_loss 165.3355255126953, v_loss 0.09817186743021011 ,lr 0.01
INFO:root:epoch 0, Episode 447, total_loss: 165.40847778320312, q_loss 165.30982971191406, v_loss 0.09864573925733566 ,lr 0.01
INFO:root:epoch 0, Episode 448, total_loss: 165.40650939941406, q_loss 165.30548095703125, v_loss 0.10102900117635727 ,lr 0.01
INFO:root:epoch 0, Episode 449, total_loss: 165.38795471191406, q_loss 165.28289794921875, v_loss 0.10505925118923187 ,lr 0.01
INFO:root:epoch 0, Episode 450, total_loss: 165.3544158935547, q_loss 165.24554443359375, v_loss 0.10887403786182404 ,lr 0.01
INFO:root:epoch 0, Episode 451, total_loss: 165.33970642089844, q_loss 165.22625732421875, v_loss 0.1134415790438652 ,lr 0.01
INFO:root:epoch 0, Episode 452, total_loss: 165.43508911132812, q_loss 165.3206787109375, v_loss 0.11441633850336075 ,lr 0.01
INFO:root:epoch 0, Episode 453, total_loss: 165.31016540527344, q_loss 165.19703674316406, v_loss 0.11312995105981827 ,lr 0.01
INFO:root:epoch 0, Episode 454, total_loss: 165.3125, q_loss 165.1995391845703, v_loss 0.11295393109321594 ,lr 0.01
INFO:root:epoch 0, Episode 455, total_loss: 165.31214904785156, q_loss 165.19923400878906, v_loss 0.11290988326072693 ,lr 0.01
INFO:root:epoch 0, Episode 456, total_loss: 165.2991180419922, q_loss 165.18429565429688, v_loss 0.11482623964548111 ,lr 0.01
INFO:root:epoch 1, Episode 0, total_loss: 552.22900390625, q_loss 551.3955078125, v_loss 0.8334706425666809 ,lr 0.01
INFO:root:epoch 1, Episode 1, total_loss: 549.6528930664062, q_loss 548.7980346679688, v_loss 0.8548658490180969 ,lr 0.01
INFO:root:epoch 1, Episode 2, total_loss: 545.2257080078125, q_loss 544.3389892578125, v_loss 0.8867102265357971 ,lr 0.01
INFO:root:epoch 1, Episode 3, total_loss: 539.7564086914062, q_loss 538.7879638671875, v_loss 0.9684211611747742 ,lr 0.01
INFO:root:epoch 1, Episode 4, total_loss: 531.6033935546875, q_loss 530.7650146484375, v_loss 0.8383888602256775 ,lr 0.01
INFO:root:epoch 1, Episode 5, total_loss: 516.3540649414062, q_loss 515.253173828125, v_loss 1.1008902788162231 ,lr 0.01
INFO:root:epoch 1, Episode 6, total_loss: 503.6349182128906, q_loss 500.4745178222656, v_loss 3.1603896617889404 ,lr 0.01
INFO:root:epoch 1, Episode 7, total_loss: 504.545654296875, q_loss 496.5989074707031, v_loss 7.946740627288818 ,lr 0.01
INFO:root:epoch 1, Episode 8, total_loss: 492.52099609375, q_loss 486.7429504394531, v_loss 5.778060436248779 ,lr 0.01
INFO:root:epoch 1, Episode 9, total_loss: 486.13677978515625, q_loss 480.0922546386719, v_loss 6.044530391693115 ,lr 0.01
INFO:root:epoch 1, Episode 10, total_loss: 474.51995849609375, q_loss 465.7478942871094, v_loss 8.772075653076172 ,lr 0.01
INFO:root:epoch 1, Episode 11, total_loss: 461.1025390625, q_loss 447.29681396484375, v_loss 13.805727005004883 ,lr 0.01
INFO:root:epoch 1, Episode 12, total_loss: 447.1808776855469, q_loss 428.4673767089844, v_loss 18.71351432800293 ,lr 0.01
INFO:root:epoch 1, Episode 13, total_loss: 460.1010437011719, q_loss 440.64190673828125, v_loss 19.45913314819336 ,lr 0.01
INFO:root:epoch 1, Episode 14, total_loss: 466.27142333984375, q_loss 407.17816162109375, v_loss 59.09325408935547 ,lr 0.01
INFO:root:epoch 1, Episode 15, total_loss: 419.44110107421875, q_loss 391.9527893066406, v_loss 27.488327026367188 ,lr 0.01
INFO:root:epoch 1, Episode 16, total_loss: 394.0981750488281, q_loss 361.0639953613281, v_loss 33.0341911315918 ,lr 0.01
INFO:root:epoch 1, Episode 17, total_loss: 389.5536193847656, q_loss 348.9892883300781, v_loss 40.56432342529297 ,lr 0.01
INFO:root:epoch 1, Episode 18, total_loss: 377.8780822753906, q_loss 329.3049621582031, v_loss 48.57311248779297 ,lr 0.01
INFO:root:epoch 1, Episode 19, total_loss: 368.9189147949219, q_loss 309.166748046875, v_loss 59.75217056274414 ,lr 0.01
INFO:root:epoch 1, Episode 20, total_loss: 359.3317565917969, q_loss 286.03955078125, v_loss 73.2922134399414 ,lr 0.01
INFO:root:epoch 1, Episode 21, total_loss: 448.67218017578125, q_loss 318.6012268066406, v_loss 130.0709686279297 ,lr 0.01
INFO:root:epoch 1, Episode 22, total_loss: 463.9869079589844, q_loss 378.27288818359375, v_loss 85.71401977539062 ,lr 0.01
INFO:root:epoch 1, Episode 23, total_loss: 451.5108642578125, q_loss 377.28076171875, v_loss 74.23009490966797 ,lr 0.01
INFO:root:epoch 1, Episode 24, total_loss: 350.99853515625, q_loss 273.519287109375, v_loss 77.47924041748047 ,lr 0.01
INFO:root:epoch 1, Episode 25, total_loss: 452.2798156738281, q_loss 310.3401184082031, v_loss 141.939697265625 ,lr 0.01
INFO:root:epoch 1, Episode 26, total_loss: 359.51092529296875, q_loss 296.18524169921875, v_loss 63.32568359375 ,lr 0.01
INFO:root:epoch 1, Episode 27, total_loss: 389.2217712402344, q_loss 354.7072448730469, v_loss 34.514530181884766 ,lr 0.01
INFO:root:epoch 1, Episode 28, total_loss: 402.8920593261719, q_loss 373.75341796875, v_loss 29.138639450073242 ,lr 0.01
INFO:root:epoch 1, Episode 29, total_loss: 369.1257019042969, q_loss 327.1814270019531, v_loss 41.94428634643555 ,lr 0.01
INFO:root:epoch 1, Episode 30, total_loss: 345.8643798828125, q_loss 276.3623962402344, v_loss 69.5019760131836 ,lr 0.01
INFO:root:epoch 1, Episode 31, total_loss: 379.7088928222656, q_loss 263.9137878417969, v_loss 115.79510498046875 ,lr 0.01
INFO:root:epoch 1, Episode 32, total_loss: 350.2220153808594, q_loss 251.9696044921875, v_loss 98.25240325927734 ,lr 0.01
INFO:root:epoch 1, Episode 33, total_loss: 343.2822265625, q_loss 269.455078125, v_loss 73.82713317871094 ,lr 0.01
INFO:root:epoch 1, Episode 34, total_loss: 356.8197021484375, q_loss 295.4820861816406, v_loss 61.33762741088867 ,lr 0.01
INFO:root:epoch 1, Episode 35, total_loss: 339.5888366699219, q_loss 277.6617736816406, v_loss 61.927066802978516 ,lr 0.01
INFO:root:epoch 1, Episode 36, total_loss: 335.13519287109375, q_loss 259.7101745605469, v_loss 75.42500305175781 ,lr 0.01
INFO:root:epoch 1, Episode 37, total_loss: 335.59661865234375, q_loss 242.53692626953125, v_loss 93.0596923828125 ,lr 0.01
INFO:root:epoch 1, Episode 38, total_loss: 337.2301025390625, q_loss 237.83480834960938, v_loss 99.39529418945312 ,lr 0.01
INFO:root:epoch 1, Episode 39, total_loss: 333.8153076171875, q_loss 241.60813903808594, v_loss 92.20718383789062 ,lr 0.01
INFO:root:epoch 1, Episode 40, total_loss: 333.23004150390625, q_loss 256.4807434082031, v_loss 76.74928283691406 ,lr 0.01
INFO:root:epoch 1, Episode 41, total_loss: 334.98565673828125, q_loss 266.45489501953125, v_loss 68.53074645996094 ,lr 0.01
INFO:root:epoch 1, Episode 42, total_loss: 330.9346618652344, q_loss 255.11734008789062, v_loss 75.81731414794922 ,lr 0.01
INFO:root:epoch 1, Episode 43, total_loss: 328.8828125, q_loss 240.99972534179688, v_loss 87.8830795288086 ,lr 0.01
INFO:root:epoch 1, Episode 44, total_loss: 328.8739929199219, q_loss 232.97509765625, v_loss 95.89889526367188 ,lr 0.01
INFO:root:epoch 1, Episode 45, total_loss: 327.5714416503906, q_loss 233.4476318359375, v_loss 94.12380981445312 ,lr 0.01
INFO:root:epoch 1, Episode 46, total_loss: 325.8927917480469, q_loss 241.53829956054688, v_loss 84.3544921875 ,lr 0.01
INFO:root:epoch 1, Episode 47, total_loss: 325.5390930175781, q_loss 248.7737274169922, v_loss 76.76536560058594 ,lr 0.01
INFO:root:epoch 1, Episode 48, total_loss: 323.8985595703125, q_loss 246.12289428710938, v_loss 77.77565002441406 ,lr 0.01
INFO:root:epoch 1, Episode 49, total_loss: 322.144775390625, q_loss 236.71998596191406, v_loss 85.42478942871094 ,lr 0.01
INFO:root:epoch 1, Episode 50, total_loss: 322.02130126953125, q_loss 230.20797729492188, v_loss 91.81331634521484 ,lr 0.01
INFO:root:epoch 1, Episode 51, total_loss: 321.0052185058594, q_loss 230.9114990234375, v_loss 90.09371185302734 ,lr 0.01
INFO:root:epoch 1, Episode 52, total_loss: 319.45977783203125, q_loss 237.10333251953125, v_loss 82.35643005371094 ,lr 0.01
INFO:root:epoch 1, Episode 53, total_loss: 319.1302490234375, q_loss 240.3007354736328, v_loss 78.82950592041016 ,lr 0.01
INFO:root:epoch 1, Episode 54, total_loss: 318.0094299316406, q_loss 235.15621948242188, v_loss 82.85321044921875 ,lr 0.01
INFO:root:epoch 1, Episode 55, total_loss: 316.7221984863281, q_loss 224.50390625, v_loss 92.21829223632812 ,lr 0.01
INFO:root:epoch 1, Episode 56, total_loss: 316.2430419921875, q_loss 218.5923614501953, v_loss 97.65066528320312 ,lr 0.01
INFO:root:epoch 1, Episode 57, total_loss: 314.8277282714844, q_loss 220.2020721435547, v_loss 94.62566375732422 ,lr 0.01
INFO:root:epoch 1, Episode 58, total_loss: 314.3113708496094, q_loss 226.6659698486328, v_loss 87.64540100097656 ,lr 0.01
INFO:root:epoch 1, Episode 59, total_loss: 313.39007568359375, q_loss 225.70309448242188, v_loss 87.68696594238281 ,lr 0.01
INFO:root:epoch 1, Episode 60, total_loss: 312.15545654296875, q_loss 217.8355255126953, v_loss 94.31991577148438 ,lr 0.01
INFO:root:epoch 1, Episode 61, total_loss: 311.52984619140625, q_loss 214.86544799804688, v_loss 96.66441345214844 ,lr 0.01
INFO:root:epoch 1, Episode 62, total_loss: 310.61578369140625, q_loss 215.5369110107422, v_loss 95.0788803100586 ,lr 0.01
INFO:root:epoch 1, Episode 63, total_loss: 309.684326171875, q_loss 217.40699768066406, v_loss 92.27731323242188 ,lr 0.01
INFO:root:epoch 1, Episode 64, total_loss: 309.13739013671875, q_loss 216.97227478027344, v_loss 92.16510772705078 ,lr 0.01
INFO:root:epoch 1, Episode 65, total_loss: 312.26275634765625, q_loss 230.80368041992188, v_loss 81.4590835571289 ,lr 0.01
INFO:root:epoch 1, Episode 66, total_loss: 309.0931701660156, q_loss 219.76754760742188, v_loss 89.32563018798828 ,lr 0.01
INFO:root:epoch 1, Episode 67, total_loss: 308.6068420410156, q_loss 202.46177673339844, v_loss 106.14507293701172 ,lr 0.01
INFO:root:epoch 1, Episode 68, total_loss: 309.58172607421875, q_loss 200.5752410888672, v_loss 109.00647735595703 ,lr 0.01
INFO:root:epoch 1, Episode 69, total_loss: 306.0493469238281, q_loss 211.8697052001953, v_loss 94.17964172363281 ,lr 0.01
INFO:root:epoch 1, Episode 70, total_loss: 307.19134521484375, q_loss 224.78602600097656, v_loss 82.40531921386719 ,lr 0.01
INFO:root:epoch 1, Episode 71, total_loss: 305.14111328125, q_loss 218.82955932617188, v_loss 86.31155395507812 ,lr 0.01
INFO:root:epoch 1, Episode 72, total_loss: 303.334716796875, q_loss 202.92481994628906, v_loss 100.40989685058594 ,lr 0.01
INFO:root:epoch 1, Episode 73, total_loss: 303.44476318359375, q_loss 195.8247528076172, v_loss 107.62000274658203 ,lr 0.01
INFO:root:epoch 1, Episode 74, total_loss: 301.05523681640625, q_loss 199.8083953857422, v_loss 101.246826171875 ,lr 0.01
INFO:root:epoch 1, Episode 75, total_loss: 300.6431884765625, q_loss 209.39547729492188, v_loss 91.2477035522461 ,lr 0.01
INFO:root:epoch 1, Episode 76, total_loss: 299.93878173828125, q_loss 210.8003387451172, v_loss 89.1384506225586 ,lr 0.01
INFO:root:epoch 1, Episode 77, total_loss: 298.2618713378906, q_loss 200.32269287109375, v_loss 97.9391860961914 ,lr 0.01
INFO:root:epoch 1, Episode 78, total_loss: 297.58807373046875, q_loss 190.3745880126953, v_loss 107.21347045898438 ,lr 0.01
INFO:root:epoch 1, Episode 79, total_loss: 296.32330322265625, q_loss 188.32142639160156, v_loss 108.00186157226562 ,lr 0.01
INFO:root:epoch 1, Episode 80, total_loss: 295.54766845703125, q_loss 192.0998992919922, v_loss 103.44775390625 ,lr 0.01
INFO:root:epoch 1, Episode 81, total_loss: 294.0538024902344, q_loss 194.11439514160156, v_loss 99.93940734863281 ,lr 0.01
INFO:root:epoch 1, Episode 82, total_loss: 294.9544372558594, q_loss 193.78675842285156, v_loss 101.16768646240234 ,lr 0.01
INFO:root:epoch 1, Episode 83, total_loss: 302.77996826171875, q_loss 216.4438934326172, v_loss 86.3360824584961 ,lr 0.01
INFO:root:epoch 1, Episode 84, total_loss: 296.21380615234375, q_loss 205.60296630859375, v_loss 90.61085510253906 ,lr 0.01
INFO:root:epoch 1, Episode 85, total_loss: 297.02410888671875, q_loss 185.7427978515625, v_loss 111.28131866455078 ,lr 0.01
INFO:root:epoch 1, Episode 86, total_loss: 297.6357421875, q_loss 179.17935180664062, v_loss 118.45640563964844 ,lr 0.01
INFO:root:epoch 1, Episode 87, total_loss: 293.12579345703125, q_loss 189.4709930419922, v_loss 103.65478515625 ,lr 0.01
INFO:root:epoch 1, Episode 88, total_loss: 295.9639587402344, q_loss 200.44203186035156, v_loss 95.52192687988281 ,lr 0.01
INFO:root:epoch 1, Episode 89, total_loss: 290.29730224609375, q_loss 195.09207153320312, v_loss 95.2052230834961 ,lr 0.01
INFO:root:epoch 1, Episode 90, total_loss: 293.3856201171875, q_loss 187.9858856201172, v_loss 105.39974975585938 ,lr 0.01
INFO:root:epoch 1, Episode 91, total_loss: 289.42742919921875, q_loss 181.19122314453125, v_loss 108.23621368408203 ,lr 0.01
INFO:root:epoch 1, Episode 92, total_loss: 291.0633239746094, q_loss 182.71841430664062, v_loss 108.34491729736328 ,lr 0.01
INFO:root:epoch 1, Episode 93, total_loss: 289.2687683105469, q_loss 181.85272216796875, v_loss 107.41605377197266 ,lr 0.01
INFO:root:epoch 1, Episode 94, total_loss: 287.5018615722656, q_loss 180.2012176513672, v_loss 107.30065155029297 ,lr 0.01
INFO:root:epoch 1, Episode 95, total_loss: 287.6229248046875, q_loss 182.93775939941406, v_loss 104.68517303466797 ,lr 0.01
INFO:root:epoch 1, Episode 96, total_loss: 284.468505859375, q_loss 184.55555725097656, v_loss 99.9129638671875 ,lr 0.01
INFO:root:epoch 1, Episode 97, total_loss: 285.81396484375, q_loss 183.6300811767578, v_loss 102.18386840820312 ,lr 0.01
INFO:root:epoch 1, Episode 98, total_loss: 284.22509765625, q_loss 162.16616821289062, v_loss 122.05894470214844 ,lr 0.01
INFO:root:epoch 1, Episode 99, total_loss: 285.82342529296875, q_loss 162.14161682128906, v_loss 123.68182373046875 ,lr 0.01
INFO:root:epoch 1, Episode 100, total_loss: 283.1622314453125, q_loss 172.9320831298828, v_loss 110.23016357421875 ,lr 0.01
INFO:root:epoch 1, Episode 101, total_loss: 285.7640380859375, q_loss 183.41470336914062, v_loss 102.34933471679688 ,lr 0.01
INFO:root:epoch 1, Episode 102, total_loss: 283.38018798828125, q_loss 185.0884552001953, v_loss 98.29171752929688 ,lr 0.01
INFO:root:epoch 1, Episode 103, total_loss: 284.07269287109375, q_loss 182.25160217285156, v_loss 101.82107543945312 ,lr 0.01
INFO:root:epoch 1, Episode 104, total_loss: 282.45953369140625, q_loss 174.83290100097656, v_loss 107.62664031982422 ,lr 0.01
INFO:root:epoch 1, Episode 105, total_loss: 282.48828125, q_loss 170.01022338867188, v_loss 112.47804260253906 ,lr 0.01
INFO:root:epoch 1, Episode 106, total_loss: 282.03802490234375, q_loss 169.135498046875, v_loss 112.90252685546875 ,lr 0.01
INFO:root:epoch 1, Episode 107, total_loss: 280.409912109375, q_loss 169.78016662597656, v_loss 110.62974548339844 ,lr 0.01
INFO:root:epoch 1, Episode 108, total_loss: 279.8540954589844, q_loss 173.02383422851562, v_loss 106.83026123046875 ,lr 0.01
INFO:root:epoch 1, Episode 109, total_loss: 279.3830261230469, q_loss 174.84288024902344, v_loss 104.54014587402344 ,lr 0.01
INFO:root:epoch 1, Episode 110, total_loss: 278.52197265625, q_loss 169.35641479492188, v_loss 109.16556549072266 ,lr 0.01
INFO:root:epoch 1, Episode 111, total_loss: 278.2012939453125, q_loss 159.23927307128906, v_loss 118.96202087402344 ,lr 0.01
INFO:root:epoch 1, Episode 112, total_loss: 277.34625244140625, q_loss 153.8327178955078, v_loss 123.51354217529297 ,lr 0.01
INFO:root:epoch 1, Episode 113, total_loss: 277.7442626953125, q_loss 154.7460174560547, v_loss 122.99822998046875 ,lr 0.01
INFO:root:epoch 1, Episode 114, total_loss: 276.047607421875, q_loss 157.86549377441406, v_loss 118.18211364746094 ,lr 0.01
INFO:root:epoch 1, Episode 115, total_loss: 276.45892333984375, q_loss 162.22189331054688, v_loss 114.23704528808594 ,lr 0.01
INFO:root:epoch 1, Episode 116, total_loss: 275.78485107421875, q_loss 163.06459045410156, v_loss 112.72025299072266 ,lr 0.01
INFO:root:epoch 1, Episode 117, total_loss: 275.40643310546875, q_loss 160.02113342285156, v_loss 115.38530731201172 ,lr 0.01
INFO:root:epoch 1, Episode 118, total_loss: 275.5281982421875, q_loss 155.56468200683594, v_loss 119.9635238647461 ,lr 0.01
INFO:root:epoch 1, Episode 119, total_loss: 274.6977233886719, q_loss 150.87948608398438, v_loss 123.81822967529297 ,lr 0.01
INFO:root:epoch 1, Episode 120, total_loss: 274.5257873535156, q_loss 150.001708984375, v_loss 124.52407836914062 ,lr 0.01
INFO:root:epoch 1, Episode 121, total_loss: 274.4505615234375, q_loss 152.03463745117188, v_loss 122.4159164428711 ,lr 0.01
INFO:root:epoch 1, Episode 122, total_loss: 273.97003173828125, q_loss 152.97288513183594, v_loss 120.99714660644531 ,lr 0.01
INFO:root:epoch 1, Episode 123, total_loss: 274.1019287109375, q_loss 152.53363037109375, v_loss 121.56830596923828 ,lr 0.01
INFO:root:epoch 1, Episode 124, total_loss: 273.8702697753906, q_loss 151.08078002929688, v_loss 122.78948974609375 ,lr 0.01
INFO:root:epoch 1, Episode 125, total_loss: 273.4642028808594, q_loss 148.65151977539062, v_loss 124.81269073486328 ,lr 0.01
INFO:root:epoch 1, Episode 126, total_loss: 273.5916748046875, q_loss 148.1353759765625, v_loss 125.456298828125 ,lr 0.01
INFO:root:epoch 1, Episode 127, total_loss: 273.33685302734375, q_loss 149.9429931640625, v_loss 123.39385223388672 ,lr 0.01
INFO:root:epoch 1, Episode 128, total_loss: 273.07244873046875, q_loss 152.69464111328125, v_loss 120.37779235839844 ,lr 0.01
INFO:root:epoch 1, Episode 129, total_loss: 273.1103210449219, q_loss 153.40943908691406, v_loss 119.70088958740234 ,lr 0.01
INFO:root:epoch 1, Episode 130, total_loss: 272.8170166015625, q_loss 150.60101318359375, v_loss 122.21600341796875 ,lr 0.01
INFO:root:epoch 1, Episode 131, total_loss: 272.6083984375, q_loss 147.0233154296875, v_loss 125.58509063720703 ,lr 0.01
INFO:root:epoch 1, Episode 132, total_loss: 272.64117431640625, q_loss 145.77133178710938, v_loss 126.86983489990234 ,lr 0.01
INFO:root:epoch 1, Episode 133, total_loss: 272.4066162109375, q_loss 147.07861328125, v_loss 125.32799530029297 ,lr 0.01
INFO:root:epoch 1, Episode 134, total_loss: 272.1801452636719, q_loss 149.82801818847656, v_loss 122.35212707519531 ,lr 0.01
INFO:root:epoch 1, Episode 135, total_loss: 272.13592529296875, q_loss 151.21559143066406, v_loss 120.92031860351562 ,lr 0.01
INFO:root:epoch 1, Episode 136, total_loss: 271.9261779785156, q_loss 149.4036102294922, v_loss 122.52257537841797 ,lr 0.01
INFO:root:epoch 1, Episode 137, total_loss: 271.7115173339844, q_loss 148.55029296875, v_loss 123.16122436523438 ,lr 0.01
INFO:root:epoch 1, Episode 138, total_loss: 271.6378479003906, q_loss 148.88623046875, v_loss 122.7516098022461 ,lr 0.01
INFO:root:epoch 1, Episode 139, total_loss: 271.43853759765625, q_loss 149.09133911132812, v_loss 122.34720611572266 ,lr 0.01
INFO:root:epoch 1, Episode 140, total_loss: 271.24261474609375, q_loss 150.67962646484375, v_loss 120.56298828125 ,lr 0.01
INFO:root:epoch 1, Episode 141, total_loss: 271.161865234375, q_loss 150.51614379882812, v_loss 120.64571380615234 ,lr 0.01
INFO:root:epoch 1, Episode 142, total_loss: 270.9905090332031, q_loss 148.5484619140625, v_loss 122.44204711914062 ,lr 0.01
INFO:root:epoch 1, Episode 143, total_loss: 270.8275146484375, q_loss 147.88931274414062, v_loss 122.9382095336914 ,lr 0.01
INFO:root:epoch 1, Episode 144, total_loss: 270.72344970703125, q_loss 148.9622344970703, v_loss 121.76123046875 ,lr 0.01
INFO:root:epoch 1, Episode 145, total_loss: 270.5594787597656, q_loss 150.5540008544922, v_loss 120.00548553466797 ,lr 0.01
INFO:root:epoch 1, Episode 146, total_loss: 270.41949462890625, q_loss 151.56890869140625, v_loss 118.85057067871094 ,lr 0.01
INFO:root:epoch 1, Episode 147, total_loss: 270.32415771484375, q_loss 150.74896240234375, v_loss 119.5751953125 ,lr 0.01
INFO:root:epoch 1, Episode 148, total_loss: 270.16534423828125, q_loss 149.57086181640625, v_loss 120.594482421875 ,lr 0.01
INFO:root:epoch 1, Episode 149, total_loss: 270.01025390625, q_loss 149.37127685546875, v_loss 120.63896942138672 ,lr 0.01
INFO:root:epoch 1, Episode 150, total_loss: 269.9169921875, q_loss 150.1655731201172, v_loss 119.75142669677734 ,lr 0.01
INFO:root:epoch 1, Episode 151, total_loss: 269.77508544921875, q_loss 150.47784423828125, v_loss 119.29724884033203 ,lr 0.01
INFO:root:epoch 1, Episode 152, total_loss: 269.62939453125, q_loss 150.5174102783203, v_loss 119.11198425292969 ,lr 0.01
INFO:root:epoch 1, Episode 153, total_loss: 269.53814697265625, q_loss 149.7494659423828, v_loss 119.78868865966797 ,lr 0.01
INFO:root:epoch 1, Episode 154, total_loss: 269.4016418457031, q_loss 150.09950256347656, v_loss 119.30213165283203 ,lr 0.01
INFO:root:epoch 1, Episode 155, total_loss: 269.25347900390625, q_loss 150.7068328857422, v_loss 118.5466537475586 ,lr 0.01
INFO:root:epoch 1, Episode 156, total_loss: 269.1561279296875, q_loss 151.1326446533203, v_loss 118.02347564697266 ,lr 0.01
INFO:root:epoch 1, Episode 157, total_loss: 269.0372009277344, q_loss 150.4048309326172, v_loss 118.63236236572266 ,lr 0.01
INFO:root:epoch 1, Episode 158, total_loss: 268.897216796875, q_loss 149.22918701171875, v_loss 119.66804504394531 ,lr 0.01
INFO:root:epoch 1, Episode 159, total_loss: 268.769287109375, q_loss 149.42945861816406, v_loss 119.33984375 ,lr 0.01
INFO:root:epoch 1, Episode 160, total_loss: 268.6540222167969, q_loss 150.52801513671875, v_loss 118.1259994506836 ,lr 0.01
INFO:root:epoch 1, Episode 161, total_loss: 268.532958984375, q_loss 151.23855590820312, v_loss 117.2944107055664 ,lr 0.01
INFO:root:epoch 1, Episode 162, total_loss: 268.40484619140625, q_loss 150.9727325439453, v_loss 117.4321060180664 ,lr 0.01
INFO:root:epoch 1, Episode 163, total_loss: 268.292724609375, q_loss 149.94711303710938, v_loss 118.34561157226562 ,lr 0.01
INFO:root:epoch 1, Episode 164, total_loss: 268.1738586425781, q_loss 150.29025268554688, v_loss 117.88361358642578 ,lr 0.01
INFO:root:epoch 1, Episode 165, total_loss: 268.05694580078125, q_loss 150.83506774902344, v_loss 117.22188568115234 ,lr 0.01
INFO:root:epoch 1, Episode 166, total_loss: 267.93963623046875, q_loss 150.59793090820312, v_loss 117.34170532226562 ,lr 0.01
INFO:root:epoch 1, Episode 167, total_loss: 267.8252868652344, q_loss 150.4721221923828, v_loss 117.35315704345703 ,lr 0.01
INFO:root:epoch 1, Episode 168, total_loss: 267.7149658203125, q_loss 150.2825164794922, v_loss 117.43244171142578 ,lr 0.01
INFO:root:epoch 1, Episode 169, total_loss: 267.6081237792969, q_loss 150.19381713867188, v_loss 117.414306640625 ,lr 0.01
INFO:root:epoch 1, Episode 170, total_loss: 267.5041809082031, q_loss 150.66168212890625, v_loss 116.84249114990234 ,lr 0.01
INFO:root:epoch 1, Episode 171, total_loss: 267.3946838378906, q_loss 150.79307556152344, v_loss 116.60161590576172 ,lr 0.01
INFO:root:epoch 1, Episode 172, total_loss: 267.2811584472656, q_loss 149.84890747070312, v_loss 117.43225860595703 ,lr 0.01
INFO:root:epoch 1, Episode 173, total_loss: 267.1822204589844, q_loss 149.72178649902344, v_loss 117.46043395996094 ,lr 0.01
INFO:root:epoch 1, Episode 174, total_loss: 267.0892028808594, q_loss 150.1211395263672, v_loss 116.96807098388672 ,lr 0.01
INFO:root:epoch 1, Episode 175, total_loss: 266.9940185546875, q_loss 150.6125946044922, v_loss 116.38142395019531 ,lr 0.01
INFO:root:epoch 1, Episode 176, total_loss: 266.8911437988281, q_loss 150.32778930664062, v_loss 116.56334686279297 ,lr 0.01
INFO:root:epoch 1, Episode 177, total_loss: 266.7835693359375, q_loss 150.04489135742188, v_loss 116.73867797851562 ,lr 0.01
INFO:root:epoch 1, Episode 178, total_loss: 266.67645263671875, q_loss 149.8220977783203, v_loss 116.85433959960938 ,lr 0.01
INFO:root:epoch 1, Episode 179, total_loss: 266.5743408203125, q_loss 150.18202209472656, v_loss 116.39231872558594 ,lr 0.01
INFO:root:epoch 1, Episode 180, total_loss: 266.47735595703125, q_loss 150.4921417236328, v_loss 115.98519897460938 ,lr 0.01
INFO:root:epoch 1, Episode 181, total_loss: 266.38336181640625, q_loss 149.99127197265625, v_loss 116.39207458496094 ,lr 0.01
INFO:root:epoch 1, Episode 182, total_loss: 266.29974365234375, q_loss 149.868896484375, v_loss 116.43085479736328 ,lr 0.01
INFO:root:epoch 1, Episode 183, total_loss: 266.2315673828125, q_loss 149.8488006591797, v_loss 116.38275146484375 ,lr 0.01
INFO:root:epoch 1, Episode 184, total_loss: 266.2091064453125, q_loss 150.75518798828125, v_loss 115.45393371582031 ,lr 0.01
INFO:root:epoch 1, Episode 185, total_loss: 266.26983642578125, q_loss 149.6157989501953, v_loss 116.6540298461914 ,lr 0.01
INFO:root:epoch 1, Episode 186, total_loss: 266.5163269042969, q_loss 150.26620483398438, v_loss 116.25011444091797 ,lr 0.01
INFO:root:epoch 1, Episode 187, total_loss: 267.0771179199219, q_loss 149.87374877929688, v_loss 117.203369140625 ,lr 0.01
INFO:root:epoch 1, Episode 188, total_loss: 268.46783447265625, q_loss 152.16598510742188, v_loss 116.30186462402344 ,lr 0.01
INFO:root:epoch 1, Episode 189, total_loss: 270.9543762207031, q_loss 151.81939697265625, v_loss 119.13497161865234 ,lr 0.01
INFO:root:epoch 1, Episode 190, total_loss: 277.1738586425781, q_loss 156.64305114746094, v_loss 120.53081512451172 ,lr 0.01
INFO:root:epoch 1, Episode 191, total_loss: 284.6845397949219, q_loss 157.1019744873047, v_loss 127.58255767822266 ,lr 0.01
INFO:root:epoch 1, Episode 192, total_loss: 299.0189208984375, q_loss 170.1698760986328, v_loss 128.8490447998047 ,lr 0.01
INFO:root:epoch 1, Episode 193, total_loss: 287.2623596191406, q_loss 161.23553466796875, v_loss 126.0268325805664 ,lr 0.01
INFO:root:epoch 1, Episode 194, total_loss: 272.5803527832031, q_loss 155.75363159179688, v_loss 116.82671356201172 ,lr 0.01
INFO:root:epoch 1, Episode 195, total_loss: 265.9527587890625, q_loss 150.088134765625, v_loss 115.86461639404297 ,lr 0.01
INFO:root:epoch 1, Episode 196, total_loss: 275.6160888671875, q_loss 152.83120727539062, v_loss 122.7848892211914 ,lr 0.01
INFO:root:epoch 1, Episode 197, total_loss: 281.1346435546875, q_loss 165.0618896484375, v_loss 116.07273864746094 ,lr 0.01
INFO:root:epoch 1, Episode 198, total_loss: 267.38714599609375, q_loss 153.13473510742188, v_loss 114.25240325927734 ,lr 0.01
INFO:root:epoch 1, Episode 199, total_loss: 269.7139587402344, q_loss 150.7435302734375, v_loss 118.9704360961914 ,lr 0.01
INFO:root:epoch 1, Episode 200, total_loss: 278.087646484375, q_loss 161.6766357421875, v_loss 116.41099548339844 ,lr 0.01
INFO:root:epoch 1, Episode 201, total_loss: 267.8984069824219, q_loss 152.57838439941406, v_loss 115.32001495361328 ,lr 0.01
INFO:root:epoch 1, Episode 202, total_loss: 267.9307861328125, q_loss 153.75006103515625, v_loss 114.18071746826172 ,lr 0.01
INFO:root:epoch 1, Episode 203, total_loss: 274.0873107910156, q_loss 158.42587280273438, v_loss 115.66143035888672 ,lr 0.01
INFO:root:epoch 1, Episode 204, total_loss: 267.09228515625, q_loss 148.0247802734375, v_loss 119.06748962402344 ,lr 0.01
INFO:root:epoch 1, Episode 205, total_loss: 267.4243469238281, q_loss 150.6931915283203, v_loss 116.73116302490234 ,lr 0.01
INFO:root:epoch 1, Episode 206, total_loss: 271.3648681640625, q_loss 160.0629119873047, v_loss 111.30194091796875 ,lr 0.01
INFO:root:epoch 1, Episode 207, total_loss: 266.08843994140625, q_loss 152.9417724609375, v_loss 113.14667510986328 ,lr 0.01
INFO:root:epoch 1, Episode 208, total_loss: 267.5885009765625, q_loss 149.7569580078125, v_loss 117.83154296875 ,lr 0.01
INFO:root:epoch 1, Episode 209, total_loss: 270.0997619628906, q_loss 155.22645568847656, v_loss 114.87330627441406 ,lr 0.01
INFO:root:epoch 1, Episode 210, total_loss: 265.6295166015625, q_loss 151.83074951171875, v_loss 113.79876708984375 ,lr 0.01
INFO:root:epoch 1, Episode 211, total_loss: 267.5426330566406, q_loss 152.717529296875, v_loss 114.8250961303711 ,lr 0.01
INFO:root:epoch 1, Episode 212, total_loss: 268.913818359375, q_loss 156.30844116210938, v_loss 112.60539245605469 ,lr 0.01
INFO:root:epoch 1, Episode 213, total_loss: 265.2987365722656, q_loss 150.52490234375, v_loss 114.77383422851562 ,lr 0.01
INFO:root:epoch 1, Episode 214, total_loss: 267.45916748046875, q_loss 150.4122314453125, v_loss 117.04694366455078 ,lr 0.01
INFO:root:epoch 1, Episode 215, total_loss: 267.8986511230469, q_loss 155.80848693847656, v_loss 112.09015655517578 ,lr 0.01
INFO:root:epoch 1, Episode 216, total_loss: 265.107177734375, q_loss 151.4529571533203, v_loss 113.65420532226562 ,lr 0.01
INFO:root:epoch 1, Episode 217, total_loss: 267.28704833984375, q_loss 148.79371643066406, v_loss 118.49333190917969 ,lr 0.01
INFO:root:epoch 1, Episode 218, total_loss: 267.2709655761719, q_loss 152.81118774414062, v_loss 114.45978546142578 ,lr 0.01
INFO:root:epoch 1, Episode 219, total_loss: 264.9945983886719, q_loss 150.83334350585938, v_loss 114.16126251220703 ,lr 0.01
INFO:root:epoch 1, Episode 220, total_loss: 266.7850341796875, q_loss 150.40011596679688, v_loss 116.3849105834961 ,lr 0.01
INFO:root:epoch 1, Episode 221, total_loss: 266.59454345703125, q_loss 153.2134246826172, v_loss 113.3811264038086 ,lr 0.01
INFO:root:epoch 1, Episode 222, total_loss: 264.908203125, q_loss 149.3489990234375, v_loss 115.55919647216797 ,lr 0.01
INFO:root:epoch 1, Episode 223, total_loss: 266.4568176269531, q_loss 148.2687225341797, v_loss 118.18810272216797 ,lr 0.01
INFO:root:epoch 1, Episode 224, total_loss: 266.2789306640625, q_loss 153.1276092529297, v_loss 113.15132904052734 ,lr 0.01
INFO:root:epoch 1, Episode 225, total_loss: 264.8087158203125, q_loss 150.94259643554688, v_loss 113.86611938476562 ,lr 0.01
INFO:root:epoch 1, Episode 226, total_loss: 266.0707702636719, q_loss 148.5515594482422, v_loss 117.51921081542969 ,lr 0.01
INFO:root:epoch 1, Episode 227, total_loss: 266.1037292480469, q_loss 151.36282348632812, v_loss 114.74090576171875 ,lr 0.01
INFO:root:epoch 1, Episode 228, total_loss: 264.7184753417969, q_loss 149.91973876953125, v_loss 114.79873657226562 ,lr 0.01
INFO:root:epoch 1, Episode 229, total_loss: 265.66363525390625, q_loss 149.2640380859375, v_loss 116.39958190917969 ,lr 0.01
INFO:root:epoch 1, Episode 230, total_loss: 265.9326477050781, q_loss 151.6795196533203, v_loss 114.25313568115234 ,lr 0.01
INFO:root:epoch 1, Episode 231, total_loss: 264.65692138671875, q_loss 149.0393524169922, v_loss 115.61758422851562 ,lr 0.01
INFO:root:epoch 1, Episode 232, total_loss: 265.2940979003906, q_loss 149.3822479248047, v_loss 115.91184997558594 ,lr 0.01
INFO:root:epoch 1, Episode 233, total_loss: 265.70166015625, q_loss 152.44981384277344, v_loss 113.2518539428711 ,lr 0.01
INFO:root:epoch 1, Episode 234, total_loss: 264.63873291015625, q_loss 149.29824829101562, v_loss 115.34048461914062 ,lr 0.01
INFO:root:epoch 1, Episode 235, total_loss: 264.8498229980469, q_loss 148.8081512451172, v_loss 116.04167175292969 ,lr 0.01
INFO:root:epoch 1, Episode 236, total_loss: 265.4290466308594, q_loss 152.00460815429688, v_loss 113.42444610595703 ,lr 0.01
INFO:root:epoch 1, Episode 237, total_loss: 264.7242736816406, q_loss 149.40670776367188, v_loss 115.31756591796875 ,lr 0.01
INFO:root:epoch 1, Episode 238, total_loss: 264.480712890625, q_loss 149.75306701660156, v_loss 114.72764587402344 ,lr 0.01
INFO:root:epoch 1, Episode 239, total_loss: 265.00543212890625, q_loss 151.27320861816406, v_loss 113.73223114013672 ,lr 0.01
INFO:root:epoch 1, Episode 240, total_loss: 264.7685241699219, q_loss 148.6801300048828, v_loss 116.0884017944336 ,lr 0.01
INFO:root:epoch 1, Episode 241, total_loss: 264.3284606933594, q_loss 150.08493041992188, v_loss 114.24353790283203 ,lr 0.01
INFO:root:epoch 1, Episode 242, total_loss: 264.572265625, q_loss 151.33563232421875, v_loss 113.23664093017578 ,lr 0.01
INFO:root:epoch 1, Episode 243, total_loss: 264.73504638671875, q_loss 148.91720581054688, v_loss 115.8178482055664 ,lr 0.01
INFO:root:epoch 1, Episode 244, total_loss: 264.3919677734375, q_loss 150.74801635742188, v_loss 113.64396667480469 ,lr 0.01
INFO:root:epoch 1, Episode 245, total_loss: 264.23095703125, q_loss 150.3475799560547, v_loss 113.88336944580078 ,lr 0.01
INFO:root:epoch 1, Episode 246, total_loss: 264.4366760253906, q_loss 149.76828002929688, v_loss 114.66839599609375 ,lr 0.01
INFO:root:epoch 1, Episode 247, total_loss: 264.4311828613281, q_loss 150.9652099609375, v_loss 113.4659652709961 ,lr 0.01
INFO:root:epoch 1, Episode 248, total_loss: 264.1841735839844, q_loss 149.3304443359375, v_loss 114.8537368774414 ,lr 0.01
INFO:root:epoch 1, Episode 249, total_loss: 264.1307067871094, q_loss 149.8064727783203, v_loss 114.3242416381836 ,lr 0.01
INFO:root:epoch 1, Episode 250, total_loss: 264.2486572265625, q_loss 151.23536682128906, v_loss 113.01329040527344 ,lr 0.01
INFO:root:epoch 1, Episode 251, total_loss: 264.21563720703125, q_loss 149.1338653564453, v_loss 115.08177185058594 ,lr 0.01
INFO:root:epoch 1, Episode 252, total_loss: 264.06524658203125, q_loss 150.09616088867188, v_loss 113.96907043457031 ,lr 0.01
INFO:root:epoch 1, Episode 253, total_loss: 264.0236511230469, q_loss 150.1616668701172, v_loss 113.86198425292969 ,lr 0.01
INFO:root:epoch 1, Episode 254, total_loss: 264.1107482910156, q_loss 149.16030883789062, v_loss 114.950439453125 ,lr 0.01
INFO:root:epoch 1, Episode 255, total_loss: 264.108154296875, q_loss 151.0496826171875, v_loss 113.05846405029297 ,lr 0.01
INFO:root:epoch 1, Episode 256, total_loss: 263.97314453125, q_loss 149.5662841796875, v_loss 114.40684509277344 ,lr 0.01
INFO:root:epoch 1, Episode 257, total_loss: 263.9178466796875, q_loss 149.670166015625, v_loss 114.24766540527344 ,lr 0.01
INFO:root:epoch 1, Episode 258, total_loss: 263.9625549316406, q_loss 150.30810546875, v_loss 113.65444946289062 ,lr 0.01
INFO:root:epoch 1, Episode 259, total_loss: 263.964111328125, q_loss 149.40440368652344, v_loss 114.5597152709961 ,lr 0.01
INFO:root:epoch 1, Episode 260, total_loss: 263.89892578125, q_loss 150.4847412109375, v_loss 113.41419219970703 ,lr 0.01
INFO:root:epoch 1, Episode 261, total_loss: 263.829833984375, q_loss 149.6534423828125, v_loss 114.17637634277344 ,lr 0.01
INFO:root:epoch 1, Episode 262, total_loss: 263.80535888671875, q_loss 149.67437744140625, v_loss 114.13097381591797 ,lr 0.01
INFO:root:epoch 1, Episode 263, total_loss: 263.8016052246094, q_loss 150.1337432861328, v_loss 113.6678695678711 ,lr 0.01
INFO:root:epoch 1, Episode 264, total_loss: 263.79205322265625, q_loss 149.66769409179688, v_loss 114.12437438964844 ,lr 0.01
INFO:root:epoch 1, Episode 265, total_loss: 263.7772521972656, q_loss 150.5838165283203, v_loss 113.19342803955078 ,lr 0.01
INFO:root:epoch 1, Episode 266, total_loss: 263.7470703125, q_loss 149.6237335205078, v_loss 114.12334442138672 ,lr 0.01
INFO:root:epoch 1, Episode 267, total_loss: 263.70648193359375, q_loss 149.84756469726562, v_loss 113.85892486572266 ,lr 0.01
INFO:root:epoch 1, Episode 268, total_loss: 263.6811828613281, q_loss 150.1607208251953, v_loss 113.52045440673828 ,lr 0.01
INFO:root:epoch 1, Episode 269, total_loss: 263.6855163574219, q_loss 149.7606658935547, v_loss 113.92484283447266 ,lr 0.01
INFO:root:epoch 1, Episode 270, total_loss: 263.7005615234375, q_loss 150.6327362060547, v_loss 113.06781005859375 ,lr 0.01
INFO:root:epoch 1, Episode 271, total_loss: 263.68988037109375, q_loss 149.2686004638672, v_loss 114.4212875366211 ,lr 0.01
INFO:root:epoch 1, Episode 272, total_loss: 263.64495849609375, q_loss 150.45574951171875, v_loss 113.189208984375 ,lr 0.01
INFO:root:epoch 1, Episode 273, total_loss: 263.592529296875, q_loss 150.00582885742188, v_loss 113.58670806884766 ,lr 0.01
INFO:root:epoch 1, Episode 274, total_loss: 263.5711669921875, q_loss 149.95138549804688, v_loss 113.6197738647461 ,lr 0.01
INFO:root:epoch 1, Episode 275, total_loss: 263.5731201171875, q_loss 150.0193328857422, v_loss 113.55380249023438 ,lr 0.01
INFO:root:epoch 1, Episode 276, total_loss: 263.57220458984375, q_loss 149.56216430664062, v_loss 114.01004791259766 ,lr 0.01
INFO:root:epoch 1, Episode 277, total_loss: 263.5678405761719, q_loss 151.01361083984375, v_loss 112.55423736572266 ,lr 0.01
INFO:root:epoch 1, Episode 278, total_loss: 263.5450744628906, q_loss 149.890869140625, v_loss 113.6541976928711 ,lr 0.01
INFO:root:epoch 1, Episode 279, total_loss: 263.50787353515625, q_loss 150.03431701660156, v_loss 113.47354125976562 ,lr 0.01
INFO:root:epoch 1, Episode 280, total_loss: 263.47003173828125, q_loss 149.95394897460938, v_loss 113.51609802246094 ,lr 0.01
INFO:root:epoch 1, Episode 281, total_loss: 263.4665832519531, q_loss 149.9595947265625, v_loss 113.50698852539062 ,lr 0.01
INFO:root:epoch 1, Episode 282, total_loss: 263.5203552246094, q_loss 151.24940490722656, v_loss 112.27094268798828 ,lr 0.01
INFO:root:epoch 1, Episode 283, total_loss: 263.5932312011719, q_loss 149.22683715820312, v_loss 114.36639404296875 ,lr 0.01
INFO:root:epoch 1, Episode 284, total_loss: 263.64556884765625, q_loss 150.9549560546875, v_loss 112.69061279296875 ,lr 0.01
INFO:root:epoch 1, Episode 285, total_loss: 263.6383056640625, q_loss 149.00173950195312, v_loss 114.63656616210938 ,lr 0.01
INFO:root:epoch 1, Episode 286, total_loss: 263.6331787109375, q_loss 152.02862548828125, v_loss 111.60454559326172 ,lr 0.01
INFO:root:epoch 1, Episode 287, total_loss: 263.5933837890625, q_loss 149.19337463378906, v_loss 114.39999389648438 ,lr 0.01
INFO:root:epoch 1, Episode 288, total_loss: 263.5487365722656, q_loss 150.69459533691406, v_loss 112.85413360595703 ,lr 0.01
INFO:root:epoch 1, Episode 289, total_loss: 263.468505859375, q_loss 149.11582946777344, v_loss 114.35266876220703 ,lr 0.01
INFO:root:epoch 1, Episode 290, total_loss: 263.4117736816406, q_loss 151.4286346435547, v_loss 111.9831314086914 ,lr 0.01
INFO:root:epoch 1, Episode 291, total_loss: 263.36798095703125, q_loss 149.96713256835938, v_loss 113.40086364746094 ,lr 0.01
INFO:root:epoch 1, Episode 292, total_loss: 263.335693359375, q_loss 150.2417755126953, v_loss 113.09391784667969 ,lr 0.01
INFO:root:epoch 1, Episode 293, total_loss: 263.3117980957031, q_loss 149.5885009765625, v_loss 113.7232894897461 ,lr 0.01
INFO:root:epoch 1, Episode 294, total_loss: 263.3013610839844, q_loss 150.99990844726562, v_loss 112.30146026611328 ,lr 0.01
INFO:root:epoch 1, Episode 295, total_loss: 263.2996826171875, q_loss 150.2655029296875, v_loss 113.03416442871094 ,lr 0.01
INFO:root:epoch 1, Episode 296, total_loss: 263.3145446777344, q_loss 150.81216430664062, v_loss 112.50238037109375 ,lr 0.01
INFO:root:epoch 1, Episode 297, total_loss: 263.3746643066406, q_loss 148.88165283203125, v_loss 114.49301147460938 ,lr 0.01
INFO:root:epoch 1, Episode 298, total_loss: 263.52105712890625, q_loss 151.62783813476562, v_loss 111.8932113647461 ,lr 0.01
INFO:root:epoch 1, Episode 299, total_loss: 263.8194580078125, q_loss 148.7772979736328, v_loss 115.04217529296875 ,lr 0.01
INFO:root:epoch 1, Episode 300, total_loss: 264.5940246582031, q_loss 154.6529083251953, v_loss 109.94110870361328 ,lr 0.01
INFO:root:epoch 1, Episode 301, total_loss: 266.09796142578125, q_loss 146.7550811767578, v_loss 119.34286499023438 ,lr 0.01
INFO:root:epoch 1, Episode 302, total_loss: 270.1876220703125, q_loss 160.53416442871094, v_loss 109.65345001220703 ,lr 0.01
INFO:root:epoch 1, Episode 303, total_loss: 274.85968017578125, q_loss 146.69943237304688, v_loss 128.16026306152344 ,lr 0.01
INFO:root:epoch 1, Episode 304, total_loss: 287.4608154296875, q_loss 172.89471435546875, v_loss 114.56610107421875 ,lr 0.01
INFO:root:epoch 1, Episode 305, total_loss: 289.96142578125, q_loss 149.3524932861328, v_loss 140.6089324951172 ,lr 0.01
INFO:root:epoch 1, Episode 306, total_loss: 297.78594970703125, q_loss 179.63670349121094, v_loss 118.14926147460938 ,lr 0.01
INFO:root:epoch 1, Episode 307, total_loss: 277.9508361816406, q_loss 150.78334045410156, v_loss 127.16749572753906 ,lr 0.01
INFO:root:epoch 1, Episode 308, total_loss: 264.7933044433594, q_loss 152.8435516357422, v_loss 111.94976043701172 ,lr 0.01
INFO:root:epoch 1, Episode 309, total_loss: 265.75762939453125, q_loss 152.4064178466797, v_loss 113.3512191772461 ,lr 0.01
INFO:root:epoch 1, Episode 310, total_loss: 274.607666015625, q_loss 148.63922119140625, v_loss 125.96842956542969 ,lr 0.01
INFO:root:epoch 1, Episode 311, total_loss: 278.09088134765625, q_loss 165.72084045410156, v_loss 112.37005615234375 ,lr 0.01
INFO:root:epoch 1, Episode 312, total_loss: 266.69305419921875, q_loss 148.80868530273438, v_loss 117.88436889648438 ,lr 0.01
INFO:root:epoch 1, Episode 313, total_loss: 264.1406555175781, q_loss 147.8403778076172, v_loss 116.3002700805664 ,lr 0.01
INFO:root:epoch 1, Episode 314, total_loss: 271.0646667480469, q_loss 159.0321502685547, v_loss 112.03252410888672 ,lr 0.01
INFO:root:epoch 1, Episode 315, total_loss: 269.95001220703125, q_loss 151.0623779296875, v_loss 118.88763427734375 ,lr 0.01
INFO:root:epoch 1, Episode 316, total_loss: 264.3011474609375, q_loss 153.9174041748047, v_loss 110.38375091552734 ,lr 0.01
INFO:root:epoch 1, Episode 317, total_loss: 264.64801025390625, q_loss 152.559326171875, v_loss 112.08869934082031 ,lr 0.01
INFO:root:epoch 1, Episode 318, total_loss: 268.6465148925781, q_loss 148.2845458984375, v_loss 120.3619613647461 ,lr 0.01
INFO:root:epoch 1, Episode 319, total_loss: 267.2720947265625, q_loss 157.16075134277344, v_loss 110.1113510131836 ,lr 0.01
INFO:root:epoch 1, Episode 320, total_loss: 263.4582824707031, q_loss 152.2615203857422, v_loss 111.19676208496094 ,lr 0.01
INFO:root:epoch 1, Episode 321, total_loss: 265.5284118652344, q_loss 149.8924560546875, v_loss 115.6359634399414 ,lr 0.01
INFO:root:epoch 1, Episode 322, total_loss: 267.4418029785156, q_loss 155.37554931640625, v_loss 112.06625366210938 ,lr 0.01
INFO:root:epoch 1, Episode 323, total_loss: 264.23565673828125, q_loss 150.1144561767578, v_loss 114.12120056152344 ,lr 0.01
INFO:root:epoch 1, Episode 324, total_loss: 263.90106201171875, q_loss 151.0435791015625, v_loss 112.85749816894531 ,lr 0.01
INFO:root:epoch 1, Episode 325, total_loss: 266.14208984375, q_loss 155.1873321533203, v_loss 110.95475769042969 ,lr 0.01
INFO:root:epoch 1, Episode 326, total_loss: 264.84600830078125, q_loss 149.22262573242188, v_loss 115.62339782714844 ,lr 0.01
INFO:root:epoch 1, Episode 327, total_loss: 263.38653564453125, q_loss 150.98435974121094, v_loss 112.40216827392578 ,lr 0.01
INFO:root:epoch 1, Episode 328, total_loss: 264.7060241699219, q_loss 154.1961212158203, v_loss 110.5099105834961 ,lr 0.01
INFO:root:epoch 1, Episode 329, total_loss: 264.81365966796875, q_loss 149.4612274169922, v_loss 115.35242462158203 ,lr 0.01
INFO:root:epoch 1, Episode 330, total_loss: 263.5147705078125, q_loss 150.68893432617188, v_loss 112.8258285522461 ,lr 0.01
INFO:root:epoch 1, Episode 331, total_loss: 263.7373962402344, q_loss 151.4275360107422, v_loss 112.30985260009766 ,lr 0.01
INFO:root:epoch 1, Episode 332, total_loss: 264.373291015625, q_loss 150.70777893066406, v_loss 113.66551208496094 ,lr 0.01
INFO:root:epoch 1, Episode 333, total_loss: 263.70013427734375, q_loss 152.5858154296875, v_loss 111.11431121826172 ,lr 0.01
INFO:root:epoch 1, Episode 334, total_loss: 263.411865234375, q_loss 150.8734130859375, v_loss 112.53843688964844 ,lr 0.01
INFO:root:epoch 1, Episode 335, total_loss: 264.0875244140625, q_loss 149.04664611816406, v_loss 115.04087829589844 ,lr 0.01
INFO:root:epoch 1, Episode 336, total_loss: 263.9537658691406, q_loss 152.39610290527344, v_loss 111.55765533447266 ,lr 0.01
INFO:root:epoch 1, Episode 337, total_loss: 263.34197998046875, q_loss 151.1957244873047, v_loss 112.146240234375 ,lr 0.01
INFO:root:epoch 1, Episode 338, total_loss: 263.595947265625, q_loss 150.2424774169922, v_loss 113.35345458984375 ,lr 0.01
INFO:root:epoch 1, Episode 339, total_loss: 263.8896484375, q_loss 152.205078125, v_loss 111.68455505371094 ,lr 0.01
INFO:root:epoch 1, Episode 340, total_loss: 263.4492492675781, q_loss 150.10226440429688, v_loss 113.34699249267578 ,lr 0.01
INFO:root:epoch 1, Episode 341, total_loss: 263.3265686035156, q_loss 150.8436737060547, v_loss 112.4828872680664 ,lr 0.01
INFO:root:epoch 1, Episode 342, total_loss: 263.56854248046875, q_loss 151.7591094970703, v_loss 111.80943298339844 ,lr 0.01
INFO:root:epoch 1, Episode 343, total_loss: 263.4692077636719, q_loss 149.84121704101562, v_loss 113.62799835205078 ,lr 0.01
INFO:root:epoch 1, Episode 344, total_loss: 263.2657165527344, q_loss 150.9398193359375, v_loss 112.3259048461914 ,lr 0.01
INFO:root:epoch 1, Episode 345, total_loss: 263.39031982421875, q_loss 152.05560302734375, v_loss 111.33473205566406 ,lr 0.01
INFO:root:epoch 1, Episode 346, total_loss: 263.51605224609375, q_loss 149.98800659179688, v_loss 113.5280532836914 ,lr 0.01
INFO:root:epoch 1, Episode 347, total_loss: 263.358154296875, q_loss 150.66134643554688, v_loss 112.69681549072266 ,lr 0.01
INFO:root:epoch 1, Episode 348, total_loss: 263.2330322265625, q_loss 151.0500946044922, v_loss 112.18293762207031 ,lr 0.01
INFO:root:epoch 1, Episode 349, total_loss: 263.3681640625, q_loss 150.7284393310547, v_loss 112.63971710205078 ,lr 0.01
INFO:root:epoch 1, Episode 350, total_loss: 263.407958984375, q_loss 151.6881866455078, v_loss 111.71976470947266 ,lr 0.01
INFO:root:epoch 1, Episode 351, total_loss: 263.2437744140625, q_loss 150.31004333496094, v_loss 112.93372344970703 ,lr 0.01
INFO:root:epoch 1, Episode 352, total_loss: 263.222900390625, q_loss 150.4698486328125, v_loss 112.75304412841797 ,lr 0.01
INFO:root:epoch 1, Episode 353, total_loss: 263.3292236328125, q_loss 151.6818084716797, v_loss 111.64739990234375 ,lr 0.01
INFO:root:epoch 1, Episode 354, total_loss: 263.2818298339844, q_loss 150.59434509277344, v_loss 112.6874771118164 ,lr 0.01
INFO:root:epoch 1, Episode 355, total_loss: 263.1778869628906, q_loss 150.6580047607422, v_loss 112.51988220214844 ,lr 0.01
INFO:root:epoch 1, Episode 356, total_loss: 263.2216491699219, q_loss 151.1681365966797, v_loss 112.05350494384766 ,lr 0.01
INFO:root:epoch 1, Episode 357, total_loss: 263.2769470214844, q_loss 150.67129516601562, v_loss 112.60565948486328 ,lr 0.01
INFO:root:epoch 1, Episode 358, total_loss: 263.21380615234375, q_loss 151.44650268554688, v_loss 111.76731872558594 ,lr 0.01
INFO:root:epoch 1, Episode 359, total_loss: 263.1463928222656, q_loss 150.47134399414062, v_loss 112.675048828125 ,lr 0.01
INFO:root:epoch 1, Episode 360, total_loss: 263.1610412597656, q_loss 150.60121154785156, v_loss 112.55982971191406 ,lr 0.01
INFO:root:epoch 1, Episode 361, total_loss: 263.187744140625, q_loss 151.72091674804688, v_loss 111.46683502197266 ,lr 0.01
INFO:root:epoch 1, Episode 362, total_loss: 263.156982421875, q_loss 150.61087036132812, v_loss 112.54610443115234 ,lr 0.01
INFO:root:epoch 1, Episode 363, total_loss: 263.11627197265625, q_loss 150.65403747558594, v_loss 112.46223449707031 ,lr 0.01
INFO:root:epoch 1, Episode 364, total_loss: 263.1278076171875, q_loss 150.89427185058594, v_loss 112.2335433959961 ,lr 0.01
INFO:root:epoch 1, Episode 365, total_loss: 263.1345520019531, q_loss 150.98980712890625, v_loss 112.14473724365234 ,lr 0.01
INFO:root:epoch 1, Episode 366, total_loss: 263.105224609375, q_loss 151.11376953125, v_loss 111.99147033691406 ,lr 0.01
INFO:root:epoch 1, Episode 367, total_loss: 263.0893859863281, q_loss 150.7869873046875, v_loss 112.30239868164062 ,lr 0.01
INFO:root:epoch 1, Episode 368, total_loss: 263.10272216796875, q_loss 150.44210815429688, v_loss 112.6606216430664 ,lr 0.01
INFO:root:epoch 1, Episode 369, total_loss: 263.1289978027344, q_loss 151.62283325195312, v_loss 111.50615692138672 ,lr 0.01
INFO:root:epoch 1, Episode 370, total_loss: 263.1171569824219, q_loss 150.5670166015625, v_loss 112.55014038085938 ,lr 0.01
INFO:root:epoch 1, Episode 371, total_loss: 263.07403564453125, q_loss 150.7982635498047, v_loss 112.2757797241211 ,lr 0.01
INFO:root:epoch 1, Episode 372, total_loss: 263.06256103515625, q_loss 150.9788055419922, v_loss 112.0837631225586 ,lr 0.01
INFO:root:epoch 1, Episode 373, total_loss: 263.08233642578125, q_loss 150.98435974121094, v_loss 112.09797668457031 ,lr 0.01
INFO:root:epoch 1, Episode 374, total_loss: 263.0711364746094, q_loss 151.0522918701172, v_loss 112.01885223388672 ,lr 0.01
INFO:root:epoch 1, Episode 375, total_loss: 263.04296875, q_loss 150.64852905273438, v_loss 112.39445495605469 ,lr 0.01
INFO:root:epoch 1, Episode 376, total_loss: 263.0413818359375, q_loss 150.777099609375, v_loss 112.26428985595703 ,lr 0.01
INFO:root:epoch 1, Episode 377, total_loss: 263.0497131347656, q_loss 151.25746154785156, v_loss 111.7922592163086 ,lr 0.01
INFO:root:epoch 1, Episode 378, total_loss: 263.0462951660156, q_loss 150.63058471679688, v_loss 112.41571807861328 ,lr 0.01
INFO:root:epoch 1, Episode 379, total_loss: 263.03759765625, q_loss 151.3233642578125, v_loss 111.71422576904297 ,lr 0.01
INFO:root:epoch 1, Episode 380, total_loss: 263.0254821777344, q_loss 150.44320678710938, v_loss 112.582275390625 ,lr 0.01
INFO:root:epoch 1, Episode 381, total_loss: 263.01031494140625, q_loss 150.91363525390625, v_loss 112.09669494628906 ,lr 0.01
INFO:root:epoch 1, Episode 382, total_loss: 263.0063171386719, q_loss 151.24972534179688, v_loss 111.756591796875 ,lr 0.01
INFO:root:epoch 1, Episode 383, total_loss: 263.00738525390625, q_loss 151.02029418945312, v_loss 111.98707580566406 ,lr 0.01
INFO:root:epoch 1, Episode 384, total_loss: 263.00048828125, q_loss 150.65956115722656, v_loss 112.34091186523438 ,lr 0.01
INFO:root:epoch 1, Episode 385, total_loss: 262.9893798828125, q_loss 150.92408752441406, v_loss 112.06529998779297 ,lr 0.01
INFO:root:epoch 1, Episode 386, total_loss: 262.99151611328125, q_loss 151.04483032226562, v_loss 111.9466781616211 ,lr 0.01
INFO:root:epoch 1, Episode 387, total_loss: 262.9956970214844, q_loss 151.29971313476562, v_loss 111.69599151611328 ,lr 0.01
INFO:root:epoch 1, Episode 388, total_loss: 262.99053955078125, q_loss 150.5145263671875, v_loss 112.47599792480469 ,lr 0.01
INFO:root:epoch 1, Episode 389, total_loss: 262.9750061035156, q_loss 151.18576049804688, v_loss 111.78924560546875 ,lr 0.01
INFO:root:epoch 1, Episode 390, total_loss: 262.968505859375, q_loss 151.280029296875, v_loss 111.68849182128906 ,lr 0.01
INFO:root:epoch 1, Episode 391, total_loss: 262.9795837402344, q_loss 150.5069580078125, v_loss 112.4726333618164 ,lr 0.01
INFO:root:epoch 1, Episode 392, total_loss: 263.0054931640625, q_loss 151.5369110107422, v_loss 111.46857452392578 ,lr 0.01
INFO:root:epoch 1, Episode 393, total_loss: 263.019287109375, q_loss 150.5928497314453, v_loss 112.42645263671875 ,lr 0.01
INFO:root:epoch 1, Episode 394, total_loss: 263.0044250488281, q_loss 151.6578826904297, v_loss 111.34654998779297 ,lr 0.01
INFO:root:epoch 1, Episode 395, total_loss: 262.97125244140625, q_loss 150.6634063720703, v_loss 112.3078384399414 ,lr 0.01
INFO:root:epoch 1, Episode 396, total_loss: 262.9453430175781, q_loss 151.03439331054688, v_loss 111.91094207763672 ,lr 0.01
INFO:root:epoch 1, Episode 397, total_loss: 262.945556640625, q_loss 151.3206024169922, v_loss 111.62496185302734 ,lr 0.01
INFO:root:epoch 1, Episode 398, total_loss: 262.9534606933594, q_loss 151.1094512939453, v_loss 111.84400939941406 ,lr 0.01
INFO:root:epoch 1, Episode 399, total_loss: 262.94635009765625, q_loss 151.15740966796875, v_loss 111.78893280029297 ,lr 0.01
INFO:root:epoch 1, Episode 400, total_loss: 262.93182373046875, q_loss 150.99166870117188, v_loss 111.94017028808594 ,lr 0.01
INFO:root:epoch 1, Episode 401, total_loss: 262.9267272949219, q_loss 151.26580810546875, v_loss 111.66092681884766 ,lr 0.01
INFO:root:epoch 1, Episode 402, total_loss: 262.9284362792969, q_loss 151.34725952148438, v_loss 111.58118438720703 ,lr 0.01
INFO:root:epoch 1, Episode 403, total_loss: 262.92578125, q_loss 150.9317626953125, v_loss 111.99400329589844 ,lr 0.01
INFO:root:epoch 1, Episode 404, total_loss: 262.9183654785156, q_loss 151.3482666015625, v_loss 111.5700912475586 ,lr 0.01
INFO:root:epoch 1, Episode 405, total_loss: 262.9130859375, q_loss 151.30809020996094, v_loss 111.6050033569336 ,lr 0.01
INFO:root:epoch 1, Episode 406, total_loss: 262.9140625, q_loss 151.0709991455078, v_loss 111.84307098388672 ,lr 0.01
INFO:root:epoch 1, Episode 407, total_loss: 262.9187927246094, q_loss 151.3999481201172, v_loss 111.51883697509766 ,lr 0.01
INFO:root:epoch 1, Episode 408, total_loss: 262.92633056640625, q_loss 150.78878784179688, v_loss 112.13754272460938 ,lr 0.01
INFO:root:epoch 1, Episode 409, total_loss: 262.9393005371094, q_loss 152.0133819580078, v_loss 110.92591094970703 ,lr 0.01
INFO:root:epoch 1, Episode 410, total_loss: 262.9502258300781, q_loss 150.723388671875, v_loss 112.22684478759766 ,lr 0.01
INFO:root:epoch 1, Episode 411, total_loss: 262.9588623046875, q_loss 151.8537139892578, v_loss 111.10516357421875 ,lr 0.01
INFO:root:epoch 1, Episode 412, total_loss: 262.9642333984375, q_loss 150.5594482421875, v_loss 112.40480041503906 ,lr 0.01
INFO:root:epoch 1, Episode 413, total_loss: 262.9600524902344, q_loss 152.12380981445312, v_loss 110.83625030517578 ,lr 0.01
INFO:root:epoch 1, Episode 414, total_loss: 262.9367980957031, q_loss 150.81581115722656, v_loss 112.1209945678711 ,lr 0.01
INFO:root:epoch 1, Episode 415, total_loss: 262.907470703125, q_loss 151.47171020507812, v_loss 111.43575286865234 ,lr 0.01
INFO:root:epoch 1, Episode 416, total_loss: 262.8844299316406, q_loss 151.37721252441406, v_loss 111.50720977783203 ,lr 0.01
INFO:root:epoch 1, Episode 417, total_loss: 262.8888854980469, q_loss 151.1486053466797, v_loss 111.74028778076172 ,lr 0.01
INFO:root:epoch 1, Episode 418, total_loss: 262.9151611328125, q_loss 151.55343627929688, v_loss 111.36172485351562 ,lr 0.01
INFO:root:epoch 1, Episode 419, total_loss: 262.9275207519531, q_loss 151.14288330078125, v_loss 111.7846450805664 ,lr 0.01
INFO:root:epoch 1, Episode 420, total_loss: 262.91473388671875, q_loss 151.56442260742188, v_loss 111.35032653808594 ,lr 0.01
INFO:root:epoch 1, Episode 421, total_loss: 262.88787841796875, q_loss 151.34970092773438, v_loss 111.53816223144531 ,lr 0.01
INFO:root:epoch 1, Episode 422, total_loss: 262.8707275390625, q_loss 151.2708282470703, v_loss 111.59989166259766 ,lr 0.01
INFO:root:epoch 1, Episode 423, total_loss: 262.8697509765625, q_loss 151.48504638671875, v_loss 111.38471221923828 ,lr 0.01
INFO:root:epoch 1, Episode 424, total_loss: 262.875, q_loss 151.33001708984375, v_loss 111.54497528076172 ,lr 0.01
INFO:root:epoch 1, Episode 425, total_loss: 262.8788146972656, q_loss 151.5911865234375, v_loss 111.2876205444336 ,lr 0.01
INFO:root:epoch 1, Episode 426, total_loss: 262.8852233886719, q_loss 150.88819885253906, v_loss 111.99701690673828 ,lr 0.01
INFO:root:epoch 1, Episode 427, total_loss: 262.9049072265625, q_loss 152.2255096435547, v_loss 110.67938995361328 ,lr 0.01
INFO:root:epoch 1, Episode 428, total_loss: 262.9363098144531, q_loss 150.7894744873047, v_loss 112.14684295654297 ,lr 0.01
INFO:root:epoch 1, Episode 429, total_loss: 262.9899597167969, q_loss 152.0359649658203, v_loss 110.95398712158203 ,lr 0.01
INFO:root:epoch 1, Episode 430, total_loss: 263.05511474609375, q_loss 150.66973876953125, v_loss 112.38536071777344 ,lr 0.01
INFO:root:epoch 1, Episode 431, total_loss: 263.1378479003906, q_loss 152.96929931640625, v_loss 110.16854858398438 ,lr 0.01
INFO:root:epoch 1, Episode 432, total_loss: 263.23663330078125, q_loss 150.1584930419922, v_loss 113.07814025878906 ,lr 0.01
INFO:root:epoch 1, Episode 433, total_loss: 263.39666748046875, q_loss 153.15480041503906, v_loss 110.24186706542969 ,lr 0.01
INFO:root:epoch 1, Episode 434, total_loss: 263.5544738769531, q_loss 150.333984375, v_loss 113.2204818725586 ,lr 0.01
INFO:root:epoch 1, Episode 435, total_loss: 263.8283386230469, q_loss 154.27548217773438, v_loss 109.55284881591797 ,lr 0.01
INFO:root:epoch 1, Episode 436, total_loss: 264.19610595703125, q_loss 149.11399841308594, v_loss 115.08209991455078 ,lr 0.01
INFO:root:epoch 1, Episode 437, total_loss: 264.96075439453125, q_loss 156.08767700195312, v_loss 108.8730697631836 ,lr 0.01
INFO:root:epoch 1, Episode 438, total_loss: 265.934326171875, q_loss 149.0874481201172, v_loss 116.84687042236328 ,lr 0.01
INFO:root:epoch 1, Episode 439, total_loss: 267.8423767089844, q_loss 158.91232299804688, v_loss 108.93006134033203 ,lr 0.01
INFO:root:epoch 1, Episode 440, total_loss: 269.12652587890625, q_loss 148.66891479492188, v_loss 120.45759582519531 ,lr 0.01
INFO:root:epoch 1, Episode 441, total_loss: 271.65545654296875, q_loss 162.35626220703125, v_loss 109.29920196533203 ,lr 0.01
INFO:root:epoch 1, Episode 442, total_loss: 271.62432861328125, q_loss 149.2583770751953, v_loss 122.365966796875 ,lr 0.01
INFO:root:epoch 1, Episode 443, total_loss: 272.4989318847656, q_loss 162.11300659179688, v_loss 110.38592529296875 ,lr 0.01
INFO:root:epoch 1, Episode 444, total_loss: 269.8276672363281, q_loss 149.06329345703125, v_loss 120.7643814086914 ,lr 0.01
INFO:root:epoch 1, Episode 445, total_loss: 267.55987548828125, q_loss 158.5322265625, v_loss 109.02765655517578 ,lr 0.01
INFO:root:epoch 1, Episode 446, total_loss: 264.56024169921875, q_loss 149.73854064941406, v_loss 114.82170104980469 ,lr 0.01
INFO:root:epoch 1, Episode 447, total_loss: 262.9964599609375, q_loss 152.06661987304688, v_loss 110.92985534667969 ,lr 0.01
INFO:root:epoch 1, Episode 448, total_loss: 263.1148681640625, q_loss 152.70309448242188, v_loss 110.41177368164062 ,lr 0.01
INFO:root:epoch 1, Episode 449, total_loss: 264.23492431640625, q_loss 150.22900390625, v_loss 114.00592803955078 ,lr 0.01
INFO:root:epoch 1, Episode 450, total_loss: 265.32257080078125, q_loss 155.87559509277344, v_loss 109.44698333740234 ,lr 0.01
INFO:root:epoch 1, Episode 451, total_loss: 265.2978515625, q_loss 149.74566650390625, v_loss 115.55216979980469 ,lr 0.01
INFO:root:epoch 1, Episode 452, total_loss: 264.70330810546875, q_loss 155.8681640625, v_loss 108.83514404296875 ,lr 0.01
INFO:root:epoch 1, Episode 453, total_loss: 263.5874328613281, q_loss 150.81080627441406, v_loss 112.7766342163086 ,lr 0.01
INFO:root:epoch 1, Episode 454, total_loss: 262.90850830078125, q_loss 151.69033813476562, v_loss 111.21818542480469 ,lr 0.01
INFO:root:epoch 1, Episode 455, total_loss: 263.06365966796875, q_loss 152.40365600585938, v_loss 110.66000366210938 ,lr 0.01
INFO:root:epoch 1, Episode 456, total_loss: 263.73858642578125, q_loss 150.82933044433594, v_loss 112.90927124023438 ,lr 0.01
INFO:root:epoch 2, Episode 0, total_loss: 4176.79931640625, q_loss 3322.568115234375, v_loss 854.2313232421875 ,lr 0.001
INFO:root:epoch 2, Episode 1, total_loss: 3548.86474609375, q_loss 2762.4541015625, v_loss 786.4107055664062 ,lr 0.001
INFO:root:epoch 2, Episode 2, total_loss: 2896.456787109375, q_loss 2159.592529296875, v_loss 736.8642578125 ,lr 0.001
INFO:root:epoch 2, Episode 3, total_loss: 2422.104248046875, q_loss 1695.7630615234375, v_loss 726.3411254882812 ,lr 0.001
INFO:root:epoch 2, Episode 4, total_loss: 2145.400146484375, q_loss 1404.6612548828125, v_loss 740.7388916015625 ,lr 0.001
INFO:root:epoch 2, Episode 5, total_loss: 1978.2401123046875, q_loss 1220.5721435546875, v_loss 757.66796875 ,lr 0.001
INFO:root:epoch 2, Episode 6, total_loss: 1855.6822509765625, q_loss 1094.04150390625, v_loss 761.6407470703125 ,lr 0.001
INFO:root:epoch 2, Episode 7, total_loss: 1733.9364013671875, q_loss 989.4710083007812, v_loss 744.4653930664062 ,lr 0.001
INFO:root:epoch 2, Episode 8, total_loss: 1597.764404296875, q_loss 891.0805053710938, v_loss 706.6838989257812 ,lr 0.001
INFO:root:epoch 2, Episode 9, total_loss: 1477.525390625, q_loss 809.0333862304688, v_loss 668.4920654296875 ,lr 0.001
INFO:root:epoch 2, Episode 10, total_loss: 1333.03076171875, q_loss 721.349853515625, v_loss 611.6809692382812 ,lr 0.001
INFO:root:epoch 2, Episode 11, total_loss: 1131.65283203125, q_loss 609.8162231445312, v_loss 521.8365478515625 ,lr 0.001
INFO:root:epoch 2, Episode 12, total_loss: 965.01953125, q_loss 517.9212646484375, v_loss 447.0982360839844 ,lr 0.001
INFO:root:epoch 2, Episode 13, total_loss: 792.3502197265625, q_loss 426.1705627441406, v_loss 366.1796875 ,lr 0.001
INFO:root:epoch 2, Episode 14, total_loss: 619.281005859375, q_loss 335.70416259765625, v_loss 283.57684326171875 ,lr 0.001
INFO:root:epoch 2, Episode 15, total_loss: 452.52886962890625, q_loss 248.98056030273438, v_loss 203.5482940673828 ,lr 0.001
INFO:root:epoch 2, Episode 16, total_loss: 307.94378662109375, q_loss 173.39642333984375, v_loss 134.54736328125 ,lr 0.001
INFO:root:epoch 2, Episode 17, total_loss: 205.59097290039062, q_loss 118.52564239501953, v_loss 87.06532287597656 ,lr 0.001
INFO:root:epoch 2, Episode 18, total_loss: 162.6490478515625, q_loss 93.26282501220703, v_loss 69.38621520996094 ,lr 0.001
INFO:root:epoch 2, Episode 19, total_loss: 185.45437622070312, q_loss 101.3051986694336, v_loss 84.14917755126953 ,lr 0.001
INFO:root:epoch 2, Episode 20, total_loss: 251.5015869140625, q_loss 132.10560607910156, v_loss 119.39598846435547 ,lr 0.001
INFO:root:epoch 2, Episode 21, total_loss: 317.4077453613281, q_loss 165.19003295898438, v_loss 152.21771240234375 ,lr 0.001
INFO:root:epoch 2, Episode 22, total_loss: 338.2460632324219, q_loss 179.30551147460938, v_loss 158.9405517578125 ,lr 0.001
INFO:root:epoch 2, Episode 23, total_loss: 301.02880859375, q_loss 162.80111694335938, v_loss 138.22767639160156 ,lr 0.001
INFO:root:epoch 2, Episode 24, total_loss: 235.614013671875, q_loss 128.63348388671875, v_loss 106.98052978515625 ,lr 0.001
INFO:root:epoch 2, Episode 25, total_loss: 178.241455078125, q_loss 96.67527770996094, v_loss 81.56617736816406 ,lr 0.001
INFO:root:epoch 2, Episode 26, total_loss: 143.24154663085938, q_loss 76.36053466796875, v_loss 66.88101959228516 ,lr 0.001
INFO:root:epoch 2, Episode 27, total_loss: 131.81707763671875, q_loss 68.83181762695312, v_loss 62.98526382446289 ,lr 0.001
INFO:root:epoch 2, Episode 28, total_loss: 133.92037963867188, q_loss 68.77630615234375, v_loss 65.1440658569336 ,lr 0.001
INFO:root:epoch 2, Episode 29, total_loss: 143.52572631835938, q_loss 72.92984008789062, v_loss 70.59587860107422 ,lr 0.001
INFO:root:epoch 2, Episode 30, total_loss: 142.37930297851562, q_loss 71.84706115722656, v_loss 70.53224182128906 ,lr 0.001
INFO:root:epoch 2, Episode 31, total_loss: 143.30422973632812, q_loss 72.25676727294922, v_loss 71.04745483398438 ,lr 0.001
INFO:root:epoch 2, Episode 32, total_loss: 144.0954132080078, q_loss 73.11821746826172, v_loss 70.9771957397461 ,lr 0.001
INFO:root:epoch 2, Episode 33, total_loss: 142.3151397705078, q_loss 73.01189422607422, v_loss 69.3032455444336 ,lr 0.001
INFO:root:epoch 2, Episode 34, total_loss: 138.12197875976562, q_loss 71.91865539550781, v_loss 66.20331573486328 ,lr 0.001
INFO:root:epoch 2, Episode 35, total_loss: 131.45140075683594, q_loss 69.75015258789062, v_loss 61.70125198364258 ,lr 0.001
INFO:root:epoch 2, Episode 36, total_loss: 122.86186981201172, q_loss 66.65986633300781, v_loss 56.202003479003906 ,lr 0.001
INFO:root:epoch 2, Episode 37, total_loss: 112.94853210449219, q_loss 62.76587677001953, v_loss 50.18265914916992 ,lr 0.001
INFO:root:epoch 2, Episode 38, total_loss: 103.3787841796875, q_loss 59.04185104370117, v_loss 44.33693313598633 ,lr 0.001
INFO:root:epoch 2, Episode 39, total_loss: 95.32857513427734, q_loss 56.075531005859375, v_loss 39.25304412841797 ,lr 0.001
INFO:root:epoch 2, Episode 40, total_loss: 89.46084594726562, q_loss 54.11714553833008, v_loss 35.34370422363281 ,lr 0.001
INFO:root:epoch 2, Episode 41, total_loss: 86.05647277832031, q_loss 53.08920669555664, v_loss 32.967262268066406 ,lr 0.001
INFO:root:epoch 2, Episode 42, total_loss: 84.66780853271484, q_loss 52.62204360961914, v_loss 32.0457649230957 ,lr 0.001
INFO:root:epoch 2, Episode 43, total_loss: 84.76300048828125, q_loss 52.62471008300781, v_loss 32.13828659057617 ,lr 0.001
INFO:root:epoch 2, Episode 44, total_loss: 85.15437316894531, q_loss 52.48250961303711, v_loss 32.6718635559082 ,lr 0.001
INFO:root:epoch 2, Episode 45, total_loss: 84.88626861572266, q_loss 51.8240852355957, v_loss 33.06218338012695 ,lr 0.001
INFO:root:epoch 2, Episode 46, total_loss: 83.67857360839844, q_loss 50.68503952026367, v_loss 32.99353790283203 ,lr 0.001
INFO:root:epoch 2, Episode 47, total_loss: 81.33148193359375, q_loss 49.017784118652344, v_loss 32.313697814941406 ,lr 0.001
INFO:root:epoch 2, Episode 48, total_loss: 78.37381744384766, q_loss 47.220130920410156, v_loss 31.153688430786133 ,lr 0.001
INFO:root:epoch 2, Episode 49, total_loss: 75.47074127197266, q_loss 45.66072082519531, v_loss 29.810022354125977 ,lr 0.001
INFO:root:epoch 2, Episode 50, total_loss: 73.02184295654297, q_loss 44.47122573852539, v_loss 28.550617218017578 ,lr 0.001
INFO:root:epoch 2, Episode 51, total_loss: 71.16435241699219, q_loss 43.66786575317383, v_loss 27.496490478515625 ,lr 0.001
INFO:root:epoch 2, Episode 52, total_loss: 69.63240051269531, q_loss 42.96559143066406, v_loss 26.666810989379883 ,lr 0.001
INFO:root:epoch 2, Episode 53, total_loss: 68.39837646484375, q_loss 42.34596252441406, v_loss 26.052413940429688 ,lr 0.001
INFO:root:epoch 2, Episode 54, total_loss: 67.23419189453125, q_loss 41.68325424194336, v_loss 25.55093765258789 ,lr 0.001
INFO:root:epoch 2, Episode 55, total_loss: 65.7439956665039, q_loss 40.739524841308594, v_loss 25.004472732543945 ,lr 0.001
INFO:root:epoch 2, Episode 56, total_loss: 64.14662170410156, q_loss 39.73428726196289, v_loss 24.412338256835938 ,lr 0.001
INFO:root:epoch 2, Episode 57, total_loss: 62.416473388671875, q_loss 38.6989860534668, v_loss 23.717487335205078 ,lr 0.001
INFO:root:epoch 2, Episode 58, total_loss: 60.856544494628906, q_loss 37.827720642089844, v_loss 23.02882194519043 ,lr 0.001
INFO:root:epoch 2, Episode 59, total_loss: 59.400028228759766, q_loss 37.081783294677734, v_loss 22.31824493408203 ,lr 0.001
INFO:root:epoch 2, Episode 60, total_loss: 58.21532440185547, q_loss 36.529964447021484, v_loss 21.68535804748535 ,lr 0.001
INFO:root:epoch 2, Episode 61, total_loss: 57.29328918457031, q_loss 36.202178955078125, v_loss 21.09111213684082 ,lr 0.001
INFO:root:epoch 2, Episode 62, total_loss: 56.494754791259766, q_loss 35.8880615234375, v_loss 20.606693267822266 ,lr 0.001
INFO:root:epoch 2, Episode 63, total_loss: 55.71177673339844, q_loss 35.44818878173828, v_loss 20.263586044311523 ,lr 0.001
INFO:root:epoch 2, Episode 64, total_loss: 54.7734375, q_loss 34.77488327026367, v_loss 19.99855613708496 ,lr 0.001
INFO:root:epoch 2, Episode 65, total_loss: 53.753997802734375, q_loss 33.97769546508789, v_loss 19.776302337646484 ,lr 0.001
INFO:root:epoch 2, Episode 66, total_loss: 52.806907653808594, q_loss 33.22920227050781, v_loss 19.57770538330078 ,lr 0.001
INFO:root:epoch 2, Episode 67, total_loss: 52.13977813720703, q_loss 32.7274169921875, v_loss 19.41236114501953 ,lr 0.001
INFO:root:epoch 2, Episode 68, total_loss: 51.74285888671875, q_loss 32.48463821411133, v_loss 19.258222579956055 ,lr 0.001
INFO:root:epoch 2, Episode 69, total_loss: 51.56013107299805, q_loss 32.4309196472168, v_loss 19.12921142578125 ,lr 0.001
INFO:root:epoch 2, Episode 70, total_loss: 51.41413116455078, q_loss 32.41273880004883, v_loss 19.001392364501953 ,lr 0.001
INFO:root:epoch 2, Episode 71, total_loss: 51.18928527832031, q_loss 32.32771682739258, v_loss 18.861568450927734 ,lr 0.001
INFO:root:epoch 2, Episode 72, total_loss: 50.776947021484375, q_loss 32.06912612915039, v_loss 18.707820892333984 ,lr 0.001
INFO:root:epoch 2, Episode 73, total_loss: 50.19738006591797, q_loss 31.665475845336914, v_loss 18.531906127929688 ,lr 0.001
INFO:root:epoch 2, Episode 74, total_loss: 49.54649353027344, q_loss 31.18890953063965, v_loss 18.357582092285156 ,lr 0.001
INFO:root:epoch 2, Episode 75, total_loss: 48.88998794555664, q_loss 30.719280242919922, v_loss 18.17070770263672 ,lr 0.001
INFO:root:epoch 2, Episode 76, total_loss: 48.34623718261719, q_loss 30.341257095336914, v_loss 18.00497817993164 ,lr 0.001
INFO:root:epoch 2, Episode 77, total_loss: 47.973365783691406, q_loss 30.11724853515625, v_loss 17.85611915588379 ,lr 0.001
INFO:root:epoch 2, Episode 78, total_loss: 47.71718978881836, q_loss 29.998374938964844, v_loss 17.718814849853516 ,lr 0.001
INFO:root:epoch 2, Episode 79, total_loss: 47.464576721191406, q_loss 29.89348793029785, v_loss 17.571086883544922 ,lr 0.001
INFO:root:epoch 2, Episode 80, total_loss: 47.18165969848633, q_loss 29.748991012573242, v_loss 17.432668685913086 ,lr 0.001
INFO:root:epoch 2, Episode 81, total_loss: 46.82489776611328, q_loss 29.528579711914062, v_loss 17.296316146850586 ,lr 0.001
INFO:root:epoch 2, Episode 82, total_loss: 46.42475128173828, q_loss 29.265949249267578, v_loss 17.15880012512207 ,lr 0.001
INFO:root:epoch 2, Episode 83, total_loss: 46.03496551513672, q_loss 29.007667541503906, v_loss 17.027299880981445 ,lr 0.001
INFO:root:epoch 2, Episode 84, total_loss: 45.68465805053711, q_loss 28.786144256591797, v_loss 16.898513793945312 ,lr 0.001
INFO:root:epoch 2, Episode 85, total_loss: 45.374305725097656, q_loss 28.60793113708496, v_loss 16.766374588012695 ,lr 0.001
INFO:root:epoch 2, Episode 86, total_loss: 45.08009338378906, q_loss 28.447513580322266, v_loss 16.632579803466797 ,lr 0.001
INFO:root:epoch 2, Episode 87, total_loss: 44.796592712402344, q_loss 28.296428680419922, v_loss 16.500165939331055 ,lr 0.001
INFO:root:epoch 2, Episode 88, total_loss: 44.49634552001953, q_loss 28.126855850219727, v_loss 16.369487762451172 ,lr 0.001
INFO:root:epoch 2, Episode 89, total_loss: 44.206642150878906, q_loss 27.947290420532227, v_loss 16.25935173034668 ,lr 0.001
INFO:root:epoch 2, Episode 90, total_loss: 43.90887451171875, q_loss 27.755970001220703, v_loss 16.152902603149414 ,lr 0.001
INFO:root:epoch 2, Episode 91, total_loss: 43.623172760009766, q_loss 27.567848205566406, v_loss 16.05532455444336 ,lr 0.001
INFO:root:epoch 2, Episode 92, total_loss: 43.372467041015625, q_loss 27.401893615722656, v_loss 15.970573425292969 ,lr 0.001
INFO:root:epoch 2, Episode 93, total_loss: 43.1341438293457, q_loss 27.253372192382812, v_loss 15.88077163696289 ,lr 0.001
INFO:root:epoch 2, Episode 94, total_loss: 42.89796447753906, q_loss 27.108631134033203, v_loss 15.789331436157227 ,lr 0.001
INFO:root:epoch 2, Episode 95, total_loss: 42.67266082763672, q_loss 26.972579956054688, v_loss 15.700082778930664 ,lr 0.001
INFO:root:epoch 2, Episode 96, total_loss: 42.43074035644531, q_loss 26.82943344116211, v_loss 15.60130500793457 ,lr 0.001
INFO:root:epoch 2, Episode 97, total_loss: 42.197120666503906, q_loss 26.689950942993164, v_loss 15.507168769836426 ,lr 0.001
INFO:root:epoch 2, Episode 98, total_loss: 41.957794189453125, q_loss 26.548118591308594, v_loss 15.409673690795898 ,lr 0.001
INFO:root:epoch 2, Episode 99, total_loss: 41.7469367980957, q_loss 26.425037384033203, v_loss 15.321898460388184 ,lr 0.001
INFO:root:epoch 2, Episode 100, total_loss: 41.55116271972656, q_loss 26.3095703125, v_loss 15.241593360900879 ,lr 0.001
INFO:root:epoch 2, Episode 101, total_loss: 41.35376739501953, q_loss 26.197551727294922, v_loss 15.156216621398926 ,lr 0.001
INFO:root:epoch 2, Episode 102, total_loss: 41.173912048339844, q_loss 26.09392547607422, v_loss 15.079986572265625 ,lr 0.001
INFO:root:epoch 2, Episode 103, total_loss: 40.96794891357422, q_loss 25.97614288330078, v_loss 14.991806983947754 ,lr 0.001
INFO:root:epoch 2, Episode 104, total_loss: 40.775657653808594, q_loss 25.862028121948242, v_loss 14.913627624511719 ,lr 0.001
INFO:root:epoch 2, Episode 105, total_loss: 40.5726432800293, q_loss 25.74254035949707, v_loss 14.83010196685791 ,lr 0.001
INFO:root:epoch 2, Episode 106, total_loss: 40.37208557128906, q_loss 25.62482261657715, v_loss 14.747262954711914 ,lr 0.001
INFO:root:epoch 2, Episode 107, total_loss: 40.1835823059082, q_loss 25.513185501098633, v_loss 14.67039680480957 ,lr 0.001
INFO:root:epoch 2, Episode 108, total_loss: 39.99979019165039, q_loss 25.405723571777344, v_loss 14.594066619873047 ,lr 0.001
INFO:root:epoch 2, Episode 109, total_loss: 39.819091796875, q_loss 25.299802780151367, v_loss 14.519288063049316 ,lr 0.001
INFO:root:epoch 2, Episode 110, total_loss: 39.639251708984375, q_loss 25.194957733154297, v_loss 14.444294929504395 ,lr 0.001
INFO:root:epoch 2, Episode 111, total_loss: 39.476966857910156, q_loss 25.098587036132812, v_loss 14.378379821777344 ,lr 0.001
INFO:root:epoch 2, Episode 112, total_loss: 39.29639434814453, q_loss 24.994979858398438, v_loss 14.30141544342041 ,lr 0.001
INFO:root:epoch 2, Episode 113, total_loss: 39.13238525390625, q_loss 24.89896011352539, v_loss 14.233426094055176 ,lr 0.001
INFO:root:epoch 2, Episode 114, total_loss: 38.96563720703125, q_loss 24.804779052734375, v_loss 14.160859107971191 ,lr 0.001
INFO:root:epoch 2, Episode 115, total_loss: 38.796730041503906, q_loss 24.70857048034668, v_loss 14.08816146850586 ,lr 0.001
INFO:root:epoch 2, Episode 116, total_loss: 38.628360748291016, q_loss 24.613380432128906, v_loss 14.01498031616211 ,lr 0.001
INFO:root:epoch 2, Episode 117, total_loss: 38.4802131652832, q_loss 24.527231216430664, v_loss 13.952981948852539 ,lr 0.001
INFO:root:epoch 2, Episode 118, total_loss: 38.32949447631836, q_loss 24.43831443786621, v_loss 13.891180992126465 ,lr 0.001
INFO:root:epoch 2, Episode 119, total_loss: 38.17286682128906, q_loss 24.346710205078125, v_loss 13.826157569885254 ,lr 0.001
INFO:root:epoch 2, Episode 120, total_loss: 38.02770233154297, q_loss 24.25926399230957, v_loss 13.768438339233398 ,lr 0.001
INFO:root:epoch 2, Episode 121, total_loss: 37.8797607421875, q_loss 24.171836853027344, v_loss 13.70792293548584 ,lr 0.001
INFO:root:epoch 2, Episode 122, total_loss: 37.73466110229492, q_loss 24.086750030517578, v_loss 13.647911071777344 ,lr 0.001
INFO:root:epoch 2, Episode 123, total_loss: 37.59119415283203, q_loss 24.003398895263672, v_loss 13.587793350219727 ,lr 0.001
INFO:root:epoch 2, Episode 124, total_loss: 37.44411849975586, q_loss 23.918502807617188, v_loss 13.525616645812988 ,lr 0.001
INFO:root:epoch 2, Episode 125, total_loss: 37.31026840209961, q_loss 23.839191436767578, v_loss 13.471076011657715 ,lr 0.001
INFO:root:epoch 2, Episode 126, total_loss: 37.16093826293945, q_loss 23.751731872558594, v_loss 13.409207344055176 ,lr 0.001
INFO:root:epoch 2, Episode 127, total_loss: 37.00914764404297, q_loss 23.663774490356445, v_loss 13.345375061035156 ,lr 0.001
INFO:root:epoch 2, Episode 128, total_loss: 36.88320541381836, q_loss 23.588417053222656, v_loss 13.294787406921387 ,lr 0.001
INFO:root:epoch 2, Episode 129, total_loss: 36.74359893798828, q_loss 23.50838851928711, v_loss 13.235210418701172 ,lr 0.001
INFO:root:epoch 2, Episode 130, total_loss: 36.612762451171875, q_loss 23.431819915771484, v_loss 13.180944442749023 ,lr 0.001
INFO:root:epoch 2, Episode 131, total_loss: 36.476898193359375, q_loss 23.3531436920166, v_loss 13.123753547668457 ,lr 0.001
INFO:root:epoch 2, Episode 132, total_loss: 36.3607063293457, q_loss 23.28489875793457, v_loss 13.075807571411133 ,lr 0.001
INFO:root:epoch 2, Episode 133, total_loss: 36.22944641113281, q_loss 23.20893096923828, v_loss 13.020517349243164 ,lr 0.001
INFO:root:epoch 2, Episode 134, total_loss: 36.103424072265625, q_loss 23.1350154876709, v_loss 12.968408584594727 ,lr 0.001
INFO:root:epoch 2, Episode 135, total_loss: 35.98002243041992, q_loss 23.06093978881836, v_loss 12.919081687927246 ,lr 0.001
INFO:root:epoch 2, Episode 136, total_loss: 35.860347747802734, q_loss 22.9912109375, v_loss 12.869135856628418 ,lr 0.001
INFO:root:epoch 2, Episode 137, total_loss: 35.74092102050781, q_loss 22.92087173461914, v_loss 12.820048332214355 ,lr 0.001
INFO:root:epoch 2, Episode 138, total_loss: 35.60676956176758, q_loss 22.84250831604004, v_loss 12.764261245727539 ,lr 0.001
INFO:root:epoch 2, Episode 139, total_loss: 35.49496078491211, q_loss 22.776926040649414, v_loss 12.718034744262695 ,lr 0.001
INFO:root:epoch 2, Episode 140, total_loss: 35.38490676879883, q_loss 22.711702346801758, v_loss 12.67320442199707 ,lr 0.001
INFO:root:epoch 2, Episode 141, total_loss: 35.26961135864258, q_loss 22.64626693725586, v_loss 12.623343467712402 ,lr 0.001
INFO:root:epoch 2, Episode 142, total_loss: 35.155723571777344, q_loss 22.57986068725586, v_loss 12.575860977172852 ,lr 0.001
INFO:root:epoch 2, Episode 143, total_loss: 35.03850555419922, q_loss 22.512168884277344, v_loss 12.526336669921875 ,lr 0.001
INFO:root:epoch 2, Episode 144, total_loss: 34.93336868286133, q_loss 22.45115852355957, v_loss 12.482209205627441 ,lr 0.001
INFO:root:epoch 2, Episode 145, total_loss: 34.82892608642578, q_loss 22.393335342407227, v_loss 12.435590744018555 ,lr 0.001
INFO:root:epoch 2, Episode 146, total_loss: 34.71918869018555, q_loss 22.330955505371094, v_loss 12.388233184814453 ,lr 0.001
INFO:root:epoch 2, Episode 147, total_loss: 34.60845184326172, q_loss 22.266727447509766, v_loss 12.34172248840332 ,lr 0.001
INFO:root:epoch 2, Episode 148, total_loss: 34.502647399902344, q_loss 22.206941604614258, v_loss 12.29570484161377 ,lr 0.001
INFO:root:epoch 2, Episode 149, total_loss: 34.399410247802734, q_loss 22.147798538208008, v_loss 12.25161075592041 ,lr 0.001
INFO:root:epoch 2, Episode 150, total_loss: 34.298423767089844, q_loss 22.090200424194336, v_loss 12.20822525024414 ,lr 0.001
INFO:root:epoch 2, Episode 151, total_loss: 34.182273864746094, q_loss 22.02466583251953, v_loss 12.157609939575195 ,lr 0.001
INFO:root:epoch 2, Episode 152, total_loss: 34.07710266113281, q_loss 21.964651107788086, v_loss 12.112451553344727 ,lr 0.001
INFO:root:epoch 2, Episode 153, total_loss: 33.97773361206055, q_loss 21.906856536865234, v_loss 12.070878028869629 ,lr 0.001
INFO:root:epoch 2, Episode 154, total_loss: 33.885902404785156, q_loss 21.854116439819336, v_loss 12.031787872314453 ,lr 0.001
INFO:root:epoch 2, Episode 155, total_loss: 33.78895568847656, q_loss 21.799236297607422, v_loss 11.989718437194824 ,lr 0.001
INFO:root:epoch 2, Episode 156, total_loss: 33.6747932434082, q_loss 21.734832763671875, v_loss 11.939960479736328 ,lr 0.001
INFO:root:epoch 2, Episode 157, total_loss: 33.583648681640625, q_loss 21.68320083618164, v_loss 11.900446891784668 ,lr 0.001
INFO:root:epoch 2, Episode 158, total_loss: 33.479957580566406, q_loss 21.623517990112305, v_loss 11.856437683105469 ,lr 0.001
INFO:root:epoch 2, Episode 159, total_loss: 33.393184661865234, q_loss 21.5721435546875, v_loss 11.821041107177734 ,lr 0.001
INFO:root:epoch 2, Episode 160, total_loss: 33.29709243774414, q_loss 21.518474578857422, v_loss 11.778618812561035 ,lr 0.001
INFO:root:epoch 2, Episode 161, total_loss: 33.1956787109375, q_loss 21.461406707763672, v_loss 11.734270095825195 ,lr 0.001
INFO:root:epoch 2, Episode 162, total_loss: 33.10327911376953, q_loss 21.408456802368164, v_loss 11.69482421875 ,lr 0.001
INFO:root:epoch 2, Episode 163, total_loss: 33.004817962646484, q_loss 21.350940704345703, v_loss 11.653876304626465 ,lr 0.001
INFO:root:epoch 2, Episode 164, total_loss: 32.9083137512207, q_loss 21.29711151123047, v_loss 11.61120319366455 ,lr 0.001
INFO:root:epoch 2, Episode 165, total_loss: 32.817962646484375, q_loss 21.245296478271484, v_loss 11.57266616821289 ,lr 0.001
INFO:root:epoch 2, Episode 166, total_loss: 32.7246208190918, q_loss 21.191389083862305, v_loss 11.533230781555176 ,lr 0.001
INFO:root:epoch 2, Episode 167, total_loss: 32.63858413696289, q_loss 21.141605377197266, v_loss 11.496979713439941 ,lr 0.001
INFO:root:epoch 2, Episode 168, total_loss: 32.54381561279297, q_loss 21.08800506591797, v_loss 11.455811500549316 ,lr 0.001
INFO:root:epoch 2, Episode 169, total_loss: 32.45454788208008, q_loss 21.03655433654785, v_loss 11.41799259185791 ,lr 0.001
INFO:root:epoch 2, Episode 170, total_loss: 32.37181091308594, q_loss 20.987606048583984, v_loss 11.38420295715332 ,lr 0.001
INFO:root:epoch 2, Episode 171, total_loss: 32.27611541748047, q_loss 20.935020446777344, v_loss 11.341094970703125 ,lr 0.001
INFO:root:epoch 2, Episode 172, total_loss: 32.18720245361328, q_loss 20.883934020996094, v_loss 11.303269386291504 ,lr 0.001
INFO:root:epoch 2, Episode 173, total_loss: 32.1044921875, q_loss 20.83650016784668, v_loss 11.267990112304688 ,lr 0.001
INFO:root:epoch 2, Episode 174, total_loss: 32.01798629760742, q_loss 20.786815643310547, v_loss 11.231170654296875 ,lr 0.001
INFO:root:epoch 2, Episode 175, total_loss: 31.93216323852539, q_loss 20.73781394958496, v_loss 11.19434928894043 ,lr 0.001
INFO:root:epoch 2, Episode 176, total_loss: 31.841217041015625, q_loss 20.68606185913086, v_loss 11.15515422821045 ,lr 0.001
INFO:root:epoch 2, Episode 177, total_loss: 31.75664520263672, q_loss 20.63778305053711, v_loss 11.118861198425293 ,lr 0.001
INFO:root:epoch 2, Episode 178, total_loss: 31.673898696899414, q_loss 20.589828491210938, v_loss 11.084070205688477 ,lr 0.001
INFO:root:epoch 2, Episode 179, total_loss: 31.58686065673828, q_loss 20.540260314941406, v_loss 11.046601295471191 ,lr 0.001
INFO:root:epoch 2, Episode 180, total_loss: 31.509403228759766, q_loss 20.495943069458008, v_loss 11.013461112976074 ,lr 0.001
INFO:root:epoch 2, Episode 181, total_loss: 31.415847778320312, q_loss 20.44350814819336, v_loss 10.972339630126953 ,lr 0.001
INFO:root:epoch 2, Episode 182, total_loss: 31.340557098388672, q_loss 20.397993087768555, v_loss 10.942564964294434 ,lr 0.001
INFO:root:epoch 2, Episode 183, total_loss: 31.259716033935547, q_loss 20.352092742919922, v_loss 10.907624244689941 ,lr 0.001
INFO:root:epoch 2, Episode 184, total_loss: 31.173038482666016, q_loss 20.30315399169922, v_loss 10.869885444641113 ,lr 0.001
INFO:root:epoch 2, Episode 185, total_loss: 31.09157943725586, q_loss 20.255786895751953, v_loss 10.835792541503906 ,lr 0.001
INFO:root:epoch 2, Episode 186, total_loss: 31.01232147216797, q_loss 20.21012306213379, v_loss 10.802199363708496 ,lr 0.001
INFO:root:epoch 2, Episode 187, total_loss: 30.932640075683594, q_loss 20.163387298583984, v_loss 10.769251823425293 ,lr 0.001
INFO:root:epoch 2, Episode 188, total_loss: 30.856521606445312, q_loss 20.11956024169922, v_loss 10.73696231842041 ,lr 0.001
INFO:root:epoch 2, Episode 189, total_loss: 30.76847267150879, q_loss 20.068628311157227, v_loss 10.699844360351562 ,lr 0.001
INFO:root:epoch 2, Episode 190, total_loss: 30.697078704833984, q_loss 20.027080535888672, v_loss 10.669999122619629 ,lr 0.001
INFO:root:epoch 2, Episode 191, total_loss: 30.61765480041504, q_loss 19.981075286865234, v_loss 10.636579513549805 ,lr 0.001
INFO:root:epoch 2, Episode 192, total_loss: 30.541128158569336, q_loss 19.937713623046875, v_loss 10.603414535522461 ,lr 0.001
INFO:root:epoch 2, Episode 193, total_loss: 30.463071823120117, q_loss 19.892375946044922, v_loss 10.570695877075195 ,lr 0.001
INFO:root:epoch 2, Episode 194, total_loss: 30.385372161865234, q_loss 19.847471237182617, v_loss 10.5378999710083 ,lr 0.001
INFO:root:epoch 2, Episode 195, total_loss: 30.313426971435547, q_loss 19.80731201171875, v_loss 10.506114959716797 ,lr 0.001
INFO:root:epoch 2, Episode 196, total_loss: 30.240489959716797, q_loss 19.765661239624023, v_loss 10.474827766418457 ,lr 0.001
INFO:root:epoch 2, Episode 197, total_loss: 30.162090301513672, q_loss 19.720827102661133, v_loss 10.441262245178223 ,lr 0.001
INFO:root:epoch 2, Episode 198, total_loss: 30.08846092224121, q_loss 19.678926467895508, v_loss 10.409534454345703 ,lr 0.001
INFO:root:epoch 2, Episode 199, total_loss: 30.016475677490234, q_loss 19.63762664794922, v_loss 10.378849029541016 ,lr 0.001
INFO:root:epoch 2, Episode 200, total_loss: 29.94748878479004, q_loss 19.599609375, v_loss 10.347879409790039 ,lr 0.001
INFO:root:epoch 2, Episode 201, total_loss: 29.87519645690918, q_loss 19.557889938354492, v_loss 10.317306518554688 ,lr 0.001
INFO:root:epoch 2, Episode 202, total_loss: 29.796937942504883, q_loss 19.513429641723633, v_loss 10.28350830078125 ,lr 0.001
INFO:root:epoch 2, Episode 203, total_loss: 29.73004913330078, q_loss 19.474231719970703, v_loss 10.255816459655762 ,lr 0.001
INFO:root:epoch 2, Episode 204, total_loss: 29.654762268066406, q_loss 19.4325008392334, v_loss 10.222262382507324 ,lr 0.001
INFO:root:epoch 2, Episode 205, total_loss: 29.583847045898438, q_loss 19.3930606842041, v_loss 10.190787315368652 ,lr 0.001
INFO:root:epoch 2, Episode 206, total_loss: 29.519393920898438, q_loss 19.354745864868164, v_loss 10.16464900970459 ,lr 0.001
INFO:root:epoch 2, Episode 207, total_loss: 29.4378662109375, q_loss 19.3098201751709, v_loss 10.128046035766602 ,lr 0.001
INFO:root:epoch 2, Episode 208, total_loss: 29.376516342163086, q_loss 19.27362632751465, v_loss 10.102890014648438 ,lr 0.001
INFO:root:epoch 2, Episode 209, total_loss: 29.307079315185547, q_loss 19.235692977905273, v_loss 10.07138729095459 ,lr 0.001
INFO:root:epoch 2, Episode 210, total_loss: 29.241798400878906, q_loss 19.19785499572754, v_loss 10.04394245147705 ,lr 0.001
INFO:root:epoch 2, Episode 211, total_loss: 29.173908233642578, q_loss 19.160144805908203, v_loss 10.013764381408691 ,lr 0.001
INFO:root:epoch 2, Episode 212, total_loss: 29.10420799255371, q_loss 19.120454788208008, v_loss 9.983753204345703 ,lr 0.001
INFO:root:epoch 2, Episode 213, total_loss: 29.036182403564453, q_loss 19.083629608154297, v_loss 9.95255184173584 ,lr 0.001
INFO:root:epoch 2, Episode 214, total_loss: 28.974872589111328, q_loss 19.049100875854492, v_loss 9.92577075958252 ,lr 0.001
INFO:root:epoch 2, Episode 215, total_loss: 28.907161712646484, q_loss 19.009929656982422, v_loss 9.897231101989746 ,lr 0.001
INFO:root:epoch 2, Episode 216, total_loss: 28.83896255493164, q_loss 18.971073150634766, v_loss 9.867888450622559 ,lr 0.001
INFO:root:epoch 2, Episode 217, total_loss: 28.772716522216797, q_loss 18.933757781982422, v_loss 9.838959693908691 ,lr 0.001
INFO:root:epoch 2, Episode 218, total_loss: 28.701059341430664, q_loss 18.893936157226562, v_loss 9.807123184204102 ,lr 0.001
INFO:root:epoch 2, Episode 219, total_loss: 28.64002799987793, q_loss 18.85936164855957, v_loss 9.78066635131836 ,lr 0.001
INFO:root:epoch 2, Episode 220, total_loss: 28.57320785522461, q_loss 18.821298599243164, v_loss 9.751909255981445 ,lr 0.001
INFO:root:epoch 2, Episode 221, total_loss: 28.506669998168945, q_loss 18.782188415527344, v_loss 9.724481582641602 ,lr 0.001
INFO:root:epoch 2, Episode 222, total_loss: 28.440906524658203, q_loss 18.745563507080078, v_loss 9.695343971252441 ,lr 0.001
INFO:root:epoch 2, Episode 223, total_loss: 28.379501342773438, q_loss 18.71170425415039, v_loss 9.667797088623047 ,lr 0.001
INFO:root:epoch 2, Episode 224, total_loss: 28.317604064941406, q_loss 18.67644691467285, v_loss 9.641157150268555 ,lr 0.001
INFO:root:epoch 2, Episode 225, total_loss: 28.250661849975586, q_loss 18.63808250427246, v_loss 9.612579345703125 ,lr 0.001
INFO:root:epoch 2, Episode 226, total_loss: 28.186092376708984, q_loss 18.60230255126953, v_loss 9.58379077911377 ,lr 0.001
INFO:root:epoch 2, Episode 227, total_loss: 28.127595901489258, q_loss 18.569263458251953, v_loss 9.558332443237305 ,lr 0.001
INFO:root:epoch 2, Episode 228, total_loss: 28.065540313720703, q_loss 18.534465789794922, v_loss 9.531075477600098 ,lr 0.001
INFO:root:epoch 2, Episode 229, total_loss: 28.00091552734375, q_loss 18.497865676879883, v_loss 9.50304889678955 ,lr 0.001
INFO:root:epoch 2, Episode 230, total_loss: 27.93472671508789, q_loss 18.460084915161133, v_loss 9.474641799926758 ,lr 0.001
INFO:root:epoch 2, Episode 231, total_loss: 27.877140045166016, q_loss 18.42702865600586, v_loss 9.450111389160156 ,lr 0.001
INFO:root:epoch 2, Episode 232, total_loss: 27.823719024658203, q_loss 18.396347045898438, v_loss 9.427371978759766 ,lr 0.001
INFO:root:epoch 2, Episode 233, total_loss: 27.761104583740234, q_loss 18.36092758178711, v_loss 9.400177001953125 ,lr 0.001
INFO:root:epoch 2, Episode 234, total_loss: 27.698287963867188, q_loss 18.324687957763672, v_loss 9.373600959777832 ,lr 0.001
INFO:root:epoch 2, Episode 235, total_loss: 27.637557983398438, q_loss 18.290037155151367, v_loss 9.347519874572754 ,lr 0.001
INFO:root:epoch 2, Episode 236, total_loss: 27.583431243896484, q_loss 18.25884246826172, v_loss 9.324589729309082 ,lr 0.001
INFO:root:epoch 2, Episode 237, total_loss: 27.5283203125, q_loss 18.227458953857422, v_loss 9.300861358642578 ,lr 0.001
INFO:root:epoch 2, Episode 238, total_loss: 27.472688674926758, q_loss 18.195106506347656, v_loss 9.277582168579102 ,lr 0.001
INFO:root:epoch 2, Episode 239, total_loss: 27.418048858642578, q_loss 18.163423538208008, v_loss 9.254626274108887 ,lr 0.001
INFO:root:epoch 2, Episode 240, total_loss: 27.355430603027344, q_loss 18.128320693969727, v_loss 9.2271089553833 ,lr 0.001
INFO:root:epoch 2, Episode 241, total_loss: 27.30309295654297, q_loss 18.097482681274414, v_loss 9.205610275268555 ,lr 0.001
INFO:root:epoch 2, Episode 242, total_loss: 27.24928092956543, q_loss 18.066638946533203, v_loss 9.182641983032227 ,lr 0.001
INFO:root:epoch 2, Episode 243, total_loss: 27.193357467651367, q_loss 18.035324096679688, v_loss 9.15803337097168 ,lr 0.001
INFO:root:epoch 2, Episode 244, total_loss: 27.134872436523438, q_loss 18.00076675415039, v_loss 9.134106636047363 ,lr 0.001
INFO:root:epoch 2, Episode 245, total_loss: 27.077451705932617, q_loss 17.968046188354492, v_loss 9.109405517578125 ,lr 0.001
INFO:root:epoch 2, Episode 246, total_loss: 27.03006362915039, q_loss 17.93938636779785, v_loss 9.090677261352539 ,lr 0.001
INFO:root:epoch 2, Episode 247, total_loss: 26.973712921142578, q_loss 17.907020568847656, v_loss 9.066693305969238 ,lr 0.001
INFO:root:epoch 2, Episode 248, total_loss: 26.9199161529541, q_loss 17.8754825592041, v_loss 9.04443359375 ,lr 0.001
INFO:root:epoch 2, Episode 249, total_loss: 26.861312866210938, q_loss 17.842065811157227, v_loss 9.019246101379395 ,lr 0.001
INFO:root:epoch 2, Episode 250, total_loss: 26.812620162963867, q_loss 17.813135147094727, v_loss 8.99948501586914 ,lr 0.001
INFO:root:epoch 2, Episode 251, total_loss: 26.755172729492188, q_loss 17.781776428222656, v_loss 8.973397254943848 ,lr 0.001
INFO:root:epoch 2, Episode 252, total_loss: 26.705142974853516, q_loss 17.75318717956543, v_loss 8.95195484161377 ,lr 0.001
INFO:root:epoch 2, Episode 253, total_loss: 26.65493392944336, q_loss 17.724178314208984, v_loss 8.930754661560059 ,lr 0.001
INFO:root:epoch 2, Episode 254, total_loss: 26.599241256713867, q_loss 17.693193435668945, v_loss 8.906047821044922 ,lr 0.001
INFO:root:epoch 2, Episode 255, total_loss: 26.54953384399414, q_loss 17.664592742919922, v_loss 8.884942054748535 ,lr 0.001
INFO:root:epoch 2, Episode 256, total_loss: 26.495403289794922, q_loss 17.634601593017578, v_loss 8.860801696777344 ,lr 0.001
INFO:root:epoch 2, Episode 257, total_loss: 26.448989868164062, q_loss 17.607847213745117, v_loss 8.841141700744629 ,lr 0.001
INFO:root:epoch 2, Episode 258, total_loss: 26.39691734313965, q_loss 17.578014373779297, v_loss 8.818902969360352 ,lr 0.001
INFO:root:epoch 2, Episode 259, total_loss: 26.342309951782227, q_loss 17.548494338989258, v_loss 8.793815612792969 ,lr 0.001
INFO:root:epoch 2, Episode 260, total_loss: 26.293231964111328, q_loss 17.518726348876953, v_loss 8.774506568908691 ,lr 0.001
INFO:root:epoch 2, Episode 261, total_loss: 26.240848541259766, q_loss 17.489551544189453, v_loss 8.751296997070312 ,lr 0.001
INFO:root:epoch 2, Episode 262, total_loss: 26.194826126098633, q_loss 17.463796615600586, v_loss 8.731029510498047 ,lr 0.001
INFO:root:epoch 2, Episode 263, total_loss: 26.142826080322266, q_loss 17.434864044189453, v_loss 8.707962989807129 ,lr 0.001
INFO:root:epoch 2, Episode 264, total_loss: 26.10184097290039, q_loss 17.410594940185547, v_loss 8.69124698638916 ,lr 0.001
INFO:root:epoch 2, Episode 265, total_loss: 26.046113967895508, q_loss 17.3802547454834, v_loss 8.66585922241211 ,lr 0.001
INFO:root:epoch 2, Episode 266, total_loss: 25.99384117126465, q_loss 17.350950241088867, v_loss 8.642890930175781 ,lr 0.001
INFO:root:epoch 2, Episode 267, total_loss: 25.945079803466797, q_loss 17.324506759643555, v_loss 8.620573043823242 ,lr 0.001
INFO:root:epoch 2, Episode 268, total_loss: 25.896974563598633, q_loss 17.29793930053711, v_loss 8.599035263061523 ,lr 0.001
INFO:root:epoch 2, Episode 269, total_loss: 25.852386474609375, q_loss 17.27219009399414, v_loss 8.580195426940918 ,lr 0.001
INFO:root:epoch 2, Episode 270, total_loss: 25.8054256439209, q_loss 17.246397018432617, v_loss 8.559028625488281 ,lr 0.001
INFO:root:epoch 2, Episode 271, total_loss: 25.755966186523438, q_loss 17.218158721923828, v_loss 8.537806510925293 ,lr 0.001
INFO:root:epoch 2, Episode 272, total_loss: 25.710407257080078, q_loss 17.191940307617188, v_loss 8.518467903137207 ,lr 0.001
INFO:root:epoch 2, Episode 273, total_loss: 25.653671264648438, q_loss 17.159725189208984, v_loss 8.493945121765137 ,lr 0.001
INFO:root:epoch 2, Episode 274, total_loss: 25.612884521484375, q_loss 17.1368408203125, v_loss 8.476044654846191 ,lr 0.001
INFO:root:epoch 2, Episode 275, total_loss: 25.566879272460938, q_loss 17.110925674438477, v_loss 8.455954551696777 ,lr 0.001
INFO:root:epoch 2, Episode 276, total_loss: 25.52353286743164, q_loss 17.086355209350586, v_loss 8.437178611755371 ,lr 0.001
INFO:root:epoch 2, Episode 277, total_loss: 25.47452163696289, q_loss 17.058488845825195, v_loss 8.416031837463379 ,lr 0.001
INFO:root:epoch 2, Episode 278, total_loss: 25.425874710083008, q_loss 17.03114891052246, v_loss 8.394725799560547 ,lr 0.001
INFO:root:epoch 2, Episode 279, total_loss: 25.38292121887207, q_loss 17.006561279296875, v_loss 8.376359939575195 ,lr 0.001
INFO:root:epoch 2, Episode 280, total_loss: 25.335044860839844, q_loss 16.979400634765625, v_loss 8.355644226074219 ,lr 0.001
INFO:root:epoch 2, Episode 281, total_loss: 25.290550231933594, q_loss 16.954835891723633, v_loss 8.335713386535645 ,lr 0.001
INFO:root:epoch 2, Episode 282, total_loss: 25.238197326660156, q_loss 16.925432205200195, v_loss 8.312764167785645 ,lr 0.001
INFO:root:epoch 2, Episode 283, total_loss: 25.191875457763672, q_loss 16.898847579956055, v_loss 8.293028831481934 ,lr 0.001
INFO:root:epoch 2, Episode 284, total_loss: 25.150299072265625, q_loss 16.87502670288086, v_loss 8.27527141571045 ,lr 0.001
INFO:root:epoch 2, Episode 285, total_loss: 25.104473114013672, q_loss 16.848703384399414, v_loss 8.255769729614258 ,lr 0.001
INFO:root:epoch 2, Episode 286, total_loss: 25.058177947998047, q_loss 16.8222599029541, v_loss 8.235918045043945 ,lr 0.001
INFO:root:epoch 2, Episode 287, total_loss: 25.016672134399414, q_loss 16.798534393310547, v_loss 8.218137741088867 ,lr 0.001
INFO:root:epoch 2, Episode 288, total_loss: 24.967575073242188, q_loss 16.771377563476562, v_loss 8.196196556091309 ,lr 0.001
INFO:root:epoch 2, Episode 289, total_loss: 24.91879653930664, q_loss 16.744701385498047, v_loss 8.174095153808594 ,lr 0.001
INFO:root:epoch 2, Episode 290, total_loss: 24.875694274902344, q_loss 16.720348358154297, v_loss 8.155346870422363 ,lr 0.001
INFO:root:epoch 2, Episode 291, total_loss: 24.834674835205078, q_loss 16.697681427001953, v_loss 8.136992454528809 ,lr 0.001
INFO:root:epoch 2, Episode 292, total_loss: 24.790424346923828, q_loss 16.671974182128906, v_loss 8.118449211120605 ,lr 0.001
INFO:root:epoch 2, Episode 293, total_loss: 24.748640060424805, q_loss 16.649030685424805, v_loss 8.099609375 ,lr 0.001
INFO:root:epoch 2, Episode 294, total_loss: 24.704448699951172, q_loss 16.623573303222656, v_loss 8.080875396728516 ,lr 0.001
INFO:root:epoch 2, Episode 295, total_loss: 24.659337997436523, q_loss 16.59841537475586, v_loss 8.060922622680664 ,lr 0.001
INFO:root:epoch 2, Episode 296, total_loss: 24.615737915039062, q_loss 16.573471069335938, v_loss 8.042265892028809 ,lr 0.001
INFO:root:epoch 2, Episode 297, total_loss: 24.568767547607422, q_loss 16.548582077026367, v_loss 8.020185470581055 ,lr 0.001
INFO:root:epoch 2, Episode 298, total_loss: 24.52743148803711, q_loss 16.525033950805664, v_loss 8.002396583557129 ,lr 0.001
INFO:root:epoch 2, Episode 299, total_loss: 24.4827938079834, q_loss 16.50020408630371, v_loss 7.982589244842529 ,lr 0.001
INFO:root:epoch 2, Episode 300, total_loss: 24.43871307373047, q_loss 16.474796295166016, v_loss 7.963916301727295 ,lr 0.001
INFO:root:epoch 2, Episode 301, total_loss: 24.397436141967773, q_loss 16.451744079589844, v_loss 7.94569206237793 ,lr 0.001
INFO:root:epoch 2, Episode 302, total_loss: 24.349498748779297, q_loss 16.42547035217285, v_loss 7.924027919769287 ,lr 0.001
INFO:root:epoch 2, Episode 303, total_loss: 24.313858032226562, q_loss 16.406105041503906, v_loss 7.907753944396973 ,lr 0.001
INFO:root:epoch 2, Episode 304, total_loss: 24.268230438232422, q_loss 16.3801212310791, v_loss 7.88810920715332 ,lr 0.001
INFO:root:epoch 2, Episode 305, total_loss: 24.230030059814453, q_loss 16.358198165893555, v_loss 7.871832847595215 ,lr 0.001
INFO:root:epoch 2, Episode 306, total_loss: 24.191986083984375, q_loss 16.335865020751953, v_loss 7.856121063232422 ,lr 0.001
INFO:root:epoch 2, Episode 307, total_loss: 24.141986846923828, q_loss 16.30732536315918, v_loss 7.834661483764648 ,lr 0.001
INFO:root:epoch 2, Episode 308, total_loss: 24.10250473022461, q_loss 16.28662109375, v_loss 7.815883159637451 ,lr 0.001
INFO:root:epoch 2, Episode 309, total_loss: 24.05896759033203, q_loss 16.261259078979492, v_loss 7.797708988189697 ,lr 0.001
INFO:root:epoch 2, Episode 310, total_loss: 24.01633644104004, q_loss 16.23743438720703, v_loss 7.77890157699585 ,lr 0.001
INFO:root:epoch 2, Episode 311, total_loss: 23.98354148864746, q_loss 16.21796989440918, v_loss 7.7655720710754395 ,lr 0.001
INFO:root:epoch 2, Episode 312, total_loss: 23.93488311767578, q_loss 16.19074249267578, v_loss 7.744140625 ,lr 0.001
INFO:root:epoch 2, Episode 313, total_loss: 23.894479751586914, q_loss 16.16871452331543, v_loss 7.725764751434326 ,lr 0.001
INFO:root:epoch 2, Episode 314, total_loss: 23.852994918823242, q_loss 16.146324157714844, v_loss 7.70667028427124 ,lr 0.001
INFO:root:epoch 2, Episode 315, total_loss: 23.813121795654297, q_loss 16.12375831604004, v_loss 7.689364433288574 ,lr 0.001
INFO:root:epoch 2, Episode 316, total_loss: 23.770112991333008, q_loss 16.1003360748291, v_loss 7.669776916503906 ,lr 0.001
INFO:root:epoch 2, Episode 317, total_loss: 23.725940704345703, q_loss 16.07558250427246, v_loss 7.650357723236084 ,lr 0.001
INFO:root:epoch 2, Episode 318, total_loss: 23.686491012573242, q_loss 16.053720474243164, v_loss 7.63277006149292 ,lr 0.001
INFO:root:epoch 2, Episode 319, total_loss: 23.652610778808594, q_loss 16.034116744995117, v_loss 7.618493556976318 ,lr 0.001
INFO:root:epoch 2, Episode 320, total_loss: 23.606624603271484, q_loss 16.008493423461914, v_loss 7.598132133483887 ,lr 0.001
INFO:root:epoch 2, Episode 321, total_loss: 23.567977905273438, q_loss 15.986666679382324, v_loss 7.58131217956543 ,lr 0.001
INFO:root:epoch 2, Episode 322, total_loss: 23.52523422241211, q_loss 15.962182998657227, v_loss 7.563051223754883 ,lr 0.001
INFO:root:epoch 2, Episode 323, total_loss: 23.486248016357422, q_loss 15.9404878616333, v_loss 7.545759677886963 ,lr 0.001
INFO:root:epoch 2, Episode 324, total_loss: 23.448827743530273, q_loss 15.91928482055664, v_loss 7.529542922973633 ,lr 0.001
INFO:root:epoch 2, Episode 325, total_loss: 23.411216735839844, q_loss 15.89877700805664, v_loss 7.512440204620361 ,lr 0.001
INFO:root:epoch 2, Episode 326, total_loss: 23.369352340698242, q_loss 15.874974250793457, v_loss 7.494378566741943 ,lr 0.001
INFO:root:epoch 2, Episode 327, total_loss: 23.329792022705078, q_loss 15.852140426635742, v_loss 7.477652072906494 ,lr 0.001
INFO:root:epoch 2, Episode 328, total_loss: 23.285995483398438, q_loss 15.828564643859863, v_loss 7.457430839538574 ,lr 0.001
INFO:root:epoch 2, Episode 329, total_loss: 23.247150421142578, q_loss 15.805842399597168, v_loss 7.441307067871094 ,lr 0.001
INFO:root:epoch 2, Episode 330, total_loss: 23.214982986450195, q_loss 15.787384033203125, v_loss 7.4275994300842285 ,lr 0.001
INFO:root:epoch 2, Episode 331, total_loss: 23.176084518432617, q_loss 15.765525817871094, v_loss 7.410558700561523 ,lr 0.001
INFO:root:epoch 2, Episode 332, total_loss: 23.133459091186523, q_loss 15.741917610168457, v_loss 7.391541957855225 ,lr 0.001
INFO:root:epoch 2, Episode 333, total_loss: 23.098676681518555, q_loss 15.721596717834473, v_loss 7.377079486846924 ,lr 0.001
INFO:root:epoch 2, Episode 334, total_loss: 23.054058074951172, q_loss 15.696431159973145, v_loss 7.357626914978027 ,lr 0.001
INFO:root:epoch 2, Episode 335, total_loss: 23.013381958007812, q_loss 15.674790382385254, v_loss 7.338590621948242 ,lr 0.001
INFO:root:epoch 2, Episode 336, total_loss: 22.980600357055664, q_loss 15.655881881713867, v_loss 7.324717998504639 ,lr 0.001
INFO:root:epoch 2, Episode 337, total_loss: 22.94256019592285, q_loss 15.635022163391113, v_loss 7.30753755569458 ,lr 0.001
INFO:root:epoch 2, Episode 338, total_loss: 22.903549194335938, q_loss 15.612664222717285, v_loss 7.290884971618652 ,lr 0.001
INFO:root:epoch 2, Episode 339, total_loss: 22.855300903320312, q_loss 15.585989952087402, v_loss 7.269309997558594 ,lr 0.001
INFO:root:epoch 2, Episode 340, total_loss: 22.819814682006836, q_loss 15.565651893615723, v_loss 7.254162788391113 ,lr 0.001
INFO:root:epoch 2, Episode 341, total_loss: 22.783254623413086, q_loss 15.545547485351562, v_loss 7.237707614898682 ,lr 0.001
INFO:root:epoch 2, Episode 342, total_loss: 22.746986389160156, q_loss 15.526213645935059, v_loss 7.220773220062256 ,lr 0.001
INFO:root:epoch 2, Episode 343, total_loss: 22.710018157958984, q_loss 15.505066871643066, v_loss 7.20495080947876 ,lr 0.001
INFO:root:epoch 2, Episode 344, total_loss: 22.674884796142578, q_loss 15.485111236572266, v_loss 7.189772605895996 ,lr 0.001
INFO:root:epoch 2, Episode 345, total_loss: 22.630441665649414, q_loss 15.460262298583984, v_loss 7.170179843902588 ,lr 0.001
INFO:root:epoch 2, Episode 346, total_loss: 22.59374237060547, q_loss 15.439412117004395, v_loss 7.154330730438232 ,lr 0.001
INFO:root:epoch 2, Episode 347, total_loss: 22.556407928466797, q_loss 15.418694496154785, v_loss 7.137714385986328 ,lr 0.001
INFO:root:epoch 2, Episode 348, total_loss: 22.523319244384766, q_loss 15.400070190429688, v_loss 7.123249053955078 ,lr 0.001
INFO:root:epoch 2, Episode 349, total_loss: 22.48529815673828, q_loss 15.379157066345215, v_loss 7.10614013671875 ,lr 0.001
INFO:root:epoch 2, Episode 350, total_loss: 22.447336196899414, q_loss 15.357081413269043, v_loss 7.090254306793213 ,lr 0.001
INFO:root:epoch 2, Episode 351, total_loss: 22.412656784057617, q_loss 15.337784767150879, v_loss 7.0748724937438965 ,lr 0.001
INFO:root:epoch 2, Episode 352, total_loss: 22.380924224853516, q_loss 15.319741249084473, v_loss 7.061183452606201 ,lr 0.001
INFO:root:epoch 2, Episode 353, total_loss: 22.34166145324707, q_loss 15.298487663269043, v_loss 7.043173313140869 ,lr 0.001
INFO:root:epoch 2, Episode 354, total_loss: 22.30636978149414, q_loss 15.278966903686523, v_loss 7.027402400970459 ,lr 0.001
INFO:root:epoch 2, Episode 355, total_loss: 22.271657943725586, q_loss 15.259666442871094, v_loss 7.01199197769165 ,lr 0.001
INFO:root:epoch 2, Episode 356, total_loss: 22.232446670532227, q_loss 15.237920761108398, v_loss 6.994526386260986 ,lr 0.001
INFO:root:epoch 2, Episode 357, total_loss: 22.201074600219727, q_loss 15.219985961914062, v_loss 6.981089115142822 ,lr 0.001
INFO:root:epoch 2, Episode 358, total_loss: 22.166797637939453, q_loss 15.200876235961914, v_loss 6.965920448303223 ,lr 0.001
INFO:root:epoch 2, Episode 359, total_loss: 22.13167381286621, q_loss 15.180508613586426, v_loss 6.951164722442627 ,lr 0.001
INFO:root:epoch 2, Episode 360, total_loss: 22.095317840576172, q_loss 15.1602783203125, v_loss 6.935040473937988 ,lr 0.001
INFO:root:epoch 2, Episode 361, total_loss: 22.064332962036133, q_loss 15.142327308654785, v_loss 6.9220051765441895 ,lr 0.001
INFO:root:epoch 2, Episode 362, total_loss: 22.025314331054688, q_loss 15.120636940002441, v_loss 6.90467643737793 ,lr 0.001
INFO:root:epoch 2, Episode 363, total_loss: 21.995370864868164, q_loss 15.102883338928223, v_loss 6.892487049102783 ,lr 0.001
INFO:root:epoch 2, Episode 364, total_loss: 21.964683532714844, q_loss 15.085131645202637, v_loss 6.879551410675049 ,lr 0.001
INFO:root:epoch 2, Episode 365, total_loss: 21.92410659790039, q_loss 15.063177108764648, v_loss 6.8609299659729 ,lr 0.001
INFO:root:epoch 2, Episode 366, total_loss: 21.89119529724121, q_loss 15.04477596282959, v_loss 6.846419334411621 ,lr 0.001
INFO:root:epoch 2, Episode 367, total_loss: 21.85873031616211, q_loss 15.02575969696045, v_loss 6.832971572875977 ,lr 0.001
INFO:root:epoch 2, Episode 368, total_loss: 21.822509765625, q_loss 15.005461692810059, v_loss 6.817047119140625 ,lr 0.001
INFO:root:epoch 2, Episode 369, total_loss: 21.790555953979492, q_loss 14.98675537109375, v_loss 6.803800106048584 ,lr 0.001
INFO:root:epoch 2, Episode 370, total_loss: 21.7631778717041, q_loss 14.970268249511719, v_loss 6.792909145355225 ,lr 0.001
INFO:root:epoch 2, Episode 371, total_loss: 21.72935676574707, q_loss 14.950967788696289, v_loss 6.7783894538879395 ,lr 0.001
INFO:root:epoch 2, Episode 372, total_loss: 21.69106674194336, q_loss 14.928905487060547, v_loss 6.762160778045654 ,lr 0.001
INFO:root:epoch 2, Episode 373, total_loss: 21.65350341796875, q_loss 14.90833568572998, v_loss 6.745168209075928 ,lr 0.001
INFO:root:epoch 2, Episode 374, total_loss: 21.622802734375, q_loss 14.89100170135498, v_loss 6.731801986694336 ,lr 0.001
INFO:root:epoch 2, Episode 375, total_loss: 21.58983612060547, q_loss 14.871682167053223, v_loss 6.7181549072265625 ,lr 0.001
INFO:root:epoch 2, Episode 376, total_loss: 21.556570053100586, q_loss 14.852679252624512, v_loss 6.703890800476074 ,lr 0.001
INFO:root:epoch 2, Episode 377, total_loss: 21.5286865234375, q_loss 14.836429595947266, v_loss 6.692256927490234 ,lr 0.001
INFO:root:epoch 2, Episode 378, total_loss: 21.493206024169922, q_loss 14.817000389099121, v_loss 6.676206111907959 ,lr 0.001
INFO:root:epoch 2, Episode 379, total_loss: 21.460718154907227, q_loss 14.797740936279297, v_loss 6.66297721862793 ,lr 0.001
INFO:root:epoch 2, Episode 380, total_loss: 21.427934646606445, q_loss 14.779613494873047, v_loss 6.648321151733398 ,lr 0.001
INFO:root:epoch 2, Episode 381, total_loss: 21.396469116210938, q_loss 14.762345314025879, v_loss 6.634124279022217 ,lr 0.001
INFO:root:epoch 2, Episode 382, total_loss: 21.363323211669922, q_loss 14.743155479431152, v_loss 6.620166778564453 ,lr 0.001
INFO:root:epoch 2, Episode 383, total_loss: 21.330097198486328, q_loss 14.723893165588379, v_loss 6.606204032897949 ,lr 0.001
INFO:root:epoch 2, Episode 384, total_loss: 21.298240661621094, q_loss 14.705526351928711, v_loss 6.592713356018066 ,lr 0.001
INFO:root:epoch 2, Episode 385, total_loss: 21.268169403076172, q_loss 14.688735008239746, v_loss 6.579434871673584 ,lr 0.001
INFO:root:epoch 2, Episode 386, total_loss: 21.23558807373047, q_loss 14.670965194702148, v_loss 6.56462287902832 ,lr 0.001
INFO:root:epoch 2, Episode 387, total_loss: 21.207956314086914, q_loss 14.65509033203125, v_loss 6.552865982055664 ,lr 0.001
INFO:root:epoch 2, Episode 388, total_loss: 21.173053741455078, q_loss 14.636009216308594, v_loss 6.537044525146484 ,lr 0.001
INFO:root:epoch 2, Episode 389, total_loss: 21.143232345581055, q_loss 14.618515014648438, v_loss 6.524717807769775 ,lr 0.001
INFO:root:epoch 2, Episode 390, total_loss: 21.11086654663086, q_loss 14.59978199005127, v_loss 6.51108455657959 ,lr 0.001
INFO:root:epoch 2, Episode 391, total_loss: 21.073476791381836, q_loss 14.578516960144043, v_loss 6.494959831237793 ,lr 0.001
INFO:root:epoch 2, Episode 392, total_loss: 21.044450759887695, q_loss 14.562212944030762, v_loss 6.482237815856934 ,lr 0.001
INFO:root:epoch 2, Episode 393, total_loss: 21.013582229614258, q_loss 14.54573917388916, v_loss 6.467843532562256 ,lr 0.001
INFO:root:epoch 2, Episode 394, total_loss: 20.987106323242188, q_loss 14.530803680419922, v_loss 6.456301689147949 ,lr 0.001
INFO:root:epoch 2, Episode 395, total_loss: 20.955265045166016, q_loss 14.51347827911377, v_loss 6.4417877197265625 ,lr 0.001
INFO:root:epoch 2, Episode 396, total_loss: 20.929786682128906, q_loss 14.498100280761719, v_loss 6.431686878204346 ,lr 0.001
INFO:root:epoch 2, Episode 397, total_loss: 20.89703369140625, q_loss 14.478988647460938, v_loss 6.418045997619629 ,lr 0.001
INFO:root:epoch 2, Episode 398, total_loss: 20.864654541015625, q_loss 14.460197448730469, v_loss 6.4044575691223145 ,lr 0.001
INFO:root:epoch 2, Episode 399, total_loss: 20.829113006591797, q_loss 14.439478874206543, v_loss 6.3896331787109375 ,lr 0.001
INFO:root:epoch 2, Episode 400, total_loss: 20.801769256591797, q_loss 14.423807144165039, v_loss 6.3779616355896 ,lr 0.001
INFO:root:epoch 2, Episode 401, total_loss: 20.77607536315918, q_loss 14.409012794494629, v_loss 6.367062568664551 ,lr 0.001
INFO:root:epoch 2, Episode 402, total_loss: 20.744525909423828, q_loss 14.39104175567627, v_loss 6.353485107421875 ,lr 0.001
INFO:root:epoch 2, Episode 403, total_loss: 20.71612548828125, q_loss 14.375467300415039, v_loss 6.3406572341918945 ,lr 0.001
INFO:root:epoch 2, Episode 404, total_loss: 20.68506622314453, q_loss 14.358377456665039, v_loss 6.32668924331665 ,lr 0.001
INFO:root:epoch 2, Episode 405, total_loss: 20.655315399169922, q_loss 14.340414047241211, v_loss 6.314901828765869 ,lr 0.001
INFO:root:epoch 2, Episode 406, total_loss: 20.617259979248047, q_loss 14.319910049438477, v_loss 6.297348976135254 ,lr 0.001
INFO:root:epoch 2, Episode 407, total_loss: 20.59042739868164, q_loss 14.303485870361328, v_loss 6.2869415283203125 ,lr 0.001
INFO:root:epoch 2, Episode 408, total_loss: 20.564491271972656, q_loss 14.28885555267334, v_loss 6.275636672973633 ,lr 0.001
INFO:root:epoch 2, Episode 409, total_loss: 20.533592224121094, q_loss 14.271177291870117, v_loss 6.26241397857666 ,lr 0.001
INFO:root:epoch 2, Episode 410, total_loss: 20.502517700195312, q_loss 14.253569602966309, v_loss 6.248947620391846 ,lr 0.001
INFO:root:epoch 2, Episode 411, total_loss: 20.47539710998535, q_loss 14.238180160522461, v_loss 6.237216949462891 ,lr 0.001
INFO:root:epoch 2, Episode 412, total_loss: 20.443944931030273, q_loss 14.219521522521973, v_loss 6.224423408508301 ,lr 0.001
INFO:root:epoch 2, Episode 413, total_loss: 20.409074783325195, q_loss 14.200355529785156, v_loss 6.208719730377197 ,lr 0.001
INFO:root:epoch 2, Episode 414, total_loss: 20.382434844970703, q_loss 14.185401916503906, v_loss 6.197033405303955 ,lr 0.001
INFO:root:epoch 2, Episode 415, total_loss: 20.352479934692383, q_loss 14.169395446777344, v_loss 6.183084011077881 ,lr 0.001
INFO:root:epoch 2, Episode 416, total_loss: 20.325332641601562, q_loss 14.153767585754395, v_loss 6.171565055847168 ,lr 0.001
INFO:root:epoch 2, Episode 417, total_loss: 20.29549789428711, q_loss 14.137337684631348, v_loss 6.158159255981445 ,lr 0.001
INFO:root:epoch 2, Episode 418, total_loss: 20.269023895263672, q_loss 14.122336387634277, v_loss 6.146687984466553 ,lr 0.001
INFO:root:epoch 2, Episode 419, total_loss: 20.241865158081055, q_loss 14.106810569763184, v_loss 6.135054588317871 ,lr 0.001
INFO:root:epoch 2, Episode 420, total_loss: 20.210803985595703, q_loss 14.089568138122559, v_loss 6.1212358474731445 ,lr 0.001
INFO:root:epoch 2, Episode 421, total_loss: 20.1790771484375, q_loss 14.071321487426758, v_loss 6.107756614685059 ,lr 0.001
INFO:root:epoch 2, Episode 422, total_loss: 20.152667999267578, q_loss 14.056732177734375, v_loss 6.095935344696045 ,lr 0.001
INFO:root:epoch 2, Episode 423, total_loss: 20.123746871948242, q_loss 14.040205001831055, v_loss 6.083541393280029 ,lr 0.001
INFO:root:epoch 2, Episode 424, total_loss: 20.090412139892578, q_loss 14.021200180053711, v_loss 6.069211006164551 ,lr 0.001
INFO:root:epoch 2, Episode 425, total_loss: 20.061973571777344, q_loss 14.005516052246094, v_loss 6.056458473205566 ,lr 0.001
INFO:root:epoch 2, Episode 426, total_loss: 20.03679084777832, q_loss 13.992314338684082, v_loss 6.044476509094238 ,lr 0.001
INFO:root:epoch 2, Episode 427, total_loss: 20.009315490722656, q_loss 13.976289749145508, v_loss 6.033026695251465 ,lr 0.001
INFO:root:epoch 2, Episode 428, total_loss: 19.982343673706055, q_loss 13.962597846984863, v_loss 6.01974630355835 ,lr 0.001
INFO:root:epoch 2, Episode 429, total_loss: 19.953222274780273, q_loss 13.946252822875977, v_loss 6.006969451904297 ,lr 0.001
INFO:root:epoch 2, Episode 430, total_loss: 19.926406860351562, q_loss 13.931455612182617, v_loss 5.994951248168945 ,lr 0.001
INFO:root:epoch 2, Episode 431, total_loss: 19.895626068115234, q_loss 13.914491653442383, v_loss 5.981133460998535 ,lr 0.001
INFO:root:epoch 2, Episode 432, total_loss: 19.869218826293945, q_loss 13.899421691894531, v_loss 5.969796657562256 ,lr 0.001
INFO:root:epoch 2, Episode 433, total_loss: 19.836719512939453, q_loss 13.882015228271484, v_loss 5.954704761505127 ,lr 0.001
INFO:root:epoch 2, Episode 434, total_loss: 19.805898666381836, q_loss 13.86464786529541, v_loss 5.941250324249268 ,lr 0.001
INFO:root:epoch 2, Episode 435, total_loss: 19.777423858642578, q_loss 13.849658966064453, v_loss 5.927763938903809 ,lr 0.001
INFO:root:epoch 2, Episode 436, total_loss: 19.749778747558594, q_loss 13.83454704284668, v_loss 5.915230751037598 ,lr 0.001
INFO:root:epoch 2, Episode 437, total_loss: 19.726116180419922, q_loss 13.820635795593262, v_loss 5.90548038482666 ,lr 0.001
INFO:root:epoch 2, Episode 438, total_loss: 19.6983585357666, q_loss 13.80544662475586, v_loss 5.892911911010742 ,lr 0.001
INFO:root:epoch 2, Episode 439, total_loss: 19.672626495361328, q_loss 13.790738105773926, v_loss 5.881888389587402 ,lr 0.001
INFO:root:epoch 2, Episode 440, total_loss: 19.645532608032227, q_loss 13.775910377502441, v_loss 5.869622707366943 ,lr 0.001
INFO:root:epoch 2, Episode 441, total_loss: 19.62017250061035, q_loss 13.761617660522461, v_loss 5.858554840087891 ,lr 0.001
INFO:root:epoch 2, Episode 442, total_loss: 19.58896827697754, q_loss 13.743843078613281, v_loss 5.845125675201416 ,lr 0.001
INFO:root:epoch 2, Episode 443, total_loss: 19.56369400024414, q_loss 13.729124069213867, v_loss 5.834568977355957 ,lr 0.001
INFO:root:epoch 2, Episode 444, total_loss: 19.538522720336914, q_loss 13.714959144592285, v_loss 5.823564052581787 ,lr 0.001
INFO:root:epoch 2, Episode 445, total_loss: 19.510379791259766, q_loss 13.699487686157227, v_loss 5.810892105102539 ,lr 0.001
INFO:root:epoch 2, Episode 446, total_loss: 19.484210968017578, q_loss 13.684958457946777, v_loss 5.799252986907959 ,lr 0.001
INFO:root:epoch 2, Episode 447, total_loss: 19.458946228027344, q_loss 13.670867919921875, v_loss 5.788078784942627 ,lr 0.001
INFO:root:epoch 2, Episode 448, total_loss: 19.435317993164062, q_loss 13.656494140625, v_loss 5.778822898864746 ,lr 0.001
INFO:root:epoch 2, Episode 449, total_loss: 19.406158447265625, q_loss 13.641161918640137, v_loss 5.764995574951172 ,lr 0.001
INFO:root:epoch 2, Episode 450, total_loss: 19.382549285888672, q_loss 13.627187728881836, v_loss 5.7553606033325195 ,lr 0.001
INFO:root:epoch 2, Episode 451, total_loss: 19.35447120666504, q_loss 13.611579895019531, v_loss 5.74289083480835 ,lr 0.001
INFO:root:epoch 2, Episode 452, total_loss: 19.327083587646484, q_loss 13.595842361450195, v_loss 5.731240272521973 ,lr 0.001
INFO:root:epoch 2, Episode 453, total_loss: 19.302505493164062, q_loss 13.580384254455566, v_loss 5.722121715545654 ,lr 0.001
INFO:root:epoch 2, Episode 454, total_loss: 19.27309226989746, q_loss 13.56427001953125, v_loss 5.708822250366211 ,lr 0.001
INFO:root:epoch 2, Episode 455, total_loss: 19.251033782958984, q_loss 13.551352500915527, v_loss 5.699682235717773 ,lr 0.001
INFO:root:epoch 2, Episode 456, total_loss: 19.223649978637695, q_loss 13.53669261932373, v_loss 5.686957836151123 ,lr 0.001
INFO:root:epoch 3, Episode 0, total_loss: 39.794471740722656, q_loss 26.717687606811523, v_loss 13.0767822265625 ,lr 0.001
INFO:root:epoch 3, Episode 1, total_loss: 39.5394287109375, q_loss 26.589284896850586, v_loss 12.950143814086914 ,lr 0.001
INFO:root:epoch 3, Episode 2, total_loss: 39.19254684448242, q_loss 26.423513412475586, v_loss 12.769033432006836 ,lr 0.001
INFO:root:epoch 3, Episode 3, total_loss: 38.85411071777344, q_loss 26.268766403198242, v_loss 12.585346221923828 ,lr 0.001
INFO:root:epoch 3, Episode 4, total_loss: 38.55301284790039, q_loss 26.13160514831543, v_loss 12.421406745910645 ,lr 0.001
INFO:root:epoch 3, Episode 5, total_loss: 38.228275299072266, q_loss 25.97929573059082, v_loss 12.248980522155762 ,lr 0.001
INFO:root:epoch 3, Episode 6, total_loss: 37.87084197998047, q_loss 25.805736541748047, v_loss 12.065107345581055 ,lr 0.001
INFO:root:epoch 3, Episode 7, total_loss: 37.45449447631836, q_loss 25.605199813842773, v_loss 11.84929370880127 ,lr 0.001
INFO:root:epoch 3, Episode 8, total_loss: 37.041778564453125, q_loss 25.414993286132812, v_loss 11.626787185668945 ,lr 0.001
INFO:root:epoch 3, Episode 9, total_loss: 36.670799255371094, q_loss 25.252704620361328, v_loss 11.418092727661133 ,lr 0.001
INFO:root:epoch 3, Episode 10, total_loss: 36.33070373535156, q_loss 25.104251861572266, v_loss 11.226449966430664 ,lr 0.001
INFO:root:epoch 3, Episode 11, total_loss: 36.00612258911133, q_loss 24.950925827026367, v_loss 11.055195808410645 ,lr 0.001
INFO:root:epoch 3, Episode 12, total_loss: 35.640342712402344, q_loss 24.757417678833008, v_loss 10.882923126220703 ,lr 0.001
INFO:root:epoch 3, Episode 13, total_loss: 35.24884796142578, q_loss 24.541324615478516, v_loss 10.707524299621582 ,lr 0.001
INFO:root:epoch 3, Episode 14, total_loss: 34.874107360839844, q_loss 24.329221725463867, v_loss 10.544885635375977 ,lr 0.001
INFO:root:epoch 3, Episode 15, total_loss: 34.54642868041992, q_loss 24.140701293945312, v_loss 10.405726432800293 ,lr 0.001
INFO:root:epoch 3, Episode 16, total_loss: 34.25543975830078, q_loss 23.98014259338379, v_loss 10.275296211242676 ,lr 0.001
INFO:root:epoch 3, Episode 17, total_loss: 33.98500442504883, q_loss 23.83493995666504, v_loss 10.150064468383789 ,lr 0.001
INFO:root:epoch 3, Episode 18, total_loss: 33.70077896118164, q_loss 23.680824279785156, v_loss 10.019953727722168 ,lr 0.001
INFO:root:epoch 3, Episode 19, total_loss: 33.41234588623047, q_loss 23.525104522705078, v_loss 9.88724136352539 ,lr 0.001
INFO:root:epoch 3, Episode 20, total_loss: 33.13454055786133, q_loss 23.37376594543457, v_loss 9.760774612426758 ,lr 0.001
INFO:root:epoch 3, Episode 21, total_loss: 32.868865966796875, q_loss 23.23126220703125, v_loss 9.637605667114258 ,lr 0.001
INFO:root:epoch 3, Episode 22, total_loss: 32.620784759521484, q_loss 23.098587036132812, v_loss 9.522197723388672 ,lr 0.001
INFO:root:epoch 3, Episode 23, total_loss: 32.38059997558594, q_loss 22.971521377563477, v_loss 9.409078598022461 ,lr 0.001
INFO:root:epoch 3, Episode 24, total_loss: 32.12574005126953, q_loss 22.83823585510254, v_loss 9.287505149841309 ,lr 0.001
INFO:root:epoch 3, Episode 25, total_loss: 31.871023178100586, q_loss 22.70636749267578, v_loss 9.164655685424805 ,lr 0.001
INFO:root:epoch 3, Episode 26, total_loss: 31.613571166992188, q_loss 22.57472038269043, v_loss 9.038850784301758 ,lr 0.001
INFO:root:epoch 3, Episode 27, total_loss: 31.358657836914062, q_loss 22.444108963012695, v_loss 8.914548873901367 ,lr 0.001
INFO:root:epoch 3, Episode 28, total_loss: 31.132001876831055, q_loss 22.325468063354492, v_loss 8.806533813476562 ,lr 0.001
INFO:root:epoch 3, Episode 29, total_loss: 30.91070556640625, q_loss 22.210376739501953, v_loss 8.70032787322998 ,lr 0.001
INFO:root:epoch 3, Episode 30, total_loss: 30.68849754333496, q_loss 22.09410285949707, v_loss 8.59439468383789 ,lr 0.001
INFO:root:epoch 3, Episode 31, total_loss: 30.461444854736328, q_loss 21.974641799926758, v_loss 8.486802101135254 ,lr 0.001
INFO:root:epoch 3, Episode 32, total_loss: 30.24616050720215, q_loss 21.86022186279297, v_loss 8.38593864440918 ,lr 0.001
INFO:root:epoch 3, Episode 33, total_loss: 30.040538787841797, q_loss 21.749340057373047, v_loss 8.29119873046875 ,lr 0.001
INFO:root:epoch 3, Episode 34, total_loss: 29.843233108520508, q_loss 21.641071319580078, v_loss 8.20216178894043 ,lr 0.001
INFO:root:epoch 3, Episode 35, total_loss: 29.645370483398438, q_loss 21.53436851501465, v_loss 8.111001014709473 ,lr 0.001
INFO:root:epoch 3, Episode 36, total_loss: 29.447216033935547, q_loss 21.42576026916504, v_loss 8.021454811096191 ,lr 0.001
INFO:root:epoch 3, Episode 37, total_loss: 29.260597229003906, q_loss 21.322933197021484, v_loss 7.937664031982422 ,lr 0.001
INFO:root:epoch 3, Episode 38, total_loss: 29.079246520996094, q_loss 21.22388458251953, v_loss 7.855362892150879 ,lr 0.001
INFO:root:epoch 3, Episode 39, total_loss: 28.903118133544922, q_loss 21.12948226928711, v_loss 7.773634910583496 ,lr 0.001
INFO:root:epoch 3, Episode 40, total_loss: 28.73456573486328, q_loss 21.037940979003906, v_loss 7.696624279022217 ,lr 0.001
INFO:root:epoch 3, Episode 41, total_loss: 28.57533073425293, q_loss 20.951086044311523, v_loss 7.6242451667785645 ,lr 0.001
INFO:root:epoch 3, Episode 42, total_loss: 28.41129493713379, q_loss 20.86035919189453, v_loss 7.550936222076416 ,lr 0.001
INFO:root:epoch 3, Episode 43, total_loss: 28.258451461791992, q_loss 20.776887893676758, v_loss 7.481563568115234 ,lr 0.001
INFO:root:epoch 3, Episode 44, total_loss: 28.112764358520508, q_loss 20.698070526123047, v_loss 7.414694309234619 ,lr 0.001
INFO:root:epoch 3, Episode 45, total_loss: 27.968700408935547, q_loss 20.621435165405273, v_loss 7.347264766693115 ,lr 0.001
INFO:root:epoch 3, Episode 46, total_loss: 27.83027458190918, q_loss 20.548816680908203, v_loss 7.281458377838135 ,lr 0.001
INFO:root:epoch 3, Episode 47, total_loss: 27.695432662963867, q_loss 20.477230072021484, v_loss 7.218203067779541 ,lr 0.001
INFO:root:epoch 3, Episode 48, total_loss: 27.56748390197754, q_loss 20.410425186157227, v_loss 7.1570587158203125 ,lr 0.001
INFO:root:epoch 3, Episode 49, total_loss: 27.444469451904297, q_loss 20.346139907836914, v_loss 7.098330020904541 ,lr 0.001
INFO:root:epoch 3, Episode 50, total_loss: 27.3228702545166, q_loss 20.28192901611328, v_loss 7.04094123840332 ,lr 0.001
INFO:root:epoch 3, Episode 51, total_loss: 27.203338623046875, q_loss 20.219240188598633, v_loss 6.984099388122559 ,lr 0.001
INFO:root:epoch 3, Episode 52, total_loss: 27.086078643798828, q_loss 20.157163619995117, v_loss 6.928915500640869 ,lr 0.001
INFO:root:epoch 3, Episode 53, total_loss: 26.972126007080078, q_loss 20.095979690551758, v_loss 6.876147270202637 ,lr 0.001
INFO:root:epoch 3, Episode 54, total_loss: 26.868995666503906, q_loss 20.038898468017578, v_loss 6.830097198486328 ,lr 0.001
INFO:root:epoch 3, Episode 55, total_loss: 26.76459503173828, q_loss 19.983123779296875, v_loss 6.781470775604248 ,lr 0.001
INFO:root:epoch 3, Episode 56, total_loss: 26.66422462463379, q_loss 19.928232192993164, v_loss 6.735992431640625 ,lr 0.001
INFO:root:epoch 3, Episode 57, total_loss: 26.55649185180664, q_loss 19.870838165283203, v_loss 6.685654163360596 ,lr 0.001
INFO:root:epoch 3, Episode 58, total_loss: 26.452552795410156, q_loss 19.814350128173828, v_loss 6.638203144073486 ,lr 0.001
INFO:root:epoch 3, Episode 59, total_loss: 26.359411239624023, q_loss 19.764432907104492, v_loss 6.5949788093566895 ,lr 0.001
INFO:root:epoch 3, Episode 60, total_loss: 26.260910034179688, q_loss 19.71061134338379, v_loss 6.550298690795898 ,lr 0.001
INFO:root:epoch 3, Episode 61, total_loss: 26.169443130493164, q_loss 19.66090202331543, v_loss 6.508541584014893 ,lr 0.001
INFO:root:epoch 3, Episode 62, total_loss: 26.076915740966797, q_loss 19.610536575317383, v_loss 6.466378688812256 ,lr 0.001
INFO:root:epoch 3, Episode 63, total_loss: 25.98928451538086, q_loss 19.563339233398438, v_loss 6.42594575881958 ,lr 0.001
INFO:root:epoch 3, Episode 64, total_loss: 25.89315414428711, q_loss 19.5118350982666, v_loss 6.381319522857666 ,lr 0.001
INFO:root:epoch 3, Episode 65, total_loss: 25.805683135986328, q_loss 19.465539932250977, v_loss 6.340142726898193 ,lr 0.001
INFO:root:epoch 3, Episode 66, total_loss: 25.716405868530273, q_loss 19.417879104614258, v_loss 6.298527240753174 ,lr 0.001
INFO:root:epoch 3, Episode 67, total_loss: 25.63176155090332, q_loss 19.372268676757812, v_loss 6.259493350982666 ,lr 0.001
INFO:root:epoch 3, Episode 68, total_loss: 25.54816246032715, q_loss 19.325992584228516, v_loss 6.222170352935791 ,lr 0.001
INFO:root:epoch 3, Episode 69, total_loss: 25.458316802978516, q_loss 19.278600692749023, v_loss 6.179715156555176 ,lr 0.001
INFO:root:epoch 3, Episode 70, total_loss: 25.38083839416504, q_loss 19.235036849975586, v_loss 6.145801067352295 ,lr 0.001
INFO:root:epoch 3, Episode 71, total_loss: 25.297561645507812, q_loss 19.189701080322266, v_loss 6.107860088348389 ,lr 0.001
INFO:root:epoch 3, Episode 72, total_loss: 25.22357940673828, q_loss 19.147966384887695, v_loss 6.075613498687744 ,lr 0.001
INFO:root:epoch 3, Episode 73, total_loss: 25.1453800201416, q_loss 19.10334587097168, v_loss 6.042034149169922 ,lr 0.001
INFO:root:epoch 3, Episode 74, total_loss: 25.07422637939453, q_loss 19.063777923583984, v_loss 6.0104475021362305 ,lr 0.001
INFO:root:epoch 3, Episode 75, total_loss: 24.996540069580078, q_loss 19.021608352661133, v_loss 5.974930763244629 ,lr 0.001
INFO:root:epoch 3, Episode 76, total_loss: 24.923429489135742, q_loss 18.981250762939453, v_loss 5.942179203033447 ,lr 0.001
INFO:root:epoch 3, Episode 77, total_loss: 24.85724639892578, q_loss 18.944717407226562, v_loss 5.912529945373535 ,lr 0.001
INFO:root:epoch 3, Episode 78, total_loss: 24.7806396484375, q_loss 18.90309715270996, v_loss 5.877541542053223 ,lr 0.001
INFO:root:epoch 3, Episode 79, total_loss: 24.71029281616211, q_loss 18.86359977722168, v_loss 5.8466925621032715 ,lr 0.001
INFO:root:epoch 3, Episode 80, total_loss: 24.644546508789062, q_loss 18.827707290649414, v_loss 5.816839218139648 ,lr 0.001
INFO:root:epoch 3, Episode 81, total_loss: 24.578020095825195, q_loss 18.790769577026367, v_loss 5.787250995635986 ,lr 0.001
INFO:root:epoch 3, Episode 82, total_loss: 24.502077102661133, q_loss 18.751136779785156, v_loss 5.750940322875977 ,lr 0.001
INFO:root:epoch 3, Episode 83, total_loss: 24.438907623291016, q_loss 18.71550941467285, v_loss 5.723397731781006 ,lr 0.001
INFO:root:epoch 3, Episode 84, total_loss: 24.370908737182617, q_loss 18.67656707763672, v_loss 5.694342136383057 ,lr 0.001
INFO:root:epoch 3, Episode 85, total_loss: 24.305307388305664, q_loss 18.638017654418945, v_loss 5.667290210723877 ,lr 0.001
INFO:root:epoch 3, Episode 86, total_loss: 24.241989135742188, q_loss 18.602083206176758, v_loss 5.639906406402588 ,lr 0.001
INFO:root:epoch 3, Episode 87, total_loss: 24.17755889892578, q_loss 18.565235137939453, v_loss 5.612322807312012 ,lr 0.001
INFO:root:epoch 3, Episode 88, total_loss: 24.115116119384766, q_loss 18.529451370239258, v_loss 5.58566427230835 ,lr 0.001
INFO:root:epoch 3, Episode 89, total_loss: 24.050283432006836, q_loss 18.490983963012695, v_loss 5.559299468994141 ,lr 0.001
INFO:root:epoch 3, Episode 90, total_loss: 23.991161346435547, q_loss 18.45643424987793, v_loss 5.534727096557617 ,lr 0.001
INFO:root:epoch 3, Episode 91, total_loss: 23.921958923339844, q_loss 18.416227340698242, v_loss 5.505730628967285 ,lr 0.001
INFO:root:epoch 3, Episode 92, total_loss: 23.86358642578125, q_loss 18.383014678955078, v_loss 5.480571269989014 ,lr 0.001
INFO:root:epoch 3, Episode 93, total_loss: 23.803728103637695, q_loss 18.347972869873047, v_loss 5.455755233764648 ,lr 0.001
INFO:root:epoch 3, Episode 94, total_loss: 23.74466323852539, q_loss 18.314485549926758, v_loss 5.430176734924316 ,lr 0.001
INFO:root:epoch 3, Episode 95, total_loss: 23.683670043945312, q_loss 18.279315948486328, v_loss 5.404354572296143 ,lr 0.001
INFO:root:epoch 3, Episode 96, total_loss: 23.622379302978516, q_loss 18.24555206298828, v_loss 5.376828193664551 ,lr 0.001
INFO:root:epoch 3, Episode 97, total_loss: 23.565650939941406, q_loss 18.212425231933594, v_loss 5.353225231170654 ,lr 0.001
INFO:root:epoch 3, Episode 98, total_loss: 23.50818634033203, q_loss 18.179611206054688, v_loss 5.328575134277344 ,lr 0.001
INFO:root:epoch 3, Episode 99, total_loss: 23.450254440307617, q_loss 18.146484375, v_loss 5.303770065307617 ,lr 0.001
INFO:root:epoch 3, Episode 100, total_loss: 23.391136169433594, q_loss 18.11214828491211, v_loss 5.278987884521484 ,lr 0.001
INFO:root:epoch 3, Episode 101, total_loss: 23.335710525512695, q_loss 18.08057403564453, v_loss 5.255136489868164 ,lr 0.001
INFO:root:epoch 3, Episode 102, total_loss: 23.27904510498047, q_loss 18.047155380249023, v_loss 5.231889724731445 ,lr 0.001
INFO:root:epoch 3, Episode 103, total_loss: 23.224390029907227, q_loss 18.014949798583984, v_loss 5.2094407081604 ,lr 0.001
INFO:root:epoch 3, Episode 104, total_loss: 23.17110824584961, q_loss 17.98409080505371, v_loss 5.187017440795898 ,lr 0.001
INFO:root:epoch 3, Episode 105, total_loss: 23.11408042907715, q_loss 17.950641632080078, v_loss 5.1634392738342285 ,lr 0.001
INFO:root:epoch 3, Episode 106, total_loss: 23.062362670898438, q_loss 17.92061424255371, v_loss 5.141749382019043 ,lr 0.001
INFO:root:epoch 3, Episode 107, total_loss: 23.004871368408203, q_loss 17.886926651000977, v_loss 5.11794376373291 ,lr 0.001
INFO:root:epoch 3, Episode 108, total_loss: 22.949970245361328, q_loss 17.85425567626953, v_loss 5.095715045928955 ,lr 0.001
INFO:root:epoch 3, Episode 109, total_loss: 22.896936416625977, q_loss 17.82294464111328, v_loss 5.073991298675537 ,lr 0.001
INFO:root:epoch 3, Episode 110, total_loss: 22.841157913208008, q_loss 17.79127311706543, v_loss 5.049884796142578 ,lr 0.001
INFO:root:epoch 3, Episode 111, total_loss: 22.786630630493164, q_loss 17.75946807861328, v_loss 5.027163028717041 ,lr 0.001
INFO:root:epoch 3, Episode 112, total_loss: 22.734487533569336, q_loss 17.728839874267578, v_loss 5.0056471824646 ,lr 0.001
INFO:root:epoch 3, Episode 113, total_loss: 22.680557250976562, q_loss 17.69660186767578, v_loss 4.9839558601379395 ,lr 0.001
INFO:root:epoch 3, Episode 114, total_loss: 22.62991714477539, q_loss 17.667137145996094, v_loss 4.9627790451049805 ,lr 0.001
INFO:root:epoch 3, Episode 115, total_loss: 22.57846450805664, q_loss 17.63655662536621, v_loss 4.94190788269043 ,lr 0.001
INFO:root:epoch 3, Episode 116, total_loss: 22.529834747314453, q_loss 17.60829734802246, v_loss 4.921537399291992 ,lr 0.001
INFO:root:epoch 3, Episode 117, total_loss: 22.48487091064453, q_loss 17.58064842224121, v_loss 4.904223442077637 ,lr 0.001
INFO:root:epoch 3, Episode 118, total_loss: 22.433481216430664, q_loss 17.55055809020996, v_loss 4.882922649383545 ,lr 0.001
INFO:root:epoch 3, Episode 119, total_loss: 22.378372192382812, q_loss 17.51812744140625, v_loss 4.860245704650879 ,lr 0.001
INFO:root:epoch 3, Episode 120, total_loss: 22.329635620117188, q_loss 17.489351272583008, v_loss 4.8402838706970215 ,lr 0.001
INFO:root:epoch 3, Episode 121, total_loss: 22.276233673095703, q_loss 17.4583683013916, v_loss 4.81786584854126 ,lr 0.001
INFO:root:epoch 3, Episode 122, total_loss: 22.228782653808594, q_loss 17.42978286743164, v_loss 4.798999786376953 ,lr 0.001
INFO:root:epoch 3, Episode 123, total_loss: 22.178722381591797, q_loss 17.40074348449707, v_loss 4.777979850769043 ,lr 0.001
INFO:root:epoch 3, Episode 124, total_loss: 22.131282806396484, q_loss 17.373334884643555, v_loss 4.75794792175293 ,lr 0.001
INFO:root:epoch 3, Episode 125, total_loss: 22.079696655273438, q_loss 17.34319496154785, v_loss 4.736501693725586 ,lr 0.001
INFO:root:epoch 3, Episode 126, total_loss: 22.03569221496582, q_loss 17.31757164001465, v_loss 4.718120098114014 ,lr 0.001
INFO:root:epoch 3, Episode 127, total_loss: 21.989093780517578, q_loss 17.288358688354492, v_loss 4.700734615325928 ,lr 0.001
INFO:root:epoch 3, Episode 128, total_loss: 21.939266204833984, q_loss 17.2582950592041, v_loss 4.680970668792725 ,lr 0.001
INFO:root:epoch 3, Episode 129, total_loss: 21.894977569580078, q_loss 17.231534957885742, v_loss 4.663442611694336 ,lr 0.001
INFO:root:epoch 3, Episode 130, total_loss: 21.844741821289062, q_loss 17.200761795043945, v_loss 4.643980503082275 ,lr 0.001
INFO:root:epoch 3, Episode 131, total_loss: 21.80145263671875, q_loss 17.174667358398438, v_loss 4.6267852783203125 ,lr 0.001
INFO:root:epoch 3, Episode 132, total_loss: 21.754718780517578, q_loss 17.14644432067871, v_loss 4.608274936676025 ,lr 0.001
INFO:root:epoch 3, Episode 133, total_loss: 21.70949935913086, q_loss 17.118730545043945, v_loss 4.590768337249756 ,lr 0.001
INFO:root:epoch 3, Episode 134, total_loss: 21.66558074951172, q_loss 17.092304229736328, v_loss 4.573275566101074 ,lr 0.001
INFO:root:epoch 3, Episode 135, total_loss: 21.621061325073242, q_loss 17.06610679626465, v_loss 4.554954528808594 ,lr 0.001
INFO:root:epoch 3, Episode 136, total_loss: 21.576152801513672, q_loss 17.039886474609375, v_loss 4.5362653732299805 ,lr 0.001
INFO:root:epoch 3, Episode 137, total_loss: 21.529281616210938, q_loss 17.013139724731445, v_loss 4.51614236831665 ,lr 0.001
INFO:root:epoch 3, Episode 138, total_loss: 21.482576370239258, q_loss 16.98635482788086, v_loss 4.496221542358398 ,lr 0.001
INFO:root:epoch 3, Episode 139, total_loss: 21.439128875732422, q_loss 16.960668563842773, v_loss 4.478461265563965 ,lr 0.001
INFO:root:epoch 3, Episode 140, total_loss: 21.390487670898438, q_loss 16.932828903198242, v_loss 4.457659721374512 ,lr 0.001
INFO:root:epoch 3, Episode 141, total_loss: 21.351612091064453, q_loss 16.909141540527344, v_loss 4.442469596862793 ,lr 0.001
INFO:root:epoch 3, Episode 142, total_loss: 21.307126998901367, q_loss 16.882326126098633, v_loss 4.424801349639893 ,lr 0.001
INFO:root:epoch 3, Episode 143, total_loss: 21.26283073425293, q_loss 16.85573959350586, v_loss 4.407090663909912 ,lr 0.001
INFO:root:epoch 3, Episode 144, total_loss: 21.221559524536133, q_loss 16.830669403076172, v_loss 4.390889644622803 ,lr 0.001
INFO:root:epoch 3, Episode 145, total_loss: 21.178752899169922, q_loss 16.803613662719727, v_loss 4.375138282775879 ,lr 0.001
INFO:root:epoch 3, Episode 146, total_loss: 21.13481903076172, q_loss 16.776185989379883, v_loss 4.358633995056152 ,lr 0.001
INFO:root:epoch 3, Episode 147, total_loss: 21.089313507080078, q_loss 16.747581481933594, v_loss 4.341732025146484 ,lr 0.001
INFO:root:epoch 3, Episode 148, total_loss: 21.05245590209961, q_loss 16.723003387451172, v_loss 4.329452037811279 ,lr 0.001
INFO:root:epoch 3, Episode 149, total_loss: 21.00981903076172, q_loss 16.696767807006836, v_loss 4.313051223754883 ,lr 0.001
INFO:root:epoch 3, Episode 150, total_loss: 20.964218139648438, q_loss 16.668476104736328, v_loss 4.295742034912109 ,lr 0.001
INFO:root:epoch 3, Episode 151, total_loss: 20.921428680419922, q_loss 16.641584396362305, v_loss 4.279844760894775 ,lr 0.001
INFO:root:epoch 3, Episode 152, total_loss: 20.88445472717285, q_loss 16.61625099182129, v_loss 4.268204212188721 ,lr 0.001
INFO:root:epoch 3, Episode 153, total_loss: 20.840253829956055, q_loss 16.58962631225586, v_loss 4.2506279945373535 ,lr 0.001
INFO:root:epoch 3, Episode 154, total_loss: 20.80190086364746, q_loss 16.565032958984375, v_loss 4.236867427825928 ,lr 0.001
INFO:root:epoch 3, Episode 155, total_loss: 20.762989044189453, q_loss 16.54091453552246, v_loss 4.222073554992676 ,lr 0.001
INFO:root:epoch 3, Episode 156, total_loss: 20.72207260131836, q_loss 16.516605377197266, v_loss 4.20546817779541 ,lr 0.001
INFO:root:epoch 3, Episode 157, total_loss: 20.680950164794922, q_loss 16.49091339111328, v_loss 4.190037250518799 ,lr 0.001
INFO:root:epoch 3, Episode 158, total_loss: 20.640106201171875, q_loss 16.465383529663086, v_loss 4.174722194671631 ,lr 0.001
INFO:root:epoch 3, Episode 159, total_loss: 20.600658416748047, q_loss 16.44021987915039, v_loss 4.16043758392334 ,lr 0.001
INFO:root:epoch 3, Episode 160, total_loss: 20.560192108154297, q_loss 16.415403366088867, v_loss 4.1447882652282715 ,lr 0.001
INFO:root:epoch 3, Episode 161, total_loss: 20.51824951171875, q_loss 16.38953971862793, v_loss 4.128710746765137 ,lr 0.001
INFO:root:epoch 3, Episode 162, total_loss: 20.481027603149414, q_loss 16.366300582885742, v_loss 4.114726543426514 ,lr 0.001
INFO:root:epoch 3, Episode 163, total_loss: 20.443574905395508, q_loss 16.34332847595215, v_loss 4.100246429443359 ,lr 0.001
INFO:root:epoch 3, Episode 164, total_loss: 20.405258178710938, q_loss 16.31871223449707, v_loss 4.086546421051025 ,lr 0.001
INFO:root:epoch 3, Episode 165, total_loss: 20.370500564575195, q_loss 16.295957565307617, v_loss 4.074543476104736 ,lr 0.001
INFO:root:epoch 3, Episode 166, total_loss: 20.33243179321289, q_loss 16.272703170776367, v_loss 4.059727668762207 ,lr 0.001
INFO:root:epoch 3, Episode 167, total_loss: 20.28936767578125, q_loss 16.24588394165039, v_loss 4.043484210968018 ,lr 0.001
INFO:root:epoch 3, Episode 168, total_loss: 20.252763748168945, q_loss 16.22235679626465, v_loss 4.030407428741455 ,lr 0.001
INFO:root:epoch 3, Episode 169, total_loss: 20.214191436767578, q_loss 16.199329376220703, v_loss 4.014863014221191 ,lr 0.001
INFO:root:epoch 3, Episode 170, total_loss: 20.172237396240234, q_loss 16.171775817871094, v_loss 4.000460624694824 ,lr 0.001
INFO:root:epoch 3, Episode 171, total_loss: 20.136484146118164, q_loss 16.148601531982422, v_loss 3.987881898880005 ,lr 0.001
INFO:root:epoch 3, Episode 172, total_loss: 20.0958251953125, q_loss 16.122854232788086, v_loss 3.972970485687256 ,lr 0.001
INFO:root:epoch 3, Episode 173, total_loss: 20.06004524230957, q_loss 16.09947967529297, v_loss 3.9605660438537598 ,lr 0.001
INFO:root:epoch 3, Episode 174, total_loss: 20.02603530883789, q_loss 16.0776309967041, v_loss 3.948403835296631 ,lr 0.001
INFO:root:epoch 3, Episode 175, total_loss: 19.988994598388672, q_loss 16.054203033447266, v_loss 3.93479061126709 ,lr 0.001
INFO:root:epoch 3, Episode 176, total_loss: 19.95518684387207, q_loss 16.03194808959961, v_loss 3.923238754272461 ,lr 0.001
INFO:root:epoch 3, Episode 177, total_loss: 19.91666603088379, q_loss 16.007938385009766, v_loss 3.9087283611297607 ,lr 0.001
INFO:root:epoch 3, Episode 178, total_loss: 19.880834579467773, q_loss 15.98515510559082, v_loss 3.895679473876953 ,lr 0.001
INFO:root:epoch 3, Episode 179, total_loss: 19.841659545898438, q_loss 15.960562705993652, v_loss 3.881096363067627 ,lr 0.001
INFO:root:epoch 3, Episode 180, total_loss: 19.807361602783203, q_loss 15.939271926879883, v_loss 3.868089437484741 ,lr 0.001
INFO:root:epoch 3, Episode 181, total_loss: 19.77372932434082, q_loss 15.917608261108398, v_loss 3.8561205863952637 ,lr 0.001
INFO:root:epoch 3, Episode 182, total_loss: 19.739412307739258, q_loss 15.896111488342285, v_loss 3.8433005809783936 ,lr 0.001
INFO:root:epoch 3, Episode 183, total_loss: 19.704635620117188, q_loss 15.873187065124512, v_loss 3.831449270248413 ,lr 0.001
INFO:root:epoch 3, Episode 184, total_loss: 19.668411254882812, q_loss 15.85075855255127, v_loss 3.8176534175872803 ,lr 0.001
INFO:root:epoch 3, Episode 185, total_loss: 19.636070251464844, q_loss 15.829949378967285, v_loss 3.8061201572418213 ,lr 0.001
INFO:root:epoch 3, Episode 186, total_loss: 19.603515625, q_loss 15.809652328491211, v_loss 3.793862819671631 ,lr 0.001
INFO:root:epoch 3, Episode 187, total_loss: 19.569517135620117, q_loss 15.787323951721191, v_loss 3.7821927070617676 ,lr 0.001
INFO:root:epoch 3, Episode 188, total_loss: 19.532001495361328, q_loss 15.763690948486328, v_loss 3.768310546875 ,lr 0.001
INFO:root:epoch 3, Episode 189, total_loss: 19.49607276916504, q_loss 15.741131782531738, v_loss 3.7549405097961426 ,lr 0.001
INFO:root:epoch 3, Episode 190, total_loss: 19.461828231811523, q_loss 15.719159126281738, v_loss 3.7426693439483643 ,lr 0.001
INFO:root:epoch 3, Episode 191, total_loss: 19.42728042602539, q_loss 15.696585655212402, v_loss 3.7306952476501465 ,lr 0.001
INFO:root:epoch 3, Episode 192, total_loss: 19.395143508911133, q_loss 15.676688194274902, v_loss 3.7184557914733887 ,lr 0.001
INFO:root:epoch 3, Episode 193, total_loss: 19.36541748046875, q_loss 15.656929016113281, v_loss 3.7084875106811523 ,lr 0.001
INFO:root:epoch 3, Episode 194, total_loss: 19.329824447631836, q_loss 15.634842872619629, v_loss 3.694981098175049 ,lr 0.001
INFO:root:epoch 3, Episode 195, total_loss: 19.297962188720703, q_loss 15.614081382751465, v_loss 3.68388032913208 ,lr 0.001
INFO:root:epoch 3, Episode 196, total_loss: 19.264345169067383, q_loss 15.59316349029541, v_loss 3.671182155609131 ,lr 0.001
INFO:root:epoch 3, Episode 197, total_loss: 19.23048973083496, q_loss 15.571182250976562, v_loss 3.6593072414398193 ,lr 0.001
INFO:root:epoch 3, Episode 198, total_loss: 19.197528839111328, q_loss 15.549483299255371, v_loss 3.6480448246002197 ,lr 0.001
INFO:root:epoch 3, Episode 199, total_loss: 19.165546417236328, q_loss 15.529186248779297, v_loss 3.6363604068756104 ,lr 0.001
INFO:root:epoch 3, Episode 200, total_loss: 19.134384155273438, q_loss 15.50841236114502, v_loss 3.6259708404541016 ,lr 0.001
INFO:root:epoch 3, Episode 201, total_loss: 19.099123001098633, q_loss 15.486494064331055, v_loss 3.6126294136047363 ,lr 0.001
INFO:root:epoch 3, Episode 202, total_loss: 19.067277908325195, q_loss 15.466058731079102, v_loss 3.6012191772460938 ,lr 0.001
INFO:root:epoch 3, Episode 203, total_loss: 19.034046173095703, q_loss 15.44582462310791, v_loss 3.588221549987793 ,lr 0.001
INFO:root:epoch 3, Episode 204, total_loss: 19.002887725830078, q_loss 15.425823211669922, v_loss 3.5770645141601562 ,lr 0.001
INFO:root:epoch 3, Episode 205, total_loss: 18.97174835205078, q_loss 15.406499862670898, v_loss 3.56524920463562 ,lr 0.001
INFO:root:epoch 3, Episode 206, total_loss: 18.942081451416016, q_loss 15.38790512084961, v_loss 3.5541763305664062 ,lr 0.001
INFO:root:epoch 3, Episode 207, total_loss: 18.908710479736328, q_loss 15.3668851852417, v_loss 3.5418248176574707 ,lr 0.001
INFO:root:epoch 3, Episode 208, total_loss: 18.874296188354492, q_loss 15.344995498657227, v_loss 3.529301404953003 ,lr 0.001
INFO:root:epoch 3, Episode 209, total_loss: 18.840972900390625, q_loss 15.322908401489258, v_loss 3.518064022064209 ,lr 0.001
INFO:root:epoch 3, Episode 210, total_loss: 18.810611724853516, q_loss 15.303339004516602, v_loss 3.507272720336914 ,lr 0.001
INFO:root:epoch 3, Episode 211, total_loss: 18.780168533325195, q_loss 15.283405303955078, v_loss 3.496762752532959 ,lr 0.001
INFO:root:epoch 3, Episode 212, total_loss: 18.747730255126953, q_loss 15.262276649475098, v_loss 3.4854533672332764 ,lr 0.001
INFO:root:epoch 3, Episode 213, total_loss: 18.7188720703125, q_loss 15.244214057922363, v_loss 3.474658489227295 ,lr 0.001
INFO:root:epoch 3, Episode 214, total_loss: 18.689783096313477, q_loss 15.225092887878418, v_loss 3.464690923690796 ,lr 0.001
INFO:root:epoch 3, Episode 215, total_loss: 18.659202575683594, q_loss 15.204625129699707, v_loss 3.454578161239624 ,lr 0.001
INFO:root:epoch 3, Episode 216, total_loss: 18.629518508911133, q_loss 15.185957908630371, v_loss 3.443561315536499 ,lr 0.001
INFO:root:epoch 3, Episode 217, total_loss: 18.600608825683594, q_loss 15.166157722473145, v_loss 3.434451103210449 ,lr 0.001
INFO:root:epoch 3, Episode 218, total_loss: 18.570680618286133, q_loss 15.146865844726562, v_loss 3.4238154888153076 ,lr 0.001
INFO:root:epoch 3, Episode 219, total_loss: 18.538890838623047, q_loss 15.126907348632812, v_loss 3.411982774734497 ,lr 0.001
INFO:root:epoch 3, Episode 220, total_loss: 18.51102066040039, q_loss 15.10925579071045, v_loss 3.4017651081085205 ,lr 0.001
INFO:root:epoch 3, Episode 221, total_loss: 18.48297119140625, q_loss 15.090508460998535, v_loss 3.392463445663452 ,lr 0.001
INFO:root:epoch 3, Episode 222, total_loss: 18.452911376953125, q_loss 15.070862770080566, v_loss 3.3820488452911377 ,lr 0.001
INFO:root:epoch 3, Episode 223, total_loss: 18.423694610595703, q_loss 15.05316162109375, v_loss 3.3705320358276367 ,lr 0.001
INFO:root:epoch 3, Episode 224, total_loss: 18.394227981567383, q_loss 15.033865928649902, v_loss 3.3603615760803223 ,lr 0.001
INFO:root:epoch 3, Episode 225, total_loss: 18.365386962890625, q_loss 15.015305519104004, v_loss 3.350081443786621 ,lr 0.001
INFO:root:epoch 3, Episode 226, total_loss: 18.3350772857666, q_loss 14.997579574584961, v_loss 3.3374972343444824 ,lr 0.001
INFO:root:epoch 3, Episode 227, total_loss: 18.305612564086914, q_loss 14.978376388549805, v_loss 3.327235698699951 ,lr 0.001
INFO:root:epoch 3, Episode 228, total_loss: 18.276927947998047, q_loss 14.959518432617188, v_loss 3.3174097537994385 ,lr 0.001
INFO:root:epoch 3, Episode 229, total_loss: 18.25156021118164, q_loss 14.943592071533203, v_loss 3.3079676628112793 ,lr 0.001
INFO:root:epoch 3, Episode 230, total_loss: 18.2243709564209, q_loss 14.924599647521973, v_loss 3.2997710704803467 ,lr 0.001
INFO:root:epoch 3, Episode 231, total_loss: 18.193248748779297, q_loss 14.90518856048584, v_loss 3.288060426712036 ,lr 0.001
INFO:root:epoch 3, Episode 232, total_loss: 18.165098190307617, q_loss 14.886446952819824, v_loss 3.2786507606506348 ,lr 0.001
INFO:root:epoch 3, Episode 233, total_loss: 18.138526916503906, q_loss 14.868192672729492, v_loss 3.2703332901000977 ,lr 0.001
INFO:root:epoch 3, Episode 234, total_loss: 18.109102249145508, q_loss 14.848808288574219, v_loss 3.2602932453155518 ,lr 0.001
INFO:root:epoch 3, Episode 235, total_loss: 18.08108901977539, q_loss 14.831191062927246, v_loss 3.2498974800109863 ,lr 0.001
INFO:root:epoch 3, Episode 236, total_loss: 18.05293083190918, q_loss 14.812519073486328, v_loss 3.2404112815856934 ,lr 0.001
INFO:root:epoch 3, Episode 237, total_loss: 18.026226043701172, q_loss 14.794626235961914, v_loss 3.2315993309020996 ,lr 0.001
INFO:root:epoch 3, Episode 238, total_loss: 18.002286911010742, q_loss 14.778928756713867, v_loss 3.223358154296875 ,lr 0.001
INFO:root:epoch 3, Episode 239, total_loss: 17.974714279174805, q_loss 14.760632514953613, v_loss 3.2140822410583496 ,lr 0.001
INFO:root:epoch 3, Episode 240, total_loss: 17.94841957092285, q_loss 14.743772506713867, v_loss 3.2046470642089844 ,lr 0.001
INFO:root:epoch 3, Episode 241, total_loss: 17.92295265197754, q_loss 14.72651195526123, v_loss 3.196441411972046 ,lr 0.001
INFO:root:epoch 3, Episode 242, total_loss: 17.89616584777832, q_loss 14.70778751373291, v_loss 3.1883790493011475 ,lr 0.001
INFO:root:epoch 3, Episode 243, total_loss: 17.870752334594727, q_loss 14.690717697143555, v_loss 3.180034637451172 ,lr 0.001
INFO:root:epoch 3, Episode 244, total_loss: 17.84125518798828, q_loss 14.671890258789062, v_loss 3.1693646907806396 ,lr 0.001
INFO:root:epoch 3, Episode 245, total_loss: 17.81344223022461, q_loss 14.653545379638672, v_loss 3.1598968505859375 ,lr 0.001
INFO:root:epoch 3, Episode 246, total_loss: 17.789012908935547, q_loss 14.637107849121094, v_loss 3.1519052982330322 ,lr 0.001
INFO:root:epoch 3, Episode 247, total_loss: 17.759641647338867, q_loss 14.6173734664917, v_loss 3.142268180847168 ,lr 0.001
INFO:root:epoch 3, Episode 248, total_loss: 17.73263931274414, q_loss 14.599072456359863, v_loss 3.133566379547119 ,lr 0.001
INFO:root:epoch 3, Episode 249, total_loss: 17.708606719970703, q_loss 14.583169937133789, v_loss 3.125437021255493 ,lr 0.001
INFO:root:epoch 3, Episode 250, total_loss: 17.682205200195312, q_loss 14.564918518066406, v_loss 3.117285966873169 ,lr 0.001
INFO:root:epoch 3, Episode 251, total_loss: 17.6561279296875, q_loss 14.548449516296387, v_loss 3.1076788902282715 ,lr 0.001
INFO:root:epoch 3, Episode 252, total_loss: 17.62920379638672, q_loss 14.529273986816406, v_loss 3.0999302864074707 ,lr 0.001
INFO:root:epoch 3, Episode 253, total_loss: 17.602113723754883, q_loss 14.510824203491211, v_loss 3.09128999710083 ,lr 0.001
INFO:root:epoch 3, Episode 254, total_loss: 17.57883644104004, q_loss 14.495423316955566, v_loss 3.0834133625030518 ,lr 0.001
INFO:root:epoch 3, Episode 255, total_loss: 17.553503036499023, q_loss 14.478316307067871, v_loss 3.0751869678497314 ,lr 0.001
INFO:root:epoch 3, Episode 256, total_loss: 17.5295467376709, q_loss 14.462713241577148, v_loss 3.066833972930908 ,lr 0.001
INFO:root:epoch 3, Episode 257, total_loss: 17.503782272338867, q_loss 14.445616722106934, v_loss 3.0581653118133545 ,lr 0.001
INFO:root:epoch 3, Episode 258, total_loss: 17.476032257080078, q_loss 14.428174018859863, v_loss 3.047858476638794 ,lr 0.001
INFO:root:epoch 3, Episode 259, total_loss: 17.452301025390625, q_loss 14.41305923461914, v_loss 3.0392417907714844 ,lr 0.001
INFO:root:epoch 3, Episode 260, total_loss: 17.42648696899414, q_loss 14.396041870117188, v_loss 3.030444860458374 ,lr 0.001
INFO:root:epoch 3, Episode 261, total_loss: 17.401037216186523, q_loss 14.379435539245605, v_loss 3.021602153778076 ,lr 0.001
INFO:root:epoch 3, Episode 262, total_loss: 17.376760482788086, q_loss 14.363640785217285, v_loss 3.013120412826538 ,lr 0.001
INFO:root:epoch 3, Episode 263, total_loss: 17.353084564208984, q_loss 14.346611976623535, v_loss 3.006472110748291 ,lr 0.001
INFO:root:epoch 3, Episode 264, total_loss: 17.32921600341797, q_loss 14.330877304077148, v_loss 2.998337984085083 ,lr 0.001
INFO:root:epoch 3, Episode 265, total_loss: 17.302810668945312, q_loss 14.313143730163574, v_loss 2.989666223526001 ,lr 0.001
INFO:root:epoch 3, Episode 266, total_loss: 17.27803611755371, q_loss 14.297740936279297, v_loss 2.980294942855835 ,lr 0.001
INFO:root:epoch 3, Episode 267, total_loss: 17.254676818847656, q_loss 14.281390190124512, v_loss 2.9732871055603027 ,lr 0.001
INFO:root:epoch 3, Episode 268, total_loss: 17.23050308227539, q_loss 14.264908790588379, v_loss 2.965595245361328 ,lr 0.001
INFO:root:epoch 3, Episode 269, total_loss: 17.2071590423584, q_loss 14.24940299987793, v_loss 2.957756519317627 ,lr 0.001
INFO:root:epoch 3, Episode 270, total_loss: 17.18248176574707, q_loss 14.232327461242676, v_loss 2.9501540660858154 ,lr 0.001
INFO:root:epoch 3, Episode 271, total_loss: 17.159042358398438, q_loss 14.21631145477295, v_loss 2.94273042678833 ,lr 0.001
INFO:root:epoch 3, Episode 272, total_loss: 17.1334171295166, q_loss 14.198896408081055, v_loss 2.9345204830169678 ,lr 0.001
INFO:root:epoch 3, Episode 273, total_loss: 17.107763290405273, q_loss 14.181448936462402, v_loss 2.9263150691986084 ,lr 0.001
INFO:root:epoch 3, Episode 274, total_loss: 17.085161209106445, q_loss 14.16530704498291, v_loss 2.9198548793792725 ,lr 0.001
INFO:root:epoch 3, Episode 275, total_loss: 17.059696197509766, q_loss 14.14840316772461, v_loss 2.911292552947998 ,lr 0.001
INFO:root:epoch 3, Episode 276, total_loss: 17.03693389892578, q_loss 14.133077621459961, v_loss 2.903855323791504 ,lr 0.001
INFO:root:epoch 3, Episode 277, total_loss: 17.012399673461914, q_loss 14.117558479309082, v_loss 2.894840955734253 ,lr 0.001
INFO:root:epoch 3, Episode 278, total_loss: 16.990713119506836, q_loss 14.103381156921387, v_loss 2.887331247329712 ,lr 0.001
INFO:root:epoch 3, Episode 279, total_loss: 16.965730667114258, q_loss 14.086404800415039, v_loss 2.8793258666992188 ,lr 0.001
INFO:root:epoch 3, Episode 280, total_loss: 16.941099166870117, q_loss 14.069801330566406, v_loss 2.8712971210479736 ,lr 0.001
INFO:root:epoch 3, Episode 281, total_loss: 16.918458938598633, q_loss 14.054651260375977, v_loss 2.8638079166412354 ,lr 0.001
INFO:root:epoch 3, Episode 282, total_loss: 16.896503448486328, q_loss 14.039276123046875, v_loss 2.8572282791137695 ,lr 0.001
INFO:root:epoch 3, Episode 283, total_loss: 16.874940872192383, q_loss 14.023568153381348, v_loss 2.851372003555298 ,lr 0.001
INFO:root:epoch 3, Episode 284, total_loss: 16.85193634033203, q_loss 14.00713062286377, v_loss 2.844805955886841 ,lr 0.001
INFO:root:epoch 3, Episode 285, total_loss: 16.827266693115234, q_loss 13.989415168762207, v_loss 2.8378524780273438 ,lr 0.001
INFO:root:epoch 3, Episode 286, total_loss: 16.806320190429688, q_loss 13.975272178649902, v_loss 2.831048011779785 ,lr 0.001
INFO:root:epoch 3, Episode 287, total_loss: 16.780597686767578, q_loss 13.958338737487793, v_loss 2.822258234024048 ,lr 0.001
INFO:root:epoch 3, Episode 288, total_loss: 16.757993698120117, q_loss 13.943142890930176, v_loss 2.8148510456085205 ,lr 0.001
INFO:root:epoch 3, Episode 289, total_loss: 16.73543357849121, q_loss 13.9277982711792, v_loss 2.8076350688934326 ,lr 0.001
INFO:root:epoch 3, Episode 290, total_loss: 16.71175193786621, q_loss 13.912142753601074, v_loss 2.7996087074279785 ,lr 0.001
INFO:root:epoch 3, Episode 291, total_loss: 16.687360763549805, q_loss 13.89581298828125, v_loss 2.791548013687134 ,lr 0.001
INFO:root:epoch 3, Episode 292, total_loss: 16.66470718383789, q_loss 13.88076114654541, v_loss 2.7839457988739014 ,lr 0.001
INFO:root:epoch 3, Episode 293, total_loss: 16.642911911010742, q_loss 13.865750312805176, v_loss 2.777160882949829 ,lr 0.001
INFO:root:epoch 3, Episode 294, total_loss: 16.619810104370117, q_loss 13.850201606750488, v_loss 2.7696077823638916 ,lr 0.001
INFO:root:epoch 3, Episode 295, total_loss: 16.597434997558594, q_loss 13.833913803100586, v_loss 2.763521432876587 ,lr 0.001
INFO:root:epoch 3, Episode 296, total_loss: 16.575456619262695, q_loss 13.818565368652344, v_loss 2.7568912506103516 ,lr 0.001
INFO:root:epoch 3, Episode 297, total_loss: 16.552364349365234, q_loss 13.8038911819458, v_loss 2.748473882675171 ,lr 0.001
INFO:root:epoch 3, Episode 298, total_loss: 16.529848098754883, q_loss 13.788251876831055, v_loss 2.741596221923828 ,lr 0.001
INFO:root:epoch 3, Episode 299, total_loss: 16.50979995727539, q_loss 13.774343490600586, v_loss 2.735456943511963 ,lr 0.001
INFO:root:epoch 3, Episode 300, total_loss: 16.486204147338867, q_loss 13.758306503295898, v_loss 2.7278969287872314 ,lr 0.001
INFO:root:epoch 3, Episode 301, total_loss: 16.465295791625977, q_loss 13.744549751281738, v_loss 2.720745801925659 ,lr 0.001
INFO:root:epoch 3, Episode 302, total_loss: 16.442256927490234, q_loss 13.728278160095215, v_loss 2.713977813720703 ,lr 0.001
INFO:root:epoch 3, Episode 303, total_loss: 16.42031478881836, q_loss 13.71324634552002, v_loss 2.707069158554077 ,lr 0.001
INFO:root:epoch 3, Episode 304, total_loss: 16.398183822631836, q_loss 13.697574615478516, v_loss 2.7006092071533203 ,lr 0.001
INFO:root:epoch 3, Episode 305, total_loss: 16.37592887878418, q_loss 13.682624816894531, v_loss 2.6933035850524902 ,lr 0.001
INFO:root:epoch 3, Episode 306, total_loss: 16.352890014648438, q_loss 13.665757179260254, v_loss 2.687133550643921 ,lr 0.001
INFO:root:epoch 3, Episode 307, total_loss: 16.331605911254883, q_loss 13.651472091674805, v_loss 2.680133104324341 ,lr 0.001
INFO:root:epoch 3, Episode 308, total_loss: 16.310684204101562, q_loss 13.63646125793457, v_loss 2.674222469329834 ,lr 0.001
INFO:root:epoch 3, Episode 309, total_loss: 16.28824234008789, q_loss 13.621820449829102, v_loss 2.666421890258789 ,lr 0.001
INFO:root:epoch 3, Episode 310, total_loss: 16.26555061340332, q_loss 13.60612678527832, v_loss 2.659423351287842 ,lr 0.001
INFO:root:epoch 3, Episode 311, total_loss: 16.246315002441406, q_loss 13.593452453613281, v_loss 2.652862548828125 ,lr 0.001
INFO:root:epoch 3, Episode 312, total_loss: 16.225378036499023, q_loss 13.578872680664062, v_loss 2.646505355834961 ,lr 0.001
INFO:root:epoch 3, Episode 313, total_loss: 16.205196380615234, q_loss 13.565032958984375, v_loss 2.640164375305176 ,lr 0.001
INFO:root:epoch 3, Episode 314, total_loss: 16.18181037902832, q_loss 13.548927307128906, v_loss 2.632882833480835 ,lr 0.001
INFO:root:epoch 3, Episode 315, total_loss: 16.161521911621094, q_loss 13.535392761230469, v_loss 2.626129150390625 ,lr 0.001
INFO:root:epoch 3, Episode 316, total_loss: 16.13996124267578, q_loss 13.520406723022461, v_loss 2.6195549964904785 ,lr 0.001
INFO:root:epoch 3, Episode 317, total_loss: 16.119407653808594, q_loss 13.506250381469727, v_loss 2.6131577491760254 ,lr 0.001
INFO:root:epoch 3, Episode 318, total_loss: 16.097721099853516, q_loss 13.490875244140625, v_loss 2.6068456172943115 ,lr 0.001
INFO:root:epoch 3, Episode 319, total_loss: 16.077619552612305, q_loss 13.476859092712402, v_loss 2.6007604598999023 ,lr 0.001
INFO:root:epoch 3, Episode 320, total_loss: 16.055828094482422, q_loss 13.461071014404297, v_loss 2.594757080078125 ,lr 0.001
INFO:root:epoch 3, Episode 321, total_loss: 16.035192489624023, q_loss 13.446612358093262, v_loss 2.5885796546936035 ,lr 0.001
INFO:root:epoch 3, Episode 322, total_loss: 16.01535415649414, q_loss 13.432836532592773, v_loss 2.5825183391571045 ,lr 0.001
INFO:root:epoch 3, Episode 323, total_loss: 15.994609832763672, q_loss 13.418237686157227, v_loss 2.576371669769287 ,lr 0.001
INFO:root:epoch 3, Episode 324, total_loss: 15.974379539489746, q_loss 13.404402732849121, v_loss 2.569977045059204 ,lr 0.001
INFO:root:epoch 3, Episode 325, total_loss: 15.955432891845703, q_loss 13.391343116760254, v_loss 2.564089298248291 ,lr 0.001
INFO:root:epoch 3, Episode 326, total_loss: 15.932525634765625, q_loss 13.375499725341797, v_loss 2.5570263862609863 ,lr 0.001
INFO:root:epoch 3, Episode 327, total_loss: 15.913063049316406, q_loss 13.362322807312012, v_loss 2.5507404804229736 ,lr 0.001
INFO:root:epoch 3, Episode 328, total_loss: 15.892391204833984, q_loss 13.347982406616211, v_loss 2.5444085597991943 ,lr 0.001
INFO:root:epoch 3, Episode 329, total_loss: 15.872739791870117, q_loss 13.334035873413086, v_loss 2.5387041568756104 ,lr 0.001
INFO:root:epoch 3, Episode 330, total_loss: 15.853434562683105, q_loss 13.319891929626465, v_loss 2.5335428714752197 ,lr 0.001
INFO:root:epoch 3, Episode 331, total_loss: 15.832844734191895, q_loss 13.305511474609375, v_loss 2.5273330211639404 ,lr 0.001
INFO:root:epoch 3, Episode 332, total_loss: 15.812215805053711, q_loss 13.290693283081055, v_loss 2.5215229988098145 ,lr 0.001
INFO:root:epoch 3, Episode 333, total_loss: 15.79088020324707, q_loss 13.275323867797852, v_loss 2.5155558586120605 ,lr 0.001
INFO:root:epoch 3, Episode 334, total_loss: 15.769659996032715, q_loss 13.259675025939941, v_loss 2.5099849700927734 ,lr 0.001
INFO:root:epoch 3, Episode 335, total_loss: 15.750113487243652, q_loss 13.24595832824707, v_loss 2.504155397415161 ,lr 0.001
INFO:root:epoch 3, Episode 336, total_loss: 15.730585098266602, q_loss 13.231395721435547, v_loss 2.4991893768310547 ,lr 0.001
INFO:root:epoch 3, Episode 337, total_loss: 15.712028503417969, q_loss 13.218628883361816, v_loss 2.4934000968933105 ,lr 0.001
INFO:root:epoch 3, Episode 338, total_loss: 15.688348770141602, q_loss 13.20185661315918, v_loss 2.486492395401001 ,lr 0.001
INFO:root:epoch 3, Episode 339, total_loss: 15.668970108032227, q_loss 13.188603401184082, v_loss 2.4803662300109863 ,lr 0.001
INFO:root:epoch 3, Episode 340, total_loss: 15.648882865905762, q_loss 13.174677848815918, v_loss 2.4742050170898438 ,lr 0.001
INFO:root:epoch 3, Episode 341, total_loss: 15.629858016967773, q_loss 13.161784172058105, v_loss 2.468074083328247 ,lr 0.001
INFO:root:epoch 3, Episode 342, total_loss: 15.609651565551758, q_loss 13.147388458251953, v_loss 2.4622631072998047 ,lr 0.001
INFO:root:epoch 3, Episode 343, total_loss: 15.589995384216309, q_loss 13.133925437927246, v_loss 2.4560701847076416 ,lr 0.001
INFO:root:epoch 3, Episode 344, total_loss: 15.568277359008789, q_loss 13.118780136108398, v_loss 2.4494969844818115 ,lr 0.001
INFO:root:epoch 3, Episode 345, total_loss: 15.547796249389648, q_loss 13.104087829589844, v_loss 2.443708658218384 ,lr 0.001
INFO:root:epoch 3, Episode 346, total_loss: 15.527341842651367, q_loss 13.08939266204834, v_loss 2.4379491806030273 ,lr 0.001
INFO:root:epoch 3, Episode 347, total_loss: 15.507379531860352, q_loss 13.074585914611816, v_loss 2.4327938556671143 ,lr 0.001
INFO:root:epoch 3, Episode 348, total_loss: 15.487516403198242, q_loss 13.06074047088623, v_loss 2.426776170730591 ,lr 0.001
INFO:root:epoch 3, Episode 349, total_loss: 15.466387748718262, q_loss 13.045339584350586, v_loss 2.421048164367676 ,lr 0.001
INFO:root:epoch 3, Episode 350, total_loss: 15.446962356567383, q_loss 13.03145980834961, v_loss 2.4155023097991943 ,lr 0.001
INFO:root:epoch 3, Episode 351, total_loss: 15.42737865447998, q_loss 13.017354011535645, v_loss 2.410024642944336 ,lr 0.001
INFO:root:epoch 3, Episode 352, total_loss: 15.406121253967285, q_loss 13.002041816711426, v_loss 2.4040794372558594 ,lr 0.001
INFO:root:epoch 3, Episode 353, total_loss: 15.385618209838867, q_loss 12.988286972045898, v_loss 2.397331476211548 ,lr 0.001
INFO:root:epoch 3, Episode 354, total_loss: 15.365852355957031, q_loss 12.973925590515137, v_loss 2.3919267654418945 ,lr 0.001
INFO:root:epoch 3, Episode 355, total_loss: 15.34535026550293, q_loss 12.959726333618164, v_loss 2.3856236934661865 ,lr 0.001
INFO:root:epoch 3, Episode 356, total_loss: 15.324921607971191, q_loss 12.944948196411133, v_loss 2.3799736499786377 ,lr 0.001
INFO:root:epoch 3, Episode 357, total_loss: 15.304559707641602, q_loss 12.930773735046387, v_loss 2.3737857341766357 ,lr 0.001
INFO:root:epoch 3, Episode 358, total_loss: 15.283825874328613, q_loss 12.916133880615234, v_loss 2.367692232131958 ,lr 0.001
INFO:root:epoch 3, Episode 359, total_loss: 15.26569652557373, q_loss 12.90320110321045, v_loss 2.362495183944702 ,lr 0.001
INFO:root:epoch 3, Episode 360, total_loss: 15.245683670043945, q_loss 12.888931274414062, v_loss 2.356752395629883 ,lr 0.001
INFO:root:epoch 3, Episode 361, total_loss: 15.226312637329102, q_loss 12.874146461486816, v_loss 2.352165937423706 ,lr 0.001
INFO:root:epoch 3, Episode 362, total_loss: 15.205554008483887, q_loss 12.859513282775879, v_loss 2.346040725708008 ,lr 0.001
INFO:root:epoch 3, Episode 363, total_loss: 15.186931610107422, q_loss 12.846817970275879, v_loss 2.340114116668701 ,lr 0.001
INFO:root:epoch 3, Episode 364, total_loss: 15.168143272399902, q_loss 12.833734512329102, v_loss 2.3344085216522217 ,lr 0.001
INFO:root:epoch 3, Episode 365, total_loss: 15.148585319519043, q_loss 12.820595741271973, v_loss 2.3279898166656494 ,lr 0.001
INFO:root:epoch 3, Episode 366, total_loss: 15.133329391479492, q_loss 12.809850692749023, v_loss 2.3234786987304688 ,lr 0.001
INFO:root:epoch 3, Episode 367, total_loss: 15.113239288330078, q_loss 12.795660972595215, v_loss 2.317578077316284 ,lr 0.001
INFO:root:epoch 3, Episode 368, total_loss: 15.094693183898926, q_loss 12.78302001953125, v_loss 2.311673164367676 ,lr 0.001
INFO:root:epoch 3, Episode 369, total_loss: 15.076372146606445, q_loss 12.770248413085938, v_loss 2.3061232566833496 ,lr 0.001
INFO:root:epoch 3, Episode 370, total_loss: 15.05837631225586, q_loss 12.757988929748535, v_loss 2.300387144088745 ,lr 0.001
INFO:root:epoch 3, Episode 371, total_loss: 15.039864540100098, q_loss 12.745270729064941, v_loss 2.2945940494537354 ,lr 0.001
INFO:root:epoch 3, Episode 372, total_loss: 15.021049499511719, q_loss 12.732040405273438, v_loss 2.2890093326568604 ,lr 0.001
INFO:root:epoch 3, Episode 373, total_loss: 15.002374649047852, q_loss 12.717863082885742, v_loss 2.284511089324951 ,lr 0.001
INFO:root:epoch 3, Episode 374, total_loss: 14.985189437866211, q_loss 12.704989433288574, v_loss 2.2802000045776367 ,lr 0.001
INFO:root:epoch 3, Episode 375, total_loss: 14.96679973602295, q_loss 12.691946029663086, v_loss 2.2748539447784424 ,lr 0.001
INFO:root:epoch 3, Episode 376, total_loss: 14.948241233825684, q_loss 12.679607391357422, v_loss 2.268634080886841 ,lr 0.001
INFO:root:epoch 3, Episode 377, total_loss: 14.928961753845215, q_loss 12.665979385375977, v_loss 2.2629826068878174 ,lr 0.001
INFO:root:epoch 3, Episode 378, total_loss: 14.911324501037598, q_loss 12.654220581054688, v_loss 2.2571041584014893 ,lr 0.001
INFO:root:epoch 3, Episode 379, total_loss: 14.893552780151367, q_loss 12.641512870788574, v_loss 2.252039670944214 ,lr 0.001
INFO:root:epoch 3, Episode 380, total_loss: 14.876548767089844, q_loss 12.629624366760254, v_loss 2.246924638748169 ,lr 0.001
INFO:root:epoch 3, Episode 381, total_loss: 14.859485626220703, q_loss 12.616886138916016, v_loss 2.2425992488861084 ,lr 0.001
INFO:root:epoch 3, Episode 382, total_loss: 14.841691017150879, q_loss 12.604767799377441, v_loss 2.2369229793548584 ,lr 0.001
INFO:root:epoch 3, Episode 383, total_loss: 14.823282241821289, q_loss 12.590789794921875, v_loss 2.232491970062256 ,lr 0.001
INFO:root:epoch 3, Episode 384, total_loss: 14.804597854614258, q_loss 12.578128814697266, v_loss 2.2264692783355713 ,lr 0.001
INFO:root:epoch 3, Episode 385, total_loss: 14.789411544799805, q_loss 12.567164421081543, v_loss 2.222247362136841 ,lr 0.001
INFO:root:epoch 3, Episode 386, total_loss: 14.770922660827637, q_loss 12.554078102111816, v_loss 2.2168447971343994 ,lr 0.001
INFO:root:epoch 3, Episode 387, total_loss: 14.754987716674805, q_loss 12.54274845123291, v_loss 2.2122395038604736 ,lr 0.001
INFO:root:epoch 3, Episode 388, total_loss: 14.736833572387695, q_loss 12.529535293579102, v_loss 2.2072980403900146 ,lr 0.001
INFO:root:epoch 3, Episode 389, total_loss: 14.720426559448242, q_loss 12.518108367919922, v_loss 2.2023181915283203 ,lr 0.001
INFO:root:epoch 3, Episode 390, total_loss: 14.70298957824707, q_loss 12.505908966064453, v_loss 2.197080373764038 ,lr 0.001
INFO:root:epoch 3, Episode 391, total_loss: 14.686929702758789, q_loss 12.494685173034668, v_loss 2.192244052886963 ,lr 0.001
INFO:root:epoch 3, Episode 392, total_loss: 14.66954517364502, q_loss 12.482088088989258, v_loss 2.187457323074341 ,lr 0.001
INFO:root:epoch 3, Episode 393, total_loss: 14.653915405273438, q_loss 12.471046447753906, v_loss 2.182868719100952 ,lr 0.001
INFO:root:epoch 3, Episode 394, total_loss: 14.636102676391602, q_loss 12.457829475402832, v_loss 2.1782734394073486 ,lr 0.001
INFO:root:epoch 3, Episode 395, total_loss: 14.620111465454102, q_loss 12.446501731872559, v_loss 2.1736092567443848 ,lr 0.001
INFO:root:epoch 3, Episode 396, total_loss: 14.602407455444336, q_loss 12.433967590332031, v_loss 2.168440103530884 ,lr 0.001
INFO:root:epoch 3, Episode 397, total_loss: 14.586575508117676, q_loss 12.422714233398438, v_loss 2.163861036300659 ,lr 0.001
INFO:root:epoch 3, Episode 398, total_loss: 14.56965446472168, q_loss 12.4102783203125, v_loss 2.159376621246338 ,lr 0.001
INFO:root:epoch 3, Episode 399, total_loss: 14.554384231567383, q_loss 12.399519920349121, v_loss 2.1548643112182617 ,lr 0.001
INFO:root:epoch 3, Episode 400, total_loss: 14.53630256652832, q_loss 12.385981559753418, v_loss 2.1503212451934814 ,lr 0.001
INFO:root:epoch 3, Episode 401, total_loss: 14.520451545715332, q_loss 12.374878883361816, v_loss 2.1455726623535156 ,lr 0.001
INFO:root:epoch 3, Episode 402, total_loss: 14.502346992492676, q_loss 12.362330436706543, v_loss 2.1400163173675537 ,lr 0.001
INFO:root:epoch 3, Episode 403, total_loss: 14.486352920532227, q_loss 12.35092544555664, v_loss 2.135427951812744 ,lr 0.001
INFO:root:epoch 3, Episode 404, total_loss: 14.469415664672852, q_loss 12.338836669921875, v_loss 2.1305787563323975 ,lr 0.001
INFO:root:epoch 3, Episode 405, total_loss: 14.453115463256836, q_loss 12.32736873626709, v_loss 2.1257472038269043 ,lr 0.001
INFO:root:epoch 3, Episode 406, total_loss: 14.436853408813477, q_loss 12.315181732177734, v_loss 2.1216719150543213 ,lr 0.001
INFO:root:epoch 3, Episode 407, total_loss: 14.420816421508789, q_loss 12.303863525390625, v_loss 2.116952896118164 ,lr 0.001
INFO:root:epoch 3, Episode 408, total_loss: 14.404019355773926, q_loss 12.291319847106934, v_loss 2.112699270248413 ,lr 0.001
INFO:root:epoch 3, Episode 409, total_loss: 14.388031005859375, q_loss 12.28048038482666, v_loss 2.1075501441955566 ,lr 0.001
INFO:root:epoch 3, Episode 410, total_loss: 14.37293815612793, q_loss 12.26979923248291, v_loss 2.1031386852264404 ,lr 0.001
INFO:root:epoch 3, Episode 411, total_loss: 14.356173515319824, q_loss 12.25790023803711, v_loss 2.098273515701294 ,lr 0.001
INFO:root:epoch 3, Episode 412, total_loss: 14.339737892150879, q_loss 12.246384620666504, v_loss 2.093353509902954 ,lr 0.001
INFO:root:epoch 3, Episode 413, total_loss: 14.321946144104004, q_loss 12.23346996307373, v_loss 2.0884759426116943 ,lr 0.001
INFO:root:epoch 3, Episode 414, total_loss: 14.306390762329102, q_loss 12.222756385803223, v_loss 2.083634376525879 ,lr 0.001
INFO:root:epoch 3, Episode 415, total_loss: 14.290842056274414, q_loss 12.210370063781738, v_loss 2.080472469329834 ,lr 0.001
INFO:root:epoch 3, Episode 416, total_loss: 14.275715827941895, q_loss 12.199357986450195, v_loss 2.0763580799102783 ,lr 0.001
INFO:root:epoch 3, Episode 417, total_loss: 14.258066177368164, q_loss 12.18685245513916, v_loss 2.071214199066162 ,lr 0.001
INFO:root:epoch 3, Episode 418, total_loss: 14.242247581481934, q_loss 12.175697326660156, v_loss 2.0665504932403564 ,lr 0.001
INFO:root:epoch 3, Episode 419, total_loss: 14.225937843322754, q_loss 12.163127899169922, v_loss 2.062810182571411 ,lr 0.001
INFO:root:epoch 3, Episode 420, total_loss: 14.210914611816406, q_loss 12.15231704711914, v_loss 2.058598041534424 ,lr 0.001
INFO:root:epoch 3, Episode 421, total_loss: 14.195446014404297, q_loss 12.141122817993164, v_loss 2.054323673248291 ,lr 0.001
INFO:root:epoch 3, Episode 422, total_loss: 14.178226470947266, q_loss 12.128946304321289, v_loss 2.0492799282073975 ,lr 0.001
INFO:root:epoch 3, Episode 423, total_loss: 14.164634704589844, q_loss 12.11862564086914, v_loss 2.046009063720703 ,lr 0.001
INFO:root:epoch 3, Episode 424, total_loss: 14.148395538330078, q_loss 12.106244087219238, v_loss 2.0421509742736816 ,lr 0.001
INFO:root:epoch 3, Episode 425, total_loss: 14.13334846496582, q_loss 12.095419883728027, v_loss 2.037928581237793 ,lr 0.001
INFO:root:epoch 3, Episode 426, total_loss: 14.115401268005371, q_loss 12.083365440368652, v_loss 2.0320355892181396 ,lr 0.001
INFO:root:epoch 3, Episode 427, total_loss: 14.101531028747559, q_loss 12.073190689086914, v_loss 2.0283401012420654 ,lr 0.001
INFO:root:epoch 3, Episode 428, total_loss: 14.086522102355957, q_loss 12.062556266784668, v_loss 2.023966073989868 ,lr 0.001
INFO:root:epoch 3, Episode 429, total_loss: 14.069182395935059, q_loss 12.050104141235352, v_loss 2.019078493118286 ,lr 0.001
INFO:root:epoch 3, Episode 430, total_loss: 14.05455207824707, q_loss 12.040032386779785, v_loss 2.014519453048706 ,lr 0.001
INFO:root:epoch 3, Episode 431, total_loss: 14.037628173828125, q_loss 12.026790618896484, v_loss 2.0108375549316406 ,lr 0.001
INFO:root:epoch 3, Episode 432, total_loss: 14.022659301757812, q_loss 12.016265869140625, v_loss 2.0063929557800293 ,lr 0.001
INFO:root:epoch 3, Episode 433, total_loss: 14.007072448730469, q_loss 12.004199981689453, v_loss 2.0028724670410156 ,lr 0.001
INFO:root:epoch 3, Episode 434, total_loss: 13.99079418182373, q_loss 11.993096351623535, v_loss 1.9976979494094849 ,lr 0.001
INFO:root:epoch 3, Episode 435, total_loss: 13.976398468017578, q_loss 11.982672691345215, v_loss 1.9937258958816528 ,lr 0.001
INFO:root:epoch 3, Episode 436, total_loss: 13.960240364074707, q_loss 11.97003173828125, v_loss 1.9902088642120361 ,lr 0.001
INFO:root:epoch 3, Episode 437, total_loss: 13.945027351379395, q_loss 11.95869255065918, v_loss 1.986335039138794 ,lr 0.001
INFO:root:epoch 3, Episode 438, total_loss: 13.930171012878418, q_loss 11.947552680969238, v_loss 1.982617974281311 ,lr 0.001
INFO:root:epoch 3, Episode 439, total_loss: 13.914679527282715, q_loss 11.936781883239746, v_loss 1.9778974056243896 ,lr 0.001
INFO:root:epoch 3, Episode 440, total_loss: 13.89931583404541, q_loss 11.926196098327637, v_loss 1.973119854927063 ,lr 0.001
INFO:root:epoch 3, Episode 441, total_loss: 13.882890701293945, q_loss 11.914393424987793, v_loss 1.9684969186782837 ,lr 0.001
INFO:root:epoch 3, Episode 442, total_loss: 13.868233680725098, q_loss 11.903709411621094, v_loss 1.9645241498947144 ,lr 0.001
INFO:root:epoch 3, Episode 443, total_loss: 13.851598739624023, q_loss 11.891596794128418, v_loss 1.9600014686584473 ,lr 0.001
INFO:root:epoch 3, Episode 444, total_loss: 13.838041305541992, q_loss 11.881205558776855, v_loss 1.9568352699279785 ,lr 0.001
INFO:root:epoch 3, Episode 445, total_loss: 13.823221206665039, q_loss 11.870916366577148, v_loss 1.952304720878601 ,lr 0.001
INFO:root:epoch 3, Episode 446, total_loss: 13.808290481567383, q_loss 11.859354972839355, v_loss 1.9489353895187378 ,lr 0.001
INFO:root:epoch 3, Episode 447, total_loss: 13.793216705322266, q_loss 11.8483304977417, v_loss 1.9448860883712769 ,lr 0.001
INFO:root:epoch 3, Episode 448, total_loss: 13.777647018432617, q_loss 11.837007522583008, v_loss 1.940639615058899 ,lr 0.001
INFO:root:epoch 3, Episode 449, total_loss: 13.764272689819336, q_loss 11.827287673950195, v_loss 1.9369847774505615 ,lr 0.001
INFO:root:epoch 3, Episode 450, total_loss: 13.748369216918945, q_loss 11.815963745117188, v_loss 1.932405948638916 ,lr 0.001
INFO:root:epoch 3, Episode 451, total_loss: 13.734342575073242, q_loss 11.805768013000488, v_loss 1.9285749197006226 ,lr 0.001
INFO:root:epoch 3, Episode 452, total_loss: 13.719292640686035, q_loss 11.795578956604004, v_loss 1.9237138032913208 ,lr 0.001
INFO:root:epoch 3, Episode 453, total_loss: 13.703323364257812, q_loss 11.783884048461914, v_loss 1.9194390773773193 ,lr 0.001
INFO:root:epoch 3, Episode 454, total_loss: 13.690305709838867, q_loss 11.773643493652344, v_loss 1.916662335395813 ,lr 0.001
INFO:root:epoch 3, Episode 455, total_loss: 13.675338745117188, q_loss 11.762635231018066, v_loss 1.912703514099121 ,lr 0.001
INFO:root:epoch 3, Episode 456, total_loss: 13.659196853637695, q_loss 11.75064468383789, v_loss 1.908551812171936 ,lr 0.001
INFO:root:epoch 4, Episode 0, total_loss: 1454.3101806640625, q_loss 1418.31494140625, v_loss 35.99523162841797 ,lr 0.00010000000000000002
INFO:root:epoch 4, Episode 1, total_loss: 1431.413818359375, q_loss 1396.4593505859375, v_loss 34.95452117919922 ,lr 0.00010000000000000002
INFO:root:epoch 4, Episode 2, total_loss: 1393.107666015625, q_loss 1358.7894287109375, v_loss 34.318214416503906 ,lr 0.00010000000000000002
INFO:root:epoch 4, Episode 3, total_loss: 1347.672119140625, q_loss 1311.955322265625, v_loss 35.71673583984375 ,lr 0.00010000000000000002
INFO:root:epoch 4, Episode 4, total_loss: 1300.1240234375, q_loss 1259.41064453125, v_loss 40.71340560913086 ,lr 0.00010000000000000002
INFO:root:epoch 4, Episode 5, total_loss: 1252.6951904296875, q_loss 1202.223876953125, v_loss 50.47135925292969 ,lr 0.00010000000000000002
INFO:root:epoch 4, Episode 6, total_loss: 1209.5618896484375, q_loss 1144.2183837890625, v_loss 65.34346008300781 ,lr 0.00010000000000000002
INFO:root:epoch 4, Episode 7, total_loss: 1170.3438720703125, q_loss 1084.8818359375, v_loss 85.46202087402344 ,lr 0.00010000000000000002
INFO:root:epoch 4, Episode 8, total_loss: 1138.1767578125, q_loss 1027.945556640625, v_loss 110.23114013671875 ,lr 0.00010000000000000002
INFO:root:epoch 4, Episode 9, total_loss: 1113.4559326171875, q_loss 974.7854614257812, v_loss 138.67050170898438 ,lr 0.00010000000000000002
INFO:root:epoch 4, Episode 10, total_loss: 1094.06005859375, q_loss 926.1124877929688, v_loss 167.947509765625 ,lr 0.00010000000000000002
INFO:root:epoch 4, Episode 11, total_loss: 1077.9281005859375, q_loss 882.3978271484375, v_loss 195.53030395507812 ,lr 0.00010000000000000002
INFO:root:epoch 4, Episode 12, total_loss: 1062.6348876953125, q_loss 842.3865966796875, v_loss 220.2482452392578 ,lr 0.00010000000000000002
INFO:root:epoch 4, Episode 13, total_loss: 1047.347900390625, q_loss 806.713623046875, v_loss 240.6343231201172 ,lr 0.00010000000000000002
INFO:root:epoch 4, Episode 14, total_loss: 1039.691162109375, q_loss 782.3067016601562, v_loss 257.384521484375 ,lr 0.00010000000000000002
INFO:root:epoch 4, Episode 15, total_loss: 1031.170166015625, q_loss 763.3201293945312, v_loss 267.85009765625 ,lr 0.00010000000000000002
INFO:root:epoch 4, Episode 16, total_loss: 1021.7028198242188, q_loss 747.8654174804688, v_loss 273.83740234375 ,lr 0.00010000000000000002
INFO:root:epoch 4, Episode 17, total_loss: 1011.675048828125, q_loss 737.669189453125, v_loss 274.0058288574219 ,lr 0.00010000000000000002
INFO:root:epoch 4, Episode 18, total_loss: 1001.4996337890625, q_loss 730.4227294921875, v_loss 271.076904296875 ,lr 0.00010000000000000002
INFO:root:epoch 4, Episode 19, total_loss: 990.8795166015625, q_loss 726.0293579101562, v_loss 264.85015869140625 ,lr 0.00010000000000000002
INFO:root:epoch 4, Episode 20, total_loss: 980.81689453125, q_loss 723.4957275390625, v_loss 257.3211975097656 ,lr 0.00010000000000000002
INFO:root:epoch 4, Episode 21, total_loss: 971.4765014648438, q_loss 723.1434326171875, v_loss 248.3330535888672 ,lr 0.00010000000000000002
INFO:root:epoch 4, Episode 22, total_loss: 963.5386962890625, q_loss 724.2919311523438, v_loss 239.24673461914062 ,lr 0.00010000000000000002
INFO:root:epoch 4, Episode 23, total_loss: 957.236328125, q_loss 726.4664916992188, v_loss 230.7698211669922 ,lr 0.00010000000000000002
INFO:root:epoch 4, Episode 24, total_loss: 952.5797119140625, q_loss 729.2044067382812, v_loss 223.3752899169922 ,lr 0.00010000000000000002
INFO:root:epoch 4, Episode 25, total_loss: 949.5401611328125, q_loss 732.0989379882812, v_loss 217.4412078857422 ,lr 0.00010000000000000002
INFO:root:epoch 4, Episode 26, total_loss: 947.5924072265625, q_loss 734.3535766601562, v_loss 213.2388458251953 ,lr 0.00010000000000000002
INFO:root:epoch 4, Episode 27, total_loss: 946.5704345703125, q_loss 736.931396484375, v_loss 209.63905334472656 ,lr 0.00010000000000000002
INFO:root:epoch 4, Episode 28, total_loss: 946.0396728515625, q_loss 738.5875244140625, v_loss 207.45211791992188 ,lr 0.00010000000000000002
INFO:root:epoch 4, Episode 29, total_loss: 945.6358032226562, q_loss 738.9835815429688, v_loss 206.65223693847656 ,lr 0.00010000000000000002
INFO:root:epoch 4, Episode 30, total_loss: 945.123291015625, q_loss 738.0797729492188, v_loss 207.04348754882812 ,lr 0.00010000000000000002
INFO:root:epoch 4, Episode 31, total_loss: 944.5572509765625, q_loss 736.787841796875, v_loss 207.76937866210938 ,lr 0.00010000000000000002
INFO:root:epoch 4, Episode 32, total_loss: 943.8084716796875, q_loss 734.668212890625, v_loss 209.14027404785156 ,lr 0.00010000000000000002
INFO:root:epoch 4, Episode 33, total_loss: 942.6998291015625, q_loss 730.9879760742188, v_loss 211.71185302734375 ,lr 0.00010000000000000002
INFO:root:epoch 4, Episode 34, total_loss: 941.4825439453125, q_loss 727.2255249023438, v_loss 214.25698852539062 ,lr 0.00010000000000000002
INFO:root:epoch 4, Episode 35, total_loss: 940.1123657226562, q_loss 722.5787963867188, v_loss 217.53358459472656 ,lr 0.00010000000000000002
INFO:root:epoch 4, Episode 36, total_loss: 938.818115234375, q_loss 718.3357543945312, v_loss 220.4823760986328 ,lr 0.00010000000000000002
INFO:root:epoch 4, Episode 37, total_loss: 937.5137939453125, q_loss 713.0812377929688, v_loss 224.4325714111328 ,lr 0.00010000000000000002
INFO:root:epoch 4, Episode 38, total_loss: 936.4048461914062, q_loss 708.9387817382812, v_loss 227.46607971191406 ,lr 0.00010000000000000002
INFO:root:epoch 4, Episode 39, total_loss: 935.4382934570312, q_loss 704.2638549804688, v_loss 231.17445373535156 ,lr 0.00010000000000000002
INFO:root:epoch 4, Episode 40, total_loss: 934.583251953125, q_loss 700.2468872070312, v_loss 234.33633422851562 ,lr 0.00010000000000000002
INFO:root:epoch 4, Episode 41, total_loss: 933.8113403320312, q_loss 696.493408203125, v_loss 237.3179168701172 ,lr 0.00010000000000000002
INFO:root:epoch 4, Episode 42, total_loss: 933.181396484375, q_loss 693.4240112304688, v_loss 239.75735473632812 ,lr 0.00010000000000000002
INFO:root:epoch 4, Episode 43, total_loss: 932.6156005859375, q_loss 690.5801391601562, v_loss 242.0354461669922 ,lr 0.00010000000000000002
INFO:root:epoch 4, Episode 44, total_loss: 932.0595703125, q_loss 688.4713745117188, v_loss 243.5882110595703 ,lr 0.00010000000000000002
INFO:root:epoch 4, Episode 45, total_loss: 931.4573364257812, q_loss 687.1070556640625, v_loss 244.3502960205078 ,lr 0.00010000000000000002
INFO:root:epoch 4, Episode 46, total_loss: 930.83203125, q_loss 686.1401977539062, v_loss 244.69186401367188 ,lr 0.00010000000000000002
INFO:root:epoch 4, Episode 47, total_loss: 930.11083984375, q_loss 685.8746948242188, v_loss 244.2361297607422 ,lr 0.00010000000000000002
INFO:root:epoch 4, Episode 48, total_loss: 929.36083984375, q_loss 686.011962890625, v_loss 243.348876953125 ,lr 0.00010000000000000002
INFO:root:epoch 4, Episode 49, total_loss: 928.5303344726562, q_loss 686.4494018554688, v_loss 242.08094787597656 ,lr 0.00010000000000000002
INFO:root:epoch 4, Episode 50, total_loss: 927.6639404296875, q_loss 687.4400634765625, v_loss 240.223876953125 ,lr 0.00010000000000000002
INFO:root:epoch 4, Episode 51, total_loss: 926.7282104492188, q_loss 688.8194580078125, v_loss 237.9087371826172 ,lr 0.00010000000000000002
INFO:root:epoch 4, Episode 52, total_loss: 925.8193969726562, q_loss 690.6902465820312, v_loss 235.129150390625 ,lr 0.00010000000000000002
INFO:root:epoch 4, Episode 53, total_loss: 924.97802734375, q_loss 692.2601928710938, v_loss 232.71786499023438 ,lr 0.00010000000000000002
INFO:root:epoch 4, Episode 54, total_loss: 924.18798828125, q_loss 694.0283813476562, v_loss 230.1595916748047 ,lr 0.00010000000000000002
INFO:root:epoch 4, Episode 55, total_loss: 923.391845703125, q_loss 696.1502075195312, v_loss 227.2416229248047 ,lr 0.00010000000000000002
INFO:root:epoch 4, Episode 56, total_loss: 922.6943359375, q_loss 697.5904541015625, v_loss 225.1038818359375 ,lr 0.00010000000000000002
INFO:root:epoch 4, Episode 57, total_loss: 922.004638671875, q_loss 699.6141967773438, v_loss 222.39041137695312 ,lr 0.00010000000000000002
INFO:root:epoch 4, Episode 58, total_loss: 921.3353271484375, q_loss 700.9915161132812, v_loss 220.34381103515625 ,lr 0.00010000000000000002
INFO:root:epoch 4, Episode 59, total_loss: 920.725341796875, q_loss 702.7513427734375, v_loss 217.97396850585938 ,lr 0.00010000000000000002
INFO:root:epoch 4, Episode 60, total_loss: 920.1209106445312, q_loss 703.8404541015625, v_loss 216.2804718017578 ,lr 0.00010000000000000002
INFO:root:epoch 4, Episode 61, total_loss: 919.5282592773438, q_loss 705.0928955078125, v_loss 214.43536376953125 ,lr 0.00010000000000000002
INFO:root:epoch 4, Episode 62, total_loss: 919.0487670898438, q_loss 706.3577270507812, v_loss 212.69102478027344 ,lr 0.00010000000000000002
INFO:root:epoch 4, Episode 63, total_loss: 918.56787109375, q_loss 707.0280151367188, v_loss 211.5398712158203 ,lr 0.00010000000000000002
INFO:root:epoch 4, Episode 64, total_loss: 918.1123657226562, q_loss 708.1116333007812, v_loss 210.00074768066406 ,lr 0.00010000000000000002
INFO:root:epoch 4, Episode 65, total_loss: 917.6268310546875, q_loss 708.116455078125, v_loss 209.51040649414062 ,lr 0.00010000000000000002
INFO:root:epoch 4, Episode 66, total_loss: 917.1571044921875, q_loss 708.3915405273438, v_loss 208.76553344726562 ,lr 0.00010000000000000002
INFO:root:epoch 4, Episode 67, total_loss: 916.6962890625, q_loss 708.3702392578125, v_loss 208.32603454589844 ,lr 0.00010000000000000002
INFO:root:epoch 4, Episode 68, total_loss: 916.2210693359375, q_loss 708.3278198242188, v_loss 207.8932342529297 ,lr 0.00010000000000000002
INFO:root:epoch 4, Episode 69, total_loss: 915.7830200195312, q_loss 708.068115234375, v_loss 207.71490478515625 ,lr 0.00010000000000000002
INFO:root:epoch 4, Episode 70, total_loss: 915.3455810546875, q_loss 707.8810424804688, v_loss 207.4645538330078 ,lr 0.00010000000000000002
INFO:root:epoch 4, Episode 71, total_loss: 914.9282836914062, q_loss 707.5632934570312, v_loss 207.36497497558594 ,lr 0.00010000000000000002
INFO:root:epoch 4, Episode 72, total_loss: 914.5084228515625, q_loss 707.0375366210938, v_loss 207.47085571289062 ,lr 0.00010000000000000002
INFO:root:epoch 4, Episode 73, total_loss: 914.107177734375, q_loss 706.9295043945312, v_loss 207.17770385742188 ,lr 0.00010000000000000002
INFO:root:epoch 4, Episode 74, total_loss: 913.7017211914062, q_loss 706.432861328125, v_loss 207.2688446044922 ,lr 0.00010000000000000002
INFO:root:epoch 4, Episode 75, total_loss: 913.3229370117188, q_loss 705.9129028320312, v_loss 207.41001892089844 ,lr 0.00010000000000000002
INFO:root:epoch 4, Episode 76, total_loss: 912.9309692382812, q_loss 706.0519409179688, v_loss 206.87901306152344 ,lr 0.00010000000000000002
INFO:root:epoch 4, Episode 77, total_loss: 912.55078125, q_loss 705.8565063476562, v_loss 206.69427490234375 ,lr 0.00010000000000000002
INFO:root:epoch 4, Episode 78, total_loss: 912.1795654296875, q_loss 705.1473388671875, v_loss 207.03224182128906 ,lr 0.00010000000000000002
INFO:root:epoch 4, Episode 79, total_loss: 911.7845458984375, q_loss 705.4805908203125, v_loss 206.30393981933594 ,lr 0.00010000000000000002
INFO:root:epoch 4, Episode 80, total_loss: 911.40380859375, q_loss 705.204833984375, v_loss 206.19898986816406 ,lr 0.00010000000000000002
INFO:root:epoch 4, Episode 81, total_loss: 911.0213012695312, q_loss 705.3231201171875, v_loss 205.6981658935547 ,lr 0.00010000000000000002
INFO:root:epoch 4, Episode 82, total_loss: 910.62939453125, q_loss 706.0535278320312, v_loss 204.5758819580078 ,lr 0.00010000000000000002
INFO:root:epoch 4, Episode 83, total_loss: 910.2539672851562, q_loss 706.2428588867188, v_loss 204.01109313964844 ,lr 0.00010000000000000002
INFO:root:epoch 4, Episode 84, total_loss: 909.8796997070312, q_loss 706.1154174804688, v_loss 203.76426696777344 ,lr 0.00010000000000000002
INFO:root:epoch 4, Episode 85, total_loss: 909.5068969726562, q_loss 706.2506103515625, v_loss 203.2562713623047 ,lr 0.00010000000000000002
INFO:root:epoch 4, Episode 86, total_loss: 909.1371459960938, q_loss 706.6473388671875, v_loss 202.4897918701172 ,lr 0.00010000000000000002
INFO:root:epoch 4, Episode 87, total_loss: 908.77001953125, q_loss 706.615966796875, v_loss 202.15402221679688 ,lr 0.00010000000000000002
INFO:root:epoch 4, Episode 88, total_loss: 908.4155883789062, q_loss 706.6569213867188, v_loss 201.75865173339844 ,lr 0.00010000000000000002
INFO:root:epoch 4, Episode 89, total_loss: 908.0523681640625, q_loss 707.0111694335938, v_loss 201.04116821289062 ,lr 0.00010000000000000002
INFO:root:epoch 4, Episode 90, total_loss: 907.7034912109375, q_loss 707.1461791992188, v_loss 200.5573272705078 ,lr 0.00010000000000000002
INFO:root:epoch 4, Episode 91, total_loss: 907.346923828125, q_loss 706.8928833007812, v_loss 200.4540252685547 ,lr 0.00010000000000000002
INFO:root:epoch 4, Episode 92, total_loss: 907.0008544921875, q_loss 706.9020385742188, v_loss 200.09878540039062 ,lr 0.00010000000000000002
INFO:root:epoch 4, Episode 93, total_loss: 906.660400390625, q_loss 707.1699829101562, v_loss 199.49038696289062 ,lr 0.00010000000000000002
INFO:root:epoch 4, Episode 94, total_loss: 906.3157958984375, q_loss 706.787353515625, v_loss 199.52845764160156 ,lr 0.00010000000000000002
INFO:root:epoch 4, Episode 95, total_loss: 905.9755859375, q_loss 706.3931884765625, v_loss 199.58238220214844 ,lr 0.00010000000000000002
INFO:root:epoch 4, Episode 96, total_loss: 905.6455078125, q_loss 706.2591552734375, v_loss 199.38632202148438 ,lr 0.00010000000000000002
INFO:root:epoch 4, Episode 97, total_loss: 905.30859375, q_loss 705.984130859375, v_loss 199.32443237304688 ,lr 0.00010000000000000002
INFO:root:epoch 4, Episode 98, total_loss: 904.98388671875, q_loss 705.8931884765625, v_loss 199.09068298339844 ,lr 0.00010000000000000002
INFO:root:epoch 4, Episode 99, total_loss: 904.6516723632812, q_loss 705.7037353515625, v_loss 198.9479522705078 ,lr 0.00010000000000000002
INFO:root:epoch 4, Episode 100, total_loss: 904.3211059570312, q_loss 705.5731201171875, v_loss 198.7480010986328 ,lr 0.00010000000000000002
INFO:root:epoch 4, Episode 101, total_loss: 903.9968872070312, q_loss 705.4133911132812, v_loss 198.58351135253906 ,lr 0.00010000000000000002
INFO:root:epoch 4, Episode 102, total_loss: 903.6778564453125, q_loss 705.1068725585938, v_loss 198.57098388671875 ,lr 0.00010000000000000002
INFO:root:epoch 4, Episode 103, total_loss: 903.3626098632812, q_loss 704.983154296875, v_loss 198.3794403076172 ,lr 0.00010000000000000002
INFO:root:epoch 4, Episode 104, total_loss: 903.06298828125, q_loss 704.6187744140625, v_loss 198.44424438476562 ,lr 0.00010000000000000002
INFO:root:epoch 4, Episode 105, total_loss: 902.7744750976562, q_loss 704.4874267578125, v_loss 198.2870635986328 ,lr 0.00010000000000000002
INFO:root:epoch 4, Episode 106, total_loss: 902.484619140625, q_loss 704.0112915039062, v_loss 198.4733428955078 ,lr 0.00010000000000000002
INFO:root:epoch 4, Episode 107, total_loss: 902.1854248046875, q_loss 703.6695556640625, v_loss 198.51585388183594 ,lr 0.00010000000000000002
INFO:root:epoch 4, Episode 108, total_loss: 901.8935546875, q_loss 703.4872436523438, v_loss 198.4063262939453 ,lr 0.00010000000000000002
INFO:root:epoch 4, Episode 109, total_loss: 901.6048583984375, q_loss 703.1016845703125, v_loss 198.50320434570312 ,lr 0.00010000000000000002
INFO:root:epoch 4, Episode 110, total_loss: 901.3202514648438, q_loss 702.9329833984375, v_loss 198.3872528076172 ,lr 0.00010000000000000002
INFO:root:epoch 4, Episode 111, total_loss: 901.0311889648438, q_loss 702.5331420898438, v_loss 198.49806213378906 ,lr 0.00010000000000000002
INFO:root:epoch 4, Episode 112, total_loss: 900.7582397460938, q_loss 702.3998413085938, v_loss 198.35838317871094 ,lr 0.00010000000000000002
INFO:root:epoch 4, Episode 113, total_loss: 900.5059814453125, q_loss 702.3007202148438, v_loss 198.2052459716797 ,lr 0.00010000000000000002
INFO:root:epoch 4, Episode 114, total_loss: 900.2509765625, q_loss 701.9735107421875, v_loss 198.27743530273438 ,lr 0.00010000000000000002
INFO:root:epoch 4, Episode 115, total_loss: 899.9931030273438, q_loss 701.8228759765625, v_loss 198.1702423095703 ,lr 0.00010000000000000002
INFO:root:epoch 4, Episode 116, total_loss: 899.729736328125, q_loss 701.4441528320312, v_loss 198.28561401367188 ,lr 0.00010000000000000002
INFO:root:epoch 4, Episode 117, total_loss: 899.4864501953125, q_loss 701.2010498046875, v_loss 198.28543090820312 ,lr 0.00010000000000000002
INFO:root:epoch 4, Episode 118, total_loss: 899.239013671875, q_loss 701.3065185546875, v_loss 197.93246459960938 ,lr 0.00010000000000000002
INFO:root:epoch 4, Episode 119, total_loss: 898.9912719726562, q_loss 701.408447265625, v_loss 197.5828094482422 ,lr 0.00010000000000000002
INFO:root:epoch 4, Episode 120, total_loss: 898.737060546875, q_loss 701.5608520507812, v_loss 197.1761932373047 ,lr 0.00010000000000000002
INFO:root:epoch 4, Episode 121, total_loss: 898.488525390625, q_loss 701.7249755859375, v_loss 196.76358032226562 ,lr 0.00010000000000000002
INFO:root:epoch 4, Episode 122, total_loss: 898.2445068359375, q_loss 701.889892578125, v_loss 196.35464477539062 ,lr 0.00010000000000000002
INFO:root:epoch 4, Episode 123, total_loss: 898.0069580078125, q_loss 702.1542358398438, v_loss 195.85269165039062 ,lr 0.00010000000000000002
INFO:root:epoch 4, Episode 124, total_loss: 897.78076171875, q_loss 702.3651123046875, v_loss 195.41566467285156 ,lr 0.00010000000000000002
INFO:root:epoch 4, Episode 125, total_loss: 897.5474853515625, q_loss 702.2688598632812, v_loss 195.27862548828125 ,lr 0.00010000000000000002
INFO:root:epoch 4, Episode 126, total_loss: 897.322265625, q_loss 702.3591918945312, v_loss 194.9630889892578 ,lr 0.00010000000000000002
INFO:root:epoch 4, Episode 127, total_loss: 897.0926513671875, q_loss 702.4146728515625, v_loss 194.67800903320312 ,lr 0.00010000000000000002
INFO:root:epoch 4, Episode 128, total_loss: 896.871826171875, q_loss 702.4771728515625, v_loss 194.39463806152344 ,lr 0.00010000000000000002
INFO:root:epoch 4, Episode 129, total_loss: 896.654296875, q_loss 702.3651123046875, v_loss 194.28915405273438 ,lr 0.00010000000000000002
INFO:root:epoch 4, Episode 130, total_loss: 896.43408203125, q_loss 702.4494018554688, v_loss 193.9846954345703 ,lr 0.00010000000000000002
INFO:root:epoch 4, Episode 131, total_loss: 896.2150268554688, q_loss 702.7457275390625, v_loss 193.4693145751953 ,lr 0.00010000000000000002
INFO:root:epoch 4, Episode 132, total_loss: 895.988037109375, q_loss 702.7664794921875, v_loss 193.22152709960938 ,lr 0.00010000000000000002
INFO:root:epoch 4, Episode 133, total_loss: 895.7726440429688, q_loss 702.7940063476562, v_loss 192.97862243652344 ,lr 0.00010000000000000002
INFO:root:epoch 4, Episode 134, total_loss: 895.550537109375, q_loss 702.5631713867188, v_loss 192.98739624023438 ,lr 0.00010000000000000002
INFO:root:epoch 4, Episode 135, total_loss: 895.3311157226562, q_loss 702.4945068359375, v_loss 192.8366241455078 ,lr 0.00010000000000000002
INFO:root:epoch 4, Episode 136, total_loss: 895.115234375, q_loss 702.3491821289062, v_loss 192.7660675048828 ,lr 0.00010000000000000002
INFO:root:epoch 4, Episode 137, total_loss: 894.9031372070312, q_loss 701.920166015625, v_loss 192.9829559326172 ,lr 0.00010000000000000002
INFO:root:epoch 4, Episode 138, total_loss: 894.693115234375, q_loss 701.6306762695312, v_loss 193.06246948242188 ,lr 0.00010000000000000002
INFO:root:epoch 4, Episode 139, total_loss: 894.4852294921875, q_loss 701.6045532226562, v_loss 192.8806610107422 ,lr 0.00010000000000000002
INFO:root:epoch 4, Episode 140, total_loss: 894.272705078125, q_loss 701.6071166992188, v_loss 192.6656036376953 ,lr 0.00010000000000000002
INFO:root:epoch 4, Episode 141, total_loss: 894.05712890625, q_loss 701.6273803710938, v_loss 192.42977905273438 ,lr 0.00010000000000000002
INFO:root:epoch 4, Episode 142, total_loss: 893.846435546875, q_loss 701.6529541015625, v_loss 192.19346618652344 ,lr 0.00010000000000000002
INFO:root:epoch 4, Episode 143, total_loss: 893.631591796875, q_loss 701.4644775390625, v_loss 192.16714477539062 ,lr 0.00010000000000000002
INFO:root:epoch 4, Episode 144, total_loss: 893.4197998046875, q_loss 701.546630859375, v_loss 191.87318420410156 ,lr 0.00010000000000000002
INFO:root:epoch 4, Episode 145, total_loss: 893.2168579101562, q_loss 701.697509765625, v_loss 191.51934814453125 ,lr 0.00010000000000000002
INFO:root:epoch 4, Episode 146, total_loss: 893.0087890625, q_loss 701.7489013671875, v_loss 191.25985717773438 ,lr 0.00010000000000000002
INFO:root:epoch 4, Episode 147, total_loss: 892.8004760742188, q_loss 701.7081298828125, v_loss 191.0923309326172 ,lr 0.00010000000000000002
INFO:root:epoch 4, Episode 148, total_loss: 892.5916748046875, q_loss 701.6536254882812, v_loss 190.93807983398438 ,lr 0.00010000000000000002
INFO:root:epoch 4, Episode 149, total_loss: 892.3817749023438, q_loss 701.445556640625, v_loss 190.9362030029297 ,lr 0.00010000000000000002
INFO:root:epoch 4, Episode 150, total_loss: 892.1806640625, q_loss 701.4584350585938, v_loss 190.72222900390625 ,lr 0.00010000000000000002
INFO:root:epoch 4, Episode 151, total_loss: 891.9732055664062, q_loss 701.4782104492188, v_loss 190.49501037597656 ,lr 0.00010000000000000002
INFO:root:epoch 4, Episode 152, total_loss: 891.7674560546875, q_loss 701.5525512695312, v_loss 190.2149200439453 ,lr 0.00010000000000000002
INFO:root:epoch 4, Episode 153, total_loss: 891.5693359375, q_loss 701.7332763671875, v_loss 189.83609008789062 ,lr 0.00010000000000000002
INFO:root:epoch 4, Episode 154, total_loss: 891.374267578125, q_loss 701.7879028320312, v_loss 189.5863800048828 ,lr 0.00010000000000000002
INFO:root:epoch 4, Episode 155, total_loss: 891.1690063476562, q_loss 701.7485961914062, v_loss 189.42042541503906 ,lr 0.00010000000000000002
INFO:root:epoch 4, Episode 156, total_loss: 890.963623046875, q_loss 701.5764770507812, v_loss 189.38714599609375 ,lr 0.00010000000000000002
INFO:root:epoch 4, Episode 157, total_loss: 890.76220703125, q_loss 701.2893676757812, v_loss 189.4728546142578 ,lr 0.00010000000000000002
INFO:root:epoch 4, Episode 158, total_loss: 890.5606689453125, q_loss 701.357177734375, v_loss 189.20346069335938 ,lr 0.00010000000000000002
INFO:root:epoch 4, Episode 159, total_loss: 890.3627319335938, q_loss 701.3895263671875, v_loss 188.97320556640625 ,lr 0.00010000000000000002
INFO:root:epoch 4, Episode 160, total_loss: 890.1648559570312, q_loss 701.4503173828125, v_loss 188.7145233154297 ,lr 0.00010000000000000002
INFO:root:epoch 4, Episode 161, total_loss: 889.966552734375, q_loss 701.5187377929688, v_loss 188.4478302001953 ,lr 0.00010000000000000002
INFO:root:epoch 4, Episode 162, total_loss: 889.7726440429688, q_loss 701.5919189453125, v_loss 188.1807098388672 ,lr 0.00010000000000000002
INFO:root:epoch 4, Episode 163, total_loss: 889.5732421875, q_loss 701.4283447265625, v_loss 188.14486694335938 ,lr 0.00010000000000000002
INFO:root:epoch 4, Episode 164, total_loss: 889.3778686523438, q_loss 701.468994140625, v_loss 187.9088897705078 ,lr 0.00010000000000000002
INFO:root:epoch 4, Episode 165, total_loss: 889.1858520507812, q_loss 701.5082397460938, v_loss 187.67759704589844 ,lr 0.00010000000000000002
INFO:root:epoch 4, Episode 166, total_loss: 888.9949340820312, q_loss 701.4417114257812, v_loss 187.55320739746094 ,lr 0.00010000000000000002
INFO:root:epoch 4, Episode 167, total_loss: 888.7981567382812, q_loss 701.4339599609375, v_loss 187.3642120361328 ,lr 0.00010000000000000002
INFO:root:epoch 4, Episode 168, total_loss: 888.6046142578125, q_loss 701.475341796875, v_loss 187.12930297851562 ,lr 0.00010000000000000002
INFO:root:epoch 4, Episode 169, total_loss: 888.4107666015625, q_loss 701.2321166992188, v_loss 187.1786346435547 ,lr 0.00010000000000000002
INFO:root:epoch 4, Episode 170, total_loss: 888.2200317382812, q_loss 701.2742919921875, v_loss 186.9457244873047 ,lr 0.00010000000000000002
INFO:root:epoch 4, Episode 171, total_loss: 888.0350341796875, q_loss 701.2977294921875, v_loss 186.73728942871094 ,lr 0.00010000000000000002
INFO:root:epoch 4, Episode 172, total_loss: 887.8430786132812, q_loss 701.2387084960938, v_loss 186.60435485839844 ,lr 0.00010000000000000002
INFO:root:epoch 4, Episode 173, total_loss: 887.6546630859375, q_loss 701.1732788085938, v_loss 186.48141479492188 ,lr 0.00010000000000000002
INFO:root:epoch 4, Episode 174, total_loss: 887.4681396484375, q_loss 701.1680908203125, v_loss 186.30006408691406 ,lr 0.00010000000000000002
INFO:root:epoch 4, Episode 175, total_loss: 887.2784423828125, q_loss 700.8385009765625, v_loss 186.43992614746094 ,lr 0.00010000000000000002
INFO:root:epoch 4, Episode 176, total_loss: 887.08837890625, q_loss 700.6051635742188, v_loss 186.4832305908203 ,lr 0.00010000000000000002
INFO:root:epoch 4, Episode 177, total_loss: 886.899169921875, q_loss 700.671630859375, v_loss 186.22752380371094 ,lr 0.00010000000000000002
INFO:root:epoch 4, Episode 178, total_loss: 886.7142333984375, q_loss 700.7420654296875, v_loss 185.97219848632812 ,lr 0.00010000000000000002
INFO:root:epoch 4, Episode 179, total_loss: 886.530029296875, q_loss 700.7957763671875, v_loss 185.73423767089844 ,lr 0.00010000000000000002
INFO:root:epoch 4, Episode 180, total_loss: 886.34130859375, q_loss 700.7860717773438, v_loss 185.55523681640625 ,lr 0.00010000000000000002
INFO:root:epoch 4, Episode 181, total_loss: 886.1487426757812, q_loss 700.7462768554688, v_loss 185.40248107910156 ,lr 0.00010000000000000002
INFO:root:epoch 4, Episode 182, total_loss: 885.96435546875, q_loss 700.3125610351562, v_loss 185.65182495117188 ,lr 0.00010000000000000002
INFO:root:epoch 4, Episode 183, total_loss: 885.7803955078125, q_loss 700.2586059570312, v_loss 185.52175903320312 ,lr 0.00010000000000000002
INFO:root:epoch 4, Episode 184, total_loss: 885.593505859375, q_loss 700.3184814453125, v_loss 185.27503967285156 ,lr 0.00010000000000000002
INFO:root:epoch 4, Episode 185, total_loss: 885.4066162109375, q_loss 700.3126831054688, v_loss 185.0939483642578 ,lr 0.00010000000000000002
INFO:root:epoch 4, Episode 186, total_loss: 885.2244873046875, q_loss 700.4324340820312, v_loss 184.79208374023438 ,lr 0.00010000000000000002
INFO:root:epoch 4, Episode 187, total_loss: 885.0443115234375, q_loss 700.5233154296875, v_loss 184.52101135253906 ,lr 0.00010000000000000002
INFO:root:epoch 4, Episode 188, total_loss: 884.8626708984375, q_loss 700.5861206054688, v_loss 184.27658081054688 ,lr 0.00010000000000000002
INFO:root:epoch 4, Episode 189, total_loss: 884.6829833984375, q_loss 700.6317749023438, v_loss 184.05120849609375 ,lr 0.00010000000000000002
INFO:root:epoch 4, Episode 190, total_loss: 884.5029296875, q_loss 700.5880126953125, v_loss 183.91494750976562 ,lr 0.00010000000000000002
INFO:root:epoch 4, Episode 191, total_loss: 884.3258056640625, q_loss 700.6233520507812, v_loss 183.7024383544922 ,lr 0.00010000000000000002
INFO:root:epoch 4, Episode 192, total_loss: 884.1441650390625, q_loss 700.0243530273438, v_loss 184.11984252929688 ,lr 0.00010000000000000002
INFO:root:epoch 4, Episode 193, total_loss: 883.9680786132812, q_loss 699.9218139648438, v_loss 184.04624938964844 ,lr 0.00010000000000000002
INFO:root:epoch 4, Episode 194, total_loss: 883.78857421875, q_loss 699.980224609375, v_loss 183.80833435058594 ,lr 0.00010000000000000002
INFO:root:epoch 4, Episode 195, total_loss: 883.6091918945312, q_loss 700.0606079101562, v_loss 183.54856872558594 ,lr 0.00010000000000000002
INFO:root:epoch 4, Episode 196, total_loss: 883.4286499023438, q_loss 700.1615600585938, v_loss 183.26710510253906 ,lr 0.00010000000000000002
INFO:root:epoch 4, Episode 197, total_loss: 883.25, q_loss 700.2714233398438, v_loss 182.97854614257812 ,lr 0.00010000000000000002
INFO:root:epoch 4, Episode 198, total_loss: 883.0731201171875, q_loss 700.3167724609375, v_loss 182.75636291503906 ,lr 0.00010000000000000002
INFO:root:epoch 4, Episode 199, total_loss: 882.8977661132812, q_loss 700.3890380859375, v_loss 182.5087127685547 ,lr 0.00010000000000000002
INFO:root:epoch 4, Episode 200, total_loss: 882.7191162109375, q_loss 700.4234619140625, v_loss 182.29562377929688 ,lr 0.00010000000000000002
INFO:root:epoch 4, Episode 201, total_loss: 882.5411376953125, q_loss 699.8619384765625, v_loss 182.67922973632812 ,lr 0.00010000000000000002
INFO:root:epoch 4, Episode 202, total_loss: 882.3616943359375, q_loss 699.8630981445312, v_loss 182.49859619140625 ,lr 0.00010000000000000002
INFO:root:epoch 4, Episode 203, total_loss: 882.1895751953125, q_loss 699.9381713867188, v_loss 182.25143432617188 ,lr 0.00010000000000000002
INFO:root:epoch 4, Episode 204, total_loss: 882.01513671875, q_loss 700.0014038085938, v_loss 182.0137481689453 ,lr 0.00010000000000000002
INFO:root:epoch 4, Episode 205, total_loss: 881.841064453125, q_loss 699.994384765625, v_loss 181.84671020507812 ,lr 0.00010000000000000002
INFO:root:epoch 4, Episode 206, total_loss: 881.6702880859375, q_loss 699.9905395507812, v_loss 181.67977905273438 ,lr 0.00010000000000000002
INFO:root:epoch 4, Episode 207, total_loss: 881.49951171875, q_loss 700.0208129882812, v_loss 181.4786834716797 ,lr 0.00010000000000000002
INFO:root:epoch 4, Episode 208, total_loss: 881.3302001953125, q_loss 699.5432739257812, v_loss 181.7869415283203 ,lr 0.00010000000000000002
INFO:root:epoch 4, Episode 209, total_loss: 881.1599731445312, q_loss 699.2985229492188, v_loss 181.86143493652344 ,lr 0.00010000000000000002
INFO:root:epoch 4, Episode 210, total_loss: 880.9891357421875, q_loss 699.3451538085938, v_loss 181.64395141601562 ,lr 0.00010000000000000002
INFO:root:epoch 4, Episode 211, total_loss: 880.8162231445312, q_loss 699.3380737304688, v_loss 181.47816467285156 ,lr 0.00010000000000000002
INFO:root:epoch 4, Episode 212, total_loss: 880.64501953125, q_loss 699.4346313476562, v_loss 181.2104034423828 ,lr 0.00010000000000000002
INFO:root:epoch 4, Episode 213, total_loss: 880.47705078125, q_loss 699.4672241210938, v_loss 181.0098419189453 ,lr 0.00010000000000000002
INFO:root:epoch 4, Episode 214, total_loss: 880.2974243164062, q_loss 699.1845092773438, v_loss 181.11289978027344 ,lr 0.00010000000000000002
INFO:root:epoch 4, Episode 215, total_loss: 880.12744140625, q_loss 699.1443481445312, v_loss 180.9830780029297 ,lr 0.00010000000000000002
INFO:root:epoch 4, Episode 216, total_loss: 879.9589233398438, q_loss 699.201416015625, v_loss 180.7575225830078 ,lr 0.00010000000000000002
INFO:root:epoch 4, Episode 217, total_loss: 879.794189453125, q_loss 699.2680053710938, v_loss 180.52618408203125 ,lr 0.00010000000000000002
INFO:root:epoch 4, Episode 218, total_loss: 879.6297607421875, q_loss 699.2367553710938, v_loss 180.3929901123047 ,lr 0.00010000000000000002
INFO:root:epoch 4, Episode 219, total_loss: 879.4624633789062, q_loss 699.2500610351562, v_loss 180.21238708496094 ,lr 0.00010000000000000002
INFO:root:epoch 4, Episode 220, total_loss: 879.294189453125, q_loss 699.2733154296875, v_loss 180.02090454101562 ,lr 0.00010000000000000002
INFO:root:epoch 4, Episode 221, total_loss: 879.1305541992188, q_loss 699.0496826171875, v_loss 180.08087158203125 ,lr 0.00010000000000000002
INFO:root:epoch 4, Episode 222, total_loss: 878.9619140625, q_loss 699.009521484375, v_loss 179.95240783691406 ,lr 0.00010000000000000002
INFO:root:epoch 4, Episode 223, total_loss: 878.797607421875, q_loss 699.0884399414062, v_loss 179.7091827392578 ,lr 0.00010000000000000002
INFO:root:epoch 4, Episode 224, total_loss: 878.636474609375, q_loss 699.1499633789062, v_loss 179.4864959716797 ,lr 0.00010000000000000002
INFO:root:epoch 4, Episode 225, total_loss: 878.4722900390625, q_loss 699.1448974609375, v_loss 179.32737731933594 ,lr 0.00010000000000000002
INFO:root:epoch 4, Episode 226, total_loss: 878.307373046875, q_loss 698.8198852539062, v_loss 179.4875030517578 ,lr 0.00010000000000000002
INFO:root:epoch 4, Episode 227, total_loss: 878.1473388671875, q_loss 698.4993896484375, v_loss 179.64791870117188 ,lr 0.00010000000000000002
INFO:root:epoch 4, Episode 228, total_loss: 877.983154296875, q_loss 698.4473266601562, v_loss 179.53582763671875 ,lr 0.00010000000000000002
INFO:root:epoch 4, Episode 229, total_loss: 877.8151245117188, q_loss 698.523681640625, v_loss 179.2914276123047 ,lr 0.00010000000000000002
INFO:root:epoch 4, Episode 230, total_loss: 877.6512451171875, q_loss 698.6360473632812, v_loss 179.0151824951172 ,lr 0.00010000000000000002
INFO:root:epoch 4, Episode 231, total_loss: 877.4900512695312, q_loss 698.757080078125, v_loss 178.7329864501953 ,lr 0.00010000000000000002
INFO:root:epoch 4, Episode 232, total_loss: 877.3313598632812, q_loss 698.8027954101562, v_loss 178.52854919433594 ,lr 0.00010000000000000002
INFO:root:epoch 4, Episode 233, total_loss: 877.173095703125, q_loss 698.8557739257812, v_loss 178.31735229492188 ,lr 0.00010000000000000002
INFO:root:epoch 4, Episode 234, total_loss: 877.0118408203125, q_loss 698.8908081054688, v_loss 178.12100219726562 ,lr 0.00010000000000000002
INFO:root:epoch 4, Episode 235, total_loss: 876.8524169921875, q_loss 698.8902587890625, v_loss 177.96212768554688 ,lr 0.00010000000000000002
INFO:root:epoch 4, Episode 236, total_loss: 876.7706298828125, q_loss 698.9310913085938, v_loss 177.8395538330078 ,lr 0.00010000000000000002
INFO:root:epoch 4, Episode 237, total_loss: 876.778564453125, q_loss 698.8804321289062, v_loss 177.89816284179688 ,lr 0.00010000000000000002
INFO:root:epoch 4, Episode 238, total_loss: 876.778076171875, q_loss 698.9642944335938, v_loss 177.8137664794922 ,lr 0.00010000000000000002
INFO:root:epoch 4, Episode 239, total_loss: 876.76708984375, q_loss 698.8501586914062, v_loss 177.91693115234375 ,lr 0.00010000000000000002
INFO:root:epoch 4, Episode 240, total_loss: 876.7467041015625, q_loss 698.946044921875, v_loss 177.80064392089844 ,lr 0.00010000000000000002
INFO:root:epoch 4, Episode 241, total_loss: 876.7173461914062, q_loss 698.9927368164062, v_loss 177.72459411621094 ,lr 0.00010000000000000002
INFO:root:epoch 4, Episode 242, total_loss: 876.6798095703125, q_loss 699.109619140625, v_loss 177.57017517089844 ,lr 0.00010000000000000002
INFO:root:epoch 4, Episode 243, total_loss: 876.638671875, q_loss 699.1680908203125, v_loss 177.47059631347656 ,lr 0.00010000000000000002
INFO:root:epoch 4, Episode 244, total_loss: 876.5935668945312, q_loss 699.2015991210938, v_loss 177.39198303222656 ,lr 0.00010000000000000002
INFO:root:epoch 4, Episode 245, total_loss: 876.539794921875, q_loss 698.9194946289062, v_loss 177.62033081054688 ,lr 0.00010000000000000002
INFO:root:epoch 4, Episode 246, total_loss: 876.4816284179688, q_loss 698.8345947265625, v_loss 177.6470489501953 ,lr 0.00010000000000000002
INFO:root:epoch 4, Episode 247, total_loss: 876.41552734375, q_loss 698.8240356445312, v_loss 177.59152221679688 ,lr 0.00010000000000000002
INFO:root:epoch 4, Episode 248, total_loss: 876.3433837890625, q_loss 698.5535278320312, v_loss 177.7898712158203 ,lr 0.00010000000000000002
INFO:root:epoch 4, Episode 249, total_loss: 876.2723388671875, q_loss 698.3369750976562, v_loss 177.93536376953125 ,lr 0.00010000000000000002
INFO:root:epoch 4, Episode 250, total_loss: 876.1961669921875, q_loss 698.2891235351562, v_loss 177.90701293945312 ,lr 0.00010000000000000002
INFO:root:epoch 4, Episode 251, total_loss: 876.12109375, q_loss 698.1624755859375, v_loss 177.95863342285156 ,lr 0.00010000000000000002
INFO:root:epoch 4, Episode 252, total_loss: 876.0445556640625, q_loss 698.170166015625, v_loss 177.87437438964844 ,lr 0.00010000000000000002
INFO:root:epoch 4, Episode 253, total_loss: 875.9645385742188, q_loss 698.0773315429688, v_loss 177.88722229003906 ,lr 0.00010000000000000002
INFO:root:epoch 4, Episode 254, total_loss: 875.8857421875, q_loss 698.0422973632812, v_loss 177.8434600830078 ,lr 0.00010000000000000002
INFO:root:epoch 4, Episode 255, total_loss: 875.8035888671875, q_loss 697.9036254882812, v_loss 177.89996337890625 ,lr 0.00010000000000000002
INFO:root:epoch 4, Episode 256, total_loss: 875.7169189453125, q_loss 697.6275024414062, v_loss 178.08938598632812 ,lr 0.00010000000000000002
INFO:root:epoch 4, Episode 257, total_loss: 875.70263671875, q_loss 697.6510009765625, v_loss 178.05165100097656 ,lr 0.00010000000000000002
INFO:root:epoch 4, Episode 258, total_loss: 875.6923217773438, q_loss 697.769775390625, v_loss 177.9225616455078 ,lr 0.00010000000000000002
INFO:root:epoch 4, Episode 259, total_loss: 875.6641845703125, q_loss 697.5227661132812, v_loss 178.14144897460938 ,lr 0.00010000000000000002
INFO:root:epoch 4, Episode 260, total_loss: 875.6220092773438, q_loss 697.2586669921875, v_loss 178.3633270263672 ,lr 0.00010000000000000002
INFO:root:epoch 4, Episode 261, total_loss: 875.5704345703125, q_loss 697.3416137695312, v_loss 178.22879028320312 ,lr 0.00010000000000000002
INFO:root:epoch 4, Episode 262, total_loss: 875.51171875, q_loss 697.3772583007812, v_loss 178.13446044921875 ,lr 0.00010000000000000002
INFO:root:epoch 4, Episode 263, total_loss: 875.4419555664062, q_loss 697.4420776367188, v_loss 177.99989318847656 ,lr 0.00010000000000000002
INFO:root:epoch 4, Episode 264, total_loss: 875.3649291992188, q_loss 697.434326171875, v_loss 177.9305877685547 ,lr 0.00010000000000000002
INFO:root:epoch 4, Episode 265, total_loss: 875.2705078125, q_loss 697.1021118164062, v_loss 178.1683807373047 ,lr 0.00010000000000000002
INFO:root:epoch 4, Episode 266, total_loss: 875.2388916015625, q_loss 697.1925659179688, v_loss 178.04632568359375 ,lr 0.00010000000000000002
INFO:root:epoch 4, Episode 267, total_loss: 875.2102661132812, q_loss 697.2509155273438, v_loss 177.95936584472656 ,lr 0.00010000000000000002
INFO:root:epoch 4, Episode 268, total_loss: 875.1783447265625, q_loss 697.3870849609375, v_loss 177.79122924804688 ,lr 0.00010000000000000002
INFO:root:epoch 4, Episode 269, total_loss: 875.1361083984375, q_loss 697.4276123046875, v_loss 177.70846557617188 ,lr 0.00010000000000000002
INFO:root:epoch 4, Episode 270, total_loss: 875.088623046875, q_loss 697.4049072265625, v_loss 177.68370056152344 ,lr 0.00010000000000000002
INFO:root:epoch 4, Episode 271, total_loss: 875.0366821289062, q_loss 697.4141235351562, v_loss 177.62254333496094 ,lr 0.00010000000000000002
INFO:root:epoch 4, Episode 272, total_loss: 874.980712890625, q_loss 697.1802368164062, v_loss 177.8004608154297 ,lr 0.00010000000000000002
INFO:root:epoch 4, Episode 273, total_loss: 874.9164428710938, q_loss 696.626708984375, v_loss 178.2897186279297 ,lr 0.00010000000000000002
INFO:root:epoch 4, Episode 274, total_loss: 874.85009765625, q_loss 696.5096435546875, v_loss 178.34046936035156 ,lr 0.00010000000000000002
INFO:root:epoch 4, Episode 275, total_loss: 874.7787475585938, q_loss 696.5387573242188, v_loss 178.24000549316406 ,lr 0.00010000000000000002
INFO:root:epoch 4, Episode 276, total_loss: 874.7644653320312, q_loss 696.6240844726562, v_loss 178.14036560058594 ,lr 0.00010000000000000002
INFO:root:epoch 4, Episode 277, total_loss: 874.7374267578125, q_loss 696.6963500976562, v_loss 178.0410614013672 ,lr 0.00010000000000000002
INFO:root:epoch 4, Episode 278, total_loss: 874.69775390625, q_loss 696.7755126953125, v_loss 177.92227172851562 ,lr 0.00010000000000000002
INFO:root:epoch 4, Episode 279, total_loss: 874.6385498046875, q_loss 696.7467651367188, v_loss 177.89175415039062 ,lr 0.00010000000000000002
INFO:root:epoch 4, Episode 280, total_loss: 874.57861328125, q_loss 696.7919311523438, v_loss 177.78665161132812 ,lr 0.00010000000000000002
INFO:root:epoch 4, Episode 281, total_loss: 874.5056762695312, q_loss 696.5457153320312, v_loss 177.95997619628906 ,lr 0.00010000000000000002
INFO:root:epoch 4, Episode 282, total_loss: 874.4664306640625, q_loss 696.6593017578125, v_loss 177.80715942382812 ,lr 0.00010000000000000002
INFO:root:epoch 4, Episode 283, total_loss: 874.4327392578125, q_loss 696.6366577148438, v_loss 177.79611206054688 ,lr 0.00010000000000000002
INFO:root:epoch 4, Episode 284, total_loss: 874.3937377929688, q_loss 696.726806640625, v_loss 177.66693115234375 ,lr 0.00010000000000000002
INFO:root:epoch 4, Episode 285, total_loss: 874.35107421875, q_loss 696.8493041992188, v_loss 177.5017547607422 ,lr 0.00010000000000000002
INFO:root:epoch 4, Episode 286, total_loss: 874.3052978515625, q_loss 696.8883056640625, v_loss 177.41696166992188 ,lr 0.00010000000000000002
INFO:root:epoch 4, Episode 287, total_loss: 874.2529907226562, q_loss 696.7484130859375, v_loss 177.50457763671875 ,lr 0.00010000000000000002
INFO:root:epoch 4, Episode 288, total_loss: 874.1856689453125, q_loss 696.3351440429688, v_loss 177.8505096435547 ,lr 0.00010000000000000002
INFO:root:epoch 4, Episode 289, total_loss: 874.1253662109375, q_loss 696.364990234375, v_loss 177.76034545898438 ,lr 0.00010000000000000002
INFO:root:epoch 4, Episode 290, total_loss: 874.0781860351562, q_loss 696.0802001953125, v_loss 177.9979705810547 ,lr 0.00010000000000000002
INFO:root:epoch 4, Episode 291, total_loss: 874.0467529296875, q_loss 696.155029296875, v_loss 177.89170837402344 ,lr 0.00010000000000000002
INFO:root:epoch 4, Episode 292, total_loss: 874.0006103515625, q_loss 696.1817016601562, v_loss 177.8189239501953 ,lr 0.00010000000000000002
INFO:root:epoch 4, Episode 293, total_loss: 873.9403076171875, q_loss 696.1019897460938, v_loss 177.8383331298828 ,lr 0.00010000000000000002
INFO:root:epoch 4, Episode 294, total_loss: 873.8829345703125, q_loss 696.1935424804688, v_loss 177.6893768310547 ,lr 0.00010000000000000002
INFO:root:epoch 4, Episode 295, total_loss: 873.84521484375, q_loss 696.2647705078125, v_loss 177.58042907714844 ,lr 0.00010000000000000002
INFO:root:epoch 4, Episode 296, total_loss: 873.802978515625, q_loss 696.3065185546875, v_loss 177.49649047851562 ,lr 0.00010000000000000002
INFO:root:epoch 4, Episode 297, total_loss: 873.75537109375, q_loss 696.2030029296875, v_loss 177.55233764648438 ,lr 0.00010000000000000002
INFO:root:epoch 4, Episode 298, total_loss: 873.6976928710938, q_loss 695.9924926757812, v_loss 177.70518493652344 ,lr 0.00010000000000000002
INFO:root:epoch 4, Episode 299, total_loss: 873.6646728515625, q_loss 695.754150390625, v_loss 177.91049194335938 ,lr 0.00010000000000000002
INFO:root:epoch 4, Episode 300, total_loss: 873.62646484375, q_loss 695.8219604492188, v_loss 177.8045196533203 ,lr 0.00010000000000000002
INFO:root:epoch 4, Episode 301, total_loss: 873.5706787109375, q_loss 695.7889404296875, v_loss 177.78175354003906 ,lr 0.00010000000000000002
INFO:root:epoch 4, Episode 302, total_loss: 873.5191650390625, q_loss 695.520263671875, v_loss 177.99887084960938 ,lr 0.00010000000000000002
INFO:root:epoch 4, Episode 303, total_loss: 873.4801635742188, q_loss 695.5789794921875, v_loss 177.9011688232422 ,lr 0.00010000000000000002
INFO:root:epoch 4, Episode 304, total_loss: 873.436279296875, q_loss 695.6002807617188, v_loss 177.8359832763672 ,lr 0.00010000000000000002
INFO:root:epoch 4, Episode 305, total_loss: 873.3894653320312, q_loss 695.694091796875, v_loss 177.6953887939453 ,lr 0.00010000000000000002
INFO:root:epoch 4, Episode 306, total_loss: 873.3394165039062, q_loss 695.3865966796875, v_loss 177.9528350830078 ,lr 0.00010000000000000002
INFO:root:epoch 4, Episode 307, total_loss: 873.2977294921875, q_loss 695.4472045898438, v_loss 177.85055541992188 ,lr 0.00010000000000000002
INFO:root:epoch 4, Episode 308, total_loss: 873.2457275390625, q_loss 695.505615234375, v_loss 177.74009704589844 ,lr 0.00010000000000000002
INFO:root:epoch 4, Episode 309, total_loss: 873.2015991210938, q_loss 695.5567016601562, v_loss 177.64491271972656 ,lr 0.00010000000000000002
INFO:root:epoch 4, Episode 310, total_loss: 873.155517578125, q_loss 695.5531616210938, v_loss 177.60235595703125 ,lr 0.00010000000000000002
INFO:root:epoch 4, Episode 311, total_loss: 873.1082763671875, q_loss 695.5736083984375, v_loss 177.53463745117188 ,lr 0.00010000000000000002
INFO:root:epoch 4, Episode 312, total_loss: 873.0670776367188, q_loss 695.3810424804688, v_loss 177.68601989746094 ,lr 0.00010000000000000002
INFO:root:epoch 4, Episode 313, total_loss: 873.0244750976562, q_loss 695.1765747070312, v_loss 177.84788513183594 ,lr 0.00010000000000000002
INFO:root:epoch 4, Episode 314, total_loss: 872.9739990234375, q_loss 695.2525024414062, v_loss 177.72149658203125 ,lr 0.00010000000000000002
INFO:root:epoch 4, Episode 315, total_loss: 872.9310302734375, q_loss 695.1939086914062, v_loss 177.7371368408203 ,lr 0.00010000000000000002
INFO:root:epoch 4, Episode 316, total_loss: 872.895263671875, q_loss 695.2992553710938, v_loss 177.59600830078125 ,lr 0.00010000000000000002
INFO:root:epoch 4, Episode 317, total_loss: 872.848876953125, q_loss 695.0364990234375, v_loss 177.81236267089844 ,lr 0.00010000000000000002
INFO:root:epoch 4, Episode 318, total_loss: 872.799560546875, q_loss 695.0165405273438, v_loss 177.7830047607422 ,lr 0.00010000000000000002
INFO:root:epoch 4, Episode 319, total_loss: 872.7610473632812, q_loss 694.9613037109375, v_loss 177.7997589111328 ,lr 0.00010000000000000002
INFO:root:epoch 4, Episode 320, total_loss: 872.7223510742188, q_loss 694.9669189453125, v_loss 177.75543212890625 ,lr 0.00010000000000000002
INFO:root:epoch 4, Episode 321, total_loss: 872.6681518554688, q_loss 694.7748413085938, v_loss 177.89332580566406 ,lr 0.00010000000000000002
INFO:root:epoch 4, Episode 322, total_loss: 872.6331787109375, q_loss 694.7958374023438, v_loss 177.8373260498047 ,lr 0.00010000000000000002
INFO:root:epoch 4, Episode 323, total_loss: 872.5967407226562, q_loss 694.7921752929688, v_loss 177.80458068847656 ,lr 0.00010000000000000002
INFO:root:epoch 4, Episode 324, total_loss: 872.5538940429688, q_loss 694.7994384765625, v_loss 177.7544403076172 ,lr 0.00010000000000000002
INFO:root:epoch 4, Episode 325, total_loss: 872.5086059570312, q_loss 694.9028930664062, v_loss 177.60569763183594 ,lr 0.00010000000000000002
INFO:root:epoch 4, Episode 326, total_loss: 872.45849609375, q_loss 694.9635009765625, v_loss 177.49502563476562 ,lr 0.00010000000000000002
INFO:root:epoch 4, Episode 327, total_loss: 872.416748046875, q_loss 694.7764892578125, v_loss 177.64024353027344 ,lr 0.00010000000000000002
INFO:root:epoch 4, Episode 328, total_loss: 872.3773803710938, q_loss 694.7515258789062, v_loss 177.62583923339844 ,lr 0.00010000000000000002
INFO:root:epoch 4, Episode 329, total_loss: 872.3248901367188, q_loss 694.543701171875, v_loss 177.7812042236328 ,lr 0.00010000000000000002
INFO:root:epoch 4, Episode 330, total_loss: 872.2819213867188, q_loss 694.6541748046875, v_loss 177.6277313232422 ,lr 0.00010000000000000002
INFO:root:epoch 4, Episode 331, total_loss: 872.243896484375, q_loss 694.3729248046875, v_loss 177.87094116210938 ,lr 0.00010000000000000002
INFO:root:epoch 4, Episode 332, total_loss: 872.2031860351562, q_loss 694.3555297851562, v_loss 177.84767150878906 ,lr 0.00010000000000000002
INFO:root:epoch 4, Episode 333, total_loss: 872.1566162109375, q_loss 694.3746337890625, v_loss 177.78195190429688 ,lr 0.00010000000000000002
INFO:root:epoch 4, Episode 334, total_loss: 872.110107421875, q_loss 694.428466796875, v_loss 177.68162536621094 ,lr 0.00010000000000000002
INFO:root:epoch 4, Episode 335, total_loss: 872.0694580078125, q_loss 694.4933471679688, v_loss 177.5760955810547 ,lr 0.00010000000000000002
INFO:root:epoch 4, Episode 336, total_loss: 872.0247802734375, q_loss 694.1563720703125, v_loss 177.86842346191406 ,lr 0.00010000000000000002
INFO:root:epoch 4, Episode 337, total_loss: 871.9832763671875, q_loss 694.2443237304688, v_loss 177.73892211914062 ,lr 0.00010000000000000002
INFO:root:epoch 4, Episode 338, total_loss: 871.9390258789062, q_loss 694.2371826171875, v_loss 177.7018585205078 ,lr 0.00010000000000000002
INFO:root:epoch 4, Episode 339, total_loss: 871.898681640625, q_loss 694.2949829101562, v_loss 177.6037139892578 ,lr 0.00010000000000000002
INFO:root:epoch 4, Episode 340, total_loss: 871.8543701171875, q_loss 694.2435913085938, v_loss 177.6107940673828 ,lr 0.00010000000000000002
INFO:root:epoch 4, Episode 341, total_loss: 871.8099365234375, q_loss 694.2716674804688, v_loss 177.5382843017578 ,lr 0.00010000000000000002
INFO:root:epoch 4, Episode 342, total_loss: 871.77001953125, q_loss 694.1034545898438, v_loss 177.6665496826172 ,lr 0.00010000000000000002
INFO:root:epoch 4, Episode 343, total_loss: 871.7251586914062, q_loss 694.189697265625, v_loss 177.5354766845703 ,lr 0.00010000000000000002
INFO:root:epoch 4, Episode 344, total_loss: 871.6832885742188, q_loss 693.9332275390625, v_loss 177.7500457763672 ,lr 0.00010000000000000002
INFO:root:epoch 4, Episode 345, total_loss: 871.6380004882812, q_loss 693.602783203125, v_loss 178.0352325439453 ,lr 0.00010000000000000002
INFO:root:epoch 4, Episode 346, total_loss: 871.6021728515625, q_loss 693.6875610351562, v_loss 177.9146270751953 ,lr 0.00010000000000000002
INFO:root:epoch 4, Episode 347, total_loss: 871.5664672851562, q_loss 693.7645874023438, v_loss 177.80189514160156 ,lr 0.00010000000000000002
INFO:root:epoch 4, Episode 348, total_loss: 871.5244750976562, q_loss 693.8383178710938, v_loss 177.68614196777344 ,lr 0.00010000000000000002
INFO:root:epoch 4, Episode 349, total_loss: 871.4791870117188, q_loss 693.8292846679688, v_loss 177.64988708496094 ,lr 0.00010000000000000002
INFO:root:epoch 4, Episode 350, total_loss: 871.4500122070312, q_loss 693.842529296875, v_loss 177.6074981689453 ,lr 0.00010000000000000002
INFO:root:epoch 4, Episode 351, total_loss: 871.4116821289062, q_loss 693.8259887695312, v_loss 177.58567810058594 ,lr 0.00010000000000000002
INFO:root:epoch 4, Episode 352, total_loss: 871.3614501953125, q_loss 693.6232299804688, v_loss 177.73818969726562 ,lr 0.00010000000000000002
INFO:root:epoch 4, Episode 353, total_loss: 871.3212280273438, q_loss 693.504150390625, v_loss 177.8170928955078 ,lr 0.00010000000000000002
INFO:root:epoch 4, Episode 354, total_loss: 871.29052734375, q_loss 693.5553588867188, v_loss 177.73516845703125 ,lr 0.00010000000000000002
INFO:root:epoch 4, Episode 355, total_loss: 871.25341796875, q_loss 693.5723876953125, v_loss 177.68099975585938 ,lr 0.00010000000000000002
INFO:root:epoch 4, Episode 356, total_loss: 871.205810546875, q_loss 693.4525146484375, v_loss 177.75326538085938 ,lr 0.00010000000000000002
INFO:root:epoch 4, Episode 357, total_loss: 871.15869140625, q_loss 693.4773559570312, v_loss 177.68130493164062 ,lr 0.00010000000000000002
INFO:root:epoch 4, Episode 358, total_loss: 871.1282348632812, q_loss 693.5017700195312, v_loss 177.62648010253906 ,lr 0.00010000000000000002
INFO:root:epoch 4, Episode 359, total_loss: 871.08837890625, q_loss 692.9877319335938, v_loss 178.1006622314453 ,lr 0.00010000000000000002
INFO:root:epoch 4, Episode 360, total_loss: 871.040771484375, q_loss 693.0325927734375, v_loss 178.00819396972656 ,lr 0.00010000000000000002
INFO:root:epoch 4, Episode 361, total_loss: 870.991943359375, q_loss 693.1378173828125, v_loss 177.85414123535156 ,lr 0.00010000000000000002
INFO:root:epoch 4, Episode 362, total_loss: 870.9559326171875, q_loss 693.0958862304688, v_loss 177.86007690429688 ,lr 0.00010000000000000002
INFO:root:epoch 4, Episode 363, total_loss: 870.9202880859375, q_loss 693.215576171875, v_loss 177.70468139648438 ,lr 0.00010000000000000002
INFO:root:epoch 4, Episode 364, total_loss: 870.8738403320312, q_loss 693.1934814453125, v_loss 177.68035888671875 ,lr 0.00010000000000000002
INFO:root:epoch 4, Episode 365, total_loss: 870.8328857421875, q_loss 693.2747192382812, v_loss 177.55813598632812 ,lr 0.00010000000000000002
INFO:root:epoch 4, Episode 366, total_loss: 870.791748046875, q_loss 693.211669921875, v_loss 177.58004760742188 ,lr 0.00010000000000000002
INFO:root:epoch 4, Episode 367, total_loss: 870.7539672851562, q_loss 693.0406494140625, v_loss 177.7133026123047 ,lr 0.00010000000000000002
INFO:root:epoch 4, Episode 368, total_loss: 870.7163696289062, q_loss 693.0596313476562, v_loss 177.65672302246094 ,lr 0.00010000000000000002
INFO:root:epoch 4, Episode 369, total_loss: 870.669921875, q_loss 693.0054321289062, v_loss 177.66445922851562 ,lr 0.00010000000000000002
INFO:root:epoch 4, Episode 370, total_loss: 870.6262817382812, q_loss 693.0393676757812, v_loss 177.58689880371094 ,lr 0.00010000000000000002
INFO:root:epoch 4, Episode 371, total_loss: 870.584228515625, q_loss 692.9520263671875, v_loss 177.63221740722656 ,lr 0.00010000000000000002
INFO:root:epoch 4, Episode 372, total_loss: 870.55712890625, q_loss 692.7864990234375, v_loss 177.77059936523438 ,lr 0.00010000000000000002
INFO:root:epoch 4, Episode 373, total_loss: 870.52099609375, q_loss 692.8304443359375, v_loss 177.69052124023438 ,lr 0.00010000000000000002
INFO:root:epoch 4, Episode 374, total_loss: 870.47705078125, q_loss 692.3086547851562, v_loss 178.1683807373047 ,lr 0.00010000000000000002
INFO:root:epoch 4, Episode 375, total_loss: 870.4323120117188, q_loss 692.2664794921875, v_loss 178.16583251953125 ,lr 0.00010000000000000002
INFO:root:epoch 4, Episode 376, total_loss: 870.4019775390625, q_loss 692.3529663085938, v_loss 178.04904174804688 ,lr 0.00010000000000000002
INFO:root:epoch 4, Episode 377, total_loss: 870.3680419921875, q_loss 692.450927734375, v_loss 177.91714477539062 ,lr 0.00010000000000000002
INFO:root:epoch 4, Episode 378, total_loss: 870.3211669921875, q_loss 692.4818725585938, v_loss 177.8393096923828 ,lr 0.00010000000000000002
INFO:root:epoch 4, Episode 379, total_loss: 870.2855834960938, q_loss 692.5001831054688, v_loss 177.78541564941406 ,lr 0.00010000000000000002
INFO:root:epoch 4, Episode 380, total_loss: 870.257080078125, q_loss 692.5767822265625, v_loss 177.68028259277344 ,lr 0.00010000000000000002
INFO:root:epoch 4, Episode 381, total_loss: 870.2200927734375, q_loss 692.613037109375, v_loss 177.60708618164062 ,lr 0.00010000000000000002
INFO:root:epoch 4, Episode 382, total_loss: 870.1770629882812, q_loss 692.3760375976562, v_loss 177.80104064941406 ,lr 0.00010000000000000002
INFO:root:epoch 4, Episode 383, total_loss: 870.1314697265625, q_loss 692.3248291015625, v_loss 177.80667114257812 ,lr 0.00010000000000000002
INFO:root:epoch 4, Episode 384, total_loss: 870.0906982421875, q_loss 692.2902221679688, v_loss 177.80044555664062 ,lr 0.00010000000000000002
INFO:root:epoch 4, Episode 385, total_loss: 870.0565185546875, q_loss 692.3945922851562, v_loss 177.66189575195312 ,lr 0.00010000000000000002
INFO:root:epoch 4, Episode 386, total_loss: 870.0098266601562, q_loss 692.436279296875, v_loss 177.5735626220703 ,lr 0.00010000000000000002
INFO:root:epoch 4, Episode 387, total_loss: 869.982177734375, q_loss 692.4937133789062, v_loss 177.48843383789062 ,lr 0.00010000000000000002
INFO:root:epoch 4, Episode 388, total_loss: 869.947998046875, q_loss 692.2023315429688, v_loss 177.74566650390625 ,lr 0.00010000000000000002
INFO:root:epoch 4, Episode 389, total_loss: 869.9090576171875, q_loss 691.7799682617188, v_loss 178.12908935546875 ,lr 0.00010000000000000002
INFO:root:epoch 4, Episode 390, total_loss: 869.8657836914062, q_loss 691.8771362304688, v_loss 177.98863220214844 ,lr 0.00010000000000000002
INFO:root:epoch 4, Episode 391, total_loss: 869.8260498046875, q_loss 691.8922119140625, v_loss 177.93385314941406 ,lr 0.00010000000000000002
INFO:root:epoch 4, Episode 392, total_loss: 869.7920532226562, q_loss 691.9848022460938, v_loss 177.80726623535156 ,lr 0.00010000000000000002
INFO:root:epoch 4, Episode 393, total_loss: 869.7611694335938, q_loss 691.980712890625, v_loss 177.7804412841797 ,lr 0.00010000000000000002
INFO:root:epoch 4, Episode 394, total_loss: 869.715576171875, q_loss 691.9873657226562, v_loss 177.72821044921875 ,lr 0.00010000000000000002
INFO:root:epoch 4, Episode 395, total_loss: 869.6838989257812, q_loss 692.0595092773438, v_loss 177.62437438964844 ,lr 0.00010000000000000002
INFO:root:epoch 4, Episode 396, total_loss: 869.654541015625, q_loss 692.0542602539062, v_loss 177.6002960205078 ,lr 0.00010000000000000002
INFO:root:epoch 4, Episode 397, total_loss: 869.6146850585938, q_loss 691.8175659179688, v_loss 177.79710388183594 ,lr 0.00010000000000000002
INFO:root:epoch 4, Episode 398, total_loss: 869.5718994140625, q_loss 691.7432861328125, v_loss 177.82862854003906 ,lr 0.00010000000000000002
INFO:root:epoch 4, Episode 399, total_loss: 869.5239868164062, q_loss 691.713134765625, v_loss 177.8108367919922 ,lr 0.00010000000000000002
INFO:root:epoch 4, Episode 400, total_loss: 869.4898681640625, q_loss 691.6995239257812, v_loss 177.79034423828125 ,lr 0.00010000000000000002
INFO:root:epoch 4, Episode 401, total_loss: 869.458740234375, q_loss 691.6764526367188, v_loss 177.78228759765625 ,lr 0.00010000000000000002
INFO:root:epoch 4, Episode 402, total_loss: 869.4127197265625, q_loss 691.0966186523438, v_loss 178.31613159179688 ,lr 0.00010000000000000002
INFO:root:epoch 4, Episode 403, total_loss: 869.379638671875, q_loss 691.1704711914062, v_loss 178.2091827392578 ,lr 0.00010000000000000002
INFO:root:epoch 4, Episode 404, total_loss: 869.3489990234375, q_loss 690.9533081054688, v_loss 178.3957061767578 ,lr 0.00010000000000000002
INFO:root:epoch 4, Episode 405, total_loss: 869.314453125, q_loss 690.9807739257812, v_loss 178.3336944580078 ,lr 0.00010000000000000002
INFO:root:epoch 4, Episode 406, total_loss: 869.273681640625, q_loss 691.0429077148438, v_loss 178.2307586669922 ,lr 0.00010000000000000002
INFO:root:epoch 4, Episode 407, total_loss: 869.2299194335938, q_loss 691.1810302734375, v_loss 178.0488739013672 ,lr 0.00010000000000000002
INFO:root:epoch 4, Episode 408, total_loss: 869.2013549804688, q_loss 691.3236083984375, v_loss 177.8777618408203 ,lr 0.00010000000000000002
INFO:root:epoch 4, Episode 409, total_loss: 869.1685791015625, q_loss 691.3973388671875, v_loss 177.77120971679688 ,lr 0.00010000000000000002
INFO:root:epoch 4, Episode 410, total_loss: 869.1250610351562, q_loss 691.4114379882812, v_loss 177.71360778808594 ,lr 0.00010000000000000002
INFO:root:epoch 4, Episode 411, total_loss: 869.08837890625, q_loss 691.4966430664062, v_loss 177.5917205810547 ,lr 0.00010000000000000002
INFO:root:epoch 4, Episode 412, total_loss: 869.0574340820312, q_loss 691.5284423828125, v_loss 177.5290069580078 ,lr 0.00010000000000000002
INFO:root:epoch 4, Episode 413, total_loss: 869.019775390625, q_loss 691.3627319335938, v_loss 177.65704345703125 ,lr 0.00010000000000000002
INFO:root:epoch 4, Episode 414, total_loss: 868.9794311523438, q_loss 691.2779541015625, v_loss 177.7014617919922 ,lr 0.00010000000000000002
INFO:root:epoch 4, Episode 415, total_loss: 868.9343872070312, q_loss 691.2479248046875, v_loss 177.68646240234375 ,lr 0.00010000000000000002
INFO:root:epoch 4, Episode 416, total_loss: 868.9099731445312, q_loss 691.1740112304688, v_loss 177.73597717285156 ,lr 0.00010000000000000002
INFO:root:epoch 4, Episode 417, total_loss: 868.88037109375, q_loss 691.1744995117188, v_loss 177.7058563232422 ,lr 0.00010000000000000002
INFO:root:epoch 4, Episode 418, total_loss: 868.835205078125, q_loss 690.7617797851562, v_loss 178.0734405517578 ,lr 0.00010000000000000002
INFO:root:epoch 4, Episode 419, total_loss: 868.79736328125, q_loss 690.5612182617188, v_loss 178.23611450195312 ,lr 0.00010000000000000002
INFO:root:epoch 4, Episode 420, total_loss: 868.768798828125, q_loss 690.3812255859375, v_loss 178.38760375976562 ,lr 0.00010000000000000002
INFO:root:epoch 4, Episode 421, total_loss: 868.7352294921875, q_loss 690.4951782226562, v_loss 178.24008178710938 ,lr 0.00010000000000000002
INFO:root:epoch 4, Episode 422, total_loss: 868.6971435546875, q_loss 690.614990234375, v_loss 178.08212280273438 ,lr 0.00010000000000000002
INFO:root:epoch 4, Episode 423, total_loss: 868.6543579101562, q_loss 690.599853515625, v_loss 178.0544891357422 ,lr 0.00010000000000000002
INFO:root:epoch 4, Episode 424, total_loss: 868.6268310546875, q_loss 690.7017822265625, v_loss 177.92506408691406 ,lr 0.00010000000000000002
INFO:root:epoch 4, Episode 425, total_loss: 868.597412109375, q_loss 690.7258911132812, v_loss 177.8715362548828 ,lr 0.00010000000000000002
INFO:root:epoch 4, Episode 426, total_loss: 868.5556030273438, q_loss 690.7208862304688, v_loss 177.83470153808594 ,lr 0.00010000000000000002
INFO:root:epoch 4, Episode 427, total_loss: 868.5208740234375, q_loss 690.7867431640625, v_loss 177.73414611816406 ,lr 0.00010000000000000002
INFO:root:epoch 4, Episode 428, total_loss: 868.4876708984375, q_loss 690.4518432617188, v_loss 178.03582763671875 ,lr 0.00010000000000000002
INFO:root:epoch 4, Episode 429, total_loss: 868.4566650390625, q_loss 690.5125122070312, v_loss 177.94418334960938 ,lr 0.00010000000000000002
INFO:root:epoch 4, Episode 430, total_loss: 868.418701171875, q_loss 690.4771118164062, v_loss 177.94161987304688 ,lr 0.00010000000000000002
INFO:root:epoch 4, Episode 431, total_loss: 868.379150390625, q_loss 690.5342407226562, v_loss 177.84490966796875 ,lr 0.00010000000000000002
INFO:root:epoch 4, Episode 432, total_loss: 868.3482055664062, q_loss 690.4933471679688, v_loss 177.85484313964844 ,lr 0.00010000000000000002
INFO:root:epoch 4, Episode 433, total_loss: 868.3168334960938, q_loss 690.2520751953125, v_loss 178.0647735595703 ,lr 0.00010000000000000002
INFO:root:epoch 4, Episode 434, total_loss: 868.272705078125, q_loss 690.2672729492188, v_loss 178.0054168701172 ,lr 0.00010000000000000002
INFO:root:epoch 4, Episode 435, total_loss: 868.240234375, q_loss 690.1163940429688, v_loss 178.12380981445312 ,lr 0.00010000000000000002
INFO:root:epoch 4, Episode 436, total_loss: 868.2137451171875, q_loss 690.154541015625, v_loss 178.05923461914062 ,lr 0.00010000000000000002
INFO:root:epoch 4, Episode 437, total_loss: 868.1814575195312, q_loss 690.1861572265625, v_loss 177.99530029296875 ,lr 0.00010000000000000002
INFO:root:epoch 4, Episode 438, total_loss: 868.1428833007812, q_loss 690.0145874023438, v_loss 178.12828063964844 ,lr 0.00010000000000000002
INFO:root:epoch 4, Episode 439, total_loss: 868.1015014648438, q_loss 690.001708984375, v_loss 178.09979248046875 ,lr 0.00010000000000000002
INFO:root:epoch 4, Episode 440, total_loss: 868.0610961914062, q_loss 690.0037231445312, v_loss 178.05738830566406 ,lr 0.00010000000000000002
INFO:root:epoch 4, Episode 441, total_loss: 868.0337524414062, q_loss 689.9119262695312, v_loss 178.12184143066406 ,lr 0.00010000000000000002
INFO:root:epoch 4, Episode 442, total_loss: 867.9974975585938, q_loss 689.937744140625, v_loss 178.0597381591797 ,lr 0.00010000000000000002
INFO:root:epoch 4, Episode 443, total_loss: 867.9627685546875, q_loss 689.7037963867188, v_loss 178.25900268554688 ,lr 0.00010000000000000002
INFO:root:epoch 4, Episode 444, total_loss: 867.926025390625, q_loss 689.7720947265625, v_loss 178.15390014648438 ,lr 0.00010000000000000002
INFO:root:epoch 4, Episode 445, total_loss: 867.89404296875, q_loss 689.770751953125, v_loss 178.12326049804688 ,lr 0.00010000000000000002
INFO:root:epoch 4, Episode 446, total_loss: 867.8587036132812, q_loss 689.7525024414062, v_loss 178.10618591308594 ,lr 0.00010000000000000002
INFO:root:epoch 4, Episode 447, total_loss: 867.8282470703125, q_loss 689.8561401367188, v_loss 177.9721221923828 ,lr 0.00010000000000000002
INFO:root:epoch 4, Episode 448, total_loss: 867.7943725585938, q_loss 689.9358520507812, v_loss 177.85853576660156 ,lr 0.00010000000000000002
INFO:root:epoch 4, Episode 449, total_loss: 867.7589721679688, q_loss 689.6451416015625, v_loss 178.1138458251953 ,lr 0.00010000000000000002
INFO:root:epoch 4, Episode 450, total_loss: 867.7280883789062, q_loss 689.6200561523438, v_loss 178.10801696777344 ,lr 0.00010000000000000002
INFO:root:epoch 4, Episode 451, total_loss: 867.6952514648438, q_loss 689.3927001953125, v_loss 178.30255126953125 ,lr 0.00010000000000000002
INFO:root:epoch 4, Episode 452, total_loss: 867.6605224609375, q_loss 689.4605712890625, v_loss 178.19996643066406 ,lr 0.00010000000000000002
INFO:root:epoch 4, Episode 453, total_loss: 867.6322631835938, q_loss 689.4725952148438, v_loss 178.15968322753906 ,lr 0.00010000000000000002
INFO:root:epoch 4, Episode 454, total_loss: 867.59912109375, q_loss 689.4563598632812, v_loss 178.1427764892578 ,lr 0.00010000000000000002
INFO:root:epoch 4, Episode 455, total_loss: 867.564208984375, q_loss 689.2639770507812, v_loss 178.30023193359375 ,lr 0.00010000000000000002
INFO:root:epoch 4, Episode 456, total_loss: 867.5354614257812, q_loss 689.345458984375, v_loss 178.1900177001953 ,lr 0.00010000000000000002
INFO:root:epoch 5, Episode 0, total_loss: 3176.22216796875, q_loss 3176.22216796875, v_loss 9.14407974050846e-06 ,lr 0.00010000000000000002
INFO:root:epoch 5, Episode 1, total_loss: 3176.1474609375, q_loss 3176.1474609375, v_loss 9.130764738074504e-06 ,lr 0.00010000000000000002
INFO:root:epoch 5, Episode 2, total_loss: 3176.06005859375, q_loss 3176.06005859375, v_loss 9.10416383703705e-06 ,lr 0.00010000000000000002
INFO:root:epoch 5, Episode 3, total_loss: 3175.961669921875, q_loss 3175.961669921875, v_loss 9.037830750457942e-06 ,lr 0.00010000000000000002
INFO:root:epoch 5, Episode 4, total_loss: 3175.8505859375, q_loss 3175.8505859375, v_loss 8.998147677630186e-06 ,lr 0.00010000000000000002
INFO:root:epoch 5, Episode 5, total_loss: 3175.73193359375, q_loss 3175.73193359375, v_loss 8.853390681906603e-06 ,lr 0.00010000000000000002
INFO:root:epoch 5, Episode 6, total_loss: 3175.604248046875, q_loss 3175.604248046875, v_loss 8.827197234495543e-06 ,lr 0.00010000000000000002
INFO:root:epoch 5, Episode 7, total_loss: 3175.46875, q_loss 3175.46875, v_loss 8.722810889594257e-06 ,lr 0.00010000000000000002
INFO:root:epoch 5, Episode 8, total_loss: 3175.326171875, q_loss 3175.326171875, v_loss 8.696812074049376e-06 ,lr 0.00010000000000000002
INFO:root:epoch 5, Episode 9, total_loss: 3175.1787109375, q_loss 3175.1787109375, v_loss 8.619046639068983e-06 ,lr 0.00010000000000000002
INFO:root:epoch 5, Episode 10, total_loss: 3175.025146484375, q_loss 3175.025146484375, v_loss 8.580294888815843e-06 ,lr 0.00010000000000000002
INFO:root:epoch 5, Episode 11, total_loss: 3174.86572265625, q_loss 3174.86572265625, v_loss 8.503053322783671e-06 ,lr 0.00010000000000000002
INFO:root:epoch 5, Episode 12, total_loss: 3174.702880859375, q_loss 3174.702880859375, v_loss 8.464563507004641e-06 ,lr 0.00010000000000000002
INFO:root:epoch 5, Episode 13, total_loss: 3174.53564453125, q_loss 3174.53564453125, v_loss 8.400607839575969e-06 ,lr 0.00010000000000000002
INFO:root:epoch 5, Episode 14, total_loss: 3174.365966796875, q_loss 3174.365966796875, v_loss 8.298782631754875e-06 ,lr 0.00010000000000000002
INFO:root:epoch 5, Episode 15, total_loss: 3174.191162109375, q_loss 3174.191162109375, v_loss 8.28609881864395e-06 ,lr 0.00010000000000000002
INFO:root:epoch 5, Episode 16, total_loss: 3174.01416015625, q_loss 3174.01416015625, v_loss 8.235458153649233e-06 ,lr 0.00010000000000000002
INFO:root:epoch 5, Episode 17, total_loss: 3173.834716796875, q_loss 3173.834716796875, v_loss 8.210196028812788e-06 ,lr 0.00010000000000000002
INFO:root:epoch 5, Episode 18, total_loss: 3173.654052734375, q_loss 3173.654052734375, v_loss 8.122084182105027e-06 ,lr 0.00010000000000000002
INFO:root:epoch 5, Episode 19, total_loss: 3173.469482421875, q_loss 3173.469482421875, v_loss 8.071947377175093e-06 ,lr 0.00010000000000000002
INFO:root:epoch 5, Episode 20, total_loss: 3173.28369140625, q_loss 3173.28369140625, v_loss 7.984583135112189e-06 ,lr 0.00010000000000000002
INFO:root:epoch 5, Episode 21, total_loss: 3173.097412109375, q_loss 3173.097412109375, v_loss 7.422296675940743e-06 ,lr 0.00010000000000000002
INFO:root:epoch 5, Episode 22, total_loss: 3172.9111328125, q_loss 3172.9111328125, v_loss 6.845919415354729e-06 ,lr 0.00010000000000000002
INFO:root:epoch 5, Episode 23, total_loss: 3172.72216796875, q_loss 3172.72216796875, v_loss 6.3704210333526134e-06 ,lr 0.00010000000000000002
INFO:root:epoch 5, Episode 24, total_loss: 3172.5322265625, q_loss 3172.5322265625, v_loss 6.30388967692852e-06 ,lr 0.00010000000000000002
INFO:root:epoch 5, Episode 25, total_loss: 3172.341552734375, q_loss 3172.341552734375, v_loss 6.237707566469908e-06 ,lr 0.00010000000000000002
INFO:root:epoch 5, Episode 26, total_loss: 3172.150146484375, q_loss 3172.150146484375, v_loss 6.171874701976776e-06 ,lr 0.00010000000000000002
INFO:root:epoch 5, Episode 27, total_loss: 3171.956787109375, q_loss 3171.956787109375, v_loss 6.139089236967266e-06 ,lr 0.00010000000000000002
INFO:root:epoch 5, Episode 28, total_loss: 3171.763427734375, q_loss 3171.763427734375, v_loss 6.041256710886955e-06 ,lr 0.00010000000000000002
INFO:root:epoch 5, Episode 29, total_loss: 3171.56884765625, q_loss 3171.56884765625, v_loss 6.0196230151632335e-06 ,lr 0.00010000000000000002
INFO:root:epoch 5, Episode 30, total_loss: 3171.37451171875, q_loss 3171.37451171875, v_loss 5.944209988228977e-06 ,lr 0.00010000000000000002
INFO:root:epoch 5, Episode 31, total_loss: 3171.17822265625, q_loss 3171.17822265625, v_loss 5.901330496271839e-06 ,lr 0.00010000000000000002
INFO:root:epoch 5, Episode 32, total_loss: 3170.98291015625, q_loss 3170.98291015625, v_loss 5.678758952853968e-06 ,lr 0.00010000000000000002
INFO:root:epoch 5, Episode 33, total_loss: 3170.7861328125, q_loss 3170.7861328125, v_loss 5.605519163509598e-06 ,lr 0.00010000000000000002
INFO:root:epoch 5, Episode 34, total_loss: 3170.58837890625, q_loss 3170.58837890625, v_loss 5.5534960665681865e-06 ,lr 0.00010000000000000002
INFO:root:epoch 5, Episode 35, total_loss: 3170.390625, q_loss 3170.390625, v_loss 5.512052211997798e-06 ,lr 0.00010000000000000002
INFO:root:epoch 5, Episode 36, total_loss: 3170.1923828125, q_loss 3170.1923828125, v_loss 5.439898814074695e-06 ,lr 0.00010000000000000002
INFO:root:epoch 5, Episode 37, total_loss: 3169.9931640625, q_loss 3169.9931640625, v_loss 5.429630164144328e-06 ,lr 0.00010000000000000002
INFO:root:epoch 5, Episode 38, total_loss: 3169.79541015625, q_loss 3169.79541015625, v_loss 5.317313480190933e-06 ,lr 0.00010000000000000002
INFO:root:epoch 5, Episode 39, total_loss: 3169.595703125, q_loss 3169.595703125, v_loss 5.276762294670334e-06 ,lr 0.00010000000000000002
INFO:root:epoch 5, Episode 40, total_loss: 3169.39599609375, q_loss 3169.39599609375, v_loss 5.216226327320328e-06 ,lr 0.00010000000000000002
INFO:root:epoch 5, Episode 41, total_loss: 3169.19677734375, q_loss 3169.19677734375, v_loss 5.156039605935803e-06 ,lr 0.00010000000000000002
INFO:root:epoch 5, Episode 42, total_loss: 3168.99658203125, q_loss 3168.99658203125, v_loss 5.126077212480595e-06 ,lr 0.00010000000000000002
INFO:root:epoch 5, Episode 43, total_loss: 3168.79736328125, q_loss 3168.79736328125, v_loss 5.046604201197624e-06 ,lr 0.00010000000000000002
INFO:root:epoch 5, Episode 44, total_loss: 3168.596435546875, q_loss 3168.596435546875, v_loss 4.997249106963864e-06 ,lr 0.00010000000000000002
INFO:root:epoch 5, Episode 45, total_loss: 3168.39697265625, q_loss 3168.39697265625, v_loss 4.928559064865112e-06 ,lr 0.00010000000000000002
INFO:root:epoch 5, Episode 46, total_loss: 3168.1962890625, q_loss 3168.1962890625, v_loss 4.879786047240486e-06 ,lr 0.00010000000000000002
INFO:root:epoch 5, Episode 47, total_loss: 3167.996826171875, q_loss 3167.996826171875, v_loss 4.8506385610380676e-06 ,lr 0.00010000000000000002
INFO:root:epoch 5, Episode 48, total_loss: 3167.79638671875, q_loss 3167.79638671875, v_loss 4.763719971379032e-06 ,lr 0.00010000000000000002
INFO:root:epoch 5, Episode 49, total_loss: 3167.595703125, q_loss 3167.595703125, v_loss 4.725341568700969e-06 ,lr 0.00010000000000000002
INFO:root:epoch 5, Episode 50, total_loss: 3167.3955078125, q_loss 3167.3955078125, v_loss 4.668065230362117e-06 ,lr 0.00010000000000000002
INFO:root:epoch 5, Episode 51, total_loss: 3167.194091796875, q_loss 3167.194091796875, v_loss 4.611138137988746e-06 ,lr 0.00010000000000000002
INFO:root:epoch 5, Episode 52, total_loss: 3166.99365234375, q_loss 3166.99365234375, v_loss 4.563965831039241e-06 ,lr 0.00010000000000000002
INFO:root:epoch 5, Episode 53, total_loss: 3166.79345703125, q_loss 3166.79345703125, v_loss 4.5170359044277575e-06 ,lr 0.00010000000000000002
INFO:root:epoch 5, Episode 54, total_loss: 3166.59228515625, q_loss 3166.59228515625, v_loss 4.461040134629002e-06 ,lr 0.00010000000000000002
INFO:root:epoch 5, Episode 55, total_loss: 3166.39306640625, q_loss 3166.39306640625, v_loss 4.396153144625714e-06 ,lr 0.00010000000000000002
INFO:root:epoch 5, Episode 56, total_loss: 3166.191162109375, q_loss 3166.191162109375, v_loss 4.368489953776589e-06 ,lr 0.00010000000000000002
INFO:root:epoch 5, Episode 57, total_loss: 3165.9912109375, q_loss 3165.9912109375, v_loss 4.286024250177434e-06 ,lr 0.00010000000000000002
INFO:root:epoch 5, Episode 58, total_loss: 3165.79052734375, q_loss 3165.79052734375, v_loss 4.231483671901515e-06 ,lr 0.00010000000000000002
INFO:root:epoch 5, Episode 59, total_loss: 3165.58984375, q_loss 3165.58984375, v_loss 4.186299975117436e-06 ,lr 0.00010000000000000002
INFO:root:epoch 5, Episode 60, total_loss: 3165.38916015625, q_loss 3165.38916015625, v_loss 4.150327640672913e-06 ,lr 0.00010000000000000002
INFO:root:epoch 5, Episode 61, total_loss: 3165.1884765625, q_loss 3165.1884765625, v_loss 4.078848633071175e-06 ,lr 0.00010000000000000002
INFO:root:epoch 5, Episode 62, total_loss: 3164.988037109375, q_loss 3164.988037109375, v_loss 4.034489393234253e-06 ,lr 0.00010000000000000002
INFO:root:epoch 5, Episode 63, total_loss: 3164.78759765625, q_loss 3164.78759765625, v_loss 3.999176897195866e-06 ,lr 0.00010000000000000002
INFO:root:epoch 5, Episode 64, total_loss: 3164.587646484375, q_loss 3164.587646484375, v_loss 3.93775326301693e-06 ,lr 0.00010000000000000002
INFO:root:epoch 5, Episode 65, total_loss: 3164.387451171875, q_loss 3164.387451171875, v_loss 3.885482783516636e-06 ,lr 0.00010000000000000002
INFO:root:epoch 5, Episode 66, total_loss: 3164.18701171875, q_loss 3164.18701171875, v_loss 3.833561549981823e-06 ,lr 0.00010000000000000002
INFO:root:epoch 5, Episode 67, total_loss: 3163.986083984375, q_loss 3163.986083984375, v_loss 3.7648765101039317e-06 ,lr 0.00010000000000000002
INFO:root:epoch 5, Episode 68, total_loss: 3163.78662109375, q_loss 3163.78662109375, v_loss 3.7392796912172344e-06 ,lr 0.00010000000000000002
INFO:root:epoch 5, Episode 69, total_loss: 3163.585693359375, q_loss 3163.585693359375, v_loss 3.6798933251702692e-06 ,lr 0.00010000000000000002
INFO:root:epoch 5, Episode 70, total_loss: 3163.38525390625, q_loss 3163.38525390625, v_loss 3.6461715353652835e-06 ,lr 0.00010000000000000002
INFO:root:epoch 5, Episode 71, total_loss: 3163.18505859375, q_loss 3163.18505859375, v_loss 3.570865374058485e-06 ,lr 0.00010000000000000002
INFO:root:epoch 5, Episode 72, total_loss: 3162.984375, q_loss 3162.984375, v_loss 3.5376483538129833e-06 ,lr 0.00010000000000000002
INFO:root:epoch 5, Episode 73, total_loss: 3162.7841796875, q_loss 3162.7841796875, v_loss 3.5045864024141338e-06 ,lr 0.00010000000000000002
INFO:root:epoch 5, Episode 74, total_loss: 3162.5849609375, q_loss 3162.5849609375, v_loss 3.447101335041225e-06 ,lr 0.00010000000000000002
INFO:root:epoch 5, Episode 75, total_loss: 3162.384521484375, q_loss 3162.384521484375, v_loss 3.3900919333973434e-06 ,lr 0.00010000000000000002
INFO:root:epoch 5, Episode 76, total_loss: 3162.18408203125, q_loss 3162.18408203125, v_loss 3.333557742735138e-06 ,lr 0.00010000000000000002
INFO:root:epoch 5, Episode 77, total_loss: 3161.98486328125, q_loss 3161.98486328125, v_loss 3.3014657674357295e-06 ,lr 0.00010000000000000002
INFO:root:epoch 5, Episode 78, total_loss: 3161.784912109375, q_loss 3161.784912109375, v_loss 3.269529315730324e-06 ,lr 0.00010000000000000002
INFO:root:epoch 5, Episode 79, total_loss: 3161.583740234375, q_loss 3161.583740234375, v_loss 3.198239483026555e-06 ,lr 0.00010000000000000002
INFO:root:epoch 5, Episode 80, total_loss: 3161.384765625, q_loss 3161.384765625, v_loss 3.1511494853475597e-06 ,lr 0.00010000000000000002
INFO:root:epoch 5, Episode 81, total_loss: 3161.18505859375, q_loss 3161.18505859375, v_loss 3.1121744541451335e-06 ,lr 0.00010000000000000002
INFO:root:epoch 5, Episode 82, total_loss: 3160.984130859375, q_loss 3160.984130859375, v_loss 3.0657247407361865e-06 ,lr 0.00010000000000000002
INFO:root:epoch 5, Episode 83, total_loss: 3160.7841796875, q_loss 3160.7841796875, v_loss 3.058017227886012e-06 ,lr 0.00010000000000000002
INFO:root:epoch 5, Episode 84, total_loss: 3160.585693359375, q_loss 3160.585693359375, v_loss 2.958700406452408e-06 ,lr 0.00010000000000000002
INFO:root:epoch 5, Episode 85, total_loss: 3160.38623046875, q_loss 3160.38623046875, v_loss 2.920938186434796e-06 ,lr 0.00010000000000000002
INFO:root:epoch 5, Episode 86, total_loss: 3160.185546875, q_loss 3160.185546875, v_loss 2.898397269746056e-06 ,lr 0.00010000000000000002
INFO:root:epoch 5, Episode 87, total_loss: 3159.98583984375, q_loss 3159.98583984375, v_loss 2.8461413421609905e-06 ,lr 0.00010000000000000002
INFO:root:epoch 5, Episode 88, total_loss: 3159.785888671875, q_loss 3159.785888671875, v_loss 2.8164940886199474e-06 ,lr 0.00010000000000000002
INFO:root:epoch 5, Episode 89, total_loss: 3159.5859375, q_loss 3159.5859375, v_loss 2.75766569757252e-06 ,lr 0.00010000000000000002
INFO:root:epoch 5, Episode 90, total_loss: 3159.386474609375, q_loss 3159.386474609375, v_loss 2.713951744226506e-06 ,lr 0.00010000000000000002
INFO:root:epoch 5, Episode 91, total_loss: 3159.187255859375, q_loss 3159.187255859375, v_loss 2.6777902348840144e-06 ,lr 0.00010000000000000002
INFO:root:epoch 5, Episode 92, total_loss: 3158.9873046875, q_loss 3158.9873046875, v_loss 2.620436134748161e-06 ,lr 0.00010000000000000002
INFO:root:epoch 5, Episode 93, total_loss: 3158.78857421875, q_loss 3158.78857421875, v_loss 2.5990884751081467e-06 ,lr 0.00010000000000000002
INFO:root:epoch 5, Episode 94, total_loss: 3158.588623046875, q_loss 3158.588623046875, v_loss 2.5355693651363254e-06 ,lr 0.00010000000000000002
INFO:root:epoch 5, Episode 95, total_loss: 3158.389404296875, q_loss 3158.389404296875, v_loss 2.5075910343730357e-06 ,lr 0.00010000000000000002
INFO:root:epoch 5, Episode 96, total_loss: 3158.190185546875, q_loss 3158.190185546875, v_loss 2.445206973789027e-06 ,lr 0.00010000000000000002
INFO:root:epoch 5, Episode 97, total_loss: 3157.990234375, q_loss 3157.990234375, v_loss 2.4314504116773605e-06 ,lr 0.00010000000000000002
INFO:root:epoch 5, Episode 98, total_loss: 3157.79052734375, q_loss 3157.79052734375, v_loss 2.38360871662735e-06 ,lr 0.00010000000000000002
INFO:root:epoch 5, Episode 99, total_loss: 3157.591552734375, q_loss 3157.591552734375, v_loss 2.316087829967728e-06 ,lr 0.00010000000000000002
INFO:root:epoch 5, Episode 100, total_loss: 3157.392578125, q_loss 3157.392578125, v_loss 2.316087829967728e-06 ,lr 0.00010000000000000002
INFO:root:epoch 5, Episode 101, total_loss: 3157.192138671875, q_loss 3157.192138671875, v_loss 2.2760409592592623e-06 ,lr 0.00010000000000000002
INFO:root:epoch 5, Episode 102, total_loss: 3156.9931640625, q_loss 3156.9931640625, v_loss 2.223188403149834e-06 ,lr 0.00010000000000000002
INFO:root:epoch 5, Episode 103, total_loss: 3156.79443359375, q_loss 3156.79443359375, v_loss 2.177451733587077e-06 ,lr 0.00010000000000000002
INFO:root:epoch 5, Episode 104, total_loss: 3156.59423828125, q_loss 3156.59423828125, v_loss 2.1450737222039606e-06 ,lr 0.00010000000000000002
INFO:root:epoch 5, Episode 105, total_loss: 3156.39599609375, q_loss 3156.39599609375, v_loss 2.112938091158867e-06 ,lr 0.00010000000000000002
INFO:root:epoch 5, Episode 106, total_loss: 3156.19677734375, q_loss 3156.19677734375, v_loss 2.0493948795774486e-06 ,lr 0.00010000000000000002
INFO:root:epoch 5, Episode 107, total_loss: 3155.9970703125, q_loss 3155.9970703125, v_loss 2.0305210455262568e-06 ,lr 0.00010000000000000002
INFO:root:epoch 5, Episode 108, total_loss: 3155.7978515625, q_loss 3155.7978515625, v_loss 1.999258529394865e-06 ,lr 0.00010000000000000002
INFO:root:epoch 5, Episode 109, total_loss: 3155.599365234375, q_loss 3155.599365234375, v_loss 1.9620638340711594e-06 ,lr 0.00010000000000000002
INFO:root:epoch 5, Episode 110, total_loss: 3155.39990234375, q_loss 3155.39990234375, v_loss 1.9374615476408508e-06 ,lr 0.00010000000000000002
INFO:root:epoch 5, Episode 111, total_loss: 3155.200927734375, q_loss 3155.200927734375, v_loss 1.894780666589213e-06 ,lr 0.00010000000000000002
INFO:root:epoch 5, Episode 112, total_loss: 3155.00146484375, q_loss 3155.00146484375, v_loss 1.8286713157067425e-06 ,lr 0.00010000000000000002
INFO:root:epoch 5, Episode 113, total_loss: 3154.80322265625, q_loss 3154.80322265625, v_loss 1.8286713157067425e-06 ,lr 0.00010000000000000002
INFO:root:epoch 5, Episode 114, total_loss: 3154.60400390625, q_loss 3154.60400390625, v_loss 1.781329046934843e-06 ,lr 0.00010000000000000002
INFO:root:epoch 5, Episode 115, total_loss: 3154.405029296875, q_loss 3154.405029296875, v_loss 1.7346077356705791e-06 ,lr 0.00010000000000000002
INFO:root:epoch 5, Episode 116, total_loss: 3154.205810546875, q_loss 3154.205810546875, v_loss 1.705722183942271e-06 ,lr 0.00010000000000000002
INFO:root:epoch 5, Episode 117, total_loss: 3154.0068359375, q_loss 3154.0068359375, v_loss 1.6656898651490337e-06 ,lr 0.00010000000000000002
INFO:root:epoch 5, Episode 118, total_loss: 3153.807373046875, q_loss 3153.807373046875, v_loss 1.6430276446044445e-06 ,lr 0.00010000000000000002
INFO:root:epoch 5, Episode 119, total_loss: 3153.609130859375, q_loss 3153.609130859375, v_loss 1.5926052583381534e-06 ,lr 0.00010000000000000002
INFO:root:epoch 5, Episode 120, total_loss: 3153.40966796875, q_loss 3153.40966796875, v_loss 1.57597241923213e-06 ,lr 0.00010000000000000002
INFO:root:epoch 5, Episode 121, total_loss: 3153.21044921875, q_loss 3153.21044921875, v_loss 1.5265977708622813e-06 ,lr 0.00010000000000000002
INFO:root:epoch 5, Episode 122, total_loss: 3153.01220703125, q_loss 3153.01220703125, v_loss 1.4941178960725665e-06 ,lr 0.00010000000000000002
INFO:root:epoch 5, Episode 123, total_loss: 3152.812255859375, q_loss 3152.812255859375, v_loss 1.5157323787207133e-06 ,lr 0.00010000000000000002
INFO:root:epoch 5, Episode 124, total_loss: 3152.613037109375, q_loss 3152.613037109375, v_loss 1.5157323787207133e-06 ,lr 0.00010000000000000002
INFO:root:epoch 5, Episode 125, total_loss: 3152.41455078125, q_loss 3152.41455078125, v_loss 1.4941178960725665e-06 ,lr 0.00010000000000000002
INFO:root:epoch 5, Episode 126, total_loss: 3152.216552734375, q_loss 3152.216552734375, v_loss 1.4726587096447474e-06 ,lr 0.00010000000000000002
INFO:root:epoch 5, Episode 127, total_loss: 3152.01708984375, q_loss 3152.01708984375, v_loss 1.4249429796109325e-06 ,lr 0.00010000000000000002
INFO:root:epoch 5, Episode 128, total_loss: 3151.818359375, q_loss 3151.818359375, v_loss 1.398773747496307e-06 ,lr 0.00010000000000000002
INFO:root:epoch 5, Episode 129, total_loss: 3151.62060546875, q_loss 3151.62060546875, v_loss 1.3625443671116955e-06 ,lr 0.00010000000000000002
INFO:root:epoch 5, Episode 130, total_loss: 3151.421875, q_loss 3151.421875, v_loss 1.342055270470155e-06 ,lr 0.00010000000000000002
INFO:root:epoch 5, Episode 131, total_loss: 3151.22314453125, q_loss 3151.22314453125, v_loss 1.3166621783966548e-06 ,lr 0.00010000000000000002
INFO:root:epoch 5, Episode 132, total_loss: 3151.0244140625, q_loss 3151.0244140625, v_loss 1.2666035900110728e-06 ,lr 0.00010000000000000002
INFO:root:epoch 5, Episode 133, total_loss: 3150.82568359375, q_loss 3150.82568359375, v_loss 1.2666035900110728e-06 ,lr 0.00010000000000000002
INFO:root:epoch 5, Episode 134, total_loss: 3150.626708984375, q_loss 3150.626708984375, v_loss 1.2272552112335688e-06 ,lr 0.00010000000000000002
INFO:root:epoch 5, Episode 135, total_loss: 3150.428466796875, q_loss 3150.428466796875, v_loss 1.1885276762768626e-06 ,lr 0.00010000000000000002
INFO:root:epoch 5, Episode 136, total_loss: 3150.22998046875, q_loss 3150.22998046875, v_loss 1.155150471277011e-06 ,lr 0.00010000000000000002
INFO:root:epoch 5, Episode 137, total_loss: 3150.031982421875, q_loss 3150.031982421875, v_loss 1.1409914577598101e-06 ,lr 0.00010000000000000002
INFO:root:epoch 5, Episode 138, total_loss: 3149.8330078125, q_loss 3149.8330078125, v_loss 1.1082933042416698e-06 ,lr 0.00010000000000000002
INFO:root:epoch 5, Episode 139, total_loss: 3149.63427734375, q_loss 3149.63427734375, v_loss 1.0760704753920436e-06 ,lr 0.00010000000000000002
INFO:root:epoch 5, Episode 140, total_loss: 3149.436279296875, q_loss 3149.436279296875, v_loss 1.0578709179753787e-06 ,lr 0.00010000000000000002
INFO:root:epoch 5, Episode 141, total_loss: 3149.23779296875, q_loss 3149.23779296875, v_loss 1.0130510190720088e-06 ,lr 0.00010000000000000002
INFO:root:epoch 5, Episode 142, total_loss: 3149.039794921875, q_loss 3149.039794921875, v_loss 9.997942242989666e-07 ,lr 0.00010000000000000002
INFO:root:epoch 5, Episode 143, total_loss: 3148.840576171875, q_loss 3148.840576171875, v_loss 9.735425692269928e-07 ,lr 0.00010000000000000002
INFO:root:epoch 5, Episode 144, total_loss: 3148.642333984375, q_loss 3148.642333984375, v_loss 9.51932975112868e-07 ,lr 0.00010000000000000002
INFO:root:epoch 5, Episode 145, total_loss: 3148.44384765625, q_loss 3148.44384765625, v_loss 9.136468861470348e-07 ,lr 0.00010000000000000002
INFO:root:epoch 5, Episode 146, total_loss: 3148.244873046875, q_loss 3148.244873046875, v_loss 8.885593842933304e-07 ,lr 0.00010000000000000002
INFO:root:epoch 5, Episode 147, total_loss: 3148.047607421875, q_loss 3148.047607421875, v_loss 8.475229833493358e-07 ,lr 0.00010000000000000002
INFO:root:epoch 5, Episode 148, total_loss: 3147.848388671875, q_loss 3147.848388671875, v_loss 8.394321184823639e-07 ,lr 0.00010000000000000002
INFO:root:epoch 5, Episode 149, total_loss: 3147.650390625, q_loss 3147.650390625, v_loss 8.193746907636523e-07 ,lr 0.00010000000000000002
INFO:root:epoch 5, Episode 150, total_loss: 3147.45166015625, q_loss 3147.45166015625, v_loss 7.838825695216656e-07 ,lr 0.00010000000000000002
INFO:root:epoch 5, Episode 151, total_loss: 3147.2529296875, q_loss 3147.2529296875, v_loss 7.722264854237437e-07 ,lr 0.00010000000000000002
INFO:root:epoch 5, Episode 152, total_loss: 3147.0546875, q_loss 3147.0546875, v_loss 7.30234546608699e-07 ,lr 0.00010000000000000002
INFO:root:epoch 5, Episode 153, total_loss: 3146.856201171875, q_loss 3146.856201171875, v_loss 7.189859161371714e-07 ,lr 0.00010000000000000002
INFO:root:epoch 5, Episode 154, total_loss: 3146.65771484375, q_loss 3146.65771484375, v_loss 6.8941642439313e-07 ,lr 0.00010000000000000002
INFO:root:epoch 5, Episode 155, total_loss: 3146.45947265625, q_loss 3146.45947265625, v_loss 6.712507456541061e-07 ,lr 0.00010000000000000002
INFO:root:epoch 5, Episode 156, total_loss: 3146.260498046875, q_loss 3146.260498046875, v_loss 6.42690224594844e-07 ,lr 0.00010000000000000002
INFO:root:epoch 5, Episode 157, total_loss: 3146.062255859375, q_loss 3146.062255859375, v_loss 6.25155166744662e-07 ,lr 0.00010000000000000002
INFO:root:epoch 5, Episode 158, total_loss: 3145.864013671875, q_loss 3145.864013671875, v_loss 6.078626029193401e-07 ,lr 0.00010000000000000002
INFO:root:epoch 5, Episode 159, total_loss: 3145.66552734375, q_loss 3145.66552734375, v_loss 5.740051847169525e-07 ,lr 0.00010000000000000002
INFO:root:epoch 5, Episode 160, total_loss: 3145.46728515625, q_loss 3145.46728515625, v_loss 5.640371227855212e-07 ,lr 0.00010000000000000002
INFO:root:epoch 5, Episode 161, total_loss: 3145.2685546875, q_loss 3145.2685546875, v_loss 5.411178563008434e-07 ,lr 0.00010000000000000002
INFO:root:epoch 5, Episode 162, total_loss: 3145.0703125, q_loss 3145.0703125, v_loss 5.186739144846797e-07 ,lr 0.00010000000000000002
INFO:root:epoch 5, Episode 163, total_loss: 3144.87158203125, q_loss 3144.87158203125, v_loss 4.967054110238678e-07 ,lr 0.00010000000000000002
INFO:root:epoch 5, Episode 164, total_loss: 3144.67333984375, q_loss 3144.67333984375, v_loss 4.782535825142986e-07 ,lr 0.00010000000000000002
INFO:root:epoch 5, Episode 165, total_loss: 3144.474609375, q_loss 3144.474609375, v_loss 4.571678289266856e-07 ,lr 0.00010000000000000002
INFO:root:epoch 5, Episode 166, total_loss: 3144.27587890625, q_loss 3144.27587890625, v_loss 4.4533226173371077e-07 ,lr 0.00010000000000000002
INFO:root:epoch 5, Episode 167, total_loss: 3144.07763671875, q_loss 3144.07763671875, v_loss 4.307561027871998e-07 ,lr 0.00010000000000000002
INFO:root:epoch 5, Episode 168, total_loss: 3143.87890625, q_loss 3143.87890625, v_loss 4.0513018007004575e-07 ,lr 0.00010000000000000002
INFO:root:epoch 5, Episode 169, total_loss: 3143.680419921875, q_loss 3143.680419921875, v_loss 3.939931048080325e-07 ,lr 0.00010000000000000002
INFO:root:epoch 5, Episode 170, total_loss: 3143.4814453125, q_loss 3143.4814453125, v_loss 3.695022314786911e-07 ,lr 0.00010000000000000002
INFO:root:epoch 5, Episode 171, total_loss: 3143.28369140625, q_loss 3143.28369140625, v_loss 3.5623574490273313e-07 ,lr 0.00010000000000000002
INFO:root:epoch 5, Episode 172, total_loss: 3143.08447265625, q_loss 3143.08447265625, v_loss 3.3551381761753873e-07 ,lr 0.00010000000000000002
INFO:root:epoch 5, Episode 173, total_loss: 3142.8857421875, q_loss 3142.8857421875, v_loss 3.3296723245257454e-07 ,lr 0.00010000000000000002
INFO:root:epoch 5, Episode 174, total_loss: 3142.6875, q_loss 3142.6875, v_loss 3.055950799080165e-07 ,lr 0.00010000000000000002
INFO:root:epoch 5, Episode 175, total_loss: 3142.4892578125, q_loss 3142.4892578125, v_loss 2.9354123398661613e-07 ,lr 0.00010000000000000002
INFO:root:epoch 5, Episode 176, total_loss: 3142.290771484375, q_loss 3142.290771484375, v_loss 2.8172993893349485e-07 ,lr 0.00010000000000000002
INFO:root:epoch 5, Episode 177, total_loss: 3142.09130859375, q_loss 3142.09130859375, v_loss 2.610807712244423e-07 ,lr 0.00010000000000000002
INFO:root:epoch 5, Episode 178, total_loss: 3141.892333984375, q_loss 3141.892333984375, v_loss 2.4994855607474165e-07 ,lr 0.00010000000000000002
INFO:root:epoch 5, Episode 179, total_loss: 3141.69384765625, q_loss 3141.69384765625, v_loss 2.3691004003012495e-07 ,lr 0.00010000000000000002
INFO:root:epoch 5, Episode 180, total_loss: 3141.4951171875, q_loss 3141.4951171875, v_loss 2.2631138563156128e-07 ,lr 0.00010000000000000002
INFO:root:epoch 5, Episode 181, total_loss: 3141.296875, q_loss 3141.296875, v_loss 2.0584170101756172e-07 ,lr 0.00010000000000000002
INFO:root:epoch 5, Episode 182, total_loss: 3141.098388671875, q_loss 3141.098388671875, v_loss 1.959706423804164e-07 ,lr 0.00010000000000000002
INFO:root:epoch 5, Episode 183, total_loss: 3140.8994140625, q_loss 3140.8994140625, v_loss 1.8068143958771543e-07 ,lr 0.00010000000000000002
INFO:root:epoch 5, Episode 184, total_loss: 3140.699951171875, q_loss 3140.699951171875, v_loss 1.6422322346443252e-07 ,lr 0.00010000000000000002
INFO:root:epoch 5, Episode 185, total_loss: 3140.501708984375, q_loss 3140.501708984375, v_loss 1.6422322346443252e-07 ,lr 0.00010000000000000002
INFO:root:epoch 5, Episode 186, total_loss: 3140.302734375, q_loss 3140.302734375, v_loss 1.4855081076348142e-07 ,lr 0.00010000000000000002
INFO:root:epoch 5, Episode 187, total_loss: 3140.103515625, q_loss 3140.103515625, v_loss 1.3527946407521085e-07 ,lr 0.00010000000000000002
INFO:root:epoch 5, Episode 188, total_loss: 3139.90478515625, q_loss 3139.90478515625, v_loss 1.257334076854022e-07 ,lr 0.00010000000000000002
INFO:root:epoch 5, Episode 189, total_loss: 3139.7060546875, q_loss 3139.7060546875, v_loss 1.180451363325119e-07 ,lr 0.00010000000000000002
INFO:root:epoch 5, Episode 190, total_loss: 3139.5068359375, q_loss 3139.5068359375, v_loss 1.0624838608919163e-07 ,lr 0.00010000000000000002
INFO:root:epoch 5, Episode 191, total_loss: 3139.308349609375, q_loss 3139.308349609375, v_loss 9.780827525673885e-08 ,lr 0.00010000000000000002
INFO:root:epoch 5, Episode 192, total_loss: 3139.109130859375, q_loss 3139.109130859375, v_loss 8.840288501232862e-08 ,lr 0.00010000000000000002
INFO:root:epoch 5, Episode 193, total_loss: 3138.91064453125, q_loss 3138.91064453125, v_loss 8.071947377175093e-08 ,lr 0.00010000000000000002
INFO:root:epoch 5, Episode 194, total_loss: 3138.7109375, q_loss 3138.7109375, v_loss 7.57912275162198e-08 ,lr 0.00010000000000000002
INFO:root:epoch 5, Episode 195, total_loss: 3138.51220703125, q_loss 3138.51220703125, v_loss 6.527019280611057e-08 ,lr 0.00010000000000000002
INFO:root:epoch 5, Episode 196, total_loss: 3138.313232421875, q_loss 3138.313232421875, v_loss 5.8692727122888755e-08 ,lr 0.00010000000000000002
INFO:root:epoch 5, Episode 197, total_loss: 3138.1142578125, q_loss 3138.1142578125, v_loss 5.146042525439043e-08 ,lr 0.00010000000000000002
INFO:root:epoch 5, Episode 198, total_loss: 3137.91552734375, q_loss 3137.91552734375, v_loss 4.850638646303196e-08 ,lr 0.00010000000000000002
INFO:root:epoch 5, Episode 199, total_loss: 3137.7158203125, q_loss 3137.7158203125, v_loss 3.92901711165905e-08 ,lr 0.00010000000000000002
INFO:root:epoch 5, Episode 200, total_loss: 3137.516357421875, q_loss 3137.516357421875, v_loss 3.587532404480953e-08 ,lr 0.00010000000000000002
INFO:root:epoch 5, Episode 201, total_loss: 3137.317138671875, q_loss 3137.317138671875, v_loss 3.1044088188991736e-08 ,lr 0.00010000000000000002
INFO:root:epoch 5, Episode 202, total_loss: 3137.118896484375, q_loss 3137.118896484375, v_loss 2.376812879845147e-08 ,lr 0.00010000000000000002
INFO:root:epoch 5, Episode 203, total_loss: 3136.918701171875, q_loss 3136.918701171875, v_loss 2.112938091158867e-08 ,lr 0.00010000000000000002
INFO:root:epoch 5, Episode 204, total_loss: 3136.71923828125, q_loss 3136.71923828125, v_loss 1.7462298274040222e-08 ,lr 0.00010000000000000002
INFO:root:epoch 5, Episode 205, total_loss: 3136.52099609375, q_loss 3136.52099609375, v_loss 1.212659661575799e-08 ,lr 0.00010000000000000002
INFO:root:epoch 5, Episode 206, total_loss: 3136.321044921875, q_loss 3136.321044921875, v_loss 1.0263951466527033e-08 ,lr 0.00010000000000000002
INFO:root:epoch 5, Episode 207, total_loss: 3136.121826171875, q_loss 3136.121826171875, v_loss 7.004322011283648e-09 ,lr 0.00010000000000000002
INFO:root:epoch 5, Episode 208, total_loss: 3135.9228515625, q_loss 3135.9228515625, v_loss 4.967053879312289e-09 ,lr 0.00010000000000000002
INFO:root:epoch 5, Episode 209, total_loss: 3135.72265625, q_loss 3135.72265625, v_loss 3.0316491539394974e-09 ,lr 0.00010000000000000002
INFO:root:epoch 5, Episode 210, total_loss: 3135.524169921875, q_loss 3135.524169921875, v_loss 1.9402555118119835e-09 ,lr 0.00010000000000000002
INFO:root:epoch 5, Episode 211, total_loss: 3135.323974609375, q_loss 3135.323974609375, v_loss 6.984919309616089e-10 ,lr 0.00010000000000000002
INFO:root:epoch 5, Episode 212, total_loss: 3135.124755859375, q_loss 3135.124755859375, v_loss 2.376812913151838e-10 ,lr 0.00010000000000000002
INFO:root:epoch 5, Episode 213, total_loss: 3134.925537109375, q_loss 3134.925537109375, v_loss 4.3655745685100555e-11 ,lr 0.00010000000000000002
INFO:root:epoch 5, Episode 214, total_loss: 3134.725341796875, q_loss 3134.725341796875, v_loss 1.2126596948824897e-10 ,lr 0.00010000000000000002
INFO:root:epoch 5, Episode 215, total_loss: 3134.525390625, q_loss 3134.525390625, v_loss 8.197579282054335e-10 ,lr 0.00010000000000000002
INFO:root:epoch 5, Episode 216, total_loss: 3134.326171875, q_loss 3134.326171875, v_loss 2.3477091382062554e-09 ,lr 0.00010000000000000002
INFO:root:epoch 5, Episode 217, total_loss: 3134.12646484375, q_loss 3134.12646484375, v_loss 3.536115400493145e-09 ,lr 0.00010000000000000002
INFO:root:epoch 5, Episode 218, total_loss: 3133.926513671875, q_loss 3133.926513671875, v_loss 5.282345227897167e-09 ,lr 0.00010000000000000002
INFO:root:epoch 5, Episode 219, total_loss: 3133.727294921875, q_loss 3133.727294921875, v_loss 7.377821020781994e-09 ,lr 0.00010000000000000002
INFO:root:epoch 5, Episode 220, total_loss: 3133.527099609375, q_loss 3133.527099609375, v_loss 8.968831011202383e-09 ,lr 0.00010000000000000002
INFO:root:epoch 5, Episode 221, total_loss: 3133.327880859375, q_loss 3133.327880859375, v_loss 1.212659661575799e-08 ,lr 0.00010000000000000002
INFO:root:epoch 5, Episode 222, total_loss: 3133.126953125, q_loss 3133.126953125, v_loss 1.7462298274040222e-08 ,lr 0.00010000000000000002
INFO:root:epoch 5, Episode 223, total_loss: 3132.92822265625, q_loss 3132.92822265625, v_loss 2.242935259744172e-08 ,lr 0.00010000000000000002
INFO:root:epoch 5, Episode 224, total_loss: 3132.727294921875, q_loss 3132.727294921875, v_loss 2.376812879845147e-08 ,lr 0.00010000000000000002
INFO:root:epoch 5, Episode 225, total_loss: 3132.52783203125, q_loss 3132.52783203125, v_loss 3.027283668188829e-08 ,lr 0.00010000000000000002
INFO:root:epoch 5, Episode 226, total_loss: 3132.32763671875, q_loss 3132.32763671875, v_loss 3.587532404480953e-08 ,lr 0.00010000000000000002
INFO:root:epoch 5, Episode 227, total_loss: 3132.1279296875, q_loss 3132.1279296875, v_loss 4.1953171603381634e-08 ,lr 0.00010000000000000002
INFO:root:epoch 5, Episode 228, total_loss: 3131.927734375, q_loss 3131.927734375, v_loss 4.563965916304369e-08 ,lr 0.00010000000000000002
INFO:root:epoch 5, Episode 229, total_loss: 3131.72802734375, q_loss 3131.72802734375, v_loss 5.45017755371191e-08 ,lr 0.00010000000000000002
INFO:root:epoch 5, Episode 230, total_loss: 3131.52783203125, q_loss 3131.52783203125, v_loss 5.8692727122888755e-08 ,lr 0.00010000000000000002
INFO:root:epoch 5, Episode 231, total_loss: 3131.326171875, q_loss 3131.326171875, v_loss 4.948136478333254e-08 ,lr 0.00010000000000000002
INFO:root:epoch 5, Episode 232, total_loss: 3131.125732421875, q_loss 3131.125732421875, v_loss 5.246450740514774e-08 ,lr 0.00010000000000000002
INFO:root:epoch 5, Episode 233, total_loss: 3130.92529296875, q_loss 3130.92529296875, v_loss 6.084641057668705e-08 ,lr 0.00010000000000000002
INFO:root:epoch 5, Episode 234, total_loss: 3130.7236328125, q_loss 3130.7236328125, v_loss 6.868989288477678e-08 ,lr 0.00010000000000000002
INFO:root:epoch 5, Episode 235, total_loss: 3130.522216796875, q_loss 3130.522216796875, v_loss 7.458341855226536e-08 ,lr 0.00010000000000000002
INFO:root:epoch 5, Episode 236, total_loss: 3130.32080078125, q_loss 3130.32080078125, v_loss 8.971741038976688e-08 ,lr 0.00010000000000000002
INFO:root:epoch 5, Episode 237, total_loss: 3130.119140625, q_loss 3130.119140625, v_loss 9.237555786967278e-08 ,lr 0.00010000000000000002
INFO:root:epoch 5, Episode 238, total_loss: 3129.917724609375, q_loss 3129.917724609375, v_loss 1.0624838608919163e-07 ,lr 0.00010000000000000002
INFO:root:epoch 5, Episode 239, total_loss: 3129.716796875, q_loss 3129.716796875, v_loss 1.1354859452694654e-07 ,lr 0.00010000000000000002
INFO:root:epoch 5, Episode 240, total_loss: 3129.514404296875, q_loss 3129.514404296875, v_loss 1.2887662137472944e-07 ,lr 0.00010000000000000002
INFO:root:epoch 5, Episode 241, total_loss: 3129.31298828125, q_loss 3129.31298828125, v_loss 1.3205863069742918e-07 ,lr 0.00010000000000000002
INFO:root:epoch 5, Episode 242, total_loss: 3129.11083984375, q_loss 3129.11083984375, v_loss 1.4350129617923812e-07 ,lr 0.00010000000000000002
INFO:root:epoch 5, Episode 243, total_loss: 3128.90869140625, q_loss 3128.90869140625, v_loss 1.5891177440607862e-07 ,lr 0.00010000000000000002
INFO:root:epoch 5, Episode 244, total_loss: 3128.70703125, q_loss 3128.70703125, v_loss 1.6962198401415662e-07 ,lr 0.00010000000000000002
INFO:root:epoch 5, Episode 245, total_loss: 3128.50439453125, q_loss 3128.50439453125, v_loss 1.8255863665217475e-07 ,lr 0.00010000000000000002
INFO:root:epoch 5, Episode 246, total_loss: 3128.302734375, q_loss 3128.302734375, v_loss 1.9402554585212783e-07 ,lr 0.00010000000000000002
INFO:root:epoch 5, Episode 247, total_loss: 3128.10009765625, q_loss 3128.10009765625, v_loss 2.0584170101756172e-07 ,lr 0.00010000000000000002
INFO:root:epoch 5, Episode 248, total_loss: 3127.89892578125, q_loss 3127.89892578125, v_loss 2.2422076995098905e-07 ,lr 0.00010000000000000002
INFO:root:epoch 5, Episode 249, total_loss: 3127.69482421875, q_loss 3127.69482421875, v_loss 2.4121740693772153e-07 ,lr 0.00010000000000000002
INFO:root:epoch 5, Episode 250, total_loss: 3127.492919921875, q_loss 3127.492919921875, v_loss 2.5437233830416517e-07 ,lr 0.00010000000000000002
INFO:root:epoch 5, Episode 251, total_loss: 3127.290771484375, q_loss 3127.290771484375, v_loss 2.701611663269432e-07 ,lr 0.00010000000000000002
INFO:root:epoch 5, Episode 252, total_loss: 3127.087890625, q_loss 3127.087890625, v_loss 2.8642534743994474e-07 ,lr 0.00010000000000000002
INFO:root:epoch 5, Episode 253, total_loss: 3126.885498046875, q_loss 3126.885498046875, v_loss 2.959326081963809e-07 ,lr 0.00010000000000000002
INFO:root:epoch 5, Episode 254, total_loss: 3126.6826171875, q_loss 3126.6826171875, v_loss 3.178914482759865e-07 ,lr 0.00010000000000000002
INFO:root:epoch 5, Episode 255, total_loss: 3126.47900390625, q_loss 3126.47900390625, v_loss 2.221398460733326e-07 ,lr 0.00010000000000000002
INFO:root:epoch 5, Episode 256, total_loss: 3126.272216796875, q_loss 3126.272216796875, v_loss 9.643554221838713e-08 ,lr 0.00010000000000000002
INFO:root:epoch 5, Episode 257, total_loss: 3126.06591796875, q_loss 3126.06591796875, v_loss 1.5211602644171762e-08 ,lr 0.00010000000000000002
INFO:root:epoch 5, Episode 258, total_loss: 3125.85888671875, q_loss 3125.85888671875, v_loss 7.761022047247934e-09 ,lr 0.00010000000000000002
INFO:root:epoch 5, Episode 259, total_loss: 3125.650390625, q_loss 3125.650390625, v_loss 1.0481744538992643e-07 ,lr 0.00010000000000000002
INFO:root:epoch 5, Episode 260, total_loss: 3125.4443359375, q_loss 3125.4443359375, v_loss 9.507251519380588e-08 ,lr 0.00010000000000000002
INFO:root:epoch 5, Episode 261, total_loss: 3125.237060546875, q_loss 3125.237060546875, v_loss 8.58029451933362e-08 ,lr 0.00010000000000000002
INFO:root:epoch 5, Episode 262, total_loss: 3125.029296875, q_loss 3125.029296875, v_loss 7.700873538851738e-08 ,lr 0.00010000000000000002
INFO:root:epoch 5, Episode 263, total_loss: 3124.822265625, q_loss 3124.822265625, v_loss 6.868989288477678e-08 ,lr 0.00010000000000000002
INFO:root:epoch 5, Episode 264, total_loss: 3124.615966796875, q_loss 3124.615966796875, v_loss 5.8692727122888755e-08 ,lr 0.00010000000000000002
INFO:root:epoch 5, Episode 265, total_loss: 3124.408203125, q_loss 3124.408203125, v_loss 5.246450740514774e-08 ,lr 0.00010000000000000002
INFO:root:epoch 5, Episode 266, total_loss: 3124.201171875, q_loss 3124.201171875, v_loss 4.6585533652887534e-08 ,lr 0.00010000000000000002
INFO:root:epoch 5, Episode 267, total_loss: 3123.992919921875, q_loss 3123.992919921875, v_loss 3.7563346211300086e-08 ,lr 0.00010000000000000002
INFO:root:epoch 5, Episode 268, total_loss: 3123.784912109375, q_loss 3123.784912109375, v_loss 3.504586487679262e-08 ,lr 0.00010000000000000002
INFO:root:epoch 5, Episode 269, total_loss: 3123.575927734375, q_loss 3123.575927734375, v_loss 2.87594357217813e-08 ,lr 0.00010000000000000002
INFO:root:epoch 5, Episode 270, total_loss: 3123.367919921875, q_loss 3123.367919921875, v_loss 2.4452068814184713e-08 ,lr 0.00010000000000000002
INFO:root:epoch 5, Episode 271, total_loss: 3123.16015625, q_loss 3123.16015625, v_loss 1.8049226113703298e-08 ,lr 0.00010000000000000002
INFO:root:epoch 5, Episode 272, total_loss: 3122.9521484375, q_loss 3122.9521484375, v_loss 1.57597241923213e-08 ,lr 0.00010000000000000002
INFO:root:epoch 5, Episode 273, total_loss: 3122.7431640625, q_loss 3122.7431640625, v_loss 1.0263951466527033e-08 ,lr 0.00010000000000000002
INFO:root:epoch 5, Episode 274, total_loss: 3122.53564453125, q_loss 3122.53564453125, v_loss 8.153923758413839e-09 ,lr 0.00010000000000000002
INFO:root:epoch 5, Episode 275, total_loss: 3122.326904296875, q_loss 3122.326904296875, v_loss 5.60733814936043e-09 ,lr 0.00010000000000000002
INFO:root:epoch 5, Episode 276, total_loss: 3122.11767578125, q_loss 3122.11767578125, v_loss 4.3655745685100555e-09 ,lr 0.00010000000000000002
INFO:root:epoch 5, Episode 277, total_loss: 3121.908935546875, q_loss 3121.908935546875, v_loss 2.3477091382062554e-09 ,lr 0.00010000000000000002
INFO:root:epoch 5, Episode 278, total_loss: 3121.69970703125, q_loss 3121.69970703125, v_loss 9.507251652607351e-10 ,lr 0.00010000000000000002
INFO:root:epoch 5, Episode 279, total_loss: 3121.49072265625, q_loss 3121.49072265625, v_loss 4.850638779529959e-10 ,lr 0.00010000000000000002
INFO:root:epoch 5, Episode 280, total_loss: 3121.28271484375, q_loss 3121.28271484375, v_loss 1.9402554216063628e-11 ,lr 0.00010000000000000002
INFO:root:epoch 5, Episode 281, total_loss: 3121.07275390625, q_loss 3121.07275390625, v_loss 1.7462298274040222e-10 ,lr 0.00010000000000000002
INFO:root:epoch 5, Episode 282, total_loss: 3120.86376953125, q_loss 3120.86376953125, v_loss 9.507251652607351e-10 ,lr 0.00010000000000000002
INFO:root:epoch 5, Episode 283, total_loss: 3120.65478515625, q_loss 3120.65478515625, v_loss 2.1391315385699272e-09 ,lr 0.00010000000000000002
INFO:root:epoch 5, Episode 284, total_loss: 3120.44580078125, q_loss 3120.44580078125, v_loss 3.0316491539394974e-09 ,lr 0.00010000000000000002
INFO:root:epoch 5, Episode 285, total_loss: 3120.236328125, q_loss 3120.236328125, v_loss 6.28642737865448e-09 ,lr 0.00010000000000000002
INFO:root:epoch 5, Episode 286, total_loss: 3120.02685546875, q_loss 3120.02685546875, v_loss 8.153923758413839e-09 ,lr 0.00010000000000000002
INFO:root:epoch 5, Episode 287, total_loss: 3119.817138671875, q_loss 3119.817138671875, v_loss 7.377821020781994e-09 ,lr 0.00010000000000000002
INFO:root:epoch 5, Episode 288, total_loss: 3119.607421875, q_loss 3119.607421875, v_loss 4.3655745685100555e-09 ,lr 0.00010000000000000002
INFO:root:epoch 5, Episode 289, total_loss: 3119.396484375, q_loss 3119.396484375, v_loss 1.751080502820912e-09 ,lr 0.00010000000000000002
INFO:root:epoch 5, Episode 290, total_loss: 3119.18701171875, q_loss 3119.18701171875, v_loss 7.761021686425451e-11 ,lr 0.00010000000000000002
INFO:root:epoch 5, Episode 291, total_loss: 3118.976318359375, q_loss 3118.976318359375, v_loss 3.92901711165905e-10 ,lr 0.00010000000000000002
INFO:root:epoch 5, Episode 292, total_loss: 3118.765625, q_loss 3118.765625, v_loss 1.4018345373401075e-09 ,lr 0.00010000000000000002
INFO:root:epoch 5, Episode 293, total_loss: 3118.5556640625, q_loss 3118.5556640625, v_loss 5.942032199612868e-09 ,lr 0.00010000000000000002
INFO:root:epoch 5, Episode 294, total_loss: 3118.345458984375, q_loss 3118.345458984375, v_loss 1.1175870895385742e-08 ,lr 0.00010000000000000002
INFO:root:epoch 5, Episode 295, total_loss: 3118.134765625, q_loss 3118.134765625, v_loss 1.9868215517249155e-08 ,lr 0.00010000000000000002
INFO:root:epoch 5, Episode 296, total_loss: 3117.9248046875, q_loss 3117.9248046875, v_loss 3.671448212116957e-08 ,lr 0.00010000000000000002
INFO:root:epoch 5, Episode 297, total_loss: 3117.7138671875, q_loss 3117.7138671875, v_loss 5.976471584290266e-08 ,lr 0.00010000000000000002
INFO:root:epoch 5, Episode 298, total_loss: 3117.50390625, q_loss 3117.50390625, v_loss 7.219690445481319e-08 ,lr 0.00010000000000000002
INFO:root:epoch 5, Episode 299, total_loss: 3117.293701171875, q_loss 3117.293701171875, v_loss 7.700873538851738e-08 ,lr 0.00010000000000000002
INFO:root:epoch 5, Episode 300, total_loss: 3117.083740234375, q_loss 3117.083740234375, v_loss 8.840288501232862e-08 ,lr 0.00010000000000000002
INFO:root:epoch 5, Episode 301, total_loss: 3116.86572265625, q_loss 3116.86572265625, v_loss 5.476176738739014e-07 ,lr 0.00010000000000000002
INFO:root:epoch 5, Episode 302, total_loss: 3116.646484375, q_loss 3116.646484375, v_loss 1.5211602431008941e-06 ,lr 0.00010000000000000002
INFO:root:epoch 5, Episode 303, total_loss: 3116.427734375, q_loss 3116.427734375, v_loss 1.7754549617166049e-06 ,lr 0.00010000000000000002
INFO:root:epoch 5, Episode 304, total_loss: 3116.20947265625, q_loss 3116.20947265625, v_loss 1.7230244111487991e-06 ,lr 0.00010000000000000002
INFO:root:epoch 5, Episode 305, total_loss: 3115.99169921875, q_loss 3115.99169921875, v_loss 1.699974177427066e-06 ,lr 0.00010000000000000002
INFO:root:epoch 5, Episode 306, total_loss: 3115.7724609375, q_loss 3115.7724609375, v_loss 1.6486786762470729e-06 ,lr 0.00010000000000000002
INFO:root:epoch 5, Episode 307, total_loss: 3115.55322265625, q_loss 3115.55322265625, v_loss 1.6093254089355469e-06 ,lr 0.00010000000000000002
INFO:root:epoch 5, Episode 308, total_loss: 3115.333740234375, q_loss 3115.333740234375, v_loss 1.5704475799793727e-06 ,lr 0.00010000000000000002
INFO:root:epoch 5, Episode 309, total_loss: 3115.11376953125, q_loss 3115.11376953125, v_loss 1.542968675494194e-06 ,lr 0.00010000000000000002
INFO:root:epoch 5, Episode 310, total_loss: 3114.89404296875, q_loss 3114.89404296875, v_loss 1.4941178960725665e-06 ,lr 0.00010000000000000002
INFO:root:epoch 5, Episode 311, total_loss: 3114.67236328125, q_loss 3114.67236328125, v_loss 1.4673181567559368e-06 ,lr 0.00010000000000000002
INFO:root:epoch 5, Episode 312, total_loss: 3114.45263671875, q_loss 3114.45263671875, v_loss 1.4249429796109325e-06 ,lr 0.00010000000000000002
INFO:root:epoch 5, Episode 313, total_loss: 3114.23095703125, q_loss 3114.23095703125, v_loss 1.398773747496307e-06 ,lr 0.00010000000000000002
INFO:root:epoch 5, Episode 314, total_loss: 3114.009765625, q_loss 3114.009765625, v_loss 1.357407541036082e-06 ,lr 0.00010000000000000002
INFO:root:epoch 5, Episode 315, total_loss: 3113.788818359375, q_loss 3113.788818359375, v_loss 1.3267903113955981e-06 ,lr 0.00010000000000000002
INFO:root:epoch 5, Episode 316, total_loss: 3113.567138671875, q_loss 3113.567138671875, v_loss 1.2815193031201488e-06 ,lr 0.00010000000000000002
INFO:root:epoch 5, Episode 317, total_loss: 3113.34521484375, q_loss 3113.34521484375, v_loss 1.241938093698991e-06 ,lr 0.00010000000000000002
INFO:root:epoch 5, Episode 318, total_loss: 3113.12255859375, q_loss 3113.12255859375, v_loss 1.2078138524884707e-06 ,lr 0.00010000000000000002
INFO:root:epoch 5, Episode 319, total_loss: 3112.901123046875, q_loss 3112.901123046875, v_loss 1.1693967962855822e-06 ,lr 0.00010000000000000002
INFO:root:epoch 5, Episode 320, total_loss: 3112.6787109375, q_loss 3112.6787109375, v_loss 1.1504210988277919e-06 ,lr 0.00010000000000000002
INFO:root:epoch 5, Episode 321, total_loss: 3112.455810546875, q_loss 3112.455810546875, v_loss 1.1129353651995189e-06 ,lr 0.00010000000000000002
INFO:root:epoch 5, Episode 322, total_loss: 3112.23291015625, q_loss 3112.23291015625, v_loss 1.0715060625443584e-06 ,lr 0.00010000000000000002
INFO:root:epoch 5, Episode 323, total_loss: 3112.01025390625, q_loss 3112.01025390625, v_loss 1.0533452723393566e-06 ,lr 0.00010000000000000002
INFO:root:epoch 5, Episode 324, total_loss: 3111.78662109375, q_loss 3111.78662109375, v_loss 1.0398265430922038e-06 ,lr 0.00010000000000000002
INFO:root:epoch 5, Episode 325, total_loss: 3111.56396484375, q_loss 3111.56396484375, v_loss 9.997942242989666e-07 ,lr 0.00010000000000000002
INFO:root:epoch 5, Episode 326, total_loss: 3111.33935546875, q_loss 3111.33935546875, v_loss 9.91004867501033e-07 ,lr 0.00010000000000000002
INFO:root:epoch 5, Episode 327, total_loss: 3111.114013671875, q_loss 3111.114013671875, v_loss 9.476401601204998e-07 ,lr 0.00010000000000000002
INFO:root:epoch 5, Episode 328, total_loss: 3110.88916015625, q_loss 3110.88916015625, v_loss 9.305658750236034e-07 ,lr 0.00010000000000000002
INFO:root:epoch 5, Episode 329, total_loss: 3110.66552734375, q_loss 3110.66552734375, v_loss 8.927163435146213e-07 ,lr 0.00010000000000000002
INFO:root:epoch 5, Episode 330, total_loss: 3110.440185546875, q_loss 3110.440185546875, v_loss 8.597320402259356e-07 ,lr 0.00010000000000000002
INFO:root:epoch 5, Episode 331, total_loss: 3110.214599609375, q_loss 3110.214599609375, v_loss 8.434726623818278e-07 ,lr 0.00010000000000000002
INFO:root:epoch 5, Episode 332, total_loss: 3109.9892578125, q_loss 3109.9892578125, v_loss 7.995598707566387e-07 ,lr 0.00010000000000000002
INFO:root:epoch 5, Episode 333, total_loss: 3109.7646484375, q_loss 3109.7646484375, v_loss 7.877873713368899e-07 ,lr 0.00010000000000000002
INFO:root:epoch 5, Episode 334, total_loss: 3109.538818359375, q_loss 3109.538818359375, v_loss 7.606577128171921e-07 ,lr 0.00010000000000000002
INFO:root:epoch 5, Episode 335, total_loss: 3109.312255859375, q_loss 3109.312255859375, v_loss 7.264752639457583e-07 ,lr 0.00010000000000000002
INFO:root:epoch 5, Episode 336, total_loss: 3109.0869140625, q_loss 3109.0869140625, v_loss 7.004322242210037e-07 ,lr 0.00010000000000000002
INFO:root:epoch 5, Episode 337, total_loss: 3108.86181640625, q_loss 3108.86181640625, v_loss 6.640524361500866e-07 ,lr 0.00010000000000000002
INFO:root:epoch 5, Episode 338, total_loss: 3108.635498046875, q_loss 3108.635498046875, v_loss 6.497721187770367e-07 ,lr 0.00010000000000000002
INFO:root:epoch 5, Episode 339, total_loss: 3108.4091796875, q_loss 3108.4091796875, v_loss 6.321400860542781e-07 ,lr 0.00010000000000000002
INFO:root:epoch 5, Episode 340, total_loss: 3108.182373046875, q_loss 3108.182373046875, v_loss 5.942032430539257e-07 ,lr 0.00010000000000000002
INFO:root:epoch 5, Episode 341, total_loss: 3107.95654296875, q_loss 3107.95654296875, v_loss 5.740051847169525e-07 ,lr 0.00010000000000000002
INFO:root:epoch 5, Episode 342, total_loss: 3107.729248046875, q_loss 3107.729248046875, v_loss 5.443629333967692e-07 ,lr 0.00010000000000000002
INFO:root:epoch 5, Episode 343, total_loss: 3107.50244140625, q_loss 3107.50244140625, v_loss 5.25037989973498e-07 ,lr 0.00010000000000000002
INFO:root:epoch 5, Episode 344, total_loss: 3107.2763671875, q_loss 3107.2763671875, v_loss 4.998146323487163e-07 ,lr 0.00010000000000000002
INFO:root:epoch 5, Episode 345, total_loss: 3107.04931640625, q_loss 3107.04931640625, v_loss 4.874358410233981e-07 ,lr 0.00010000000000000002
INFO:root:epoch 5, Episode 346, total_loss: 3106.822265625, q_loss 3106.822265625, v_loss 4.571678289266856e-07 ,lr 0.00010000000000000002
INFO:root:epoch 5, Episode 347, total_loss: 3106.595458984375, q_loss 3106.595458984375, v_loss 4.4533226173371077e-07 ,lr 0.00010000000000000002
INFO:root:epoch 5, Episode 348, total_loss: 3106.36865234375, q_loss 3106.36865234375, v_loss 4.2212681705677824e-07 ,lr 0.00010000000000000002
INFO:root:epoch 5, Episode 349, total_loss: 3106.140625, q_loss 3106.140625, v_loss 3.939931048080325e-07 ,lr 0.00010000000000000002
INFO:root:epoch 5, Episode 350, total_loss: 3105.913818359375, q_loss 3105.913818359375, v_loss 3.775785444304347e-07 ,lr 0.00010000000000000002
INFO:root:epoch 5, Episode 351, total_loss: 3105.686279296875, q_loss 3105.686279296875, v_loss 3.615132300183177e-07 ,lr 0.00010000000000000002
INFO:root:epoch 5, Episode 352, total_loss: 3105.458984375, q_loss 3105.458984375, v_loss 3.4063609177792387e-07 ,lr 0.00010000000000000002
INFO:root:epoch 5, Episode 353, total_loss: 3105.23095703125, q_loss 3105.23095703125, v_loss 3.228778950870037e-07 ,lr 0.00010000000000000002
INFO:root:epoch 5, Episode 354, total_loss: 3105.00341796875, q_loss 3105.00341796875, v_loss 3.055950799080165e-07 ,lr 0.00010000000000000002
INFO:root:epoch 5, Episode 355, total_loss: 3104.776123046875, q_loss 3104.776123046875, v_loss 2.9354123398661613e-07 ,lr 0.00010000000000000002
INFO:root:epoch 5, Episode 356, total_loss: 3104.547607421875, q_loss 3104.547607421875, v_loss 2.7245550882071257e-07 ,lr 0.00010000000000000002
INFO:root:epoch 5, Episode 357, total_loss: 3104.31982421875, q_loss 3104.31982421875, v_loss 2.521555870771408e-07 ,lr 0.00010000000000000002
INFO:root:epoch 5, Episode 358, total_loss: 3104.091796875, q_loss 3104.091796875, v_loss 2.455635694786906e-07 ,lr 0.00010000000000000002
INFO:root:epoch 5, Episode 359, total_loss: 3103.863037109375, q_loss 3103.863037109375, v_loss 2.2631138563156128e-07 ,lr 0.00010000000000000002
INFO:root:epoch 5, Episode 360, total_loss: 3103.634765625, q_loss 3103.634765625, v_loss 2.0584170101756172e-07 ,lr 0.00010000000000000002
INFO:root:epoch 5, Episode 361, total_loss: 3103.40576171875, q_loss 3103.40576171875, v_loss 1.9792545913333015e-07 ,lr 0.00010000000000000002
INFO:root:epoch 5, Episode 362, total_loss: 3103.178466796875, q_loss 3103.178466796875, v_loss 1.8068143958771543e-07 ,lr 0.00010000000000000002
INFO:root:epoch 5, Episode 363, total_loss: 3102.948974609375, q_loss 3102.948974609375, v_loss 1.6601310903752164e-07 ,lr 0.00010000000000000002
INFO:root:epoch 5, Episode 364, total_loss: 3102.72119140625, q_loss 3102.72119140625, v_loss 1.5541931475127058e-07 ,lr 0.00010000000000000002
INFO:root:epoch 5, Episode 365, total_loss: 3102.4921875, q_loss 3102.4921875, v_loss 1.4685792848467827e-07 ,lr 0.00010000000000000002
INFO:root:epoch 5, Episode 366, total_loss: 3102.26171875, q_loss 3102.26171875, v_loss 2.305217492448719e-07 ,lr 0.00010000000000000002
INFO:root:epoch 5, Episode 367, total_loss: 3102.0322265625, q_loss 3102.0322265625, v_loss 3.5886964155906753e-07 ,lr 0.00010000000000000002
INFO:root:epoch 5, Episode 368, total_loss: 3101.80224609375, q_loss 3101.80224609375, v_loss 5.060622925157077e-07 ,lr 0.00010000000000000002
INFO:root:epoch 5, Episode 369, total_loss: 3101.57666015625, q_loss 3101.57666015625, v_loss 1.257334076854022e-07 ,lr 0.00010000000000000002
INFO:root:epoch 5, Episode 370, total_loss: 3101.348388671875, q_loss 3101.348388671875, v_loss 2.242935259744172e-08 ,lr 0.00010000000000000002
INFO:root:epoch 5, Episode 371, total_loss: 3101.116943359375, q_loss 3101.116943359375, v_loss 1.6317548201527643e-08 ,lr 0.00010000000000000002
INFO:root:epoch 5, Episode 372, total_loss: 3100.88330078125, q_loss 3100.88330078125, v_loss 1.3116126851286936e-08 ,lr 0.00010000000000000002
INFO:root:epoch 5, Episode 373, total_loss: 3100.650146484375, q_loss 3100.650146484375, v_loss 1.0715060838606405e-08 ,lr 0.00010000000000000002
INFO:root:epoch 5, Episode 374, total_loss: 3100.41455078125, q_loss 3100.41455078125, v_loss 5.942032199612868e-09 ,lr 0.00010000000000000002
INFO:root:epoch 5, Episode 375, total_loss: 3100.1787109375, q_loss 3100.1787109375, v_loss 4.661463659516585e-09 ,lr 0.00010000000000000002
INFO:root:epoch 5, Episode 376, total_loss: 3099.94287109375, q_loss 3099.94287109375, v_loss 2.3477091382062554e-09 ,lr 0.00010000000000000002
INFO:root:epoch 5, Episode 377, total_loss: 3099.70654296875, q_loss 3099.70654296875, v_loss 8.197579282054335e-10 ,lr 0.00010000000000000002
INFO:root:epoch 5, Episode 378, total_loss: 3099.46875, q_loss 3099.46875, v_loss 2.376812913151838e-10 ,lr 0.00010000000000000002
INFO:root:epoch 5, Episode 379, total_loss: 3099.229248046875, q_loss 3099.229248046875, v_loss 4.3655745685100555e-11 ,lr 0.00010000000000000002
INFO:root:epoch 5, Episode 380, total_loss: 3098.990966796875, q_loss 3098.990966796875, v_loss 3.1044086745701804e-10 ,lr 0.00010000000000000002
INFO:root:epoch 5, Episode 381, total_loss: 3098.75146484375, q_loss 3098.75146484375, v_loss 6.984919309616089e-10 ,lr 0.00010000000000000002
INFO:root:epoch 5, Episode 382, total_loss: 3098.51220703125, q_loss 3098.51220703125, v_loss 2.3477091382062554e-09 ,lr 0.00010000000000000002
INFO:root:epoch 5, Episode 383, total_loss: 3098.2724609375, q_loss 3098.2724609375, v_loss 4.079387050381911e-09 ,lr 0.00010000000000000002
INFO:root:epoch 5, Episode 384, total_loss: 3098.03125, q_loss 3098.03125, v_loss 5.282345227897167e-09 ,lr 0.00010000000000000002
INFO:root:epoch 5, Episode 385, total_loss: 3097.791748046875, q_loss 3097.791748046875, v_loss 9.822542779147625e-09 ,lr 0.00010000000000000002
INFO:root:epoch 5, Episode 386, total_loss: 3097.55029296875, q_loss 3097.55029296875, v_loss 1.261651050299406e-08 ,lr 0.00010000000000000002
INFO:root:epoch 5, Episode 387, total_loss: 3097.309326171875, q_loss 3097.309326171875, v_loss 1.7462298274040222e-08 ,lr 0.00010000000000000002
INFO:root:epoch 5, Episode 388, total_loss: 3097.0673828125, q_loss 3097.0673828125, v_loss 2.1774516412165212e-08 ,lr 0.00010000000000000002
INFO:root:epoch 5, Episode 389, total_loss: 3096.82568359375, q_loss 3096.82568359375, v_loss 2.376812879845147e-08 ,lr 0.00010000000000000002
INFO:root:epoch 5, Episode 390, total_loss: 3096.583740234375, q_loss 3096.583740234375, v_loss 3.027283668188829e-08 ,lr 0.00010000000000000002
INFO:root:epoch 5, Episode 391, total_loss: 3096.34130859375, q_loss 3096.34130859375, v_loss 3.671448212116957e-08 ,lr 0.00010000000000000002
INFO:root:epoch 5, Episode 392, total_loss: 3096.09912109375, q_loss 3096.09912109375, v_loss 4.470348358154297e-08 ,lr 0.00010000000000000002
INFO:root:epoch 5, Episode 393, total_loss: 3095.8564453125, q_loss 3095.8564453125, v_loss 5.046604201197624e-08 ,lr 0.00010000000000000002
INFO:root:epoch 5, Episode 394, total_loss: 3095.61328125, q_loss 3095.61328125, v_loss 5.7630437311217975e-08 ,lr 0.00010000000000000002
INFO:root:epoch 5, Episode 395, total_loss: 3095.370849609375, q_loss 3095.370849609375, v_loss 6.75402915817358e-08 ,lr 0.00010000000000000002
INFO:root:epoch 5, Episode 396, total_loss: 3095.127685546875, q_loss 3095.127685546875, v_loss 7.338530849665403e-08 ,lr 0.00010000000000000002
INFO:root:epoch 5, Episode 397, total_loss: 3094.88427734375, q_loss 3094.88427734375, v_loss 8.709806564866085e-08 ,lr 0.00010000000000000002
INFO:root:epoch 5, Episode 398, total_loss: 3094.640625, q_loss 3094.640625, v_loss 9.507251519380588e-08 ,lr 0.00010000000000000002
INFO:root:epoch 5, Episode 399, total_loss: 3094.39697265625, q_loss 3094.39697265625, v_loss 9.91907072034337e-08 ,lr 0.00010000000000000002
INFO:root:epoch 5, Episode 400, total_loss: 3094.15283203125, q_loss 3094.15283203125, v_loss 1.150377428871252e-07 ,lr 0.00010000000000000002
INFO:root:epoch 5, Episode 401, total_loss: 3093.90869140625, q_loss 3093.90869140625, v_loss 1.2417635275596695e-07 ,lr 0.00010000000000000002
INFO:root:epoch 5, Episode 402, total_loss: 3093.6640625, q_loss 3093.6640625, v_loss 1.4018345950717048e-07 ,lr 0.00010000000000000002
INFO:root:epoch 5, Episode 403, total_loss: 3093.42041015625, q_loss 3093.42041015625, v_loss 1.5368763683909492e-07 ,lr 0.00010000000000000002
INFO:root:epoch 5, Episode 404, total_loss: 3093.17626953125, q_loss 3093.17626953125, v_loss 1.6962198401415662e-07 ,lr 0.00010000000000000002
INFO:root:epoch 5, Episode 405, total_loss: 3092.9306640625, q_loss 3092.9306640625, v_loss 1.7881393432617188e-07 ,lr 0.00010000000000000002
INFO:root:epoch 5, Episode 406, total_loss: 3092.686279296875, q_loss 3092.686279296875, v_loss 1.882484355064662e-07 ,lr 0.00010000000000000002
INFO:root:epoch 5, Episode 407, total_loss: 3092.44189453125, q_loss 3092.44189453125, v_loss 2.0985802962059097e-07 ,lr 0.00010000000000000002
INFO:root:epoch 5, Episode 408, total_loss: 3092.197021484375, q_loss 3092.197021484375, v_loss 2.200686139985919e-07 ,lr 0.00010000000000000002
INFO:root:epoch 5, Episode 409, total_loss: 3091.9521484375, q_loss 3091.9521484375, v_loss 2.3905886337161064e-07 ,lr 0.00010000000000000002
INFO:root:epoch 5, Episode 410, total_loss: 3091.706787109375, q_loss 3091.706787109375, v_loss 2.588349161669612e-07 ,lr 0.00010000000000000002
INFO:root:epoch 5, Episode 411, total_loss: 3091.460693359375, q_loss 3091.460693359375, v_loss 2.588349161669612e-07 ,lr 0.00010000000000000002
INFO:root:epoch 5, Episode 412, total_loss: 3091.21630859375, q_loss 3091.21630859375, v_loss 2.8642534743994474e-07 ,lr 0.00010000000000000002
INFO:root:epoch 5, Episode 413, total_loss: 3090.970703125, q_loss 3090.970703125, v_loss 2.959326081963809e-07 ,lr 0.00010000000000000002
INFO:root:epoch 5, Episode 414, total_loss: 3090.724365234375, q_loss 3090.724365234375, v_loss 3.203798257800372e-07 ,lr 0.00010000000000000002
INFO:root:epoch 5, Episode 415, total_loss: 3090.4794921875, q_loss 3090.4794921875, v_loss 3.432117807733448e-07 ,lr 0.00010000000000000002
INFO:root:epoch 5, Episode 416, total_loss: 3090.23291015625, q_loss 3090.23291015625, v_loss 3.5623574490273313e-07 ,lr 0.00010000000000000002
INFO:root:epoch 5, Episode 417, total_loss: 3089.987060546875, q_loss 3089.987060546875, v_loss 3.7487674831027107e-07 ,lr 0.00010000000000000002
INFO:root:epoch 5, Episode 418, total_loss: 3089.7412109375, q_loss 3089.7412109375, v_loss 3.939931048080325e-07 ,lr 0.00010000000000000002
INFO:root:epoch 5, Episode 419, total_loss: 3089.494873046875, q_loss 3089.494873046875, v_loss 4.2212681705677824e-07 ,lr 0.00010000000000000002
INFO:root:epoch 5, Episode 420, total_loss: 3089.248046875, q_loss 3089.248046875, v_loss 4.336519339176448e-07 ,lr 0.00010000000000000002
INFO:root:epoch 5, Episode 421, total_loss: 3089.001953125, q_loss 3089.001953125, v_loss 4.6614636062258796e-07 ,lr 0.00010000000000000002
INFO:root:epoch 5, Episode 422, total_loss: 3088.755859375, q_loss 3088.755859375, v_loss 5.029336307416088e-07 ,lr 0.00010000000000000002
INFO:root:epoch 5, Episode 423, total_loss: 3088.50927734375, q_loss 3088.50927734375, v_loss 5.092006176710129e-07 ,lr 0.00010000000000000002
INFO:root:epoch 5, Episode 424, total_loss: 3088.26123046875, q_loss 3088.26123046875, v_loss 5.346568059394485e-07 ,lr 0.00010000000000000002
INFO:root:epoch 5, Episode 425, total_loss: 3088.01513671875, q_loss 3088.01513671875, v_loss 5.673500709235668e-07 ,lr 0.00010000000000000002
INFO:root:epoch 5, Episode 426, total_loss: 3087.767333984375, q_loss 3087.767333984375, v_loss 5.806990657220013e-07 ,lr 0.00010000000000000002
INFO:root:epoch 5, Episode 427, total_loss: 3087.520263671875, q_loss 3087.520263671875, v_loss 6.078626029193401e-07 ,lr 0.00010000000000000002
INFO:root:epoch 5, Episode 428, total_loss: 3087.27392578125, q_loss 3087.27392578125, v_loss 6.42690224594844e-07 ,lr 0.00010000000000000002
INFO:root:epoch 5, Episode 429, total_loss: 3087.02587890625, q_loss 3087.02587890625, v_loss 6.568928938577301e-07 ,lr 0.00010000000000000002
INFO:root:epoch 5, Episode 430, total_loss: 3086.77880859375, q_loss 3086.77880859375, v_loss 6.857638936708099e-07 ,lr 0.00010000000000000002
INFO:root:epoch 5, Episode 431, total_loss: 3086.531005859375, q_loss 3086.531005859375, v_loss 7.078245971570141e-07 ,lr 0.00010000000000000002
INFO:root:epoch 5, Episode 432, total_loss: 3086.28271484375, q_loss 3086.28271484375, v_loss 7.377821020781994e-07 ,lr 0.00010000000000000002
INFO:root:epoch 5, Episode 433, total_loss: 3086.03564453125, q_loss 3086.03564453125, v_loss 7.761021834085113e-07 ,lr 0.00010000000000000002
INFO:root:epoch 5, Episode 434, total_loss: 3085.786865234375, q_loss 3085.786865234375, v_loss 7.995598707566387e-07 ,lr 0.00010000000000000002
INFO:root:epoch 5, Episode 435, total_loss: 3085.53955078125, q_loss 3085.53955078125, v_loss 8.31380020827055e-07 ,lr 0.00010000000000000002
INFO:root:epoch 5, Episode 436, total_loss: 3085.29150390625, q_loss 3085.29150390625, v_loss 8.556526154279709e-07 ,lr 0.00010000000000000002
INFO:root:epoch 5, Episode 437, total_loss: 3085.0419921875, q_loss 3085.0419921875, v_loss 8.968830798039562e-07 ,lr 0.00010000000000000002
INFO:root:epoch 5, Episode 438, total_loss: 3084.794677734375, q_loss 3084.794677734375, v_loss 9.305658750236034e-07 ,lr 0.00010000000000000002
INFO:root:epoch 5, Episode 439, total_loss: 3084.545654296875, q_loss 3084.545654296875, v_loss 8.968830798039562e-07 ,lr 0.00010000000000000002
INFO:root:epoch 5, Episode 440, total_loss: 3084.2958984375, q_loss 3084.2958984375, v_loss 8.31380020827055e-07 ,lr 0.00010000000000000002
INFO:root:epoch 5, Episode 441, total_loss: 3084.046630859375, q_loss 3084.046630859375, v_loss 7.838825695216656e-07 ,lr 0.00010000000000000002
INFO:root:epoch 5, Episode 442, total_loss: 3083.798583984375, q_loss 3083.798583984375, v_loss 7.838825695216656e-07 ,lr 0.00010000000000000002
INFO:root:epoch 5, Episode 443, total_loss: 3083.549560546875, q_loss 3083.549560546875, v_loss 8.153923545251018e-07 ,lr 0.00010000000000000002
INFO:root:epoch 5, Episode 444, total_loss: 3083.30078125, q_loss 3083.30078125, v_loss 8.31380020827055e-07 ,lr 0.00010000000000000002
INFO:root:epoch 5, Episode 445, total_loss: 3083.052734375, q_loss 3083.052734375, v_loss 8.720284085939056e-07 ,lr 0.00010000000000000002
INFO:root:epoch 5, Episode 446, total_loss: 3082.80419921875, q_loss 3082.80419921875, v_loss 8.968830798039562e-07 ,lr 0.00010000000000000002
INFO:root:epoch 5, Episode 447, total_loss: 3082.5546875, q_loss 3082.5546875, v_loss 9.390836339662201e-07 ,lr 0.00010000000000000002
INFO:root:epoch 5, Episode 448, total_loss: 3082.30615234375, q_loss 3082.30615234375, v_loss 9.648696277508861e-07 ,lr 0.00010000000000000002
INFO:root:epoch 5, Episode 449, total_loss: 3082.056640625, q_loss 3082.056640625, v_loss 9.822542779147625e-07 ,lr 0.00010000000000000002
INFO:root:epoch 5, Episode 450, total_loss: 3081.807373046875, q_loss 3081.807373046875, v_loss 1.0353396646678448e-06 ,lr 0.00010000000000000002
INFO:root:epoch 5, Episode 451, total_loss: 3081.55859375, q_loss 3081.55859375, v_loss 1.0443230848977691e-06 ,lr 0.00010000000000000002
INFO:root:epoch 5, Episode 452, total_loss: 3081.30908203125, q_loss 3081.30908203125, v_loss 1.0990382861564285e-06 ,lr 0.00010000000000000002
INFO:root:epoch 5, Episode 453, total_loss: 3081.0595703125, q_loss 3081.0595703125, v_loss 1.1269197557339794e-06 ,lr 0.00010000000000000002
INFO:root:epoch 5, Episode 454, total_loss: 3080.8095703125, q_loss 3080.8095703125, v_loss 1.1741649359464645e-06 ,lr 0.00010000000000000002
INFO:root:epoch 5, Episode 455, total_loss: 3080.560302734375, q_loss 3080.560302734375, v_loss 1.1837304327855236e-06 ,lr 0.00010000000000000002
INFO:root:epoch 5, Episode 456, total_loss: 3080.311279296875, q_loss 3080.311279296875, v_loss 1.251775188393367e-06 ,lr 0.00010000000000000002
INFO:root:epoch 6, Episode 0, total_loss: 297.843994140625, q_loss 252.4395294189453, v_loss 45.40446090698242 ,lr 1.0000000000000003e-05
INFO:root:epoch 6, Episode 1, total_loss: 297.18890380859375, q_loss 252.01437377929688, v_loss 45.174522399902344 ,lr 1.0000000000000003e-05
INFO:root:epoch 6, Episode 2, total_loss: 295.11041259765625, q_loss 250.6730194091797, v_loss 44.43738555908203 ,lr 1.0000000000000003e-05
INFO:root:epoch 6, Episode 3, total_loss: 293.5264587402344, q_loss 249.63243103027344, v_loss 43.894020080566406 ,lr 1.0000000000000003e-05
INFO:root:epoch 6, Episode 4, total_loss: 290.4842834472656, q_loss 247.67047119140625, v_loss 42.813812255859375 ,lr 1.0000000000000003e-05
INFO:root:epoch 6, Episode 5, total_loss: 287.87554931640625, q_loss 245.96961975097656, v_loss 41.905941009521484 ,lr 1.0000000000000003e-05
INFO:root:epoch 6, Episode 6, total_loss: 284.4414978027344, q_loss 243.7326202392578, v_loss 40.708885192871094 ,lr 1.0000000000000003e-05
INFO:root:epoch 6, Episode 7, total_loss: 281.23101806640625, q_loss 241.64389038085938, v_loss 39.58713150024414 ,lr 1.0000000000000003e-05
INFO:root:epoch 6, Episode 8, total_loss: 277.51531982421875, q_loss 239.21702575683594, v_loss 38.29828643798828 ,lr 1.0000000000000003e-05
INFO:root:epoch 6, Episode 9, total_loss: 273.87652587890625, q_loss 236.84555053710938, v_loss 37.03099060058594 ,lr 1.0000000000000003e-05
INFO:root:epoch 6, Episode 10, total_loss: 270.795654296875, q_loss 234.81198120117188, v_loss 35.98365783691406 ,lr 1.0000000000000003e-05
INFO:root:epoch 6, Episode 11, total_loss: 267.0159912109375, q_loss 232.3435516357422, v_loss 34.67243576049805 ,lr 1.0000000000000003e-05
INFO:root:epoch 6, Episode 12, total_loss: 263.3410339355469, q_loss 229.9351806640625, v_loss 33.40585708618164 ,lr 1.0000000000000003e-05
INFO:root:epoch 6, Episode 13, total_loss: 260.20831298828125, q_loss 227.86199951171875, v_loss 32.34629821777344 ,lr 1.0000000000000003e-05
INFO:root:epoch 6, Episode 14, total_loss: 256.74591064453125, q_loss 225.57830810546875, v_loss 31.16761016845703 ,lr 1.0000000000000003e-05
INFO:root:epoch 6, Episode 15, total_loss: 253.48765563964844, q_loss 223.42092895507812, v_loss 30.066720962524414 ,lr 1.0000000000000003e-05
INFO:root:epoch 6, Episode 16, total_loss: 250.60482788085938, q_loss 221.49752807617188, v_loss 29.10730743408203 ,lr 1.0000000000000003e-05
INFO:root:epoch 6, Episode 17, total_loss: 247.51510620117188, q_loss 219.4302215576172, v_loss 28.08489227294922 ,lr 1.0000000000000003e-05
INFO:root:epoch 6, Episode 18, total_loss: 244.6066131591797, q_loss 217.48236083984375, v_loss 27.124250411987305 ,lr 1.0000000000000003e-05
INFO:root:epoch 6, Episode 19, total_loss: 242.03643798828125, q_loss 215.7505340576172, v_loss 26.285905838012695 ,lr 1.0000000000000003e-05
INFO:root:epoch 6, Episode 20, total_loss: 239.34872436523438, q_loss 213.9331817626953, v_loss 25.41553497314453 ,lr 1.0000000000000003e-05
INFO:root:epoch 6, Episode 21, total_loss: 236.6856231689453, q_loss 212.1290283203125, v_loss 24.556598663330078 ,lr 1.0000000000000003e-05
INFO:root:epoch 6, Episode 22, total_loss: 234.44454956054688, q_loss 210.60488891601562, v_loss 23.839664459228516 ,lr 1.0000000000000003e-05
INFO:root:epoch 6, Episode 23, total_loss: 232.26690673828125, q_loss 209.11183166503906, v_loss 23.15508270263672 ,lr 1.0000000000000003e-05
INFO:root:epoch 6, Episode 24, total_loss: 229.92002868652344, q_loss 207.50296020507812, v_loss 22.417070388793945 ,lr 1.0000000000000003e-05
INFO:root:epoch 6, Episode 25, total_loss: 228.00439453125, q_loss 206.18911743164062, v_loss 21.815282821655273 ,lr 1.0000000000000003e-05
INFO:root:epoch 6, Episode 26, total_loss: 226.10609436035156, q_loss 204.8782958984375, v_loss 21.227792739868164 ,lr 1.0000000000000003e-05
INFO:root:epoch 6, Episode 27, total_loss: 224.41094970703125, q_loss 203.7067108154297, v_loss 20.704240798950195 ,lr 1.0000000000000003e-05
INFO:root:epoch 6, Episode 28, total_loss: 222.75296020507812, q_loss 202.5527801513672, v_loss 20.200172424316406 ,lr 1.0000000000000003e-05
INFO:root:epoch 6, Episode 29, total_loss: 221.22174072265625, q_loss 201.48379516601562, v_loss 19.737953186035156 ,lr 1.0000000000000003e-05
INFO:root:epoch 6, Episode 30, total_loss: 219.72708129882812, q_loss 200.43992614746094, v_loss 19.28715705871582 ,lr 1.0000000000000003e-05
INFO:root:epoch 6, Episode 31, total_loss: 218.33993530273438, q_loss 199.4679412841797, v_loss 18.87199592590332 ,lr 1.0000000000000003e-05
INFO:root:epoch 6, Episode 32, total_loss: 216.9900360107422, q_loss 198.52381896972656, v_loss 18.466218948364258 ,lr 1.0000000000000003e-05
INFO:root:epoch 6, Episode 33, total_loss: 215.76358032226562, q_loss 197.6625518798828, v_loss 18.10102653503418 ,lr 1.0000000000000003e-05
INFO:root:epoch 6, Episode 34, total_loss: 214.52281188964844, q_loss 196.7866668701172, v_loss 17.736146926879883 ,lr 1.0000000000000003e-05
INFO:root:epoch 6, Episode 35, total_loss: 213.41610717773438, q_loss 196.01071166992188, v_loss 17.4053955078125 ,lr 1.0000000000000003e-05
INFO:root:epoch 6, Episode 36, total_loss: 212.38722229003906, q_loss 195.2852020263672, v_loss 17.10201644897461 ,lr 1.0000000000000003e-05
INFO:root:epoch 6, Episode 37, total_loss: 211.396240234375, q_loss 194.5799102783203, v_loss 16.816329956054688 ,lr 1.0000000000000003e-05
INFO:root:epoch 6, Episode 38, total_loss: 210.51742553710938, q_loss 193.9606475830078, v_loss 16.556785583496094 ,lr 1.0000000000000003e-05
INFO:root:epoch 6, Episode 39, total_loss: 209.62355041503906, q_loss 193.3208770751953, v_loss 16.302677154541016 ,lr 1.0000000000000003e-05
INFO:root:epoch 6, Episode 40, total_loss: 208.84458923339844, q_loss 192.76388549804688, v_loss 16.080705642700195 ,lr 1.0000000000000003e-05
INFO:root:epoch 6, Episode 41, total_loss: 207.99639892578125, q_loss 192.16053771972656, v_loss 15.835859298706055 ,lr 1.0000000000000003e-05
INFO:root:epoch 6, Episode 42, total_loss: 207.2952117919922, q_loss 191.66180419921875, v_loss 15.633402824401855 ,lr 1.0000000000000003e-05
INFO:root:epoch 6, Episode 43, total_loss: 206.6112060546875, q_loss 191.1804962158203, v_loss 15.430706024169922 ,lr 1.0000000000000003e-05
INFO:root:epoch 6, Episode 44, total_loss: 205.90122985839844, q_loss 190.6676025390625, v_loss 15.233620643615723 ,lr 1.0000000000000003e-05
INFO:root:epoch 6, Episode 45, total_loss: 205.3737030029297, q_loss 190.30543518066406, v_loss 15.06826114654541 ,lr 1.0000000000000003e-05
INFO:root:epoch 6, Episode 46, total_loss: 204.73199462890625, q_loss 189.83810424804688, v_loss 14.893893241882324 ,lr 1.0000000000000003e-05
INFO:root:epoch 6, Episode 47, total_loss: 204.1847381591797, q_loss 189.44973754882812, v_loss 14.73499870300293 ,lr 1.0000000000000003e-05
INFO:root:epoch 6, Episode 48, total_loss: 203.65396118164062, q_loss 189.07106018066406, v_loss 14.582893371582031 ,lr 1.0000000000000003e-05
INFO:root:epoch 6, Episode 49, total_loss: 203.15151977539062, q_loss 188.724853515625, v_loss 14.42667293548584 ,lr 1.0000000000000003e-05
INFO:root:epoch 6, Episode 50, total_loss: 202.63673400878906, q_loss 188.3640899658203, v_loss 14.272637367248535 ,lr 1.0000000000000003e-05
INFO:root:epoch 6, Episode 51, total_loss: 202.22494506835938, q_loss 188.08375549316406, v_loss 14.141195297241211 ,lr 1.0000000000000003e-05
INFO:root:epoch 6, Episode 52, total_loss: 201.7243194580078, q_loss 187.71929931640625, v_loss 14.005019187927246 ,lr 1.0000000000000003e-05
INFO:root:epoch 6, Episode 53, total_loss: 201.3411407470703, q_loss 187.4678497314453, v_loss 13.87328815460205 ,lr 1.0000000000000003e-05
INFO:root:epoch 6, Episode 54, total_loss: 200.89210510253906, q_loss 187.15135192871094, v_loss 13.740748405456543 ,lr 1.0000000000000003e-05
INFO:root:epoch 6, Episode 55, total_loss: 200.52066040039062, q_loss 186.91189575195312, v_loss 13.60876178741455 ,lr 1.0000000000000003e-05
INFO:root:epoch 6, Episode 56, total_loss: 200.18235778808594, q_loss 186.6876983642578, v_loss 13.49466609954834 ,lr 1.0000000000000003e-05
INFO:root:epoch 6, Episode 57, total_loss: 199.75006103515625, q_loss 186.3771514892578, v_loss 13.372916221618652 ,lr 1.0000000000000003e-05
INFO:root:epoch 6, Episode 58, total_loss: 199.4230194091797, q_loss 186.16555786132812, v_loss 13.257464408874512 ,lr 1.0000000000000003e-05
INFO:root:epoch 6, Episode 59, total_loss: 199.0733642578125, q_loss 185.9334716796875, v_loss 13.139899253845215 ,lr 1.0000000000000003e-05
INFO:root:epoch 6, Episode 60, total_loss: 198.74180603027344, q_loss 185.7080078125, v_loss 13.033797264099121 ,lr 1.0000000000000003e-05
INFO:root:epoch 6, Episode 61, total_loss: 198.44601440429688, q_loss 185.52337646484375, v_loss 12.922642707824707 ,lr 1.0000000000000003e-05
INFO:root:epoch 6, Episode 62, total_loss: 198.17068481445312, q_loss 185.34898376464844, v_loss 12.821701049804688 ,lr 1.0000000000000003e-05
INFO:root:epoch 6, Episode 63, total_loss: 197.80056762695312, q_loss 185.09072875976562, v_loss 12.709835052490234 ,lr 1.0000000000000003e-05
INFO:root:epoch 6, Episode 64, total_loss: 197.53717041015625, q_loss 184.9248809814453, v_loss 12.612286567687988 ,lr 1.0000000000000003e-05
INFO:root:epoch 6, Episode 65, total_loss: 197.26853942871094, q_loss 184.75852966308594, v_loss 12.510004997253418 ,lr 1.0000000000000003e-05
INFO:root:epoch 6, Episode 66, total_loss: 196.99911499023438, q_loss 184.58204650878906, v_loss 12.417075157165527 ,lr 1.0000000000000003e-05
INFO:root:epoch 6, Episode 67, total_loss: 196.72021484375, q_loss 184.39608764648438, v_loss 12.32413387298584 ,lr 1.0000000000000003e-05
INFO:root:epoch 6, Episode 68, total_loss: 196.4711456298828, q_loss 184.25030517578125, v_loss 12.220847129821777 ,lr 1.0000000000000003e-05
INFO:root:epoch 6, Episode 69, total_loss: 196.2522430419922, q_loss 184.11935424804688, v_loss 12.132884979248047 ,lr 1.0000000000000003e-05
INFO:root:epoch 6, Episode 70, total_loss: 196.01377868652344, q_loss 183.97474670410156, v_loss 12.039029121398926 ,lr 1.0000000000000003e-05
INFO:root:epoch 6, Episode 71, total_loss: 195.7898712158203, q_loss 183.8418731689453, v_loss 11.948001861572266 ,lr 1.0000000000000003e-05
INFO:root:epoch 6, Episode 72, total_loss: 195.52047729492188, q_loss 183.6500244140625, v_loss 11.870455741882324 ,lr 1.0000000000000003e-05
INFO:root:epoch 6, Episode 73, total_loss: 195.30552673339844, q_loss 183.51820373535156, v_loss 11.787322998046875 ,lr 1.0000000000000003e-05
INFO:root:epoch 6, Episode 74, total_loss: 195.09039306640625, q_loss 183.3953857421875, v_loss 11.695009231567383 ,lr 1.0000000000000003e-05
INFO:root:epoch 6, Episode 75, total_loss: 194.89102172851562, q_loss 183.27903747558594, v_loss 11.611977577209473 ,lr 1.0000000000000003e-05
INFO:root:epoch 6, Episode 76, total_loss: 194.6842498779297, q_loss 183.1486053466797, v_loss 11.535649299621582 ,lr 1.0000000000000003e-05
INFO:root:epoch 6, Episode 77, total_loss: 194.4696807861328, q_loss 183.02964782714844, v_loss 11.44003677368164 ,lr 1.0000000000000003e-05
INFO:root:epoch 6, Episode 78, total_loss: 194.25555419921875, q_loss 182.9061737060547, v_loss 11.349376678466797 ,lr 1.0000000000000003e-05
INFO:root:epoch 6, Episode 79, total_loss: 194.05166625976562, q_loss 182.7825927734375, v_loss 11.269074440002441 ,lr 1.0000000000000003e-05
INFO:root:epoch 6, Episode 80, total_loss: 193.86451721191406, q_loss 182.6769256591797, v_loss 11.187586784362793 ,lr 1.0000000000000003e-05
INFO:root:epoch 6, Episode 81, total_loss: 193.69190979003906, q_loss 182.58143615722656, v_loss 11.110471725463867 ,lr 1.0000000000000003e-05
INFO:root:epoch 6, Episode 82, total_loss: 193.5004119873047, q_loss 182.4717254638672, v_loss 11.028687477111816 ,lr 1.0000000000000003e-05
INFO:root:epoch 6, Episode 83, total_loss: 193.33828735351562, q_loss 182.38323974609375, v_loss 10.95504379272461 ,lr 1.0000000000000003e-05
INFO:root:epoch 6, Episode 84, total_loss: 193.16001892089844, q_loss 182.28707885742188, v_loss 10.872933387756348 ,lr 1.0000000000000003e-05
INFO:root:epoch 6, Episode 85, total_loss: 192.97634887695312, q_loss 182.17056274414062, v_loss 10.805792808532715 ,lr 1.0000000000000003e-05
INFO:root:epoch 6, Episode 86, total_loss: 192.80709838867188, q_loss 182.07400512695312, v_loss 10.733095169067383 ,lr 1.0000000000000003e-05
INFO:root:epoch 6, Episode 87, total_loss: 192.6265869140625, q_loss 181.98211669921875, v_loss 10.644468307495117 ,lr 1.0000000000000003e-05
INFO:root:epoch 6, Episode 88, total_loss: 192.46665954589844, q_loss 181.8828887939453, v_loss 10.583767890930176 ,lr 1.0000000000000003e-05
INFO:root:epoch 6, Episode 89, total_loss: 192.3082733154297, q_loss 181.8003692626953, v_loss 10.507903099060059 ,lr 1.0000000000000003e-05
INFO:root:epoch 6, Episode 90, total_loss: 192.1448516845703, q_loss 181.70376586914062, v_loss 10.441089630126953 ,lr 1.0000000000000003e-05
INFO:root:epoch 6, Episode 91, total_loss: 191.9966278076172, q_loss 181.6230010986328, v_loss 10.373620986938477 ,lr 1.0000000000000003e-05
INFO:root:epoch 6, Episode 92, total_loss: 191.842041015625, q_loss 181.5435028076172, v_loss 10.298535346984863 ,lr 1.0000000000000003e-05
INFO:root:epoch 6, Episode 93, total_loss: 191.7044219970703, q_loss 181.47225952148438, v_loss 10.232157707214355 ,lr 1.0000000000000003e-05
INFO:root:epoch 6, Episode 94, total_loss: 191.53407287597656, q_loss 181.3868865966797, v_loss 10.147188186645508 ,lr 1.0000000000000003e-05
INFO:root:epoch 6, Episode 95, total_loss: 191.387451171875, q_loss 181.31301879882812, v_loss 10.074427604675293 ,lr 1.0000000000000003e-05
INFO:root:epoch 6, Episode 96, total_loss: 191.2526397705078, q_loss 181.24118041992188, v_loss 10.011458396911621 ,lr 1.0000000000000003e-05
INFO:root:epoch 6, Episode 97, total_loss: 191.11509704589844, q_loss 181.16807556152344, v_loss 9.94701862335205 ,lr 1.0000000000000003e-05
INFO:root:epoch 6, Episode 98, total_loss: 190.9623565673828, q_loss 181.09275817871094, v_loss 9.869604110717773 ,lr 1.0000000000000003e-05
INFO:root:epoch 6, Episode 99, total_loss: 190.8371124267578, q_loss 181.0293426513672, v_loss 9.807775497436523 ,lr 1.0000000000000003e-05
INFO:root:epoch 6, Episode 100, total_loss: 190.70574951171875, q_loss 180.96278381347656, v_loss 9.742962837219238 ,lr 1.0000000000000003e-05
INFO:root:epoch 6, Episode 101, total_loss: 190.57382202148438, q_loss 180.88424682617188, v_loss 9.689576148986816 ,lr 1.0000000000000003e-05
INFO:root:epoch 6, Episode 102, total_loss: 190.45196533203125, q_loss 180.82211303710938, v_loss 9.629844665527344 ,lr 1.0000000000000003e-05
INFO:root:epoch 6, Episode 103, total_loss: 190.3246612548828, q_loss 180.75730895996094, v_loss 9.567351341247559 ,lr 1.0000000000000003e-05
INFO:root:epoch 6, Episode 104, total_loss: 190.20901489257812, q_loss 180.7007293701172, v_loss 9.508289337158203 ,lr 1.0000000000000003e-05
INFO:root:epoch 6, Episode 105, total_loss: 190.09500122070312, q_loss 180.64247131347656, v_loss 9.452533721923828 ,lr 1.0000000000000003e-05
INFO:root:epoch 6, Episode 106, total_loss: 189.95703125, q_loss 180.57638549804688, v_loss 9.380642890930176 ,lr 1.0000000000000003e-05
INFO:root:epoch 6, Episode 107, total_loss: 189.84469604492188, q_loss 180.51905822753906, v_loss 9.325632095336914 ,lr 1.0000000000000003e-05
INFO:root:epoch 6, Episode 108, total_loss: 189.73756408691406, q_loss 180.46603393554688, v_loss 9.27153491973877 ,lr 1.0000000000000003e-05
INFO:root:epoch 6, Episode 109, total_loss: 189.61256408691406, q_loss 180.39028930664062, v_loss 9.22227954864502 ,lr 1.0000000000000003e-05
INFO:root:epoch 6, Episode 110, total_loss: 189.49325561523438, q_loss 180.33218383789062, v_loss 9.161079406738281 ,lr 1.0000000000000003e-05
INFO:root:epoch 6, Episode 111, total_loss: 189.38558959960938, q_loss 180.275146484375, v_loss 9.110441207885742 ,lr 1.0000000000000003e-05
INFO:root:epoch 6, Episode 112, total_loss: 189.27696228027344, q_loss 180.2225799560547, v_loss 9.054376602172852 ,lr 1.0000000000000003e-05
INFO:root:epoch 6, Episode 113, total_loss: 189.17803955078125, q_loss 180.17312622070312, v_loss 9.004915237426758 ,lr 1.0000000000000003e-05
INFO:root:epoch 6, Episode 114, total_loss: 189.08273315429688, q_loss 180.12782287597656, v_loss 8.954916000366211 ,lr 1.0000000000000003e-05
INFO:root:epoch 6, Episode 115, total_loss: 188.97471618652344, q_loss 180.07540893554688, v_loss 8.899311065673828 ,lr 1.0000000000000003e-05
INFO:root:epoch 6, Episode 116, total_loss: 188.86988830566406, q_loss 180.01515197753906, v_loss 8.854735374450684 ,lr 1.0000000000000003e-05
INFO:root:epoch 6, Episode 117, total_loss: 188.77772521972656, q_loss 179.97134399414062, v_loss 8.806375503540039 ,lr 1.0000000000000003e-05
INFO:root:epoch 6, Episode 118, total_loss: 188.6807403564453, q_loss 179.9249267578125, v_loss 8.755809783935547 ,lr 1.0000000000000003e-05
INFO:root:epoch 6, Episode 119, total_loss: 188.58706665039062, q_loss 179.8799285888672, v_loss 8.707134246826172 ,lr 1.0000000000000003e-05
INFO:root:epoch 6, Episode 120, total_loss: 188.49462890625, q_loss 179.8356475830078, v_loss 8.658974647521973 ,lr 1.0000000000000003e-05
INFO:root:epoch 6, Episode 121, total_loss: 188.39678955078125, q_loss 179.7776641845703, v_loss 8.619132995605469 ,lr 1.0000000000000003e-05
INFO:root:epoch 6, Episode 122, total_loss: 188.30978393554688, q_loss 179.73629760742188, v_loss 8.57348918914795 ,lr 1.0000000000000003e-05
INFO:root:epoch 6, Episode 123, total_loss: 188.22740173339844, q_loss 179.6979522705078, v_loss 8.529448509216309 ,lr 1.0000000000000003e-05
INFO:root:epoch 6, Episode 124, total_loss: 188.13514709472656, q_loss 179.6564483642578, v_loss 8.4787015914917 ,lr 1.0000000000000003e-05
INFO:root:epoch 6, Episode 125, total_loss: 188.04701232910156, q_loss 179.61720275878906, v_loss 8.42981243133545 ,lr 1.0000000000000003e-05
INFO:root:epoch 6, Episode 126, total_loss: 187.9664306640625, q_loss 179.57997131347656, v_loss 8.386453628540039 ,lr 1.0000000000000003e-05
INFO:root:epoch 6, Episode 127, total_loss: 187.88626098632812, q_loss 179.54306030273438, v_loss 8.343208312988281 ,lr 1.0000000000000003e-05
INFO:root:epoch 6, Episode 128, total_loss: 187.80039978027344, q_loss 179.50326538085938, v_loss 8.297139167785645 ,lr 1.0000000000000003e-05
INFO:root:epoch 6, Episode 129, total_loss: 187.72268676757812, q_loss 179.4666748046875, v_loss 8.256007194519043 ,lr 1.0000000000000003e-05
INFO:root:epoch 6, Episode 130, total_loss: 187.64637756347656, q_loss 179.4298858642578, v_loss 8.216498374938965 ,lr 1.0000000000000003e-05
INFO:root:epoch 6, Episode 131, total_loss: 187.5643768310547, q_loss 179.39317321777344, v_loss 8.171207427978516 ,lr 1.0000000000000003e-05
INFO:root:epoch 6, Episode 132, total_loss: 187.48536682128906, q_loss 179.35369873046875, v_loss 8.131661415100098 ,lr 1.0000000000000003e-05
INFO:root:epoch 6, Episode 133, total_loss: 187.4098358154297, q_loss 179.3211669921875, v_loss 8.08867359161377 ,lr 1.0000000000000003e-05
INFO:root:epoch 6, Episode 134, total_loss: 187.337646484375, q_loss 179.2877655029297, v_loss 8.049874305725098 ,lr 1.0000000000000003e-05
INFO:root:epoch 6, Episode 135, total_loss: 187.26345825195312, q_loss 179.2552490234375, v_loss 8.008211135864258 ,lr 1.0000000000000003e-05
INFO:root:epoch 6, Episode 136, total_loss: 187.19293212890625, q_loss 179.22300720214844, v_loss 7.9699225425720215 ,lr 1.0000000000000003e-05
INFO:root:epoch 6, Episode 137, total_loss: 187.126220703125, q_loss 179.19224548339844, v_loss 7.93397855758667 ,lr 1.0000000000000003e-05
INFO:root:epoch 6, Episode 138, total_loss: 187.05914306640625, q_loss 179.16207885742188, v_loss 7.897063255310059 ,lr 1.0000000000000003e-05
INFO:root:epoch 6, Episode 139, total_loss: 186.98150634765625, q_loss 179.13014221191406, v_loss 7.851360321044922 ,lr 1.0000000000000003e-05
INFO:root:epoch 6, Episode 140, total_loss: 186.9130096435547, q_loss 179.0986785888672, v_loss 7.814324378967285 ,lr 1.0000000000000003e-05
INFO:root:epoch 6, Episode 141, total_loss: 186.8358154296875, q_loss 179.06568908691406, v_loss 7.770132064819336 ,lr 1.0000000000000003e-05
INFO:root:epoch 6, Episode 142, total_loss: 186.763671875, q_loss 179.03565979003906, v_loss 7.728015422821045 ,lr 1.0000000000000003e-05
INFO:root:epoch 6, Episode 143, total_loss: 186.7001953125, q_loss 179.0074462890625, v_loss 7.692755222320557 ,lr 1.0000000000000003e-05
INFO:root:epoch 6, Episode 144, total_loss: 186.63771057128906, q_loss 178.97801208496094, v_loss 7.659703254699707 ,lr 1.0000000000000003e-05
INFO:root:epoch 6, Episode 145, total_loss: 186.57630920410156, q_loss 178.95042419433594, v_loss 7.625879764556885 ,lr 1.0000000000000003e-05
INFO:root:epoch 6, Episode 146, total_loss: 186.511962890625, q_loss 178.92237854003906, v_loss 7.589578628540039 ,lr 1.0000000000000003e-05
INFO:root:epoch 6, Episode 147, total_loss: 186.4559326171875, q_loss 178.89788818359375, v_loss 7.558047294616699 ,lr 1.0000000000000003e-05
INFO:root:epoch 6, Episode 148, total_loss: 186.40000915527344, q_loss 178.8722381591797, v_loss 7.527776718139648 ,lr 1.0000000000000003e-05
INFO:root:epoch 6, Episode 149, total_loss: 186.33628845214844, q_loss 178.83348083496094, v_loss 7.502804279327393 ,lr 1.0000000000000003e-05
INFO:root:epoch 6, Episode 150, total_loss: 186.2747039794922, q_loss 178.80734252929688, v_loss 7.4673662185668945 ,lr 1.0000000000000003e-05
INFO:root:epoch 6, Episode 151, total_loss: 186.21749877929688, q_loss 178.77407836914062, v_loss 7.443419933319092 ,lr 1.0000000000000003e-05
INFO:root:epoch 6, Episode 152, total_loss: 186.16372680664062, q_loss 178.75062561035156, v_loss 7.413107872009277 ,lr 1.0000000000000003e-05
INFO:root:epoch 6, Episode 153, total_loss: 186.1125030517578, q_loss 178.72743225097656, v_loss 7.385076999664307 ,lr 1.0000000000000003e-05
INFO:root:epoch 6, Episode 154, total_loss: 186.05535888671875, q_loss 178.70272827148438, v_loss 7.352626800537109 ,lr 1.0000000000000003e-05
INFO:root:epoch 6, Episode 155, total_loss: 186.00030517578125, q_loss 178.67127990722656, v_loss 7.329028129577637 ,lr 1.0000000000000003e-05
INFO:root:epoch 6, Episode 156, total_loss: 185.9518280029297, q_loss 178.6510009765625, v_loss 7.300825119018555 ,lr 1.0000000000000003e-05
INFO:root:epoch 6, Episode 157, total_loss: 185.8985137939453, q_loss 178.6302032470703, v_loss 7.268314361572266 ,lr 1.0000000000000003e-05
INFO:root:epoch 6, Episode 158, total_loss: 185.85231018066406, q_loss 178.60935974121094, v_loss 7.242955207824707 ,lr 1.0000000000000003e-05
INFO:root:epoch 6, Episode 159, total_loss: 185.8024444580078, q_loss 178.58938598632812, v_loss 7.213055610656738 ,lr 1.0000000000000003e-05
INFO:root:epoch 6, Episode 160, total_loss: 185.75653076171875, q_loss 178.56932067871094, v_loss 7.187205791473389 ,lr 1.0000000000000003e-05
INFO:root:epoch 6, Episode 161, total_loss: 185.71136474609375, q_loss 178.54884338378906, v_loss 7.162527561187744 ,lr 1.0000000000000003e-05
INFO:root:epoch 6, Episode 162, total_loss: 185.66464233398438, q_loss 178.52920532226562, v_loss 7.135439872741699 ,lr 1.0000000000000003e-05
INFO:root:epoch 6, Episode 163, total_loss: 185.61700439453125, q_loss 178.509521484375, v_loss 7.107479572296143 ,lr 1.0000000000000003e-05
INFO:root:epoch 6, Episode 164, total_loss: 185.57363891601562, q_loss 178.49119567871094, v_loss 7.08244514465332 ,lr 1.0000000000000003e-05
INFO:root:epoch 6, Episode 165, total_loss: 185.5327606201172, q_loss 178.47386169433594, v_loss 7.05889892578125 ,lr 1.0000000000000003e-05
INFO:root:epoch 6, Episode 166, total_loss: 185.49192810058594, q_loss 178.4569091796875, v_loss 7.035012245178223 ,lr 1.0000000000000003e-05
INFO:root:epoch 6, Episode 167, total_loss: 185.45233154296875, q_loss 178.44068908691406, v_loss 7.011645793914795 ,lr 1.0000000000000003e-05
INFO:root:epoch 6, Episode 168, total_loss: 185.40975952148438, q_loss 178.42481994628906, v_loss 6.9849395751953125 ,lr 1.0000000000000003e-05
INFO:root:epoch 6, Episode 169, total_loss: 185.3705596923828, q_loss 178.40867614746094, v_loss 6.96188497543335 ,lr 1.0000000000000003e-05
INFO:root:epoch 6, Episode 170, total_loss: 185.33047485351562, q_loss 178.39193725585938, v_loss 6.938539981842041 ,lr 1.0000000000000003e-05
INFO:root:epoch 6, Episode 171, total_loss: 185.2921142578125, q_loss 178.37603759765625, v_loss 6.916080951690674 ,lr 1.0000000000000003e-05
INFO:root:epoch 6, Episode 172, total_loss: 185.25418090820312, q_loss 178.36070251464844, v_loss 6.893474578857422 ,lr 1.0000000000000003e-05
INFO:root:epoch 6, Episode 173, total_loss: 185.2136688232422, q_loss 178.3456268310547, v_loss 6.868046283721924 ,lr 1.0000000000000003e-05
INFO:root:epoch 6, Episode 174, total_loss: 185.17575073242188, q_loss 178.33021545410156, v_loss 6.845541954040527 ,lr 1.0000000000000003e-05
INFO:root:epoch 6, Episode 175, total_loss: 185.14051818847656, q_loss 178.31578063964844, v_loss 6.824742317199707 ,lr 1.0000000000000003e-05
INFO:root:epoch 6, Episode 176, total_loss: 185.10623168945312, q_loss 178.30294799804688, v_loss 6.80327844619751 ,lr 1.0000000000000003e-05
INFO:root:epoch 6, Episode 177, total_loss: 185.06947326660156, q_loss 178.2875518798828, v_loss 6.781922340393066 ,lr 1.0000000000000003e-05
INFO:root:epoch 6, Episode 178, total_loss: 185.02420043945312, q_loss 178.26925659179688, v_loss 6.754948139190674 ,lr 1.0000000000000003e-05
INFO:root:epoch 6, Episode 179, total_loss: 184.9910125732422, q_loss 178.25633239746094, v_loss 6.734684467315674 ,lr 1.0000000000000003e-05
INFO:root:epoch 6, Episode 180, total_loss: 184.9562225341797, q_loss 178.24154663085938, v_loss 6.714675426483154 ,lr 1.0000000000000003e-05
INFO:root:epoch 6, Episode 181, total_loss: 184.92288208007812, q_loss 178.2275848388672, v_loss 6.695300102233887 ,lr 1.0000000000000003e-05
INFO:root:epoch 6, Episode 182, total_loss: 184.88955688476562, q_loss 178.21449279785156, v_loss 6.675057888031006 ,lr 1.0000000000000003e-05
INFO:root:epoch 6, Episode 183, total_loss: 184.85406494140625, q_loss 178.20138549804688, v_loss 6.652671813964844 ,lr 1.0000000000000003e-05
INFO:root:epoch 6, Episode 184, total_loss: 184.82150268554688, q_loss 178.1885528564453, v_loss 6.632954120635986 ,lr 1.0000000000000003e-05
INFO:root:epoch 6, Episode 185, total_loss: 184.7899169921875, q_loss 178.17401123046875, v_loss 6.615911960601807 ,lr 1.0000000000000003e-05
INFO:root:epoch 6, Episode 186, total_loss: 184.75790405273438, q_loss 178.1609344482422, v_loss 6.5969743728637695 ,lr 1.0000000000000003e-05
INFO:root:epoch 6, Episode 187, total_loss: 184.7288818359375, q_loss 178.15011596679688, v_loss 6.578760147094727 ,lr 1.0000000000000003e-05
INFO:root:epoch 6, Episode 188, total_loss: 184.70114135742188, q_loss 178.13925170898438, v_loss 6.561896324157715 ,lr 1.0000000000000003e-05
INFO:root:epoch 6, Episode 189, total_loss: 184.6697235107422, q_loss 178.1280975341797, v_loss 6.541621685028076 ,lr 1.0000000000000003e-05
INFO:root:epoch 6, Episode 190, total_loss: 184.63214111328125, q_loss 178.11489868164062, v_loss 6.517240524291992 ,lr 1.0000000000000003e-05
INFO:root:epoch 6, Episode 191, total_loss: 184.60401916503906, q_loss 178.10403442382812, v_loss 6.499979019165039 ,lr 1.0000000000000003e-05
INFO:root:epoch 6, Episode 192, total_loss: 184.5779571533203, q_loss 178.09385681152344, v_loss 6.48410701751709 ,lr 1.0000000000000003e-05
INFO:root:epoch 6, Episode 193, total_loss: 184.5487518310547, q_loss 178.08236694335938, v_loss 6.466383457183838 ,lr 1.0000000000000003e-05
INFO:root:epoch 6, Episode 194, total_loss: 184.5228729248047, q_loss 178.07217407226562, v_loss 6.450699329376221 ,lr 1.0000000000000003e-05
INFO:root:epoch 6, Episode 195, total_loss: 184.49363708496094, q_loss 178.06263732910156, v_loss 6.431003093719482 ,lr 1.0000000000000003e-05
INFO:root:epoch 6, Episode 196, total_loss: 184.46632385253906, q_loss 178.05133056640625, v_loss 6.414997577667236 ,lr 1.0000000000000003e-05
INFO:root:epoch 6, Episode 197, total_loss: 184.44068908691406, q_loss 178.0416259765625, v_loss 6.399067401885986 ,lr 1.0000000000000003e-05
INFO:root:epoch 6, Episode 198, total_loss: 184.41346740722656, q_loss 178.0310516357422, v_loss 6.382416725158691 ,lr 1.0000000000000003e-05
INFO:root:epoch 6, Episode 199, total_loss: 184.38885498046875, q_loss 178.02130126953125, v_loss 6.3675537109375 ,lr 1.0000000000000003e-05
INFO:root:epoch 6, Episode 200, total_loss: 184.36279296875, q_loss 178.01084899902344, v_loss 6.351949691772461 ,lr 1.0000000000000003e-05
INFO:root:epoch 6, Episode 201, total_loss: 184.33248901367188, q_loss 177.99819946289062, v_loss 6.334293842315674 ,lr 1.0000000000000003e-05
INFO:root:epoch 6, Episode 202, total_loss: 184.3065643310547, q_loss 177.982666015625, v_loss 6.32390022277832 ,lr 1.0000000000000003e-05
INFO:root:epoch 6, Episode 203, total_loss: 184.28286743164062, q_loss 177.97372436523438, v_loss 6.309149265289307 ,lr 1.0000000000000003e-05
INFO:root:epoch 6, Episode 204, total_loss: 184.26129150390625, q_loss 177.96617126464844, v_loss 6.295124053955078 ,lr 1.0000000000000003e-05
INFO:root:epoch 6, Episode 205, total_loss: 184.23341369628906, q_loss 177.957275390625, v_loss 6.276135444641113 ,lr 1.0000000000000003e-05
INFO:root:epoch 6, Episode 206, total_loss: 184.20614624023438, q_loss 177.94821166992188, v_loss 6.257929801940918 ,lr 1.0000000000000003e-05
INFO:root:epoch 6, Episode 207, total_loss: 184.18087768554688, q_loss 177.9381561279297, v_loss 6.242728233337402 ,lr 1.0000000000000003e-05
INFO:root:epoch 6, Episode 208, total_loss: 184.15516662597656, q_loss 177.92919921875, v_loss 6.2259745597839355 ,lr 1.0000000000000003e-05
INFO:root:epoch 6, Episode 209, total_loss: 184.1338348388672, q_loss 177.9221649169922, v_loss 6.211670398712158 ,lr 1.0000000000000003e-05
INFO:root:epoch 6, Episode 210, total_loss: 184.11317443847656, q_loss 177.915283203125, v_loss 6.19789457321167 ,lr 1.0000000000000003e-05
INFO:root:epoch 6, Episode 211, total_loss: 184.09246826171875, q_loss 177.908203125, v_loss 6.184267520904541 ,lr 1.0000000000000003e-05
INFO:root:epoch 6, Episode 212, total_loss: 184.07078552246094, q_loss 177.90054321289062, v_loss 6.170248508453369 ,lr 1.0000000000000003e-05
INFO:root:epoch 6, Episode 213, total_loss: 184.05145263671875, q_loss 177.89430236816406, v_loss 6.1571574211120605 ,lr 1.0000000000000003e-05
INFO:root:epoch 6, Episode 214, total_loss: 184.0239715576172, q_loss 177.8778533935547, v_loss 6.146119594573975 ,lr 1.0000000000000003e-05
INFO:root:epoch 6, Episode 215, total_loss: 184.00567626953125, q_loss 177.87193298339844, v_loss 6.1337385177612305 ,lr 1.0000000000000003e-05
INFO:root:epoch 6, Episode 216, total_loss: 183.9872283935547, q_loss 177.8652801513672, v_loss 6.121951580047607 ,lr 1.0000000000000003e-05
INFO:root:epoch 6, Episode 217, total_loss: 183.9634246826172, q_loss 177.85272216796875, v_loss 6.110695838928223 ,lr 1.0000000000000003e-05
INFO:root:epoch 6, Episode 218, total_loss: 183.94522094726562, q_loss 177.84690856933594, v_loss 6.098318576812744 ,lr 1.0000000000000003e-05
INFO:root:epoch 6, Episode 219, total_loss: 183.92916870117188, q_loss 177.8419952392578, v_loss 6.087170124053955 ,lr 1.0000000000000003e-05
INFO:root:epoch 6, Episode 220, total_loss: 183.91127014160156, q_loss 177.83584594726562, v_loss 6.075423240661621 ,lr 1.0000000000000003e-05
INFO:root:epoch 6, Episode 221, total_loss: 183.89195251464844, q_loss 177.82904052734375, v_loss 6.062906742095947 ,lr 1.0000000000000003e-05
INFO:root:epoch 6, Episode 222, total_loss: 183.86770629882812, q_loss 177.8199920654297, v_loss 6.047717571258545 ,lr 1.0000000000000003e-05
INFO:root:epoch 6, Episode 223, total_loss: 183.84971618652344, q_loss 177.81382751464844, v_loss 6.035887718200684 ,lr 1.0000000000000003e-05
INFO:root:epoch 6, Episode 224, total_loss: 183.8306884765625, q_loss 177.80677795410156, v_loss 6.023913383483887 ,lr 1.0000000000000003e-05
INFO:root:epoch 6, Episode 225, total_loss: 183.81251525878906, q_loss 177.800537109375, v_loss 6.011971950531006 ,lr 1.0000000000000003e-05
INFO:root:epoch 6, Episode 226, total_loss: 183.79385375976562, q_loss 177.79461669921875, v_loss 5.999235153198242 ,lr 1.0000000000000003e-05
INFO:root:epoch 6, Episode 227, total_loss: 183.77755737304688, q_loss 177.7889862060547, v_loss 5.988567352294922 ,lr 1.0000000000000003e-05
INFO:root:epoch 6, Episode 228, total_loss: 183.75967407226562, q_loss 177.78268432617188, v_loss 5.976996421813965 ,lr 1.0000000000000003e-05
INFO:root:epoch 6, Episode 229, total_loss: 183.74046325683594, q_loss 177.7771759033203, v_loss 5.963293075561523 ,lr 1.0000000000000003e-05
INFO:root:epoch 6, Episode 230, total_loss: 183.72280883789062, q_loss 177.77117919921875, v_loss 5.951632976531982 ,lr 1.0000000000000003e-05
INFO:root:epoch 6, Episode 231, total_loss: 183.70571899414062, q_loss 177.7650604248047, v_loss 5.940657615661621 ,lr 1.0000000000000003e-05
INFO:root:epoch 6, Episode 232, total_loss: 183.68919372558594, q_loss 177.75999450683594, v_loss 5.929199695587158 ,lr 1.0000000000000003e-05
INFO:root:epoch 6, Episode 233, total_loss: 183.67276000976562, q_loss 177.75418090820312, v_loss 5.918578624725342 ,lr 1.0000000000000003e-05
INFO:root:epoch 6, Episode 234, total_loss: 183.65892028808594, q_loss 177.7509307861328, v_loss 5.907993316650391 ,lr 1.0000000000000003e-05
INFO:root:epoch 6, Episode 235, total_loss: 183.64295959472656, q_loss 177.74569702148438, v_loss 5.89725923538208 ,lr 1.0000000000000003e-05
INFO:root:epoch 6, Episode 236, total_loss: 183.62741088867188, q_loss 177.74046325683594, v_loss 5.886944770812988 ,lr 1.0000000000000003e-05
INFO:root:epoch 6, Episode 237, total_loss: 183.6085968017578, q_loss 177.7349090576172, v_loss 5.87368631362915 ,lr 1.0000000000000003e-05
INFO:root:epoch 6, Episode 238, total_loss: 183.5927276611328, q_loss 177.72955322265625, v_loss 5.863173007965088 ,lr 1.0000000000000003e-05
INFO:root:epoch 6, Episode 239, total_loss: 183.5737762451172, q_loss 177.72482299804688, v_loss 5.8489508628845215 ,lr 1.0000000000000003e-05
INFO:root:epoch 6, Episode 240, total_loss: 183.55697631835938, q_loss 177.71902465820312, v_loss 5.837958335876465 ,lr 1.0000000000000003e-05
INFO:root:epoch 6, Episode 241, total_loss: 183.5433807373047, q_loss 177.7152862548828, v_loss 5.828098297119141 ,lr 1.0000000000000003e-05
INFO:root:epoch 6, Episode 242, total_loss: 183.52883911132812, q_loss 177.7108917236328, v_loss 5.8179497718811035 ,lr 1.0000000000000003e-05
INFO:root:epoch 6, Episode 243, total_loss: 183.51214599609375, q_loss 177.70457458496094, v_loss 5.807571887969971 ,lr 1.0000000000000003e-05
INFO:root:epoch 6, Episode 244, total_loss: 183.49807739257812, q_loss 177.7001953125, v_loss 5.797887325286865 ,lr 1.0000000000000003e-05
INFO:root:epoch 6, Episode 245, total_loss: 183.48037719726562, q_loss 177.69479370117188, v_loss 5.785580158233643 ,lr 1.0000000000000003e-05
INFO:root:epoch 6, Episode 246, total_loss: 183.46705627441406, q_loss 177.68988037109375, v_loss 5.777174949645996 ,lr 1.0000000000000003e-05
INFO:root:epoch 6, Episode 247, total_loss: 183.45289611816406, q_loss 177.6849822998047, v_loss 5.767917633056641 ,lr 1.0000000000000003e-05
INFO:root:epoch 6, Episode 248, total_loss: 183.43905639648438, q_loss 177.6804962158203, v_loss 5.758561611175537 ,lr 1.0000000000000003e-05
INFO:root:epoch 6, Episode 249, total_loss: 183.4252166748047, q_loss 177.67543029785156, v_loss 5.749781608581543 ,lr 1.0000000000000003e-05
INFO:root:epoch 6, Episode 250, total_loss: 183.40919494628906, q_loss 177.6695556640625, v_loss 5.739643096923828 ,lr 1.0000000000000003e-05
INFO:root:epoch 6, Episode 251, total_loss: 183.3981475830078, q_loss 177.66673278808594, v_loss 5.731407642364502 ,lr 1.0000000000000003e-05
INFO:root:epoch 6, Episode 252, total_loss: 183.38497924804688, q_loss 177.66265869140625, v_loss 5.722326755523682 ,lr 1.0000000000000003e-05
INFO:root:epoch 6, Episode 253, total_loss: 183.37107849121094, q_loss 177.6589813232422, v_loss 5.712095260620117 ,lr 1.0000000000000003e-05
INFO:root:epoch 6, Episode 254, total_loss: 183.35787963867188, q_loss 177.65496826171875, v_loss 5.702908515930176 ,lr 1.0000000000000003e-05
INFO:root:epoch 6, Episode 255, total_loss: 183.34591674804688, q_loss 177.6511993408203, v_loss 5.694717884063721 ,lr 1.0000000000000003e-05
INFO:root:epoch 6, Episode 256, total_loss: 183.33299255371094, q_loss 177.6467742919922, v_loss 5.686211585998535 ,lr 1.0000000000000003e-05
INFO:root:epoch 6, Episode 257, total_loss: 183.3218231201172, q_loss 177.6437530517578, v_loss 5.678072929382324 ,lr 1.0000000000000003e-05
INFO:root:epoch 6, Episode 258, total_loss: 183.30978393554688, q_loss 177.63986206054688, v_loss 5.669919490814209 ,lr 1.0000000000000003e-05
INFO:root:epoch 6, Episode 259, total_loss: 183.2964324951172, q_loss 177.6342010498047, v_loss 5.662228107452393 ,lr 1.0000000000000003e-05
INFO:root:epoch 6, Episode 260, total_loss: 183.28370666503906, q_loss 177.6295623779297, v_loss 5.654148101806641 ,lr 1.0000000000000003e-05
INFO:root:epoch 6, Episode 261, total_loss: 183.27395629882812, q_loss 177.626708984375, v_loss 5.647242546081543 ,lr 1.0000000000000003e-05
INFO:root:epoch 6, Episode 262, total_loss: 183.26040649414062, q_loss 177.62319946289062, v_loss 5.637206554412842 ,lr 1.0000000000000003e-05
INFO:root:epoch 6, Episode 263, total_loss: 183.24850463867188, q_loss 177.61956787109375, v_loss 5.628934860229492 ,lr 1.0000000000000003e-05
INFO:root:epoch 6, Episode 264, total_loss: 183.23760986328125, q_loss 177.6157684326172, v_loss 5.62184476852417 ,lr 1.0000000000000003e-05
INFO:root:epoch 6, Episode 265, total_loss: 183.22616577148438, q_loss 177.61233520507812, v_loss 5.613832950592041 ,lr 1.0000000000000003e-05
INFO:root:epoch 6, Episode 266, total_loss: 183.21145629882812, q_loss 177.6064910888672, v_loss 5.6049723625183105 ,lr 1.0000000000000003e-05
INFO:root:epoch 6, Episode 267, total_loss: 183.2002716064453, q_loss 177.60281372070312, v_loss 5.5974578857421875 ,lr 1.0000000000000003e-05
INFO:root:epoch 6, Episode 268, total_loss: 183.18902587890625, q_loss 177.59814453125, v_loss 5.590874671936035 ,lr 1.0000000000000003e-05
INFO:root:epoch 6, Episode 269, total_loss: 183.17483520507812, q_loss 177.5959930419922, v_loss 5.578840732574463 ,lr 1.0000000000000003e-05
INFO:root:epoch 6, Episode 270, total_loss: 183.1647186279297, q_loss 177.59246826171875, v_loss 5.572251319885254 ,lr 1.0000000000000003e-05
INFO:root:epoch 6, Episode 271, total_loss: 183.1515350341797, q_loss 177.58834838867188, v_loss 5.563182353973389 ,lr 1.0000000000000003e-05
INFO:root:epoch 6, Episode 272, total_loss: 183.14291381835938, q_loss 177.58677673339844, v_loss 5.556138038635254 ,lr 1.0000000000000003e-05
INFO:root:epoch 6, Episode 273, total_loss: 183.1317138671875, q_loss 177.58322143554688, v_loss 5.548490524291992 ,lr 1.0000000000000003e-05
INFO:root:epoch 6, Episode 274, total_loss: 183.1196746826172, q_loss 177.57798767089844, v_loss 5.541694164276123 ,lr 1.0000000000000003e-05
INFO:root:epoch 6, Episode 275, total_loss: 183.107421875, q_loss 177.5692596435547, v_loss 5.5381598472595215 ,lr 1.0000000000000003e-05
INFO:root:epoch 6, Episode 276, total_loss: 183.09674072265625, q_loss 177.56552124023438, v_loss 5.531219482421875 ,lr 1.0000000000000003e-05
INFO:root:epoch 6, Episode 277, total_loss: 183.08450317382812, q_loss 177.56190490722656, v_loss 5.522599697113037 ,lr 1.0000000000000003e-05
INFO:root:epoch 6, Episode 278, total_loss: 183.0755157470703, q_loss 177.5589599609375, v_loss 5.516550064086914 ,lr 1.0000000000000003e-05
INFO:root:epoch 6, Episode 279, total_loss: 183.06369018554688, q_loss 177.5546875, v_loss 5.508997440338135 ,lr 1.0000000000000003e-05
INFO:root:epoch 6, Episode 280, total_loss: 183.05458068847656, q_loss 177.55210876464844, v_loss 5.50247049331665 ,lr 1.0000000000000003e-05
INFO:root:epoch 6, Episode 281, total_loss: 183.0420684814453, q_loss 177.54812622070312, v_loss 5.493936538696289 ,lr 1.0000000000000003e-05
INFO:root:epoch 6, Episode 282, total_loss: 183.0323486328125, q_loss 177.54522705078125, v_loss 5.487114906311035 ,lr 1.0000000000000003e-05
INFO:root:epoch 6, Episode 283, total_loss: 183.01678466796875, q_loss 177.54061889648438, v_loss 5.476170539855957 ,lr 1.0000000000000003e-05
INFO:root:epoch 6, Episode 284, total_loss: 183.00706481933594, q_loss 177.53746032714844, v_loss 5.469604015350342 ,lr 1.0000000000000003e-05
INFO:root:epoch 6, Episode 285, total_loss: 182.9981689453125, q_loss 177.5341796875, v_loss 5.463988780975342 ,lr 1.0000000000000003e-05
INFO:root:epoch 6, Episode 286, total_loss: 182.9870147705078, q_loss 177.52996826171875, v_loss 5.457052230834961 ,lr 1.0000000000000003e-05
INFO:root:epoch 6, Episode 287, total_loss: 182.97642517089844, q_loss 177.5250244140625, v_loss 5.451395034790039 ,lr 1.0000000000000003e-05
INFO:root:epoch 6, Episode 288, total_loss: 182.9663543701172, q_loss 177.52198791503906, v_loss 5.444369316101074 ,lr 1.0000000000000003e-05
INFO:root:epoch 6, Episode 289, total_loss: 182.958984375, q_loss 177.5199737548828, v_loss 5.439013481140137 ,lr 1.0000000000000003e-05
INFO:root:epoch 6, Episode 290, total_loss: 182.9464111328125, q_loss 177.5142059326172, v_loss 5.432204723358154 ,lr 1.0000000000000003e-05
INFO:root:epoch 6, Episode 291, total_loss: 182.9346923828125, q_loss 177.51014709472656, v_loss 5.424538612365723 ,lr 1.0000000000000003e-05
INFO:root:epoch 6, Episode 292, total_loss: 182.92230224609375, q_loss 177.5022735595703, v_loss 5.420027732849121 ,lr 1.0000000000000003e-05
INFO:root:epoch 6, Episode 293, total_loss: 182.91323852539062, q_loss 177.4989013671875, v_loss 5.414344310760498 ,lr 1.0000000000000003e-05
INFO:root:epoch 6, Episode 294, total_loss: 182.90325927734375, q_loss 177.49545288085938, v_loss 5.407806396484375 ,lr 1.0000000000000003e-05
INFO:root:epoch 6, Episode 295, total_loss: 182.89108276367188, q_loss 177.48585510253906, v_loss 5.4052205085754395 ,lr 1.0000000000000003e-05
INFO:root:epoch 6, Episode 296, total_loss: 182.88034057617188, q_loss 177.48135375976562, v_loss 5.398991107940674 ,lr 1.0000000000000003e-05
INFO:root:epoch 6, Episode 297, total_loss: 182.869873046875, q_loss 177.4773406982422, v_loss 5.392531871795654 ,lr 1.0000000000000003e-05
INFO:root:epoch 6, Episode 298, total_loss: 182.85955810546875, q_loss 177.47312927246094, v_loss 5.386421203613281 ,lr 1.0000000000000003e-05
INFO:root:epoch 6, Episode 299, total_loss: 182.8491668701172, q_loss 177.4695281982422, v_loss 5.379642963409424 ,lr 1.0000000000000003e-05
INFO:root:epoch 6, Episode 300, total_loss: 182.839111328125, q_loss 177.46595764160156, v_loss 5.373156547546387 ,lr 1.0000000000000003e-05
INFO:root:epoch 6, Episode 301, total_loss: 182.829345703125, q_loss 177.4620361328125, v_loss 5.367311000823975 ,lr 1.0000000000000003e-05
INFO:root:epoch 6, Episode 302, total_loss: 182.8183135986328, q_loss 177.4595184326172, v_loss 5.358790397644043 ,lr 1.0000000000000003e-05
INFO:root:epoch 6, Episode 303, total_loss: 182.80892944335938, q_loss 177.45611572265625, v_loss 5.352814197540283 ,lr 1.0000000000000003e-05
INFO:root:epoch 6, Episode 304, total_loss: 182.79837036132812, q_loss 177.45169067382812, v_loss 5.346683502197266 ,lr 1.0000000000000003e-05
INFO:root:epoch 6, Episode 305, total_loss: 182.78622436523438, q_loss 177.44883728027344, v_loss 5.337386608123779 ,lr 1.0000000000000003e-05
INFO:root:epoch 6, Episode 306, total_loss: 182.7777557373047, q_loss 177.44598388671875, v_loss 5.331774711608887 ,lr 1.0000000000000003e-05
INFO:root:epoch 6, Episode 307, total_loss: 182.76824951171875, q_loss 177.4422149658203, v_loss 5.326031684875488 ,lr 1.0000000000000003e-05
INFO:root:epoch 6, Episode 308, total_loss: 182.75921630859375, q_loss 177.4390106201172, v_loss 5.320210933685303 ,lr 1.0000000000000003e-05
INFO:root:epoch 6, Episode 309, total_loss: 182.7489471435547, q_loss 177.4343719482422, v_loss 5.314568519592285 ,lr 1.0000000000000003e-05
INFO:root:epoch 6, Episode 310, total_loss: 182.74021911621094, q_loss 177.43142700195312, v_loss 5.308797359466553 ,lr 1.0000000000000003e-05
INFO:root:epoch 6, Episode 311, total_loss: 182.73045349121094, q_loss 177.42782592773438, v_loss 5.302626609802246 ,lr 1.0000000000000003e-05
INFO:root:epoch 6, Episode 312, total_loss: 182.72084045410156, q_loss 177.4248504638672, v_loss 5.295984745025635 ,lr 1.0000000000000003e-05
INFO:root:epoch 6, Episode 313, total_loss: 182.7122802734375, q_loss 177.42189025878906, v_loss 5.290395736694336 ,lr 1.0000000000000003e-05
INFO:root:epoch 6, Episode 314, total_loss: 182.70458984375, q_loss 177.41934204101562, v_loss 5.285252571105957 ,lr 1.0000000000000003e-05
INFO:root:epoch 6, Episode 315, total_loss: 182.69598388671875, q_loss 177.41622924804688, v_loss 5.279759407043457 ,lr 1.0000000000000003e-05
INFO:root:epoch 6, Episode 316, total_loss: 182.68577575683594, q_loss 177.41403198242188, v_loss 5.271737575531006 ,lr 1.0000000000000003e-05
INFO:root:epoch 6, Episode 317, total_loss: 182.6783905029297, q_loss 177.41183471679688, v_loss 5.266552448272705 ,lr 1.0000000000000003e-05
INFO:root:epoch 6, Episode 318, total_loss: 182.66831970214844, q_loss 177.40834045410156, v_loss 5.259984493255615 ,lr 1.0000000000000003e-05
INFO:root:epoch 6, Episode 319, total_loss: 182.65989685058594, q_loss 177.4049530029297, v_loss 5.254937171936035 ,lr 1.0000000000000003e-05
INFO:root:epoch 6, Episode 320, total_loss: 182.6508026123047, q_loss 177.40191650390625, v_loss 5.2488932609558105 ,lr 1.0000000000000003e-05
INFO:root:epoch 6, Episode 321, total_loss: 182.6416015625, q_loss 177.3983612060547, v_loss 5.243237018585205 ,lr 1.0000000000000003e-05
INFO:root:epoch 6, Episode 322, total_loss: 182.63278198242188, q_loss 177.39480590820312, v_loss 5.237980365753174 ,lr 1.0000000000000003e-05
INFO:root:epoch 6, Episode 323, total_loss: 182.62403869628906, q_loss 177.39169311523438, v_loss 5.2323384284973145 ,lr 1.0000000000000003e-05
INFO:root:epoch 6, Episode 324, total_loss: 182.61280822753906, q_loss 177.38905334472656, v_loss 5.223752498626709 ,lr 1.0000000000000003e-05
INFO:root:epoch 6, Episode 325, total_loss: 182.60382080078125, q_loss 177.38526916503906, v_loss 5.2185516357421875 ,lr 1.0000000000000003e-05
INFO:root:epoch 6, Episode 326, total_loss: 182.59609985351562, q_loss 177.38267517089844, v_loss 5.2134294509887695 ,lr 1.0000000000000003e-05
INFO:root:epoch 6, Episode 327, total_loss: 182.58738708496094, q_loss 177.37850952148438, v_loss 5.2088847160339355 ,lr 1.0000000000000003e-05
INFO:root:epoch 6, Episode 328, total_loss: 182.57937622070312, q_loss 177.37574768066406, v_loss 5.203622341156006 ,lr 1.0000000000000003e-05
INFO:root:epoch 6, Episode 329, total_loss: 182.5699920654297, q_loss 177.37179565429688, v_loss 5.1982035636901855 ,lr 1.0000000000000003e-05
INFO:root:epoch 6, Episode 330, total_loss: 182.5623779296875, q_loss 177.36935424804688, v_loss 5.193023681640625 ,lr 1.0000000000000003e-05
INFO:root:epoch 6, Episode 331, total_loss: 182.5552215576172, q_loss 177.3662109375, v_loss 5.18900728225708 ,lr 1.0000000000000003e-05
INFO:root:epoch 6, Episode 332, total_loss: 182.54713439941406, q_loss 177.3628387451172, v_loss 5.184290409088135 ,lr 1.0000000000000003e-05
INFO:root:epoch 6, Episode 333, total_loss: 182.5396270751953, q_loss 177.35983276367188, v_loss 5.179798126220703 ,lr 1.0000000000000003e-05
INFO:root:epoch 6, Episode 334, total_loss: 182.53248596191406, q_loss 177.35763549804688, v_loss 5.174843788146973 ,lr 1.0000000000000003e-05
INFO:root:epoch 6, Episode 335, total_loss: 182.522705078125, q_loss 177.35560607910156, v_loss 5.167099952697754 ,lr 1.0000000000000003e-05
INFO:root:epoch 6, Episode 336, total_loss: 182.51683044433594, q_loss 177.35397338867188, v_loss 5.1628594398498535 ,lr 1.0000000000000003e-05
INFO:root:epoch 6, Episode 337, total_loss: 182.509765625, q_loss 177.35191345214844, v_loss 5.157857418060303 ,lr 1.0000000000000003e-05
INFO:root:epoch 6, Episode 338, total_loss: 182.50201416015625, q_loss 177.34881591796875, v_loss 5.153199672698975 ,lr 1.0000000000000003e-05
INFO:root:epoch 6, Episode 339, total_loss: 182.49270629882812, q_loss 177.34674072265625, v_loss 5.145966529846191 ,lr 1.0000000000000003e-05
INFO:root:epoch 6, Episode 340, total_loss: 182.48597717285156, q_loss 177.3441162109375, v_loss 5.141866207122803 ,lr 1.0000000000000003e-05
INFO:root:epoch 6, Episode 341, total_loss: 182.47854614257812, q_loss 177.34141540527344, v_loss 5.137123107910156 ,lr 1.0000000000000003e-05
INFO:root:epoch 6, Episode 342, total_loss: 182.47201538085938, q_loss 177.33934020996094, v_loss 5.132678985595703 ,lr 1.0000000000000003e-05
INFO:root:epoch 6, Episode 343, total_loss: 182.46646118164062, q_loss 177.33778381347656, v_loss 5.12867546081543 ,lr 1.0000000000000003e-05
INFO:root:epoch 6, Episode 344, total_loss: 182.45944213867188, q_loss 177.3348388671875, v_loss 5.124602317810059 ,lr 1.0000000000000003e-05
INFO:root:epoch 6, Episode 345, total_loss: 182.45355224609375, q_loss 177.33233642578125, v_loss 5.121217250823975 ,lr 1.0000000000000003e-05
INFO:root:epoch 6, Episode 346, total_loss: 182.4474334716797, q_loss 177.33001708984375, v_loss 5.1174116134643555 ,lr 1.0000000000000003e-05
INFO:root:epoch 6, Episode 347, total_loss: 182.4391326904297, q_loss 177.32717895507812, v_loss 5.111947059631348 ,lr 1.0000000000000003e-05
INFO:root:epoch 6, Episode 348, total_loss: 182.43191528320312, q_loss 177.32568359375, v_loss 5.106234073638916 ,lr 1.0000000000000003e-05
INFO:root:epoch 6, Episode 349, total_loss: 182.42393493652344, q_loss 177.322265625, v_loss 5.101665496826172 ,lr 1.0000000000000003e-05
INFO:root:epoch 6, Episode 350, total_loss: 182.41818237304688, q_loss 177.31997680664062, v_loss 5.098206043243408 ,lr 1.0000000000000003e-05
INFO:root:epoch 6, Episode 351, total_loss: 182.4102783203125, q_loss 177.31634521484375, v_loss 5.093937397003174 ,lr 1.0000000000000003e-05
INFO:root:epoch 6, Episode 352, total_loss: 182.4035186767578, q_loss 177.31349182128906, v_loss 5.090028285980225 ,lr 1.0000000000000003e-05
INFO:root:epoch 6, Episode 353, total_loss: 182.3961181640625, q_loss 177.31002807617188, v_loss 5.086083889007568 ,lr 1.0000000000000003e-05
INFO:root:epoch 6, Episode 354, total_loss: 182.3885040283203, q_loss 177.30288696289062, v_loss 5.085614204406738 ,lr 1.0000000000000003e-05
INFO:root:epoch 6, Episode 355, total_loss: 182.38247680664062, q_loss 177.30116271972656, v_loss 5.0813164710998535 ,lr 1.0000000000000003e-05
INFO:root:epoch 6, Episode 356, total_loss: 182.37594604492188, q_loss 177.2986297607422, v_loss 5.077313423156738 ,lr 1.0000000000000003e-05
INFO:root:epoch 6, Episode 357, total_loss: 182.36895751953125, q_loss 177.29603576660156, v_loss 5.072917938232422 ,lr 1.0000000000000003e-05
INFO:root:epoch 6, Episode 358, total_loss: 182.36221313476562, q_loss 177.29273986816406, v_loss 5.069472789764404 ,lr 1.0000000000000003e-05
INFO:root:epoch 6, Episode 359, total_loss: 182.35423278808594, q_loss 177.28872680664062, v_loss 5.065500736236572 ,lr 1.0000000000000003e-05
INFO:root:epoch 6, Episode 360, total_loss: 182.3469696044922, q_loss 177.2855682373047, v_loss 5.061407566070557 ,lr 1.0000000000000003e-05
INFO:root:epoch 6, Episode 361, total_loss: 182.337890625, q_loss 177.28245544433594, v_loss 5.055439472198486 ,lr 1.0000000000000003e-05
INFO:root:epoch 6, Episode 362, total_loss: 182.33091735839844, q_loss 177.27960205078125, v_loss 5.0513105392456055 ,lr 1.0000000000000003e-05
INFO:root:epoch 6, Episode 363, total_loss: 182.322998046875, q_loss 177.27529907226562, v_loss 5.047698974609375 ,lr 1.0000000000000003e-05
INFO:root:epoch 6, Episode 364, total_loss: 182.31509399414062, q_loss 177.27224731445312, v_loss 5.042853832244873 ,lr 1.0000000000000003e-05
INFO:root:epoch 6, Episode 365, total_loss: 182.30882263183594, q_loss 177.26939392089844, v_loss 5.039425373077393 ,lr 1.0000000000000003e-05
INFO:root:epoch 6, Episode 366, total_loss: 182.3018798828125, q_loss 177.266357421875, v_loss 5.035517692565918 ,lr 1.0000000000000003e-05
INFO:root:epoch 6, Episode 367, total_loss: 182.29527282714844, q_loss 177.263671875, v_loss 5.031596660614014 ,lr 1.0000000000000003e-05
INFO:root:epoch 6, Episode 368, total_loss: 182.28944396972656, q_loss 177.26161193847656, v_loss 5.027828693389893 ,lr 1.0000000000000003e-05
INFO:root:epoch 6, Episode 369, total_loss: 182.2835693359375, q_loss 177.25929260253906, v_loss 5.0242767333984375 ,lr 1.0000000000000003e-05
INFO:root:epoch 6, Episode 370, total_loss: 182.2765350341797, q_loss 177.2566375732422, v_loss 5.019899845123291 ,lr 1.0000000000000003e-05
INFO:root:epoch 6, Episode 371, total_loss: 182.26844787597656, q_loss 177.25270080566406, v_loss 5.015751361846924 ,lr 1.0000000000000003e-05
INFO:root:epoch 6, Episode 372, total_loss: 182.26239013671875, q_loss 177.25062561035156, v_loss 5.011770725250244 ,lr 1.0000000000000003e-05
INFO:root:epoch 6, Episode 373, total_loss: 182.25621032714844, q_loss 177.24777221679688, v_loss 5.008442401885986 ,lr 1.0000000000000003e-05
INFO:root:epoch 6, Episode 374, total_loss: 182.2493896484375, q_loss 177.2445068359375, v_loss 5.004878520965576 ,lr 1.0000000000000003e-05
INFO:root:epoch 6, Episode 375, total_loss: 182.24314880371094, q_loss 177.2431640625, v_loss 4.9999895095825195 ,lr 1.0000000000000003e-05
INFO:root:epoch 6, Episode 376, total_loss: 182.23687744140625, q_loss 177.24034118652344, v_loss 4.9965434074401855 ,lr 1.0000000000000003e-05
INFO:root:epoch 6, Episode 377, total_loss: 182.22830200195312, q_loss 177.23583984375, v_loss 4.992462158203125 ,lr 1.0000000000000003e-05
INFO:root:epoch 6, Episode 378, total_loss: 182.2230682373047, q_loss 177.2337646484375, v_loss 4.989299774169922 ,lr 1.0000000000000003e-05
INFO:root:epoch 6, Episode 379, total_loss: 182.2149658203125, q_loss 177.22964477539062, v_loss 4.985324859619141 ,lr 1.0000000000000003e-05
INFO:root:epoch 6, Episode 380, total_loss: 182.21075439453125, q_loss 177.22781372070312, v_loss 4.982939720153809 ,lr 1.0000000000000003e-05
INFO:root:epoch 6, Episode 381, total_loss: 182.2041473388672, q_loss 177.224853515625, v_loss 4.979297637939453 ,lr 1.0000000000000003e-05
INFO:root:epoch 6, Episode 382, total_loss: 182.19871520996094, q_loss 177.2227020263672, v_loss 4.976015567779541 ,lr 1.0000000000000003e-05
INFO:root:epoch 6, Episode 383, total_loss: 182.18556213378906, q_loss 177.21119689941406, v_loss 4.974368095397949 ,lr 1.0000000000000003e-05
INFO:root:epoch 6, Episode 384, total_loss: 182.1796417236328, q_loss 177.20838928222656, v_loss 4.971247673034668 ,lr 1.0000000000000003e-05
INFO:root:epoch 6, Episode 385, total_loss: 182.17417907714844, q_loss 177.205810546875, v_loss 4.968372344970703 ,lr 1.0000000000000003e-05
INFO:root:epoch 6, Episode 386, total_loss: 182.16775512695312, q_loss 177.20266723632812, v_loss 4.965089321136475 ,lr 1.0000000000000003e-05
INFO:root:epoch 6, Episode 387, total_loss: 182.16207885742188, q_loss 177.20040893554688, v_loss 4.961667537689209 ,lr 1.0000000000000003e-05
INFO:root:epoch 6, Episode 388, total_loss: 182.15538024902344, q_loss 177.19757080078125, v_loss 4.957813262939453 ,lr 1.0000000000000003e-05
INFO:root:epoch 6, Episode 389, total_loss: 182.14968872070312, q_loss 177.19558715820312, v_loss 4.954095840454102 ,lr 1.0000000000000003e-05
INFO:root:epoch 6, Episode 390, total_loss: 182.1425018310547, q_loss 177.1932373046875, v_loss 4.949270248413086 ,lr 1.0000000000000003e-05
INFO:root:epoch 6, Episode 391, total_loss: 182.13754272460938, q_loss 177.19139099121094, v_loss 4.94614839553833 ,lr 1.0000000000000003e-05
INFO:root:epoch 6, Episode 392, total_loss: 182.13253784179688, q_loss 177.18931579589844, v_loss 4.94322395324707 ,lr 1.0000000000000003e-05
INFO:root:epoch 6, Episode 393, total_loss: 182.12802124023438, q_loss 177.18753051757812, v_loss 4.940494060516357 ,lr 1.0000000000000003e-05
INFO:root:epoch 6, Episode 394, total_loss: 182.12403869628906, q_loss 177.1862030029297, v_loss 4.937833309173584 ,lr 1.0000000000000003e-05
INFO:root:epoch 6, Episode 395, total_loss: 182.1180877685547, q_loss 177.18377685546875, v_loss 4.934311866760254 ,lr 1.0000000000000003e-05
INFO:root:epoch 6, Episode 396, total_loss: 182.1116180419922, q_loss 177.18093872070312, v_loss 4.930675029754639 ,lr 1.0000000000000003e-05
INFO:root:epoch 6, Episode 397, total_loss: 182.10235595703125, q_loss 177.17935180664062, v_loss 4.922997951507568 ,lr 1.0000000000000003e-05
INFO:root:epoch 6, Episode 398, total_loss: 182.0980224609375, q_loss 177.17742919921875, v_loss 4.920597553253174 ,lr 1.0000000000000003e-05
INFO:root:epoch 6, Episode 399, total_loss: 182.09288024902344, q_loss 177.17530822753906, v_loss 4.917568206787109 ,lr 1.0000000000000003e-05
INFO:root:epoch 6, Episode 400, total_loss: 182.08775329589844, q_loss 177.17291259765625, v_loss 4.914842128753662 ,lr 1.0000000000000003e-05
INFO:root:epoch 6, Episode 401, total_loss: 182.0830841064453, q_loss 177.17047119140625, v_loss 4.912614345550537 ,lr 1.0000000000000003e-05
INFO:root:epoch 6, Episode 402, total_loss: 182.07704162597656, q_loss 177.1678466796875, v_loss 4.9092020988464355 ,lr 1.0000000000000003e-05
INFO:root:epoch 6, Episode 403, total_loss: 182.07188415527344, q_loss 177.1656036376953, v_loss 4.906280517578125 ,lr 1.0000000000000003e-05
INFO:root:epoch 6, Episode 404, total_loss: 182.06564331054688, q_loss 177.16233825683594, v_loss 4.903301239013672 ,lr 1.0000000000000003e-05
INFO:root:epoch 6, Episode 405, total_loss: 182.05853271484375, q_loss 177.15882873535156, v_loss 4.899709701538086 ,lr 1.0000000000000003e-05
INFO:root:epoch 6, Episode 406, total_loss: 182.0543975830078, q_loss 177.1583709716797, v_loss 4.896033763885498 ,lr 1.0000000000000003e-05
INFO:root:epoch 6, Episode 407, total_loss: 182.04815673828125, q_loss 177.1556854248047, v_loss 4.892469882965088 ,lr 1.0000000000000003e-05
INFO:root:epoch 6, Episode 408, total_loss: 182.0431365966797, q_loss 177.15333557128906, v_loss 4.889806747436523 ,lr 1.0000000000000003e-05
INFO:root:epoch 6, Episode 409, total_loss: 182.03811645507812, q_loss 177.15158081054688, v_loss 4.886529922485352 ,lr 1.0000000000000003e-05
INFO:root:epoch 6, Episode 410, total_loss: 182.03492736816406, q_loss 177.15003967285156, v_loss 4.884893894195557 ,lr 1.0000000000000003e-05
INFO:root:epoch 6, Episode 411, total_loss: 182.0292205810547, q_loss 177.1477508544922, v_loss 4.881463050842285 ,lr 1.0000000000000003e-05
INFO:root:epoch 6, Episode 412, total_loss: 182.0227813720703, q_loss 177.14451599121094, v_loss 4.878271102905273 ,lr 1.0000000000000003e-05
INFO:root:epoch 6, Episode 413, total_loss: 182.01815795898438, q_loss 177.1419677734375, v_loss 4.876193046569824 ,lr 1.0000000000000003e-05
INFO:root:epoch 6, Episode 414, total_loss: 182.01095581054688, q_loss 177.13848876953125, v_loss 4.872460842132568 ,lr 1.0000000000000003e-05
INFO:root:epoch 6, Episode 415, total_loss: 182.0054168701172, q_loss 177.1353759765625, v_loss 4.870035171508789 ,lr 1.0000000000000003e-05
INFO:root:epoch 6, Episode 416, total_loss: 181.99935913085938, q_loss 177.13206481933594, v_loss 4.86729621887207 ,lr 1.0000000000000003e-05
INFO:root:epoch 6, Episode 417, total_loss: 181.99356079101562, q_loss 177.12911987304688, v_loss 4.864437580108643 ,lr 1.0000000000000003e-05
INFO:root:epoch 6, Episode 418, total_loss: 181.9882049560547, q_loss 177.1268768310547, v_loss 4.861332893371582 ,lr 1.0000000000000003e-05
INFO:root:epoch 6, Episode 419, total_loss: 181.98275756835938, q_loss 177.12423706054688, v_loss 4.858516216278076 ,lr 1.0000000000000003e-05
INFO:root:epoch 6, Episode 420, total_loss: 181.9775390625, q_loss 177.121337890625, v_loss 4.856199741363525 ,lr 1.0000000000000003e-05
INFO:root:epoch 6, Episode 421, total_loss: 181.9698028564453, q_loss 177.11959838867188, v_loss 4.850205421447754 ,lr 1.0000000000000003e-05
INFO:root:epoch 6, Episode 422, total_loss: 181.96365356445312, q_loss 177.11802673339844, v_loss 4.845630645751953 ,lr 1.0000000000000003e-05
INFO:root:epoch 6, Episode 423, total_loss: 181.95852661132812, q_loss 177.11573791503906, v_loss 4.8427958488464355 ,lr 1.0000000000000003e-05
INFO:root:epoch 6, Episode 424, total_loss: 181.95181274414062, q_loss 177.1122283935547, v_loss 4.839583873748779 ,lr 1.0000000000000003e-05
INFO:root:epoch 6, Episode 425, total_loss: 181.946044921875, q_loss 177.1092987060547, v_loss 4.836740970611572 ,lr 1.0000000000000003e-05
INFO:root:epoch 6, Episode 426, total_loss: 181.9419403076172, q_loss 177.107177734375, v_loss 4.83476448059082 ,lr 1.0000000000000003e-05
INFO:root:epoch 6, Episode 427, total_loss: 181.93771362304688, q_loss 177.10470581054688, v_loss 4.833001613616943 ,lr 1.0000000000000003e-05
INFO:root:epoch 6, Episode 428, total_loss: 181.93186950683594, q_loss 177.10166931152344, v_loss 4.830199241638184 ,lr 1.0000000000000003e-05
INFO:root:epoch 6, Episode 429, total_loss: 181.9271240234375, q_loss 177.0995330810547, v_loss 4.827591419219971 ,lr 1.0000000000000003e-05
INFO:root:epoch 6, Episode 430, total_loss: 181.92144775390625, q_loss 177.09637451171875, v_loss 4.825065612792969 ,lr 1.0000000000000003e-05
INFO:root:epoch 6, Episode 431, total_loss: 181.9152069091797, q_loss 177.09251403808594, v_loss 4.822687149047852 ,lr 1.0000000000000003e-05
INFO:root:epoch 6, Episode 432, total_loss: 181.91073608398438, q_loss 177.0906219482422, v_loss 4.82011604309082 ,lr 1.0000000000000003e-05
INFO:root:epoch 6, Episode 433, total_loss: 181.9042510986328, q_loss 177.0872802734375, v_loss 4.816971302032471 ,lr 1.0000000000000003e-05
INFO:root:epoch 6, Episode 434, total_loss: 181.90121459960938, q_loss 177.086181640625, v_loss 4.815036296844482 ,lr 1.0000000000000003e-05
INFO:root:epoch 6, Episode 435, total_loss: 181.89552307128906, q_loss 177.08334350585938, v_loss 4.812182426452637 ,lr 1.0000000000000003e-05
INFO:root:epoch 6, Episode 436, total_loss: 181.89083862304688, q_loss 177.0811767578125, v_loss 4.809665679931641 ,lr 1.0000000000000003e-05
INFO:root:epoch 6, Episode 437, total_loss: 181.88462829589844, q_loss 177.0779266357422, v_loss 4.806705474853516 ,lr 1.0000000000000003e-05
INFO:root:epoch 6, Episode 438, total_loss: 181.87950134277344, q_loss 177.07498168945312, v_loss 4.804521083831787 ,lr 1.0000000000000003e-05
INFO:root:epoch 6, Episode 439, total_loss: 181.87649536132812, q_loss 177.07366943359375, v_loss 4.80283260345459 ,lr 1.0000000000000003e-05
INFO:root:epoch 6, Episode 440, total_loss: 181.87144470214844, q_loss 177.07228088378906, v_loss 4.799156665802002 ,lr 1.0000000000000003e-05
INFO:root:epoch 6, Episode 441, total_loss: 181.86537170410156, q_loss 177.06976318359375, v_loss 4.795603275299072 ,lr 1.0000000000000003e-05
INFO:root:epoch 6, Episode 442, total_loss: 181.85850524902344, q_loss 177.06814575195312, v_loss 4.7903547286987305 ,lr 1.0000000000000003e-05
INFO:root:epoch 6, Episode 443, total_loss: 181.85276794433594, q_loss 177.06517028808594, v_loss 4.787597179412842 ,lr 1.0000000000000003e-05
INFO:root:epoch 6, Episode 444, total_loss: 181.8471221923828, q_loss 177.06240844726562, v_loss 4.784708023071289 ,lr 1.0000000000000003e-05
INFO:root:epoch 6, Episode 445, total_loss: 181.84207153320312, q_loss 177.05972290039062, v_loss 4.78234338760376 ,lr 1.0000000000000003e-05
INFO:root:epoch 6, Episode 446, total_loss: 181.8384246826172, q_loss 177.05838012695312, v_loss 4.780046463012695 ,lr 1.0000000000000003e-05
INFO:root:epoch 6, Episode 447, total_loss: 181.8329315185547, q_loss 177.05567932128906, v_loss 4.7772536277771 ,lr 1.0000000000000003e-05
INFO:root:epoch 6, Episode 448, total_loss: 181.8275604248047, q_loss 177.05343627929688, v_loss 4.774123668670654 ,lr 1.0000000000000003e-05
INFO:root:epoch 6, Episode 449, total_loss: 181.82249450683594, q_loss 177.05050659179688, v_loss 4.771986961364746 ,lr 1.0000000000000003e-05
INFO:root:epoch 6, Episode 450, total_loss: 181.8167724609375, q_loss 177.04722595214844, v_loss 4.7695393562316895 ,lr 1.0000000000000003e-05
INFO:root:epoch 6, Episode 451, total_loss: 181.8105010986328, q_loss 177.04400634765625, v_loss 4.766501426696777 ,lr 1.0000000000000003e-05
INFO:root:epoch 6, Episode 452, total_loss: 181.80555725097656, q_loss 177.0420379638672, v_loss 4.763521671295166 ,lr 1.0000000000000003e-05
INFO:root:epoch 6, Episode 453, total_loss: 181.80096435546875, q_loss 177.03964233398438, v_loss 4.761314868927002 ,lr 1.0000000000000003e-05
INFO:root:epoch 6, Episode 454, total_loss: 181.79653930664062, q_loss 177.0376434326172, v_loss 4.758888244628906 ,lr 1.0000000000000003e-05
INFO:root:epoch 6, Episode 455, total_loss: 181.79238891601562, q_loss 177.03561401367188, v_loss 4.756769180297852 ,lr 1.0000000000000003e-05
INFO:root:epoch 6, Episode 456, total_loss: 181.78863525390625, q_loss 177.0337371826172, v_loss 4.754905700683594 ,lr 1.0000000000000003e-05
INFO:root:epoch 7, Episode 0, total_loss: 624.0260009765625, q_loss 619.879150390625, v_loss 4.146878719329834 ,lr 1.0000000000000003e-05
INFO:root:epoch 7, Episode 1, total_loss: 623.9782104492188, q_loss 619.8466796875, v_loss 4.131528854370117 ,lr 1.0000000000000003e-05
INFO:root:epoch 7, Episode 2, total_loss: 623.8822021484375, q_loss 619.7843627929688, v_loss 4.097849369049072 ,lr 1.0000000000000003e-05
INFO:root:epoch 7, Episode 3, total_loss: 623.7367553710938, q_loss 619.693603515625, v_loss 4.0431365966796875 ,lr 1.0000000000000003e-05
INFO:root:epoch 7, Episode 4, total_loss: 623.5770874023438, q_loss 619.5916748046875, v_loss 3.9854018688201904 ,lr 1.0000000000000003e-05
INFO:root:epoch 7, Episode 5, total_loss: 623.3749389648438, q_loss 619.4652709960938, v_loss 3.9096460342407227 ,lr 1.0000000000000003e-05
INFO:root:epoch 7, Episode 6, total_loss: 623.0867919921875, q_loss 619.29296875, v_loss 3.7937967777252197 ,lr 1.0000000000000003e-05
INFO:root:epoch 7, Episode 7, total_loss: 622.78955078125, q_loss 619.1155395507812, v_loss 3.6740148067474365 ,lr 1.0000000000000003e-05
INFO:root:epoch 7, Episode 8, total_loss: 622.455322265625, q_loss 618.9183349609375, v_loss 3.536968231201172 ,lr 1.0000000000000003e-05
INFO:root:epoch 7, Episode 9, total_loss: 622.1304321289062, q_loss 618.723876953125, v_loss 3.406554698944092 ,lr 1.0000000000000003e-05
INFO:root:epoch 7, Episode 10, total_loss: 621.8663940429688, q_loss 618.55712890625, v_loss 3.3092682361602783 ,lr 1.0000000000000003e-05
INFO:root:epoch 7, Episode 11, total_loss: 621.5662841796875, q_loss 618.3718872070312, v_loss 3.1944220066070557 ,lr 1.0000000000000003e-05
INFO:root:epoch 7, Episode 12, total_loss: 621.2598876953125, q_loss 618.1842651367188, v_loss 3.075627565383911 ,lr 1.0000000000000003e-05
INFO:root:epoch 7, Episode 13, total_loss: 620.9403076171875, q_loss 617.9873657226562, v_loss 2.9529478549957275 ,lr 1.0000000000000003e-05
INFO:root:epoch 7, Episode 14, total_loss: 620.5798950195312, q_loss 617.7704467773438, v_loss 2.809457302093506 ,lr 1.0000000000000003e-05
INFO:root:epoch 7, Episode 15, total_loss: 620.2601318359375, q_loss 617.5762939453125, v_loss 2.683854103088379 ,lr 1.0000000000000003e-05
INFO:root:epoch 7, Episode 16, total_loss: 620.0011596679688, q_loss 617.4092407226562, v_loss 2.591928720474243 ,lr 1.0000000000000003e-05
INFO:root:epoch 7, Episode 17, total_loss: 619.6845703125, q_loss 617.2152709960938, v_loss 2.469297170639038 ,lr 1.0000000000000003e-05
INFO:root:epoch 7, Episode 18, total_loss: 619.3868408203125, q_loss 617.0263671875, v_loss 2.3604624271392822 ,lr 1.0000000000000003e-05
INFO:root:epoch 7, Episode 19, total_loss: 619.02099609375, q_loss 616.8033447265625, v_loss 2.217670202255249 ,lr 1.0000000000000003e-05
INFO:root:epoch 7, Episode 20, total_loss: 618.798828125, q_loss 616.6547241210938, v_loss 2.144129991531372 ,lr 1.0000000000000003e-05
INFO:root:epoch 7, Episode 21, total_loss: 618.5886840820312, q_loss 616.5159301757812, v_loss 2.0727286338806152 ,lr 1.0000000000000003e-05
INFO:root:epoch 7, Episode 22, total_loss: 618.30419921875, q_loss 616.3327026367188, v_loss 1.9714818000793457 ,lr 1.0000000000000003e-05
INFO:root:epoch 7, Episode 23, total_loss: 618.0555419921875, q_loss 616.171875, v_loss 1.883636474609375 ,lr 1.0000000000000003e-05
INFO:root:epoch 7, Episode 24, total_loss: 617.7428588867188, q_loss 615.9759521484375, v_loss 1.76688551902771 ,lr 1.0000000000000003e-05
INFO:root:epoch 7, Episode 25, total_loss: 617.56494140625, q_loss 615.849365234375, v_loss 1.715582251548767 ,lr 1.0000000000000003e-05
INFO:root:epoch 7, Episode 26, total_loss: 617.3901977539062, q_loss 615.7268676757812, v_loss 1.6633437871932983 ,lr 1.0000000000000003e-05
INFO:root:epoch 7, Episode 27, total_loss: 617.173828125, q_loss 615.58203125, v_loss 1.591789960861206 ,lr 1.0000000000000003e-05
INFO:root:epoch 7, Episode 28, total_loss: 616.96728515625, q_loss 615.4420776367188, v_loss 1.5251950025558472 ,lr 1.0000000000000003e-05
INFO:root:epoch 7, Episode 29, total_loss: 616.7682495117188, q_loss 615.3046875, v_loss 1.4635348320007324 ,lr 1.0000000000000003e-05
INFO:root:epoch 7, Episode 30, total_loss: 616.5826416015625, q_loss 615.1747436523438, v_loss 1.4078805446624756 ,lr 1.0000000000000003e-05
INFO:root:epoch 7, Episode 31, total_loss: 616.43896484375, q_loss 615.0669555664062, v_loss 1.3720067739486694 ,lr 1.0000000000000003e-05
INFO:root:epoch 7, Episode 32, total_loss: 616.3053588867188, q_loss 614.9651489257812, v_loss 1.340230941772461 ,lr 1.0000000000000003e-05
INFO:root:epoch 7, Episode 33, total_loss: 616.1491088867188, q_loss 614.852294921875, v_loss 1.2968204021453857 ,lr 1.0000000000000003e-05
INFO:root:epoch 7, Episode 34, total_loss: 615.9966430664062, q_loss 614.740234375, v_loss 1.2564278841018677 ,lr 1.0000000000000003e-05
INFO:root:epoch 7, Episode 35, total_loss: 615.8843383789062, q_loss 614.6503295898438, v_loss 1.2340373992919922 ,lr 1.0000000000000003e-05
INFO:root:epoch 7, Episode 36, total_loss: 615.710693359375, q_loss 614.5259399414062, v_loss 1.1847511529922485 ,lr 1.0000000000000003e-05
INFO:root:epoch 7, Episode 37, total_loss: 615.5971069335938, q_loss 614.43505859375, v_loss 1.162056803703308 ,lr 1.0000000000000003e-05
INFO:root:epoch 7, Episode 38, total_loss: 615.4984741210938, q_loss 614.35302734375, v_loss 1.145440697669983 ,lr 1.0000000000000003e-05
INFO:root:epoch 7, Episode 39, total_loss: 615.3926391601562, q_loss 614.2647705078125, v_loss 1.127890944480896 ,lr 1.0000000000000003e-05
INFO:root:epoch 7, Episode 40, total_loss: 615.2847290039062, q_loss 614.1783447265625, v_loss 1.1063542366027832 ,lr 1.0000000000000003e-05
INFO:root:epoch 7, Episode 41, total_loss: 615.1825561523438, q_loss 614.0955810546875, v_loss 1.086962342262268 ,lr 1.0000000000000003e-05
INFO:root:epoch 7, Episode 42, total_loss: 615.10107421875, q_loss 614.0239868164062, v_loss 1.0770883560180664 ,lr 1.0000000000000003e-05
INFO:root:epoch 7, Episode 43, total_loss: 615.0160522460938, q_loss 613.948974609375, v_loss 1.0670568943023682 ,lr 1.0000000000000003e-05
INFO:root:epoch 7, Episode 44, total_loss: 614.9345703125, q_loss 613.8770141601562, v_loss 1.0575846433639526 ,lr 1.0000000000000003e-05
INFO:root:epoch 7, Episode 45, total_loss: 614.8260498046875, q_loss 613.7887573242188, v_loss 1.0373175144195557 ,lr 1.0000000000000003e-05
INFO:root:epoch 7, Episode 46, total_loss: 614.755126953125, q_loss 613.724609375, v_loss 1.030523419380188 ,lr 1.0000000000000003e-05
INFO:root:epoch 7, Episode 47, total_loss: 614.682861328125, q_loss 613.6580810546875, v_loss 1.0247539281845093 ,lr 1.0000000000000003e-05
INFO:root:epoch 7, Episode 48, total_loss: 614.6151123046875, q_loss 613.5942993164062, v_loss 1.0208083391189575 ,lr 1.0000000000000003e-05
INFO:root:epoch 7, Episode 49, total_loss: 614.543212890625, q_loss 613.528076171875, v_loss 1.0151540040969849 ,lr 1.0000000000000003e-05
INFO:root:epoch 7, Episode 50, total_loss: 614.4750366210938, q_loss 613.4641723632812, v_loss 1.0108567476272583 ,lr 1.0000000000000003e-05
INFO:root:epoch 7, Episode 51, total_loss: 614.3983764648438, q_loss 613.393798828125, v_loss 1.004571557044983 ,lr 1.0000000000000003e-05
INFO:root:epoch 7, Episode 52, total_loss: 614.3369140625, q_loss 613.3347778320312, v_loss 1.0021096467971802 ,lr 1.0000000000000003e-05
INFO:root:epoch 7, Episode 53, total_loss: 614.2637329101562, q_loss 613.267333984375, v_loss 0.9963926672935486 ,lr 1.0000000000000003e-05
INFO:root:epoch 7, Episode 54, total_loss: 614.2054443359375, q_loss 613.2108154296875, v_loss 0.9946138858795166 ,lr 1.0000000000000003e-05
INFO:root:epoch 7, Episode 55, total_loss: 614.1480712890625, q_loss 613.1548461914062, v_loss 0.9932057857513428 ,lr 1.0000000000000003e-05
INFO:root:epoch 7, Episode 56, total_loss: 614.0931396484375, q_loss 613.1016235351562, v_loss 0.9915214776992798 ,lr 1.0000000000000003e-05
INFO:root:epoch 7, Episode 57, total_loss: 614.034912109375, q_loss 613.0450439453125, v_loss 0.989892840385437 ,lr 1.0000000000000003e-05
INFO:root:epoch 7, Episode 58, total_loss: 613.9774169921875, q_loss 612.9893188476562, v_loss 0.9881071448326111 ,lr 1.0000000000000003e-05
INFO:root:epoch 7, Episode 59, total_loss: 613.9222412109375, q_loss 612.935546875, v_loss 0.9866929054260254 ,lr 1.0000000000000003e-05
INFO:root:epoch 7, Episode 60, total_loss: 613.8633422851562, q_loss 612.8778686523438, v_loss 0.9854741096496582 ,lr 1.0000000000000003e-05
INFO:root:epoch 7, Episode 61, total_loss: 613.8038940429688, q_loss 612.8201293945312, v_loss 0.9837769865989685 ,lr 1.0000000000000003e-05
INFO:root:epoch 7, Episode 62, total_loss: 613.7496948242188, q_loss 612.7659301757812, v_loss 0.9837769865989685 ,lr 1.0000000000000003e-05
INFO:root:epoch 7, Episode 63, total_loss: 613.6983642578125, q_loss 612.7147827148438, v_loss 0.9835720062255859 ,lr 1.0000000000000003e-05
INFO:root:epoch 7, Episode 64, total_loss: 613.6498413085938, q_loss 612.6655883789062, v_loss 0.9842468500137329 ,lr 1.0000000000000003e-05
INFO:root:epoch 7, Episode 65, total_loss: 613.5999145507812, q_loss 612.615478515625, v_loss 0.9844110012054443 ,lr 1.0000000000000003e-05
INFO:root:epoch 7, Episode 66, total_loss: 613.5505981445312, q_loss 612.5667114257812, v_loss 0.9838876128196716 ,lr 1.0000000000000003e-05
INFO:root:epoch 7, Episode 67, total_loss: 613.50146484375, q_loss 612.5180053710938, v_loss 0.9834389686584473 ,lr 1.0000000000000003e-05
INFO:root:epoch 7, Episode 68, total_loss: 613.451416015625, q_loss 612.4680786132812, v_loss 0.983359158039093 ,lr 1.0000000000000003e-05
INFO:root:epoch 7, Episode 69, total_loss: 613.4016723632812, q_loss 612.4189453125, v_loss 0.9827507138252258 ,lr 1.0000000000000003e-05
INFO:root:epoch 7, Episode 70, total_loss: 613.3507080078125, q_loss 612.3677978515625, v_loss 0.9829248785972595 ,lr 1.0000000000000003e-05
INFO:root:epoch 7, Episode 71, total_loss: 613.3007202148438, q_loss 612.3180541992188, v_loss 0.9826532006263733 ,lr 1.0000000000000003e-05
INFO:root:epoch 7, Episode 72, total_loss: 613.2564086914062, q_loss 612.2727661132812, v_loss 0.9836219549179077 ,lr 1.0000000000000003e-05
INFO:root:epoch 7, Episode 73, total_loss: 613.208984375, q_loss 612.226318359375, v_loss 0.9826895594596863 ,lr 1.0000000000000003e-05
INFO:root:epoch 7, Episode 74, total_loss: 613.1600952148438, q_loss 612.1778564453125, v_loss 0.9822112917900085 ,lr 1.0000000000000003e-05
INFO:root:epoch 7, Episode 75, total_loss: 613.1115112304688, q_loss 612.1298828125, v_loss 0.9816522002220154 ,lr 1.0000000000000003e-05
INFO:root:epoch 7, Episode 76, total_loss: 613.0637817382812, q_loss 612.08251953125, v_loss 0.981234073638916 ,lr 1.0000000000000003e-05
INFO:root:epoch 7, Episode 77, total_loss: 613.016845703125, q_loss 612.0363159179688, v_loss 0.9805311560630798 ,lr 1.0000000000000003e-05
INFO:root:epoch 7, Episode 78, total_loss: 612.9702758789062, q_loss 611.9901123046875, v_loss 0.9801334142684937 ,lr 1.0000000000000003e-05
INFO:root:epoch 7, Episode 79, total_loss: 612.9214477539062, q_loss 611.94189453125, v_loss 0.9795350432395935 ,lr 1.0000000000000003e-05
INFO:root:epoch 7, Episode 80, total_loss: 612.8720703125, q_loss 611.893798828125, v_loss 0.9782735109329224 ,lr 1.0000000000000003e-05
INFO:root:epoch 7, Episode 81, total_loss: 612.8253784179688, q_loss 611.8480224609375, v_loss 0.9773585200309753 ,lr 1.0000000000000003e-05
INFO:root:epoch 7, Episode 82, total_loss: 612.7783203125, q_loss 611.8019409179688, v_loss 0.9764084815979004 ,lr 1.0000000000000003e-05
INFO:root:epoch 7, Episode 83, total_loss: 612.7339477539062, q_loss 611.758056640625, v_loss 0.97586989402771 ,lr 1.0000000000000003e-05
INFO:root:epoch 7, Episode 84, total_loss: 612.6888427734375, q_loss 611.7138061523438, v_loss 0.9750410914421082 ,lr 1.0000000000000003e-05
INFO:root:epoch 7, Episode 85, total_loss: 612.642822265625, q_loss 611.6686401367188, v_loss 0.9741985201835632 ,lr 1.0000000000000003e-05
INFO:root:epoch 7, Episode 86, total_loss: 612.5950317382812, q_loss 611.6201171875, v_loss 0.974911630153656 ,lr 1.0000000000000003e-05
INFO:root:epoch 7, Episode 87, total_loss: 612.5482788085938, q_loss 611.5745239257812, v_loss 0.973773717880249 ,lr 1.0000000000000003e-05
INFO:root:epoch 7, Episode 88, total_loss: 612.5026245117188, q_loss 611.52978515625, v_loss 0.9728416204452515 ,lr 1.0000000000000003e-05
INFO:root:epoch 7, Episode 89, total_loss: 612.4562377929688, q_loss 611.4845581054688, v_loss 0.971703827381134 ,lr 1.0000000000000003e-05
INFO:root:epoch 7, Episode 90, total_loss: 612.4104614257812, q_loss 611.4398803710938, v_loss 0.9705768823623657 ,lr 1.0000000000000003e-05
INFO:root:epoch 7, Episode 91, total_loss: 612.364990234375, q_loss 611.3954467773438, v_loss 0.9695325493812561 ,lr 1.0000000000000003e-05
INFO:root:epoch 7, Episode 92, total_loss: 612.3198852539062, q_loss 611.351318359375, v_loss 0.9685547947883606 ,lr 1.0000000000000003e-05
INFO:root:epoch 7, Episode 93, total_loss: 612.2747192382812, q_loss 611.3071899414062, v_loss 0.9675583839416504 ,lr 1.0000000000000003e-05
INFO:root:epoch 7, Episode 94, total_loss: 612.2296752929688, q_loss 611.2631225585938, v_loss 0.9665287137031555 ,lr 1.0000000000000003e-05
INFO:root:epoch 7, Episode 95, total_loss: 612.1851806640625, q_loss 611.2196044921875, v_loss 0.9655590057373047 ,lr 1.0000000000000003e-05
INFO:root:epoch 7, Episode 96, total_loss: 612.1405639648438, q_loss 611.176025390625, v_loss 0.9645208716392517 ,lr 1.0000000000000003e-05
INFO:root:epoch 7, Episode 97, total_loss: 612.095947265625, q_loss 611.1323852539062, v_loss 0.9635355472564697 ,lr 1.0000000000000003e-05
INFO:root:epoch 7, Episode 98, total_loss: 612.0519409179688, q_loss 611.0894165039062, v_loss 0.9624975919723511 ,lr 1.0000000000000003e-05
INFO:root:epoch 7, Episode 99, total_loss: 612.0078735351562, q_loss 611.0462036132812, v_loss 0.9616828560829163 ,lr 1.0000000000000003e-05
INFO:root:epoch 7, Episode 100, total_loss: 611.9640502929688, q_loss 611.0033569335938, v_loss 0.9606913328170776 ,lr 1.0000000000000003e-05
INFO:root:epoch 7, Episode 101, total_loss: 611.9203491210938, q_loss 610.9606323242188, v_loss 0.9597139954566956 ,lr 1.0000000000000003e-05
INFO:root:epoch 7, Episode 102, total_loss: 611.87890625, q_loss 610.9198608398438, v_loss 0.959041178226471 ,lr 1.0000000000000003e-05
INFO:root:epoch 7, Episode 103, total_loss: 611.8338623046875, q_loss 610.8763427734375, v_loss 0.9575068354606628 ,lr 1.0000000000000003e-05
INFO:root:epoch 7, Episode 104, total_loss: 611.7904052734375, q_loss 610.8338623046875, v_loss 0.9565316438674927 ,lr 1.0000000000000003e-05
INFO:root:epoch 7, Episode 105, total_loss: 611.7476196289062, q_loss 610.7920532226562, v_loss 0.9555643796920776 ,lr 1.0000000000000003e-05
INFO:root:epoch 7, Episode 106, total_loss: 611.703857421875, q_loss 610.7492065429688, v_loss 0.9546634554862976 ,lr 1.0000000000000003e-05
INFO:root:epoch 7, Episode 107, total_loss: 611.6602783203125, q_loss 610.7069091796875, v_loss 0.9533987641334534 ,lr 1.0000000000000003e-05
INFO:root:epoch 7, Episode 108, total_loss: 611.6172485351562, q_loss 610.664794921875, v_loss 0.9524512887001038 ,lr 1.0000000000000003e-05
INFO:root:epoch 7, Episode 109, total_loss: 611.5748901367188, q_loss 610.6234130859375, v_loss 0.9514746069908142 ,lr 1.0000000000000003e-05
INFO:root:epoch 7, Episode 110, total_loss: 611.5303955078125, q_loss 610.5805053710938, v_loss 0.9498791694641113 ,lr 1.0000000000000003e-05
INFO:root:epoch 7, Episode 111, total_loss: 611.4881591796875, q_loss 610.5391235351562, v_loss 0.949039101600647 ,lr 1.0000000000000003e-05
INFO:root:epoch 7, Episode 112, total_loss: 611.4459228515625, q_loss 610.4978637695312, v_loss 0.9480376839637756 ,lr 1.0000000000000003e-05
INFO:root:epoch 7, Episode 113, total_loss: 611.4046630859375, q_loss 610.4581298828125, v_loss 0.9465339779853821 ,lr 1.0000000000000003e-05
INFO:root:epoch 7, Episode 114, total_loss: 611.3638305664062, q_loss 610.4180908203125, v_loss 0.9457237124443054 ,lr 1.0000000000000003e-05
INFO:root:epoch 7, Episode 115, total_loss: 611.3219604492188, q_loss 610.3771362304688, v_loss 0.9448379278182983 ,lr 1.0000000000000003e-05
INFO:root:epoch 7, Episode 116, total_loss: 611.280517578125, q_loss 610.3364868164062, v_loss 0.9440262913703918 ,lr 1.0000000000000003e-05
INFO:root:epoch 7, Episode 117, total_loss: 611.2386474609375, q_loss 610.2955322265625, v_loss 0.9431015253067017 ,lr 1.0000000000000003e-05
INFO:root:epoch 7, Episode 118, total_loss: 611.1962890625, q_loss 610.2540893554688, v_loss 0.942227303981781 ,lr 1.0000000000000003e-05
INFO:root:epoch 7, Episode 119, total_loss: 611.15478515625, q_loss 610.2135009765625, v_loss 0.941301703453064 ,lr 1.0000000000000003e-05
INFO:root:epoch 7, Episode 120, total_loss: 611.1133422851562, q_loss 610.1729736328125, v_loss 0.9403970837593079 ,lr 1.0000000000000003e-05
INFO:root:epoch 7, Episode 121, total_loss: 611.0719604492188, q_loss 610.1324462890625, v_loss 0.9395290613174438 ,lr 1.0000000000000003e-05
INFO:root:epoch 7, Episode 122, total_loss: 611.0308837890625, q_loss 610.0924072265625, v_loss 0.9384485483169556 ,lr 1.0000000000000003e-05
INFO:root:epoch 7, Episode 123, total_loss: 610.990478515625, q_loss 610.052978515625, v_loss 0.937472939491272 ,lr 1.0000000000000003e-05
INFO:root:epoch 7, Episode 124, total_loss: 610.9491577148438, q_loss 610.0125732421875, v_loss 0.9365553855895996 ,lr 1.0000000000000003e-05
INFO:root:epoch 7, Episode 125, total_loss: 610.9086303710938, q_loss 609.972900390625, v_loss 0.9357276558876038 ,lr 1.0000000000000003e-05
INFO:root:epoch 7, Episode 126, total_loss: 610.8672485351562, q_loss 609.9325561523438, v_loss 0.9346879720687866 ,lr 1.0000000000000003e-05
INFO:root:epoch 7, Episode 127, total_loss: 610.826904296875, q_loss 609.89306640625, v_loss 0.9338173866271973 ,lr 1.0000000000000003e-05
INFO:root:epoch 7, Episode 128, total_loss: 610.7877807617188, q_loss 609.8551025390625, v_loss 0.9326727390289307 ,lr 1.0000000000000003e-05
INFO:root:epoch 7, Episode 129, total_loss: 610.7476196289062, q_loss 609.8157958984375, v_loss 0.9318424463272095 ,lr 1.0000000000000003e-05
INFO:root:epoch 7, Episode 130, total_loss: 610.7073974609375, q_loss 609.7764282226562, v_loss 0.9309808611869812 ,lr 1.0000000000000003e-05
INFO:root:epoch 7, Episode 131, total_loss: 610.6677856445312, q_loss 609.7377319335938, v_loss 0.930044412612915 ,lr 1.0000000000000003e-05
INFO:root:epoch 7, Episode 132, total_loss: 610.6278076171875, q_loss 609.6985473632812, v_loss 0.929248034954071 ,lr 1.0000000000000003e-05
INFO:root:epoch 7, Episode 133, total_loss: 610.5870361328125, q_loss 609.6587524414062, v_loss 0.9282593727111816 ,lr 1.0000000000000003e-05
INFO:root:epoch 7, Episode 134, total_loss: 610.54736328125, q_loss 609.6199340820312, v_loss 0.9274205565452576 ,lr 1.0000000000000003e-05
INFO:root:epoch 7, Episode 135, total_loss: 610.5072631835938, q_loss 609.58056640625, v_loss 0.9266883730888367 ,lr 1.0000000000000003e-05
INFO:root:epoch 7, Episode 136, total_loss: 610.4673461914062, q_loss 609.5416870117188, v_loss 0.9256842136383057 ,lr 1.0000000000000003e-05
INFO:root:epoch 7, Episode 137, total_loss: 610.427734375, q_loss 609.5028686523438, v_loss 0.9248688817024231 ,lr 1.0000000000000003e-05
INFO:root:epoch 7, Episode 138, total_loss: 610.388427734375, q_loss 609.4642944335938, v_loss 0.9241482019424438 ,lr 1.0000000000000003e-05
INFO:root:epoch 7, Episode 139, total_loss: 610.3489379882812, q_loss 609.4255981445312, v_loss 0.9233608245849609 ,lr 1.0000000000000003e-05
INFO:root:epoch 7, Episode 140, total_loss: 610.309814453125, q_loss 609.3872680664062, v_loss 0.9225404858589172 ,lr 1.0000000000000003e-05
INFO:root:epoch 7, Episode 141, total_loss: 610.2705688476562, q_loss 609.3488159179688, v_loss 0.9217484593391418 ,lr 1.0000000000000003e-05
INFO:root:epoch 7, Episode 142, total_loss: 610.2313842773438, q_loss 609.3104248046875, v_loss 0.920951247215271 ,lr 1.0000000000000003e-05
INFO:root:epoch 7, Episode 143, total_loss: 610.1921997070312, q_loss 609.2720336914062, v_loss 0.9201728105545044 ,lr 1.0000000000000003e-05
INFO:root:epoch 7, Episode 144, total_loss: 610.153076171875, q_loss 609.2337646484375, v_loss 0.9193322062492371 ,lr 1.0000000000000003e-05
INFO:root:epoch 7, Episode 145, total_loss: 610.1143188476562, q_loss 609.19580078125, v_loss 0.9185454249382019 ,lr 1.0000000000000003e-05
INFO:root:epoch 7, Episode 146, total_loss: 610.075927734375, q_loss 609.1581420898438, v_loss 0.9178017377853394 ,lr 1.0000000000000003e-05
INFO:root:epoch 7, Episode 147, total_loss: 610.0376586914062, q_loss 609.1205444335938, v_loss 0.9170978665351868 ,lr 1.0000000000000003e-05
INFO:root:epoch 7, Episode 148, total_loss: 609.9986572265625, q_loss 609.082275390625, v_loss 0.9163969159126282 ,lr 1.0000000000000003e-05
INFO:root:epoch 7, Episode 149, total_loss: 609.9608764648438, q_loss 609.0452880859375, v_loss 0.9155798554420471 ,lr 1.0000000000000003e-05
INFO:root:epoch 7, Episode 150, total_loss: 609.922607421875, q_loss 609.0077514648438, v_loss 0.9148802757263184 ,lr 1.0000000000000003e-05
INFO:root:epoch 7, Episode 151, total_loss: 609.8846435546875, q_loss 608.9703369140625, v_loss 0.9143005609512329 ,lr 1.0000000000000003e-05
INFO:root:epoch 7, Episode 152, total_loss: 609.8468017578125, q_loss 608.9331665039062, v_loss 0.9136125445365906 ,lr 1.0000000000000003e-05
INFO:root:epoch 7, Episode 153, total_loss: 609.808837890625, q_loss 608.8958740234375, v_loss 0.9129480123519897 ,lr 1.0000000000000003e-05
INFO:root:epoch 7, Episode 154, total_loss: 609.7708740234375, q_loss 608.8585815429688, v_loss 0.9122956991195679 ,lr 1.0000000000000003e-05
INFO:root:epoch 7, Episode 155, total_loss: 609.7330322265625, q_loss 608.8213500976562, v_loss 0.9116931557655334 ,lr 1.0000000000000003e-05
INFO:root:epoch 7, Episode 156, total_loss: 609.6954345703125, q_loss 608.7843017578125, v_loss 0.9111073017120361 ,lr 1.0000000000000003e-05
INFO:root:epoch 7, Episode 157, total_loss: 609.6570434570312, q_loss 608.7469482421875, v_loss 0.9101189970970154 ,lr 1.0000000000000003e-05
INFO:root:epoch 7, Episode 158, total_loss: 609.6194458007812, q_loss 608.7099609375, v_loss 0.9094753861427307 ,lr 1.0000000000000003e-05
INFO:root:epoch 7, Episode 159, total_loss: 609.5825805664062, q_loss 608.673583984375, v_loss 0.9089972376823425 ,lr 1.0000000000000003e-05
INFO:root:epoch 7, Episode 160, total_loss: 609.544921875, q_loss 608.6365356445312, v_loss 0.9083672165870667 ,lr 1.0000000000000003e-05
INFO:root:epoch 7, Episode 161, total_loss: 609.5082397460938, q_loss 608.6005249023438, v_loss 0.9077453017234802 ,lr 1.0000000000000003e-05
INFO:root:epoch 7, Episode 162, total_loss: 609.4707641601562, q_loss 608.5636596679688, v_loss 0.9070871472358704 ,lr 1.0000000000000003e-05
INFO:root:epoch 7, Episode 163, total_loss: 609.433349609375, q_loss 608.52685546875, v_loss 0.9064933657646179 ,lr 1.0000000000000003e-05
INFO:root:epoch 7, Episode 164, total_loss: 609.3959350585938, q_loss 608.490234375, v_loss 0.9056875705718994 ,lr 1.0000000000000003e-05
INFO:root:epoch 7, Episode 165, total_loss: 609.3587646484375, q_loss 608.4536743164062, v_loss 0.9051163792610168 ,lr 1.0000000000000003e-05
INFO:root:epoch 7, Episode 166, total_loss: 609.322021484375, q_loss 608.41748046875, v_loss 0.9045606255531311 ,lr 1.0000000000000003e-05
INFO:root:epoch 7, Episode 167, total_loss: 609.2847290039062, q_loss 608.3805541992188, v_loss 0.9041966795921326 ,lr 1.0000000000000003e-05
INFO:root:epoch 7, Episode 168, total_loss: 609.2478637695312, q_loss 608.34423828125, v_loss 0.9036483764648438 ,lr 1.0000000000000003e-05
INFO:root:epoch 7, Episode 169, total_loss: 609.2111206054688, q_loss 608.3079833984375, v_loss 0.9031184315681458 ,lr 1.0000000000000003e-05
INFO:root:epoch 7, Episode 170, total_loss: 609.1747436523438, q_loss 608.2721557617188, v_loss 0.9025996923446655 ,lr 1.0000000000000003e-05
INFO:root:epoch 7, Episode 171, total_loss: 609.13818359375, q_loss 608.2361450195312, v_loss 0.9020130038261414 ,lr 1.0000000000000003e-05
INFO:root:epoch 7, Episode 172, total_loss: 609.10205078125, q_loss 608.2005004882812, v_loss 0.9015213847160339 ,lr 1.0000000000000003e-05
INFO:root:epoch 7, Episode 173, total_loss: 609.0654907226562, q_loss 608.1644897460938, v_loss 0.9009812474250793 ,lr 1.0000000000000003e-05
INFO:root:epoch 7, Episode 174, total_loss: 609.029052734375, q_loss 608.128662109375, v_loss 0.9003972411155701 ,lr 1.0000000000000003e-05
INFO:root:epoch 7, Episode 175, total_loss: 608.9931030273438, q_loss 608.09326171875, v_loss 0.899871289730072 ,lr 1.0000000000000003e-05
INFO:root:epoch 7, Episode 176, total_loss: 608.9562377929688, q_loss 608.0570068359375, v_loss 0.8992502689361572 ,lr 1.0000000000000003e-05
INFO:root:epoch 7, Episode 177, total_loss: 608.9203491210938, q_loss 608.021728515625, v_loss 0.8986222743988037 ,lr 1.0000000000000003e-05
INFO:root:epoch 7, Episode 178, total_loss: 608.884033203125, q_loss 607.9859008789062, v_loss 0.8981167078018188 ,lr 1.0000000000000003e-05
INFO:root:epoch 7, Episode 179, total_loss: 608.848388671875, q_loss 607.9507446289062, v_loss 0.8976284265518188 ,lr 1.0000000000000003e-05
INFO:root:epoch 7, Episode 180, total_loss: 608.8124389648438, q_loss 607.9155883789062, v_loss 0.8968358635902405 ,lr 1.0000000000000003e-05
INFO:root:epoch 7, Episode 181, total_loss: 608.7767333984375, q_loss 607.8804321289062, v_loss 0.8963027596473694 ,lr 1.0000000000000003e-05
INFO:root:epoch 7, Episode 182, total_loss: 608.741455078125, q_loss 607.8456420898438, v_loss 0.8957923650741577 ,lr 1.0000000000000003e-05
INFO:root:epoch 7, Episode 183, total_loss: 608.70654296875, q_loss 607.8115844726562, v_loss 0.8949644565582275 ,lr 1.0000000000000003e-05
INFO:root:epoch 7, Episode 184, total_loss: 608.6707153320312, q_loss 607.7763061523438, v_loss 0.8944172859191895 ,lr 1.0000000000000003e-05
INFO:root:epoch 7, Episode 185, total_loss: 608.6354370117188, q_loss 607.7417602539062, v_loss 0.8936986327171326 ,lr 1.0000000000000003e-05
INFO:root:epoch 7, Episode 186, total_loss: 608.600341796875, q_loss 607.7071533203125, v_loss 0.8932124376296997 ,lr 1.0000000000000003e-05
INFO:root:epoch 7, Episode 187, total_loss: 608.5643920898438, q_loss 607.671875, v_loss 0.8925334811210632 ,lr 1.0000000000000003e-05
INFO:root:epoch 7, Episode 188, total_loss: 608.5245361328125, q_loss 607.633544921875, v_loss 0.8909643292427063 ,lr 1.0000000000000003e-05
INFO:root:epoch 7, Episode 189, total_loss: 608.4894409179688, q_loss 607.5986938476562, v_loss 0.8907743096351624 ,lr 1.0000000000000003e-05
INFO:root:epoch 7, Episode 190, total_loss: 608.4544067382812, q_loss 607.5640869140625, v_loss 0.8903480768203735 ,lr 1.0000000000000003e-05
INFO:root:epoch 7, Episode 191, total_loss: 608.4196166992188, q_loss 607.52978515625, v_loss 0.8898038268089294 ,lr 1.0000000000000003e-05
INFO:root:epoch 7, Episode 192, total_loss: 608.3842163085938, q_loss 607.4949340820312, v_loss 0.8892978429794312 ,lr 1.0000000000000003e-05
INFO:root:epoch 7, Episode 193, total_loss: 608.34912109375, q_loss 607.4602661132812, v_loss 0.8888329267501831 ,lr 1.0000000000000003e-05
INFO:root:epoch 7, Episode 194, total_loss: 608.3142700195312, q_loss 607.4259033203125, v_loss 0.8883500695228577 ,lr 1.0000000000000003e-05
INFO:root:epoch 7, Episode 195, total_loss: 608.2793579101562, q_loss 607.3915405273438, v_loss 0.887834370136261 ,lr 1.0000000000000003e-05
INFO:root:epoch 7, Episode 196, total_loss: 608.24462890625, q_loss 607.3572998046875, v_loss 0.887312114238739 ,lr 1.0000000000000003e-05
INFO:root:epoch 7, Episode 197, total_loss: 608.208984375, q_loss 607.3223266601562, v_loss 0.8866549134254456 ,lr 1.0000000000000003e-05
INFO:root:epoch 7, Episode 198, total_loss: 608.175048828125, q_loss 607.2886962890625, v_loss 0.8863224387168884 ,lr 1.0000000000000003e-05
INFO:root:epoch 7, Episode 199, total_loss: 608.1402587890625, q_loss 607.2545166015625, v_loss 0.8857167959213257 ,lr 1.0000000000000003e-05
INFO:root:epoch 7, Episode 200, total_loss: 608.1056518554688, q_loss 607.2203369140625, v_loss 0.885335385799408 ,lr 1.0000000000000003e-05
INFO:root:epoch 7, Episode 201, total_loss: 608.0711059570312, q_loss 607.186279296875, v_loss 0.8848567008972168 ,lr 1.0000000000000003e-05
INFO:root:epoch 7, Episode 202, total_loss: 608.03759765625, q_loss 607.153076171875, v_loss 0.8845421671867371 ,lr 1.0000000000000003e-05
INFO:root:epoch 7, Episode 203, total_loss: 608.0032348632812, q_loss 607.1192626953125, v_loss 0.8839501738548279 ,lr 1.0000000000000003e-05
INFO:root:epoch 7, Episode 204, total_loss: 607.9688110351562, q_loss 607.0852661132812, v_loss 0.8835226893424988 ,lr 1.0000000000000003e-05
INFO:root:epoch 7, Episode 205, total_loss: 607.9343872070312, q_loss 607.0513305664062, v_loss 0.8830713033676147 ,lr 1.0000000000000003e-05
INFO:root:epoch 7, Episode 206, total_loss: 607.8999633789062, q_loss 607.017333984375, v_loss 0.882605254650116 ,lr 1.0000000000000003e-05
INFO:root:epoch 7, Episode 207, total_loss: 607.8659057617188, q_loss 606.9837646484375, v_loss 0.8821475505828857 ,lr 1.0000000000000003e-05
INFO:root:epoch 7, Episode 208, total_loss: 607.83154296875, q_loss 606.9498901367188, v_loss 0.881662905216217 ,lr 1.0000000000000003e-05
INFO:root:epoch 7, Episode 209, total_loss: 607.7949829101562, q_loss 606.9157104492188, v_loss 0.8792429566383362 ,lr 1.0000000000000003e-05
INFO:root:epoch 7, Episode 210, total_loss: 607.7611694335938, q_loss 606.8824462890625, v_loss 0.8786997199058533 ,lr 1.0000000000000003e-05
INFO:root:epoch 7, Episode 211, total_loss: 607.7269897460938, q_loss 606.8490600585938, v_loss 0.8779134750366211 ,lr 1.0000000000000003e-05
INFO:root:epoch 7, Episode 212, total_loss: 607.6930541992188, q_loss 606.8154907226562, v_loss 0.8775506615638733 ,lr 1.0000000000000003e-05
INFO:root:epoch 7, Episode 213, total_loss: 607.6591796875, q_loss 606.7820434570312, v_loss 0.8771175146102905 ,lr 1.0000000000000003e-05
INFO:root:epoch 7, Episode 214, total_loss: 607.6251831054688, q_loss 606.74853515625, v_loss 0.8766313195228577 ,lr 1.0000000000000003e-05
INFO:root:epoch 7, Episode 215, total_loss: 607.591064453125, q_loss 606.7149047851562, v_loss 0.8761827349662781 ,lr 1.0000000000000003e-05
INFO:root:epoch 7, Episode 216, total_loss: 607.5568237304688, q_loss 606.6814575195312, v_loss 0.8753373622894287 ,lr 1.0000000000000003e-05
INFO:root:epoch 7, Episode 217, total_loss: 607.5230102539062, q_loss 606.6481323242188, v_loss 0.8748959302902222 ,lr 1.0000000000000003e-05
INFO:root:epoch 7, Episode 218, total_loss: 607.4892578125, q_loss 606.6148071289062, v_loss 0.8744370937347412 ,lr 1.0000000000000003e-05
INFO:root:epoch 7, Episode 219, total_loss: 607.4556884765625, q_loss 606.5816650390625, v_loss 0.8740119338035583 ,lr 1.0000000000000003e-05
INFO:root:epoch 7, Episode 220, total_loss: 607.4224853515625, q_loss 606.548828125, v_loss 0.8736746311187744 ,lr 1.0000000000000003e-05
INFO:root:epoch 7, Episode 221, total_loss: 607.388671875, q_loss 606.5155029296875, v_loss 0.873166024684906 ,lr 1.0000000000000003e-05
INFO:root:epoch 7, Episode 222, total_loss: 607.35498046875, q_loss 606.482421875, v_loss 0.8725504875183105 ,lr 1.0000000000000003e-05
INFO:root:epoch 7, Episode 223, total_loss: 607.3216552734375, q_loss 606.4495239257812, v_loss 0.8721304535865784 ,lr 1.0000000000000003e-05
INFO:root:epoch 7, Episode 224, total_loss: 607.28759765625, q_loss 606.4158325195312, v_loss 0.8717465996742249 ,lr 1.0000000000000003e-05
INFO:root:epoch 7, Episode 225, total_loss: 607.2546997070312, q_loss 606.38330078125, v_loss 0.8714275360107422 ,lr 1.0000000000000003e-05
INFO:root:epoch 7, Episode 226, total_loss: 607.2214965820312, q_loss 606.3504638671875, v_loss 0.8710307478904724 ,lr 1.0000000000000003e-05
INFO:root:epoch 7, Episode 227, total_loss: 607.1881713867188, q_loss 606.3175048828125, v_loss 0.8706386685371399 ,lr 1.0000000000000003e-05
INFO:root:epoch 7, Episode 228, total_loss: 607.1547241210938, q_loss 606.284423828125, v_loss 0.8702893853187561 ,lr 1.0000000000000003e-05
INFO:root:epoch 7, Episode 229, total_loss: 607.12158203125, q_loss 606.251708984375, v_loss 0.8698840141296387 ,lr 1.0000000000000003e-05
INFO:root:epoch 7, Episode 230, total_loss: 607.08837890625, q_loss 606.2188720703125, v_loss 0.8695160150527954 ,lr 1.0000000000000003e-05
INFO:root:epoch 7, Episode 231, total_loss: 607.0560913085938, q_loss 606.186767578125, v_loss 0.8692975044250488 ,lr 1.0000000000000003e-05
INFO:root:epoch 7, Episode 232, total_loss: 607.022705078125, q_loss 606.1538696289062, v_loss 0.8688616156578064 ,lr 1.0000000000000003e-05
INFO:root:epoch 7, Episode 233, total_loss: 606.98974609375, q_loss 606.1212768554688, v_loss 0.8684740662574768 ,lr 1.0000000000000003e-05
INFO:root:epoch 7, Episode 234, total_loss: 606.9568481445312, q_loss 606.0888671875, v_loss 0.867959201335907 ,lr 1.0000000000000003e-05
INFO:root:epoch 7, Episode 235, total_loss: 606.924072265625, q_loss 606.0565185546875, v_loss 0.8675404787063599 ,lr 1.0000000000000003e-05
INFO:root:epoch 7, Episode 236, total_loss: 606.8914794921875, q_loss 606.0242919921875, v_loss 0.8671691417694092 ,lr 1.0000000000000003e-05
INFO:root:epoch 7, Episode 237, total_loss: 606.8587036132812, q_loss 605.991943359375, v_loss 0.8667656183242798 ,lr 1.0000000000000003e-05
INFO:root:epoch 7, Episode 238, total_loss: 606.825927734375, q_loss 605.9595336914062, v_loss 0.8664233684539795 ,lr 1.0000000000000003e-05
INFO:root:epoch 7, Episode 239, total_loss: 606.7933349609375, q_loss 605.9273071289062, v_loss 0.8660277128219604 ,lr 1.0000000000000003e-05
INFO:root:epoch 7, Episode 240, total_loss: 606.7606201171875, q_loss 605.8949584960938, v_loss 0.8656560182571411 ,lr 1.0000000000000003e-05
INFO:root:epoch 7, Episode 241, total_loss: 606.7280883789062, q_loss 605.86279296875, v_loss 0.8652657270431519 ,lr 1.0000000000000003e-05
INFO:root:epoch 7, Episode 242, total_loss: 606.6956176757812, q_loss 605.8306884765625, v_loss 0.864915132522583 ,lr 1.0000000000000003e-05
INFO:root:epoch 7, Episode 243, total_loss: 606.6631469726562, q_loss 605.798583984375, v_loss 0.8645665049552917 ,lr 1.0000000000000003e-05
INFO:root:epoch 7, Episode 244, total_loss: 606.6306762695312, q_loss 605.7664184570312, v_loss 0.8642566800117493 ,lr 1.0000000000000003e-05
INFO:root:epoch 7, Episode 245, total_loss: 606.5980834960938, q_loss 605.7341918945312, v_loss 0.8638835549354553 ,lr 1.0000000000000003e-05
INFO:root:epoch 7, Episode 246, total_loss: 606.5650634765625, q_loss 605.7015380859375, v_loss 0.8634987473487854 ,lr 1.0000000000000003e-05
INFO:root:epoch 7, Episode 247, total_loss: 606.5317993164062, q_loss 605.6688842773438, v_loss 0.8629030585289001 ,lr 1.0000000000000003e-05
INFO:root:epoch 7, Episode 248, total_loss: 606.5001220703125, q_loss 605.6377563476562, v_loss 0.8623387813568115 ,lr 1.0000000000000003e-05
INFO:root:epoch 7, Episode 249, total_loss: 606.4678955078125, q_loss 605.6058959960938, v_loss 0.8620054125785828 ,lr 1.0000000000000003e-05
INFO:root:epoch 7, Episode 250, total_loss: 606.4357299804688, q_loss 605.5740966796875, v_loss 0.8616405129432678 ,lr 1.0000000000000003e-05
INFO:root:epoch 7, Episode 251, total_loss: 606.4032592773438, q_loss 605.5419921875, v_loss 0.8612973690032959 ,lr 1.0000000000000003e-05
INFO:root:epoch 7, Episode 252, total_loss: 606.3705444335938, q_loss 605.5097045898438, v_loss 0.8608560562133789 ,lr 1.0000000000000003e-05
INFO:root:epoch 7, Episode 253, total_loss: 606.3383178710938, q_loss 605.4778442382812, v_loss 0.8604753613471985 ,lr 1.0000000000000003e-05
INFO:root:epoch 7, Episode 254, total_loss: 606.3057861328125, q_loss 605.4458618164062, v_loss 0.8599448204040527 ,lr 1.0000000000000003e-05
INFO:root:epoch 7, Episode 255, total_loss: 606.273681640625, q_loss 605.4140625, v_loss 0.8595986366271973 ,lr 1.0000000000000003e-05
INFO:root:epoch 7, Episode 256, total_loss: 606.2416381835938, q_loss 605.3823852539062, v_loss 0.8592422604560852 ,lr 1.0000000000000003e-05
INFO:root:epoch 7, Episode 257, total_loss: 606.2097778320312, q_loss 605.3508911132812, v_loss 0.858866810798645 ,lr 1.0000000000000003e-05
INFO:root:epoch 7, Episode 258, total_loss: 606.1773071289062, q_loss 605.3189086914062, v_loss 0.8584277629852295 ,lr 1.0000000000000003e-05
INFO:root:epoch 7, Episode 259, total_loss: 606.145751953125, q_loss 605.2876586914062, v_loss 0.8581061959266663 ,lr 1.0000000000000003e-05
INFO:root:epoch 7, Episode 260, total_loss: 606.1132202148438, q_loss 605.2557373046875, v_loss 0.8574730157852173 ,lr 1.0000000000000003e-05
INFO:root:epoch 7, Episode 261, total_loss: 606.0789184570312, q_loss 605.2227172851562, v_loss 0.856231153011322 ,lr 1.0000000000000003e-05
INFO:root:epoch 7, Episode 262, total_loss: 606.0474853515625, q_loss 605.1915283203125, v_loss 0.8559436202049255 ,lr 1.0000000000000003e-05
INFO:root:epoch 7, Episode 263, total_loss: 606.015869140625, q_loss 605.1602783203125, v_loss 0.8555775880813599 ,lr 1.0000000000000003e-05
INFO:root:epoch 7, Episode 264, total_loss: 605.9837036132812, q_loss 605.1287231445312, v_loss 0.854993999004364 ,lr 1.0000000000000003e-05
INFO:root:epoch 7, Episode 265, total_loss: 605.9525756835938, q_loss 605.0979614257812, v_loss 0.8546386361122131 ,lr 1.0000000000000003e-05
INFO:root:epoch 7, Episode 266, total_loss: 605.9214477539062, q_loss 605.0670776367188, v_loss 0.8543520569801331 ,lr 1.0000000000000003e-05
INFO:root:epoch 7, Episode 267, total_loss: 605.888916015625, q_loss 605.0353393554688, v_loss 0.8535865545272827 ,lr 1.0000000000000003e-05
INFO:root:epoch 7, Episode 268, total_loss: 605.857666015625, q_loss 605.00439453125, v_loss 0.8532583713531494 ,lr 1.0000000000000003e-05
INFO:root:epoch 7, Episode 269, total_loss: 605.826416015625, q_loss 604.9737548828125, v_loss 0.852641224861145 ,lr 1.0000000000000003e-05
INFO:root:epoch 7, Episode 270, total_loss: 605.7948608398438, q_loss 604.9425659179688, v_loss 0.8522758483886719 ,lr 1.0000000000000003e-05
INFO:root:epoch 7, Episode 271, total_loss: 605.7635498046875, q_loss 604.9115600585938, v_loss 0.8520169854164124 ,lr 1.0000000000000003e-05
INFO:root:epoch 7, Episode 272, total_loss: 605.732421875, q_loss 604.8806762695312, v_loss 0.8517301082611084 ,lr 1.0000000000000003e-05
INFO:root:epoch 7, Episode 273, total_loss: 605.701171875, q_loss 604.8497924804688, v_loss 0.8513503670692444 ,lr 1.0000000000000003e-05
INFO:root:epoch 7, Episode 274, total_loss: 605.6693725585938, q_loss 604.8185424804688, v_loss 0.8508507013320923 ,lr 1.0000000000000003e-05
INFO:root:epoch 7, Episode 275, total_loss: 605.63720703125, q_loss 604.7869262695312, v_loss 0.8502568602561951 ,lr 1.0000000000000003e-05
INFO:root:epoch 7, Episode 276, total_loss: 605.60595703125, q_loss 604.756103515625, v_loss 0.8498480916023254 ,lr 1.0000000000000003e-05
INFO:root:epoch 7, Episode 277, total_loss: 605.5753784179688, q_loss 604.725830078125, v_loss 0.849524199962616 ,lr 1.0000000000000003e-05
INFO:root:epoch 7, Episode 278, total_loss: 605.5439453125, q_loss 604.6947631835938, v_loss 0.8491635918617249 ,lr 1.0000000000000003e-05
INFO:root:epoch 7, Episode 279, total_loss: 605.5123291015625, q_loss 604.6637573242188, v_loss 0.8485556244850159 ,lr 1.0000000000000003e-05
INFO:root:epoch 7, Episode 280, total_loss: 605.480712890625, q_loss 604.6324462890625, v_loss 0.8482760190963745 ,lr 1.0000000000000003e-05
INFO:root:epoch 7, Episode 281, total_loss: 605.4496459960938, q_loss 604.601806640625, v_loss 0.8478137850761414 ,lr 1.0000000000000003e-05
INFO:root:epoch 7, Episode 282, total_loss: 605.4192504882812, q_loss 604.57177734375, v_loss 0.8474820256233215 ,lr 1.0000000000000003e-05
INFO:root:epoch 7, Episode 283, total_loss: 605.3885498046875, q_loss 604.5413818359375, v_loss 0.8471727967262268 ,lr 1.0000000000000003e-05
INFO:root:epoch 7, Episode 284, total_loss: 605.3580322265625, q_loss 604.510986328125, v_loss 0.8470216989517212 ,lr 1.0000000000000003e-05
INFO:root:epoch 7, Episode 285, total_loss: 605.327392578125, q_loss 604.4807739257812, v_loss 0.8465926051139832 ,lr 1.0000000000000003e-05
INFO:root:epoch 7, Episode 286, total_loss: 605.2962036132812, q_loss 604.4497680664062, v_loss 0.8464325666427612 ,lr 1.0000000000000003e-05
INFO:root:epoch 7, Episode 287, total_loss: 605.2655029296875, q_loss 604.4193725585938, v_loss 0.8461042046546936 ,lr 1.0000000000000003e-05
INFO:root:epoch 7, Episode 288, total_loss: 605.2352905273438, q_loss 604.3895263671875, v_loss 0.8457538485527039 ,lr 1.0000000000000003e-05
INFO:root:epoch 7, Episode 289, total_loss: 605.2051391601562, q_loss 604.3598022460938, v_loss 0.8453643321990967 ,lr 1.0000000000000003e-05
INFO:root:epoch 7, Episode 290, total_loss: 605.1746215820312, q_loss 604.32958984375, v_loss 0.8450294137001038 ,lr 1.0000000000000003e-05
INFO:root:epoch 7, Episode 291, total_loss: 605.143798828125, q_loss 604.2990112304688, v_loss 0.8447790145874023 ,lr 1.0000000000000003e-05
INFO:root:epoch 7, Episode 292, total_loss: 605.1141357421875, q_loss 604.2695922851562, v_loss 0.8445733189582825 ,lr 1.0000000000000003e-05
INFO:root:epoch 7, Episode 293, total_loss: 605.0839233398438, q_loss 604.2396850585938, v_loss 0.8442603945732117 ,lr 1.0000000000000003e-05
INFO:root:epoch 7, Episode 294, total_loss: 605.0532836914062, q_loss 604.2093505859375, v_loss 0.8439292907714844 ,lr 1.0000000000000003e-05
INFO:root:epoch 7, Episode 295, total_loss: 605.0211791992188, q_loss 604.1781616210938, v_loss 0.8430085182189941 ,lr 1.0000000000000003e-05
INFO:root:epoch 7, Episode 296, total_loss: 604.9910888671875, q_loss 604.1480712890625, v_loss 0.8430038094520569 ,lr 1.0000000000000003e-05
INFO:root:epoch 7, Episode 297, total_loss: 604.9611206054688, q_loss 604.1183471679688, v_loss 0.8427727222442627 ,lr 1.0000000000000003e-05
INFO:root:epoch 7, Episode 298, total_loss: 604.9302978515625, q_loss 604.0877075195312, v_loss 0.8426061272621155 ,lr 1.0000000000000003e-05
INFO:root:epoch 7, Episode 299, total_loss: 604.8997192382812, q_loss 604.0587158203125, v_loss 0.8410117030143738 ,lr 1.0000000000000003e-05
INFO:root:epoch 7, Episode 300, total_loss: 604.8699951171875, q_loss 604.0294799804688, v_loss 0.8405094742774963 ,lr 1.0000000000000003e-05
INFO:root:epoch 7, Episode 301, total_loss: 604.8395385742188, q_loss 603.9993286132812, v_loss 0.8402394652366638 ,lr 1.0000000000000003e-05
INFO:root:epoch 7, Episode 302, total_loss: 604.8097534179688, q_loss 603.9697875976562, v_loss 0.8399816155433655 ,lr 1.0000000000000003e-05
INFO:root:epoch 7, Episode 303, total_loss: 604.7791137695312, q_loss 603.93994140625, v_loss 0.8391923308372498 ,lr 1.0000000000000003e-05
INFO:root:epoch 7, Episode 304, total_loss: 604.7489013671875, q_loss 603.9099731445312, v_loss 0.8389259576797485 ,lr 1.0000000000000003e-05
INFO:root:epoch 7, Episode 305, total_loss: 604.7191162109375, q_loss 603.8804321289062, v_loss 0.8386720418930054 ,lr 1.0000000000000003e-05
INFO:root:epoch 7, Episode 306, total_loss: 604.6886596679688, q_loss 603.8504028320312, v_loss 0.8382750153541565 ,lr 1.0000000000000003e-05
INFO:root:epoch 7, Episode 307, total_loss: 604.6585083007812, q_loss 603.820556640625, v_loss 0.8379498720169067 ,lr 1.0000000000000003e-05
INFO:root:epoch 7, Episode 308, total_loss: 604.6283569335938, q_loss 603.7906494140625, v_loss 0.8376853466033936 ,lr 1.0000000000000003e-05
INFO:root:epoch 7, Episode 309, total_loss: 604.5984497070312, q_loss 603.7610473632812, v_loss 0.8374253511428833 ,lr 1.0000000000000003e-05
INFO:root:epoch 7, Episode 310, total_loss: 604.5697021484375, q_loss 603.733642578125, v_loss 0.8360307812690735 ,lr 1.0000000000000003e-05
INFO:root:epoch 7, Episode 311, total_loss: 604.5402221679688, q_loss 603.7047119140625, v_loss 0.8354904651641846 ,lr 1.0000000000000003e-05
INFO:root:epoch 7, Episode 312, total_loss: 604.5109252929688, q_loss 603.6757202148438, v_loss 0.8352310061454773 ,lr 1.0000000000000003e-05
INFO:root:epoch 7, Episode 313, total_loss: 604.48046875, q_loss 603.6455078125, v_loss 0.8349494338035583 ,lr 1.0000000000000003e-05
INFO:root:epoch 7, Episode 314, total_loss: 604.4508666992188, q_loss 603.6165161132812, v_loss 0.8343629240989685 ,lr 1.0000000000000003e-05
INFO:root:epoch 7, Episode 315, total_loss: 604.4208374023438, q_loss 603.5869750976562, v_loss 0.8338747620582581 ,lr 1.0000000000000003e-05
INFO:root:epoch 7, Episode 316, total_loss: 604.3909912109375, q_loss 603.5573120117188, v_loss 0.8336561322212219 ,lr 1.0000000000000003e-05
INFO:root:epoch 7, Episode 317, total_loss: 604.3611450195312, q_loss 603.5277709960938, v_loss 0.8333907723426819 ,lr 1.0000000000000003e-05
INFO:root:epoch 7, Episode 318, total_loss: 604.3309936523438, q_loss 603.4970703125, v_loss 0.8339425325393677 ,lr 1.0000000000000003e-05
INFO:root:epoch 7, Episode 319, total_loss: 604.301513671875, q_loss 603.4678344726562, v_loss 0.833705484867096 ,lr 1.0000000000000003e-05
INFO:root:epoch 7, Episode 320, total_loss: 604.27197265625, q_loss 603.4384765625, v_loss 0.83350670337677 ,lr 1.0000000000000003e-05
INFO:root:epoch 7, Episode 321, total_loss: 604.2423706054688, q_loss 603.4090576171875, v_loss 0.8332966566085815 ,lr 1.0000000000000003e-05
INFO:root:epoch 7, Episode 322, total_loss: 604.2128295898438, q_loss 603.3798217773438, v_loss 0.8330067992210388 ,lr 1.0000000000000003e-05
INFO:root:epoch 7, Episode 323, total_loss: 604.1834716796875, q_loss 603.3506469726562, v_loss 0.832801103591919 ,lr 1.0000000000000003e-05
INFO:root:epoch 7, Episode 324, total_loss: 604.1539916992188, q_loss 603.3214111328125, v_loss 0.8326110243797302 ,lr 1.0000000000000003e-05
INFO:root:epoch 7, Episode 325, total_loss: 604.124267578125, q_loss 603.2918701171875, v_loss 0.8323882818222046 ,lr 1.0000000000000003e-05
INFO:root:epoch 7, Episode 326, total_loss: 604.0949096679688, q_loss 603.2627563476562, v_loss 0.8321605324745178 ,lr 1.0000000000000003e-05
INFO:root:epoch 7, Episode 327, total_loss: 604.065673828125, q_loss 603.2337646484375, v_loss 0.8319358229637146 ,lr 1.0000000000000003e-05
INFO:root:epoch 7, Episode 328, total_loss: 604.0361938476562, q_loss 603.2044677734375, v_loss 0.8317042589187622 ,lr 1.0000000000000003e-05
INFO:root:epoch 7, Episode 329, total_loss: 604.0068969726562, q_loss 603.1753540039062, v_loss 0.8315500617027283 ,lr 1.0000000000000003e-05
INFO:root:epoch 7, Episode 330, total_loss: 603.9775390625, q_loss 603.146240234375, v_loss 0.8313252925872803 ,lr 1.0000000000000003e-05
INFO:root:epoch 7, Episode 331, total_loss: 603.9484252929688, q_loss 603.1173095703125, v_loss 0.8311271071434021 ,lr 1.0000000000000003e-05
INFO:root:epoch 7, Episode 332, total_loss: 603.9190673828125, q_loss 603.088134765625, v_loss 0.8309283256530762 ,lr 1.0000000000000003e-05
INFO:root:epoch 7, Episode 333, total_loss: 603.8898315429688, q_loss 603.0589599609375, v_loss 0.8308886289596558 ,lr 1.0000000000000003e-05
INFO:root:epoch 7, Episode 334, total_loss: 603.8607177734375, q_loss 603.0300903320312, v_loss 0.8306562304496765 ,lr 1.0000000000000003e-05
INFO:root:epoch 7, Episode 335, total_loss: 603.831298828125, q_loss 603.0009155273438, v_loss 0.8304115533828735 ,lr 1.0000000000000003e-05
INFO:root:epoch 7, Episode 336, total_loss: 603.8023681640625, q_loss 602.9720458984375, v_loss 0.8303098678588867 ,lr 1.0000000000000003e-05
INFO:root:epoch 7, Episode 337, total_loss: 603.7734375, q_loss 602.943359375, v_loss 0.8300847411155701 ,lr 1.0000000000000003e-05
INFO:root:epoch 7, Episode 338, total_loss: 603.74462890625, q_loss 602.914794921875, v_loss 0.8298612236976624 ,lr 1.0000000000000003e-05
INFO:root:epoch 7, Episode 339, total_loss: 603.7156372070312, q_loss 602.8860473632812, v_loss 0.8296056985855103 ,lr 1.0000000000000003e-05
INFO:root:epoch 7, Episode 340, total_loss: 603.6851806640625, q_loss 602.8563842773438, v_loss 0.8287681937217712 ,lr 1.0000000000000003e-05
INFO:root:epoch 7, Episode 341, total_loss: 603.65771484375, q_loss 602.828857421875, v_loss 0.8288662433624268 ,lr 1.0000000000000003e-05
INFO:root:epoch 7, Episode 342, total_loss: 603.6287231445312, q_loss 602.8001098632812, v_loss 0.8286174535751343 ,lr 1.0000000000000003e-05
INFO:root:epoch 7, Episode 343, total_loss: 603.5995483398438, q_loss 602.7711791992188, v_loss 0.828346312046051 ,lr 1.0000000000000003e-05
INFO:root:epoch 7, Episode 344, total_loss: 603.5693969726562, q_loss 602.7418212890625, v_loss 0.8275485038757324 ,lr 1.0000000000000003e-05
INFO:root:epoch 7, Episode 345, total_loss: 603.5404663085938, q_loss 602.713134765625, v_loss 0.827344536781311 ,lr 1.0000000000000003e-05
INFO:root:epoch 7, Episode 346, total_loss: 603.5106811523438, q_loss 602.6838989257812, v_loss 0.8267963528633118 ,lr 1.0000000000000003e-05
INFO:root:epoch 7, Episode 347, total_loss: 603.4817504882812, q_loss 602.6552124023438, v_loss 0.8265136480331421 ,lr 1.0000000000000003e-05
INFO:root:epoch 7, Episode 348, total_loss: 603.4532470703125, q_loss 602.626953125, v_loss 0.8262956142425537 ,lr 1.0000000000000003e-05
INFO:root:epoch 7, Episode 349, total_loss: 603.4252319335938, q_loss 602.5991821289062, v_loss 0.8260740637779236 ,lr 1.0000000000000003e-05
INFO:root:epoch 7, Episode 350, total_loss: 603.3969116210938, q_loss 602.571044921875, v_loss 0.825895369052887 ,lr 1.0000000000000003e-05
INFO:root:epoch 7, Episode 351, total_loss: 603.3681030273438, q_loss 602.54248046875, v_loss 0.8256186842918396 ,lr 1.0000000000000003e-05
INFO:root:epoch 7, Episode 352, total_loss: 603.338623046875, q_loss 602.5134887695312, v_loss 0.825133204460144 ,lr 1.0000000000000003e-05
INFO:root:epoch 7, Episode 353, total_loss: 603.3096923828125, q_loss 602.4849243164062, v_loss 0.8247437477111816 ,lr 1.0000000000000003e-05
INFO:root:epoch 7, Episode 354, total_loss: 603.2808227539062, q_loss 602.4563598632812, v_loss 0.8244826197624207 ,lr 1.0000000000000003e-05
INFO:root:epoch 7, Episode 355, total_loss: 603.2527465820312, q_loss 602.42822265625, v_loss 0.8245135545730591 ,lr 1.0000000000000003e-05
INFO:root:epoch 7, Episode 356, total_loss: 603.2240600585938, q_loss 602.3997802734375, v_loss 0.8242564797401428 ,lr 1.0000000000000003e-05
INFO:root:epoch 7, Episode 357, total_loss: 603.1956176757812, q_loss 602.3715209960938, v_loss 0.8240829110145569 ,lr 1.0000000000000003e-05
INFO:root:epoch 7, Episode 358, total_loss: 603.1671142578125, q_loss 602.3433227539062, v_loss 0.8238214254379272 ,lr 1.0000000000000003e-05
INFO:root:epoch 7, Episode 359, total_loss: 603.138671875, q_loss 602.3150634765625, v_loss 0.8236125707626343 ,lr 1.0000000000000003e-05
INFO:root:epoch 7, Episode 360, total_loss: 603.1101684570312, q_loss 602.286865234375, v_loss 0.8233115077018738 ,lr 1.0000000000000003e-05
INFO:root:epoch 7, Episode 361, total_loss: 603.0821533203125, q_loss 602.259033203125, v_loss 0.8231174945831299 ,lr 1.0000000000000003e-05
INFO:root:epoch 7, Episode 362, total_loss: 603.0538330078125, q_loss 602.23095703125, v_loss 0.8228862881660461 ,lr 1.0000000000000003e-05
INFO:root:epoch 7, Episode 363, total_loss: 603.025390625, q_loss 602.2026977539062, v_loss 0.8226666450500488 ,lr 1.0000000000000003e-05
INFO:root:epoch 7, Episode 364, total_loss: 602.9967651367188, q_loss 602.1743774414062, v_loss 0.8223973512649536 ,lr 1.0000000000000003e-05
INFO:root:epoch 7, Episode 365, total_loss: 602.9685668945312, q_loss 602.1463623046875, v_loss 0.8222190141677856 ,lr 1.0000000000000003e-05
INFO:root:epoch 7, Episode 366, total_loss: 602.9406127929688, q_loss 602.1185302734375, v_loss 0.8221046924591064 ,lr 1.0000000000000003e-05
INFO:root:epoch 7, Episode 367, total_loss: 602.9135131835938, q_loss 602.0913696289062, v_loss 0.8221572637557983 ,lr 1.0000000000000003e-05
INFO:root:epoch 7, Episode 368, total_loss: 602.885498046875, q_loss 602.0635986328125, v_loss 0.8219287395477295 ,lr 1.0000000000000003e-05
INFO:root:epoch 7, Episode 369, total_loss: 602.8566284179688, q_loss 602.0352783203125, v_loss 0.8213485479354858 ,lr 1.0000000000000003e-05
INFO:root:epoch 7, Episode 370, total_loss: 602.8287963867188, q_loss 602.0076904296875, v_loss 0.8211044073104858 ,lr 1.0000000000000003e-05
INFO:root:epoch 7, Episode 371, total_loss: 602.8002319335938, q_loss 601.9803466796875, v_loss 0.8198940753936768 ,lr 1.0000000000000003e-05
INFO:root:epoch 7, Episode 372, total_loss: 602.7720947265625, q_loss 601.952392578125, v_loss 0.8196877837181091 ,lr 1.0000000000000003e-05
INFO:root:epoch 7, Episode 373, total_loss: 602.7433471679688, q_loss 601.9249267578125, v_loss 0.8184153437614441 ,lr 1.0000000000000003e-05
INFO:root:epoch 7, Episode 374, total_loss: 602.7152099609375, q_loss 601.89697265625, v_loss 0.8182253837585449 ,lr 1.0000000000000003e-05
INFO:root:epoch 7, Episode 375, total_loss: 602.6868286132812, q_loss 601.8688354492188, v_loss 0.8179905414581299 ,lr 1.0000000000000003e-05
INFO:root:epoch 7, Episode 376, total_loss: 602.65869140625, q_loss 601.8408813476562, v_loss 0.8177829384803772 ,lr 1.0000000000000003e-05
INFO:root:epoch 7, Episode 377, total_loss: 602.6307983398438, q_loss 601.8131713867188, v_loss 0.8176278471946716 ,lr 1.0000000000000003e-05
INFO:root:epoch 7, Episode 378, total_loss: 602.602294921875, q_loss 601.7850341796875, v_loss 0.8172891139984131 ,lr 1.0000000000000003e-05
INFO:root:epoch 7, Episode 379, total_loss: 602.5739135742188, q_loss 601.7561645507812, v_loss 0.8177518844604492 ,lr 1.0000000000000003e-05
INFO:root:epoch 7, Episode 380, total_loss: 602.545654296875, q_loss 601.7280883789062, v_loss 0.8175843954086304 ,lr 1.0000000000000003e-05
INFO:root:epoch 7, Episode 381, total_loss: 602.5181274414062, q_loss 601.7007446289062, v_loss 0.8174070715904236 ,lr 1.0000000000000003e-05
INFO:root:epoch 7, Episode 382, total_loss: 602.4901123046875, q_loss 601.6729736328125, v_loss 0.8171088099479675 ,lr 1.0000000000000003e-05
INFO:root:epoch 7, Episode 383, total_loss: 602.462158203125, q_loss 601.6452026367188, v_loss 0.8169728517532349 ,lr 1.0000000000000003e-05
INFO:root:epoch 7, Episode 384, total_loss: 602.4337768554688, q_loss 601.6170043945312, v_loss 0.8168011903762817 ,lr 1.0000000000000003e-05
INFO:root:epoch 7, Episode 385, total_loss: 602.4060668945312, q_loss 601.5894775390625, v_loss 0.8165993094444275 ,lr 1.0000000000000003e-05
INFO:root:epoch 7, Episode 386, total_loss: 602.378662109375, q_loss 601.5621948242188, v_loss 0.8164396286010742 ,lr 1.0000000000000003e-05
INFO:root:epoch 7, Episode 387, total_loss: 602.3506469726562, q_loss 601.5343627929688, v_loss 0.8162979483604431 ,lr 1.0000000000000003e-05
INFO:root:epoch 7, Episode 388, total_loss: 602.3226928710938, q_loss 601.5068359375, v_loss 0.8158603310585022 ,lr 1.0000000000000003e-05
INFO:root:epoch 7, Episode 389, total_loss: 602.294921875, q_loss 601.479248046875, v_loss 0.8156829476356506 ,lr 1.0000000000000003e-05
INFO:root:epoch 7, Episode 390, total_loss: 602.26708984375, q_loss 601.4515991210938, v_loss 0.815466582775116 ,lr 1.0000000000000003e-05
INFO:root:epoch 7, Episode 391, total_loss: 602.2396240234375, q_loss 601.4244384765625, v_loss 0.8152118921279907 ,lr 1.0000000000000003e-05
INFO:root:epoch 7, Episode 392, total_loss: 602.2119750976562, q_loss 601.3969116210938, v_loss 0.8150478601455688 ,lr 1.0000000000000003e-05
INFO:root:epoch 7, Episode 393, total_loss: 602.184814453125, q_loss 601.369873046875, v_loss 0.8149528503417969 ,lr 1.0000000000000003e-05
INFO:root:epoch 7, Episode 394, total_loss: 602.1572875976562, q_loss 601.342529296875, v_loss 0.8147607445716858 ,lr 1.0000000000000003e-05
INFO:root:epoch 7, Episode 395, total_loss: 602.1299438476562, q_loss 601.3152465820312, v_loss 0.8146794438362122 ,lr 1.0000000000000003e-05
INFO:root:epoch 7, Episode 396, total_loss: 602.1024169921875, q_loss 601.2879028320312, v_loss 0.8145145177841187 ,lr 1.0000000000000003e-05
INFO:root:epoch 7, Episode 397, total_loss: 602.0750732421875, q_loss 601.2607421875, v_loss 0.8143060207366943 ,lr 1.0000000000000003e-05
INFO:root:epoch 7, Episode 398, total_loss: 602.04736328125, q_loss 601.2332153320312, v_loss 0.8141381740570068 ,lr 1.0000000000000003e-05
INFO:root:epoch 7, Episode 399, total_loss: 602.0202026367188, q_loss 601.2062377929688, v_loss 0.8139585852622986 ,lr 1.0000000000000003e-05
INFO:root:epoch 7, Episode 400, total_loss: 601.9924926757812, q_loss 601.1787109375, v_loss 0.8137749433517456 ,lr 1.0000000000000003e-05
INFO:root:epoch 7, Episode 401, total_loss: 601.9658813476562, q_loss 601.1521606445312, v_loss 0.813720703125 ,lr 1.0000000000000003e-05
INFO:root:epoch 7, Episode 402, total_loss: 601.9385375976562, q_loss 601.1249389648438, v_loss 0.8135855197906494 ,lr 1.0000000000000003e-05
INFO:root:epoch 7, Episode 403, total_loss: 601.9100952148438, q_loss 601.0972290039062, v_loss 0.8128767609596252 ,lr 1.0000000000000003e-05
INFO:root:epoch 7, Episode 404, total_loss: 601.883544921875, q_loss 601.07080078125, v_loss 0.812730073928833 ,lr 1.0000000000000003e-05
INFO:root:epoch 7, Episode 405, total_loss: 601.8561401367188, q_loss 601.0435180664062, v_loss 0.8126149773597717 ,lr 1.0000000000000003e-05
INFO:root:epoch 7, Episode 406, total_loss: 601.8278198242188, q_loss 601.0154418945312, v_loss 0.8124040961265564 ,lr 1.0000000000000003e-05
INFO:root:epoch 7, Episode 407, total_loss: 601.8009033203125, q_loss 600.9888916015625, v_loss 0.8120397925376892 ,lr 1.0000000000000003e-05
INFO:root:epoch 7, Episode 408, total_loss: 601.7737426757812, q_loss 600.9618530273438, v_loss 0.8119104504585266 ,lr 1.0000000000000003e-05
INFO:root:epoch 7, Episode 409, total_loss: 601.7461547851562, q_loss 600.9346313476562, v_loss 0.8115213513374329 ,lr 1.0000000000000003e-05
INFO:root:epoch 7, Episode 410, total_loss: 601.7185668945312, q_loss 600.9073486328125, v_loss 0.8112260699272156 ,lr 1.0000000000000003e-05
INFO:root:epoch 7, Episode 411, total_loss: 601.69091796875, q_loss 600.8798828125, v_loss 0.8110138177871704 ,lr 1.0000000000000003e-05
INFO:root:epoch 7, Episode 412, total_loss: 601.6636962890625, q_loss 600.8528442382812, v_loss 0.8108342885971069 ,lr 1.0000000000000003e-05
INFO:root:epoch 7, Episode 413, total_loss: 601.6360473632812, q_loss 600.8257446289062, v_loss 0.8102807998657227 ,lr 1.0000000000000003e-05
INFO:root:epoch 7, Episode 414, total_loss: 601.6085815429688, q_loss 600.7986450195312, v_loss 0.8099575638771057 ,lr 1.0000000000000003e-05
INFO:root:epoch 7, Episode 415, total_loss: 601.5811157226562, q_loss 600.7714233398438, v_loss 0.8096902966499329 ,lr 1.0000000000000003e-05
INFO:root:epoch 7, Episode 416, total_loss: 601.5538330078125, q_loss 600.7442626953125, v_loss 0.8095596432685852 ,lr 1.0000000000000003e-05
INFO:root:epoch 7, Episode 417, total_loss: 601.5267333984375, q_loss 600.7173461914062, v_loss 0.8093757033348083 ,lr 1.0000000000000003e-05
INFO:root:epoch 7, Episode 418, total_loss: 601.4998168945312, q_loss 600.6914672851562, v_loss 0.8083358407020569 ,lr 1.0000000000000003e-05
INFO:root:epoch 7, Episode 419, total_loss: 601.4718627929688, q_loss 600.6641845703125, v_loss 0.8076698184013367 ,lr 1.0000000000000003e-05
INFO:root:epoch 7, Episode 420, total_loss: 601.4447631835938, q_loss 600.636962890625, v_loss 0.8078102469444275 ,lr 1.0000000000000003e-05
INFO:root:epoch 7, Episode 421, total_loss: 601.41748046875, q_loss 600.6098022460938, v_loss 0.8076663017272949 ,lr 1.0000000000000003e-05
INFO:root:epoch 7, Episode 422, total_loss: 601.3907470703125, q_loss 600.5831298828125, v_loss 0.8075887560844421 ,lr 1.0000000000000003e-05
INFO:root:epoch 7, Episode 423, total_loss: 601.3635864257812, q_loss 600.5562133789062, v_loss 0.8073789477348328 ,lr 1.0000000000000003e-05
INFO:root:epoch 7, Episode 424, total_loss: 601.33642578125, q_loss 600.5292358398438, v_loss 0.8071807622909546 ,lr 1.0000000000000003e-05
INFO:root:epoch 7, Episode 425, total_loss: 601.3095092773438, q_loss 600.50244140625, v_loss 0.8070722818374634 ,lr 1.0000000000000003e-05
INFO:root:epoch 7, Episode 426, total_loss: 601.2825317382812, q_loss 600.4756469726562, v_loss 0.8068967461585999 ,lr 1.0000000000000003e-05
INFO:root:epoch 7, Episode 427, total_loss: 601.2554931640625, q_loss 600.447998046875, v_loss 0.8074771165847778 ,lr 1.0000000000000003e-05
INFO:root:epoch 7, Episode 428, total_loss: 601.228271484375, q_loss 600.421142578125, v_loss 0.807110071182251 ,lr 1.0000000000000003e-05
INFO:root:epoch 7, Episode 429, total_loss: 601.201171875, q_loss 600.3941040039062, v_loss 0.8070414662361145 ,lr 1.0000000000000003e-05
INFO:root:epoch 7, Episode 430, total_loss: 601.1734619140625, q_loss 600.3667602539062, v_loss 0.8066800236701965 ,lr 1.0000000000000003e-05
INFO:root:epoch 7, Episode 431, total_loss: 601.1463623046875, q_loss 600.3397827148438, v_loss 0.8065633177757263 ,lr 1.0000000000000003e-05
INFO:root:epoch 7, Episode 432, total_loss: 601.1192626953125, q_loss 600.3128662109375, v_loss 0.8063692450523376 ,lr 1.0000000000000003e-05
INFO:root:epoch 7, Episode 433, total_loss: 601.0927124023438, q_loss 600.2865600585938, v_loss 0.8061326146125793 ,lr 1.0000000000000003e-05
INFO:root:epoch 7, Episode 434, total_loss: 601.0661010742188, q_loss 600.2600708007812, v_loss 0.8060107827186584 ,lr 1.0000000000000003e-05
INFO:root:epoch 7, Episode 435, total_loss: 601.0394897460938, q_loss 600.2335815429688, v_loss 0.8058955669403076 ,lr 1.0000000000000003e-05
INFO:root:epoch 7, Episode 436, total_loss: 601.0127563476562, q_loss 600.207763671875, v_loss 0.8049777150154114 ,lr 1.0000000000000003e-05
INFO:root:epoch 7, Episode 437, total_loss: 600.9854125976562, q_loss 600.1807861328125, v_loss 0.8046562075614929 ,lr 1.0000000000000003e-05
INFO:root:epoch 7, Episode 438, total_loss: 600.9583129882812, q_loss 600.1539306640625, v_loss 0.8044048547744751 ,lr 1.0000000000000003e-05
INFO:root:epoch 7, Episode 439, total_loss: 600.931640625, q_loss 600.1273803710938, v_loss 0.8042762279510498 ,lr 1.0000000000000003e-05
INFO:root:epoch 7, Episode 440, total_loss: 600.9049682617188, q_loss 600.100830078125, v_loss 0.8041350841522217 ,lr 1.0000000000000003e-05
INFO:root:epoch 7, Episode 441, total_loss: 600.8786010742188, q_loss 600.0746459960938, v_loss 0.8039752244949341 ,lr 1.0000000000000003e-05
INFO:root:epoch 7, Episode 442, total_loss: 600.85205078125, q_loss 600.0482177734375, v_loss 0.8038371801376343 ,lr 1.0000000000000003e-05
INFO:root:epoch 7, Episode 443, total_loss: 600.8260498046875, q_loss 600.0226440429688, v_loss 0.8033782243728638 ,lr 1.0000000000000003e-05
INFO:root:epoch 7, Episode 444, total_loss: 600.7982788085938, q_loss 599.9947509765625, v_loss 0.803515613079071 ,lr 1.0000000000000003e-05
INFO:root:epoch 7, Episode 445, total_loss: 600.771728515625, q_loss 599.9683837890625, v_loss 0.8033453226089478 ,lr 1.0000000000000003e-05
INFO:root:epoch 7, Episode 446, total_loss: 600.7438354492188, q_loss 599.9411010742188, v_loss 0.8027610778808594 ,lr 1.0000000000000003e-05
INFO:root:epoch 7, Episode 447, total_loss: 600.7175903320312, q_loss 599.9149169921875, v_loss 0.8026494979858398 ,lr 1.0000000000000003e-05
INFO:root:epoch 7, Episode 448, total_loss: 600.6912841796875, q_loss 599.888671875, v_loss 0.8025920391082764 ,lr 1.0000000000000003e-05
INFO:root:epoch 7, Episode 449, total_loss: 600.6650390625, q_loss 599.8626098632812, v_loss 0.8024334907531738 ,lr 1.0000000000000003e-05
INFO:root:epoch 7, Episode 450, total_loss: 600.63818359375, q_loss 599.8359375, v_loss 0.8022571206092834 ,lr 1.0000000000000003e-05
INFO:root:epoch 7, Episode 451, total_loss: 600.6118774414062, q_loss 599.809814453125, v_loss 0.8020836114883423 ,lr 1.0000000000000003e-05
INFO:root:epoch 7, Episode 452, total_loss: 600.5853881835938, q_loss 599.783447265625, v_loss 0.8019636869430542 ,lr 1.0000000000000003e-05
INFO:root:epoch 7, Episode 453, total_loss: 600.5590209960938, q_loss 599.7572631835938, v_loss 0.8017839193344116 ,lr 1.0000000000000003e-05
INFO:root:epoch 7, Episode 454, total_loss: 600.532470703125, q_loss 599.72998046875, v_loss 0.8025097250938416 ,lr 1.0000000000000003e-05
INFO:root:epoch 7, Episode 455, total_loss: 600.5062866210938, q_loss 599.7047119140625, v_loss 0.801572322845459 ,lr 1.0000000000000003e-05
INFO:root:epoch 7, Episode 456, total_loss: 600.4794921875, q_loss 599.6781005859375, v_loss 0.8013777136802673 ,lr 1.0000000000000003e-05
INFO:root:epoch 8, Episode 0, total_loss: 273.8564147949219, q_loss 259.71759033203125, v_loss 14.138822555541992 ,lr 1.0000000000000002e-06
INFO:root:epoch 8, Episode 1, total_loss: 273.8553771972656, q_loss 259.7169494628906, v_loss 14.138426780700684 ,lr 1.0000000000000002e-06
INFO:root:epoch 8, Episode 2, total_loss: 273.85479736328125, q_loss 259.71649169921875, v_loss 14.13831615447998 ,lr 1.0000000000000002e-06
INFO:root:epoch 8, Episode 3, total_loss: 273.8539733886719, q_loss 259.7161560058594, v_loss 14.137809753417969 ,lr 1.0000000000000002e-06
INFO:root:epoch 8, Episode 4, total_loss: 273.85247802734375, q_loss 259.7153015136719, v_loss 14.137181282043457 ,lr 1.0000000000000002e-06
INFO:root:epoch 8, Episode 5, total_loss: 273.8519287109375, q_loss 259.71484375, v_loss 14.137070655822754 ,lr 1.0000000000000002e-06
INFO:root:epoch 8, Episode 6, total_loss: 273.8501281738281, q_loss 259.71380615234375, v_loss 14.136317253112793 ,lr 1.0000000000000002e-06
INFO:root:epoch 8, Episode 7, total_loss: 273.8479919433594, q_loss 259.71270751953125, v_loss 14.135293006896973 ,lr 1.0000000000000002e-06
INFO:root:epoch 8, Episode 8, total_loss: 273.84661865234375, q_loss 259.7119445800781, v_loss 14.134659767150879 ,lr 1.0000000000000002e-06
INFO:root:epoch 8, Episode 9, total_loss: 273.84405517578125, q_loss 259.710693359375, v_loss 14.133371353149414 ,lr 1.0000000000000002e-06
INFO:root:epoch 8, Episode 10, total_loss: 273.8443908691406, q_loss 259.71063232421875, v_loss 14.133769035339355 ,lr 1.0000000000000002e-06
INFO:root:epoch 8, Episode 11, total_loss: 273.8416442871094, q_loss 259.7088623046875, v_loss 14.132791519165039 ,lr 1.0000000000000002e-06
INFO:root:epoch 8, Episode 12, total_loss: 273.8338317871094, q_loss 259.70361328125, v_loss 14.130216598510742 ,lr 1.0000000000000002e-06
INFO:root:epoch 8, Episode 13, total_loss: 273.8309631347656, q_loss 259.70196533203125, v_loss 14.128993034362793 ,lr 1.0000000000000002e-06
INFO:root:epoch 8, Episode 14, total_loss: 273.8285217285156, q_loss 259.7007141113281, v_loss 14.12782096862793 ,lr 1.0000000000000002e-06
INFO:root:epoch 8, Episode 15, total_loss: 273.8251647949219, q_loss 259.6986999511719, v_loss 14.12647819519043 ,lr 1.0000000000000002e-06
INFO:root:epoch 8, Episode 16, total_loss: 273.8217468261719, q_loss 259.6965637207031, v_loss 14.125187873840332 ,lr 1.0000000000000002e-06
INFO:root:epoch 8, Episode 17, total_loss: 273.8175354003906, q_loss 259.6940002441406, v_loss 14.123547554016113 ,lr 1.0000000000000002e-06
INFO:root:epoch 8, Episode 18, total_loss: 273.8153076171875, q_loss 259.69256591796875, v_loss 14.122736930847168 ,lr 1.0000000000000002e-06
INFO:root:epoch 8, Episode 19, total_loss: 273.808837890625, q_loss 259.6900329589844, v_loss 14.11879825592041 ,lr 1.0000000000000002e-06
INFO:root:epoch 8, Episode 20, total_loss: 273.80657958984375, q_loss 259.688720703125, v_loss 14.11786937713623 ,lr 1.0000000000000002e-06
INFO:root:epoch 8, Episode 21, total_loss: 273.80206298828125, q_loss 259.6861267089844, v_loss 14.115951538085938 ,lr 1.0000000000000002e-06
INFO:root:epoch 8, Episode 22, total_loss: 273.79766845703125, q_loss 259.6831970214844, v_loss 14.114459037780762 ,lr 1.0000000000000002e-06
INFO:root:epoch 8, Episode 23, total_loss: 273.7936706542969, q_loss 259.6810302734375, v_loss 14.112643241882324 ,lr 1.0000000000000002e-06
INFO:root:epoch 8, Episode 24, total_loss: 273.7899169921875, q_loss 259.67864990234375, v_loss 14.111274719238281 ,lr 1.0000000000000002e-06
INFO:root:epoch 8, Episode 25, total_loss: 273.78546142578125, q_loss 259.6762390136719, v_loss 14.109217643737793 ,lr 1.0000000000000002e-06
INFO:root:epoch 8, Episode 26, total_loss: 273.7803039550781, q_loss 259.6733093261719, v_loss 14.106992721557617 ,lr 1.0000000000000002e-06
INFO:root:epoch 8, Episode 27, total_loss: 273.7768249511719, q_loss 259.6710510253906, v_loss 14.105772018432617 ,lr 1.0000000000000002e-06
INFO:root:epoch 8, Episode 28, total_loss: 273.7735900878906, q_loss 259.6685791015625, v_loss 14.105023384094238 ,lr 1.0000000000000002e-06
INFO:root:epoch 8, Episode 29, total_loss: 273.76922607421875, q_loss 259.6658935546875, v_loss 14.10332202911377 ,lr 1.0000000000000002e-06
INFO:root:epoch 8, Episode 30, total_loss: 273.7645568847656, q_loss 259.6630859375, v_loss 14.101459503173828 ,lr 1.0000000000000002e-06
INFO:root:epoch 8, Episode 31, total_loss: 273.7535705566406, q_loss 259.65625, v_loss 14.097322463989258 ,lr 1.0000000000000002e-06
INFO:root:epoch 8, Episode 32, total_loss: 273.75115966796875, q_loss 259.6548767089844, v_loss 14.096271514892578 ,lr 1.0000000000000002e-06
INFO:root:epoch 8, Episode 33, total_loss: 273.74822998046875, q_loss 259.6530456542969, v_loss 14.095170974731445 ,lr 1.0000000000000002e-06
INFO:root:epoch 8, Episode 34, total_loss: 273.74334716796875, q_loss 259.6498718261719, v_loss 14.093480110168457 ,lr 1.0000000000000002e-06
INFO:root:epoch 8, Episode 35, total_loss: 273.739013671875, q_loss 259.64691162109375, v_loss 14.092106819152832 ,lr 1.0000000000000002e-06
INFO:root:epoch 8, Episode 36, total_loss: 273.7357177734375, q_loss 259.64447021484375, v_loss 14.0912446975708 ,lr 1.0000000000000002e-06
INFO:root:epoch 8, Episode 37, total_loss: 273.7274169921875, q_loss 259.63885498046875, v_loss 14.08857250213623 ,lr 1.0000000000000002e-06
INFO:root:epoch 8, Episode 38, total_loss: 273.7223205566406, q_loss 259.6358642578125, v_loss 14.086462020874023 ,lr 1.0000000000000002e-06
INFO:root:epoch 8, Episode 39, total_loss: 273.718017578125, q_loss 259.6330261230469, v_loss 14.084983825683594 ,lr 1.0000000000000002e-06
INFO:root:epoch 8, Episode 40, total_loss: 273.7138977050781, q_loss 259.63037109375, v_loss 14.083518028259277 ,lr 1.0000000000000002e-06
INFO:root:epoch 8, Episode 41, total_loss: 273.7102966308594, q_loss 259.62823486328125, v_loss 14.082074165344238 ,lr 1.0000000000000002e-06
INFO:root:epoch 8, Episode 42, total_loss: 273.70660400390625, q_loss 259.626220703125, v_loss 14.080395698547363 ,lr 1.0000000000000002e-06
INFO:root:epoch 8, Episode 43, total_loss: 273.6944274902344, q_loss 259.6219177246094, v_loss 14.072503089904785 ,lr 1.0000000000000002e-06
INFO:root:epoch 8, Episode 44, total_loss: 273.6603698730469, q_loss 259.6001281738281, v_loss 14.060254096984863 ,lr 1.0000000000000002e-06
INFO:root:epoch 8, Episode 45, total_loss: 273.6561279296875, q_loss 259.5974426269531, v_loss 14.058684349060059 ,lr 1.0000000000000002e-06
INFO:root:epoch 8, Episode 46, total_loss: 273.6511535644531, q_loss 259.59429931640625, v_loss 14.056864738464355 ,lr 1.0000000000000002e-06
INFO:root:epoch 8, Episode 47, total_loss: 273.6485900878906, q_loss 259.5926208496094, v_loss 14.055970191955566 ,lr 1.0000000000000002e-06
INFO:root:epoch 8, Episode 48, total_loss: 273.6441345214844, q_loss 259.5895080566406, v_loss 14.054637908935547 ,lr 1.0000000000000002e-06
INFO:root:epoch 8, Episode 49, total_loss: 273.6408996582031, q_loss 259.58770751953125, v_loss 14.053200721740723 ,lr 1.0000000000000002e-06
INFO:root:epoch 8, Episode 50, total_loss: 273.63775634765625, q_loss 259.58587646484375, v_loss 14.051895141601562 ,lr 1.0000000000000002e-06
INFO:root:epoch 8, Episode 51, total_loss: 273.6336975097656, q_loss 259.5836486816406, v_loss 14.050034523010254 ,lr 1.0000000000000002e-06
INFO:root:epoch 8, Episode 52, total_loss: 273.62969970703125, q_loss 259.5811462402344, v_loss 14.048543930053711 ,lr 1.0000000000000002e-06
INFO:root:epoch 8, Episode 53, total_loss: 273.6252136230469, q_loss 259.5783386230469, v_loss 14.046869277954102 ,lr 1.0000000000000002e-06
INFO:root:epoch 8, Episode 54, total_loss: 273.6217346191406, q_loss 259.5760803222656, v_loss 14.045653343200684 ,lr 1.0000000000000002e-06
INFO:root:epoch 8, Episode 55, total_loss: 273.61846923828125, q_loss 259.57379150390625, v_loss 14.044672966003418 ,lr 1.0000000000000002e-06
INFO:root:epoch 8, Episode 56, total_loss: 273.6142272949219, q_loss 259.5711669921875, v_loss 14.043055534362793 ,lr 1.0000000000000002e-06
INFO:root:epoch 8, Episode 57, total_loss: 273.6091003417969, q_loss 259.568115234375, v_loss 14.040997505187988 ,lr 1.0000000000000002e-06
INFO:root:epoch 8, Episode 58, total_loss: 273.6054382324219, q_loss 259.56561279296875, v_loss 14.039839744567871 ,lr 1.0000000000000002e-06
INFO:root:epoch 8, Episode 59, total_loss: 273.6026306152344, q_loss 259.5637512207031, v_loss 14.0388822555542 ,lr 1.0000000000000002e-06
INFO:root:epoch 8, Episode 60, total_loss: 273.5992431640625, q_loss 259.5616455078125, v_loss 14.037590980529785 ,lr 1.0000000000000002e-06
INFO:root:epoch 8, Episode 61, total_loss: 273.5899353027344, q_loss 259.5555114746094, v_loss 14.034415245056152 ,lr 1.0000000000000002e-06
INFO:root:epoch 8, Episode 62, total_loss: 273.58343505859375, q_loss 259.5525207519531, v_loss 14.030901908874512 ,lr 1.0000000000000002e-06
INFO:root:epoch 8, Episode 63, total_loss: 273.5795593261719, q_loss 259.5501708984375, v_loss 14.029385566711426 ,lr 1.0000000000000002e-06
INFO:root:epoch 8, Episode 64, total_loss: 273.57666015625, q_loss 259.5481262207031, v_loss 14.028526306152344 ,lr 1.0000000000000002e-06
INFO:root:epoch 8, Episode 65, total_loss: 273.5737609863281, q_loss 259.5464172363281, v_loss 14.027358055114746 ,lr 1.0000000000000002e-06
INFO:root:epoch 8, Episode 66, total_loss: 273.5697326660156, q_loss 259.5440673828125, v_loss 14.025678634643555 ,lr 1.0000000000000002e-06
INFO:root:epoch 8, Episode 67, total_loss: 273.5643615722656, q_loss 259.5406494140625, v_loss 14.023719787597656 ,lr 1.0000000000000002e-06
INFO:root:epoch 8, Episode 68, total_loss: 273.5591125488281, q_loss 259.5373229980469, v_loss 14.021787643432617 ,lr 1.0000000000000002e-06
INFO:root:epoch 8, Episode 69, total_loss: 273.5553894042969, q_loss 259.53485107421875, v_loss 14.020524978637695 ,lr 1.0000000000000002e-06
INFO:root:epoch 8, Episode 70, total_loss: 273.55169677734375, q_loss 259.5325927734375, v_loss 14.019111633300781 ,lr 1.0000000000000002e-06
INFO:root:epoch 8, Episode 71, total_loss: 273.54962158203125, q_loss 259.5312805175781, v_loss 14.018331527709961 ,lr 1.0000000000000002e-06
INFO:root:epoch 8, Episode 72, total_loss: 273.54541015625, q_loss 259.528564453125, v_loss 14.016858100891113 ,lr 1.0000000000000002e-06
INFO:root:epoch 8, Episode 73, total_loss: 273.54351806640625, q_loss 259.5271301269531, v_loss 14.016383171081543 ,lr 1.0000000000000002e-06
INFO:root:epoch 8, Episode 74, total_loss: 273.52960205078125, q_loss 259.5181579589844, v_loss 14.011449813842773 ,lr 1.0000000000000002e-06
INFO:root:epoch 8, Episode 75, total_loss: 273.5278015136719, q_loss 259.51678466796875, v_loss 14.011018753051758 ,lr 1.0000000000000002e-06
INFO:root:epoch 8, Episode 76, total_loss: 273.525390625, q_loss 259.5152282714844, v_loss 14.010173797607422 ,lr 1.0000000000000002e-06
INFO:root:epoch 8, Episode 77, total_loss: 273.5216369628906, q_loss 259.5128173828125, v_loss 14.008806228637695 ,lr 1.0000000000000002e-06
INFO:root:epoch 8, Episode 78, total_loss: 273.51959228515625, q_loss 259.5113830566406, v_loss 14.008196830749512 ,lr 1.0000000000000002e-06
INFO:root:epoch 8, Episode 79, total_loss: 273.51629638671875, q_loss 259.5095520019531, v_loss 14.006741523742676 ,lr 1.0000000000000002e-06
INFO:root:epoch 8, Episode 80, total_loss: 273.5129089355469, q_loss 259.5074157714844, v_loss 14.00549602508545 ,lr 1.0000000000000002e-06
INFO:root:epoch 8, Episode 81, total_loss: 273.50823974609375, q_loss 259.5044860839844, v_loss 14.003766059875488 ,lr 1.0000000000000002e-06
INFO:root:epoch 8, Episode 82, total_loss: 273.5049743652344, q_loss 259.5024719238281, v_loss 14.002507209777832 ,lr 1.0000000000000002e-06
INFO:root:epoch 8, Episode 83, total_loss: 273.5001220703125, q_loss 259.49957275390625, v_loss 14.000558853149414 ,lr 1.0000000000000002e-06
INFO:root:epoch 8, Episode 84, total_loss: 273.4930114746094, q_loss 259.4945983886719, v_loss 13.998403549194336 ,lr 1.0000000000000002e-06
INFO:root:epoch 8, Episode 85, total_loss: 273.48876953125, q_loss 259.4923400878906, v_loss 13.996438980102539 ,lr 1.0000000000000002e-06
INFO:root:epoch 8, Episode 86, total_loss: 273.4852600097656, q_loss 259.4900207519531, v_loss 13.99522876739502 ,lr 1.0000000000000002e-06
INFO:root:epoch 8, Episode 87, total_loss: 273.4815979003906, q_loss 259.4877624511719, v_loss 13.993842124938965 ,lr 1.0000000000000002e-06
INFO:root:epoch 8, Episode 88, total_loss: 273.47760009765625, q_loss 259.4851379394531, v_loss 13.992472648620605 ,lr 1.0000000000000002e-06
INFO:root:epoch 8, Episode 89, total_loss: 273.4736633300781, q_loss 259.4827880859375, v_loss 13.99086856842041 ,lr 1.0000000000000002e-06
INFO:root:epoch 8, Episode 90, total_loss: 273.47064208984375, q_loss 259.4808349609375, v_loss 13.989810943603516 ,lr 1.0000000000000002e-06
INFO:root:epoch 8, Episode 91, total_loss: 273.4661560058594, q_loss 259.4779968261719, v_loss 13.988157272338867 ,lr 1.0000000000000002e-06
INFO:root:epoch 8, Episode 92, total_loss: 273.4643859863281, q_loss 259.4767761230469, v_loss 13.987619400024414 ,lr 1.0000000000000002e-06
INFO:root:epoch 8, Episode 93, total_loss: 273.46197509765625, q_loss 259.4749755859375, v_loss 13.98701000213623 ,lr 1.0000000000000002e-06
INFO:root:epoch 8, Episode 94, total_loss: 273.45697021484375, q_loss 259.4715270996094, v_loss 13.985438346862793 ,lr 1.0000000000000002e-06
INFO:root:epoch 8, Episode 95, total_loss: 273.45355224609375, q_loss 259.4696350097656, v_loss 13.98392391204834 ,lr 1.0000000000000002e-06
INFO:root:epoch 8, Episode 96, total_loss: 273.44879150390625, q_loss 259.466796875, v_loss 13.981987953186035 ,lr 1.0000000000000002e-06
INFO:root:epoch 8, Episode 97, total_loss: 273.4461364746094, q_loss 259.4651794433594, v_loss 13.98095417022705 ,lr 1.0000000000000002e-06
INFO:root:epoch 8, Episode 98, total_loss: 273.44195556640625, q_loss 259.4624328613281, v_loss 13.979522705078125 ,lr 1.0000000000000002e-06
INFO:root:epoch 8, Episode 99, total_loss: 273.4395446777344, q_loss 259.46063232421875, v_loss 13.978899955749512 ,lr 1.0000000000000002e-06
INFO:root:epoch 8, Episode 100, total_loss: 273.43597412109375, q_loss 259.4584655761719, v_loss 13.977508544921875 ,lr 1.0000000000000002e-06
INFO:root:epoch 8, Episode 101, total_loss: 273.4322509765625, q_loss 259.4560241699219, v_loss 13.976218223571777 ,lr 1.0000000000000002e-06
INFO:root:epoch 8, Episode 102, total_loss: 273.4286193847656, q_loss 259.4538269042969, v_loss 13.9747896194458 ,lr 1.0000000000000002e-06
INFO:root:epoch 8, Episode 103, total_loss: 273.4241943359375, q_loss 259.45111083984375, v_loss 13.97308349609375 ,lr 1.0000000000000002e-06
INFO:root:epoch 8, Episode 104, total_loss: 273.4188232421875, q_loss 259.4490051269531, v_loss 13.969831466674805 ,lr 1.0000000000000002e-06
INFO:root:epoch 8, Episode 105, total_loss: 273.415283203125, q_loss 259.4465026855469, v_loss 13.968789100646973 ,lr 1.0000000000000002e-06
INFO:root:epoch 8, Episode 106, total_loss: 273.4105224609375, q_loss 259.4435119628906, v_loss 13.967007637023926 ,lr 1.0000000000000002e-06
INFO:root:epoch 8, Episode 107, total_loss: 273.4019775390625, q_loss 259.437744140625, v_loss 13.964240074157715 ,lr 1.0000000000000002e-06
INFO:root:epoch 8, Episode 108, total_loss: 273.3977966308594, q_loss 259.4353332519531, v_loss 13.96247386932373 ,lr 1.0000000000000002e-06
INFO:root:epoch 8, Episode 109, total_loss: 273.3953857421875, q_loss 259.43353271484375, v_loss 13.961868286132812 ,lr 1.0000000000000002e-06
INFO:root:epoch 8, Episode 110, total_loss: 273.39208984375, q_loss 259.4312744140625, v_loss 13.960807800292969 ,lr 1.0000000000000002e-06
INFO:root:epoch 8, Episode 111, total_loss: 273.3866271972656, q_loss 259.4279479980469, v_loss 13.958687782287598 ,lr 1.0000000000000002e-06
INFO:root:epoch 8, Episode 112, total_loss: 273.3836669921875, q_loss 259.426025390625, v_loss 13.957632064819336 ,lr 1.0000000000000002e-06
INFO:root:epoch 8, Episode 113, total_loss: 273.3634948730469, q_loss 259.4176940917969, v_loss 13.945789337158203 ,lr 1.0000000000000002e-06
INFO:root:epoch 8, Episode 114, total_loss: 273.3600158691406, q_loss 259.4156188964844, v_loss 13.944384574890137 ,lr 1.0000000000000002e-06
INFO:root:epoch 8, Episode 115, total_loss: 273.3542785644531, q_loss 259.4122314453125, v_loss 13.942032814025879 ,lr 1.0000000000000002e-06
INFO:root:epoch 8, Episode 116, total_loss: 273.3514709472656, q_loss 259.4107360839844, v_loss 13.940744400024414 ,lr 1.0000000000000002e-06
INFO:root:epoch 8, Episode 117, total_loss: 273.34136962890625, q_loss 259.40423583984375, v_loss 13.93714427947998 ,lr 1.0000000000000002e-06
INFO:root:epoch 8, Episode 118, total_loss: 273.3086853027344, q_loss 259.3830261230469, v_loss 13.92564868927002 ,lr 1.0000000000000002e-06
INFO:root:epoch 8, Episode 119, total_loss: 273.30364990234375, q_loss 259.3800048828125, v_loss 13.923638343811035 ,lr 1.0000000000000002e-06
INFO:root:epoch 8, Episode 120, total_loss: 273.29962158203125, q_loss 259.3774719238281, v_loss 13.92215347290039 ,lr 1.0000000000000002e-06
INFO:root:epoch 8, Episode 121, total_loss: 273.296142578125, q_loss 259.3749694824219, v_loss 13.921157836914062 ,lr 1.0000000000000002e-06
INFO:root:epoch 8, Episode 122, total_loss: 273.2923889160156, q_loss 259.3729248046875, v_loss 13.919474601745605 ,lr 1.0000000000000002e-06
INFO:root:epoch 8, Episode 123, total_loss: 273.2879333496094, q_loss 259.37030029296875, v_loss 13.917634963989258 ,lr 1.0000000000000002e-06
INFO:root:epoch 8, Episode 124, total_loss: 273.2834167480469, q_loss 259.36749267578125, v_loss 13.91592788696289 ,lr 1.0000000000000002e-06
INFO:root:epoch 8, Episode 125, total_loss: 273.27899169921875, q_loss 259.364501953125, v_loss 13.9144868850708 ,lr 1.0000000000000002e-06
INFO:root:epoch 8, Episode 126, total_loss: 273.27545166015625, q_loss 259.3621520996094, v_loss 13.913293838500977 ,lr 1.0000000000000002e-06
INFO:root:epoch 8, Episode 127, total_loss: 273.2703552246094, q_loss 259.3590087890625, v_loss 13.911345481872559 ,lr 1.0000000000000002e-06
INFO:root:epoch 8, Episode 128, total_loss: 273.2677917480469, q_loss 259.3576354980469, v_loss 13.910155296325684 ,lr 1.0000000000000002e-06
INFO:root:epoch 8, Episode 129, total_loss: 273.26177978515625, q_loss 259.3535461425781, v_loss 13.908246040344238 ,lr 1.0000000000000002e-06
INFO:root:epoch 8, Episode 130, total_loss: 273.2536926269531, q_loss 259.3480529785156, v_loss 13.905633926391602 ,lr 1.0000000000000002e-06
INFO:root:epoch 8, Episode 131, total_loss: 273.2510986328125, q_loss 259.3462219238281, v_loss 13.904881477355957 ,lr 1.0000000000000002e-06
INFO:root:epoch 8, Episode 132, total_loss: 273.24755859375, q_loss 259.34423828125, v_loss 13.903306007385254 ,lr 1.0000000000000002e-06
INFO:root:epoch 8, Episode 133, total_loss: 273.2431945800781, q_loss 259.3418273925781, v_loss 13.901357650756836 ,lr 1.0000000000000002e-06
INFO:root:epoch 8, Episode 134, total_loss: 273.23974609375, q_loss 259.3398132324219, v_loss 13.899937629699707 ,lr 1.0000000000000002e-06
INFO:root:epoch 8, Episode 135, total_loss: 273.2367248535156, q_loss 259.3378601074219, v_loss 13.898850440979004 ,lr 1.0000000000000002e-06
INFO:root:epoch 8, Episode 136, total_loss: 273.2303161621094, q_loss 259.3341979980469, v_loss 13.8961181640625 ,lr 1.0000000000000002e-06
INFO:root:epoch 8, Episode 137, total_loss: 273.2264709472656, q_loss 259.33203125, v_loss 13.894448280334473 ,lr 1.0000000000000002e-06
INFO:root:epoch 8, Episode 138, total_loss: 273.2229919433594, q_loss 259.3298034667969, v_loss 13.893193244934082 ,lr 1.0000000000000002e-06
INFO:root:epoch 8, Episode 139, total_loss: 273.22039794921875, q_loss 259.32781982421875, v_loss 13.892571449279785 ,lr 1.0000000000000002e-06
INFO:root:epoch 8, Episode 140, total_loss: 273.217041015625, q_loss 259.32586669921875, v_loss 13.891170501708984 ,lr 1.0000000000000002e-06
INFO:root:epoch 8, Episode 141, total_loss: 273.21337890625, q_loss 259.323486328125, v_loss 13.889888763427734 ,lr 1.0000000000000002e-06
INFO:root:epoch 8, Episode 142, total_loss: 273.2077331542969, q_loss 259.3198547363281, v_loss 13.887877464294434 ,lr 1.0000000000000002e-06
INFO:root:epoch 8, Episode 143, total_loss: 273.20367431640625, q_loss 259.3171691894531, v_loss 13.88651180267334 ,lr 1.0000000000000002e-06
INFO:root:epoch 8, Episode 144, total_loss: 273.20062255859375, q_loss 259.3154296875, v_loss 13.8851900100708 ,lr 1.0000000000000002e-06
INFO:root:epoch 8, Episode 145, total_loss: 273.194091796875, q_loss 259.3121032714844, v_loss 13.881973266601562 ,lr 1.0000000000000002e-06
INFO:root:epoch 8, Episode 146, total_loss: 273.1905822753906, q_loss 259.30987548828125, v_loss 13.88070297241211 ,lr 1.0000000000000002e-06
INFO:root:epoch 8, Episode 147, total_loss: 273.1867980957031, q_loss 259.30743408203125, v_loss 13.879352569580078 ,lr 1.0000000000000002e-06
INFO:root:epoch 8, Episode 148, total_loss: 273.1830749511719, q_loss 259.3050231933594, v_loss 13.878061294555664 ,lr 1.0000000000000002e-06
INFO:root:epoch 8, Episode 149, total_loss: 273.1805419921875, q_loss 259.30328369140625, v_loss 13.877272605895996 ,lr 1.0000000000000002e-06
INFO:root:epoch 8, Episode 150, total_loss: 273.1776428222656, q_loss 259.30133056640625, v_loss 13.876314163208008 ,lr 1.0000000000000002e-06
INFO:root:epoch 8, Episode 151, total_loss: 273.174560546875, q_loss 259.2995300292969, v_loss 13.87502384185791 ,lr 1.0000000000000002e-06
INFO:root:epoch 8, Episode 152, total_loss: 273.1685791015625, q_loss 259.2957763671875, v_loss 13.872806549072266 ,lr 1.0000000000000002e-06
INFO:root:epoch 8, Episode 153, total_loss: 273.14703369140625, q_loss 259.27667236328125, v_loss 13.870360374450684 ,lr 1.0000000000000002e-06
INFO:root:epoch 8, Episode 154, total_loss: 273.1421813964844, q_loss 259.2735595703125, v_loss 13.868627548217773 ,lr 1.0000000000000002e-06
INFO:root:epoch 8, Episode 155, total_loss: 273.1370849609375, q_loss 259.270263671875, v_loss 13.866819381713867 ,lr 1.0000000000000002e-06
INFO:root:epoch 8, Episode 156, total_loss: 273.1333923339844, q_loss 259.2677917480469, v_loss 13.8656005859375 ,lr 1.0000000000000002e-06
INFO:root:epoch 8, Episode 157, total_loss: 273.1292419433594, q_loss 259.26531982421875, v_loss 13.863932609558105 ,lr 1.0000000000000002e-06
INFO:root:epoch 8, Episode 158, total_loss: 273.12628173828125, q_loss 259.26373291015625, v_loss 13.86255168914795 ,lr 1.0000000000000002e-06
INFO:root:epoch 8, Episode 159, total_loss: 273.1158447265625, q_loss 259.2569885253906, v_loss 13.858858108520508 ,lr 1.0000000000000002e-06
INFO:root:epoch 8, Episode 160, total_loss: 273.1117858886719, q_loss 259.25433349609375, v_loss 13.857463836669922 ,lr 1.0000000000000002e-06
INFO:root:epoch 8, Episode 161, total_loss: 273.1079406738281, q_loss 259.251953125, v_loss 13.855998039245605 ,lr 1.0000000000000002e-06
INFO:root:epoch 8, Episode 162, total_loss: 273.1040954589844, q_loss 259.2498474121094, v_loss 13.854257583618164 ,lr 1.0000000000000002e-06
INFO:root:epoch 8, Episode 163, total_loss: 273.10015869140625, q_loss 259.2472839355469, v_loss 13.852869987487793 ,lr 1.0000000000000002e-06
INFO:root:epoch 8, Episode 164, total_loss: 273.0955810546875, q_loss 259.2445983886719, v_loss 13.850991249084473 ,lr 1.0000000000000002e-06
INFO:root:epoch 8, Episode 165, total_loss: 273.09149169921875, q_loss 259.2420959472656, v_loss 13.849393844604492 ,lr 1.0000000000000002e-06
INFO:root:epoch 8, Episode 166, total_loss: 273.0894775390625, q_loss 259.2405700683594, v_loss 13.84891414642334 ,lr 1.0000000000000002e-06
INFO:root:epoch 8, Episode 167, total_loss: 273.08477783203125, q_loss 259.2375793457031, v_loss 13.847210884094238 ,lr 1.0000000000000002e-06
INFO:root:epoch 8, Episode 168, total_loss: 273.0809631347656, q_loss 259.23529052734375, v_loss 13.84566879272461 ,lr 1.0000000000000002e-06
INFO:root:epoch 8, Episode 169, total_loss: 273.0766296386719, q_loss 259.2325439453125, v_loss 13.844073295593262 ,lr 1.0000000000000002e-06
INFO:root:epoch 8, Episode 170, total_loss: 273.0729064941406, q_loss 259.23016357421875, v_loss 13.842734336853027 ,lr 1.0000000000000002e-06
INFO:root:epoch 8, Episode 171, total_loss: 273.0699462890625, q_loss 259.2283935546875, v_loss 13.841558456420898 ,lr 1.0000000000000002e-06
INFO:root:epoch 8, Episode 172, total_loss: 273.0663757324219, q_loss 259.2262878417969, v_loss 13.840099334716797 ,lr 1.0000000000000002e-06
INFO:root:epoch 8, Episode 173, total_loss: 273.0641174316406, q_loss 259.2248840332031, v_loss 13.839221000671387 ,lr 1.0000000000000002e-06
INFO:root:epoch 8, Episode 174, total_loss: 273.0611267089844, q_loss 259.2231140136719, v_loss 13.838004112243652 ,lr 1.0000000000000002e-06
INFO:root:epoch 8, Episode 175, total_loss: 273.05816650390625, q_loss 259.22137451171875, v_loss 13.836790084838867 ,lr 1.0000000000000002e-06
INFO:root:epoch 8, Episode 176, total_loss: 273.04962158203125, q_loss 259.2157287597656, v_loss 13.833906173706055 ,lr 1.0000000000000002e-06
INFO:root:epoch 8, Episode 177, total_loss: 273.04803466796875, q_loss 259.2147521972656, v_loss 13.833281517028809 ,lr 1.0000000000000002e-06
INFO:root:epoch 8, Episode 178, total_loss: 273.0453796386719, q_loss 259.21295166015625, v_loss 13.832435607910156 ,lr 1.0000000000000002e-06
INFO:root:epoch 8, Episode 179, total_loss: 273.0419006347656, q_loss 259.2109069824219, v_loss 13.830987930297852 ,lr 1.0000000000000002e-06
INFO:root:epoch 8, Episode 180, total_loss: 273.039306640625, q_loss 259.2090148925781, v_loss 13.83028793334961 ,lr 1.0000000000000002e-06
INFO:root:epoch 8, Episode 181, total_loss: 273.0376892089844, q_loss 259.2079772949219, v_loss 13.829713821411133 ,lr 1.0000000000000002e-06
INFO:root:epoch 8, Episode 182, total_loss: 273.03436279296875, q_loss 259.20574951171875, v_loss 13.828600883483887 ,lr 1.0000000000000002e-06
INFO:root:epoch 8, Episode 183, total_loss: 273.03009033203125, q_loss 259.20263671875, v_loss 13.827465057373047 ,lr 1.0000000000000002e-06
INFO:root:epoch 8, Episode 184, total_loss: 273.02197265625, q_loss 259.198974609375, v_loss 13.822983741760254 ,lr 1.0000000000000002e-06
INFO:root:epoch 8, Episode 185, total_loss: 273.0177001953125, q_loss 259.1964416503906, v_loss 13.821252822875977 ,lr 1.0000000000000002e-06
INFO:root:epoch 8, Episode 186, total_loss: 273.0158996582031, q_loss 259.1955261230469, v_loss 13.820387840270996 ,lr 1.0000000000000002e-06
INFO:root:epoch 8, Episode 187, total_loss: 273.0119934082031, q_loss 259.1929931640625, v_loss 13.818989753723145 ,lr 1.0000000000000002e-06
INFO:root:epoch 8, Episode 188, total_loss: 273.0095520019531, q_loss 259.1913757324219, v_loss 13.81817626953125 ,lr 1.0000000000000002e-06
INFO:root:epoch 8, Episode 189, total_loss: 273.0054931640625, q_loss 259.18896484375, v_loss 13.816526412963867 ,lr 1.0000000000000002e-06
INFO:root:epoch 8, Episode 190, total_loss: 273.00311279296875, q_loss 259.1876220703125, v_loss 13.81548023223877 ,lr 1.0000000000000002e-06
INFO:root:epoch 8, Episode 191, total_loss: 272.9996337890625, q_loss 259.1856689453125, v_loss 13.813949584960938 ,lr 1.0000000000000002e-06
INFO:root:epoch 8, Episode 192, total_loss: 272.99517822265625, q_loss 259.1828918457031, v_loss 13.812300682067871 ,lr 1.0000000000000002e-06
INFO:root:epoch 8, Episode 193, total_loss: 272.9644470214844, q_loss 259.1624450683594, v_loss 13.802003860473633 ,lr 1.0000000000000002e-06
INFO:root:epoch 8, Episode 194, total_loss: 272.9604797363281, q_loss 259.1600341796875, v_loss 13.800440788269043 ,lr 1.0000000000000002e-06
INFO:root:epoch 8, Episode 195, total_loss: 272.9581604003906, q_loss 259.15838623046875, v_loss 13.799776077270508 ,lr 1.0000000000000002e-06
INFO:root:epoch 8, Episode 196, total_loss: 272.9507141113281, q_loss 259.1552734375, v_loss 13.795442581176758 ,lr 1.0000000000000002e-06
INFO:root:epoch 8, Episode 197, total_loss: 272.94744873046875, q_loss 259.1532897949219, v_loss 13.794167518615723 ,lr 1.0000000000000002e-06
INFO:root:epoch 8, Episode 198, total_loss: 272.94390869140625, q_loss 259.1512451171875, v_loss 13.79267692565918 ,lr 1.0000000000000002e-06
INFO:root:epoch 8, Episode 199, total_loss: 272.9372253417969, q_loss 259.1465148925781, v_loss 13.790717124938965 ,lr 1.0000000000000002e-06
INFO:root:epoch 8, Episode 200, total_loss: 272.9323425292969, q_loss 259.1434631347656, v_loss 13.788875579833984 ,lr 1.0000000000000002e-06
INFO:root:epoch 8, Episode 201, total_loss: 272.92706298828125, q_loss 259.1404113769531, v_loss 13.786642074584961 ,lr 1.0000000000000002e-06
INFO:root:epoch 8, Episode 202, total_loss: 272.91619873046875, q_loss 259.1331787109375, v_loss 13.783027648925781 ,lr 1.0000000000000002e-06
INFO:root:epoch 8, Episode 203, total_loss: 272.91180419921875, q_loss 259.13018798828125, v_loss 13.781600952148438 ,lr 1.0000000000000002e-06
INFO:root:epoch 8, Episode 204, total_loss: 272.9090881347656, q_loss 259.1286315917969, v_loss 13.780448913574219 ,lr 1.0000000000000002e-06
INFO:root:epoch 8, Episode 205, total_loss: 272.9060974121094, q_loss 259.1268005371094, v_loss 13.779292106628418 ,lr 1.0000000000000002e-06
INFO:root:epoch 8, Episode 206, total_loss: 272.9012756347656, q_loss 259.1236572265625, v_loss 13.777619361877441 ,lr 1.0000000000000002e-06
INFO:root:epoch 8, Episode 207, total_loss: 272.8971252441406, q_loss 259.121337890625, v_loss 13.775798797607422 ,lr 1.0000000000000002e-06
INFO:root:epoch 8, Episode 208, total_loss: 272.89306640625, q_loss 259.1186828613281, v_loss 13.774378776550293 ,lr 1.0000000000000002e-06
INFO:root:epoch 8, Episode 209, total_loss: 272.89117431640625, q_loss 259.1176452636719, v_loss 13.773518562316895 ,lr 1.0000000000000002e-06
INFO:root:epoch 8, Episode 210, total_loss: 272.8865966796875, q_loss 259.114990234375, v_loss 13.771604537963867 ,lr 1.0000000000000002e-06
INFO:root:epoch 8, Episode 211, total_loss: 272.88128662109375, q_loss 259.1116638183594, v_loss 13.769617080688477 ,lr 1.0000000000000002e-06
INFO:root:epoch 8, Episode 212, total_loss: 272.8781433105469, q_loss 259.1094055175781, v_loss 13.76872444152832 ,lr 1.0000000000000002e-06
INFO:root:epoch 8, Episode 213, total_loss: 272.8753967285156, q_loss 259.1081237792969, v_loss 13.767266273498535 ,lr 1.0000000000000002e-06
INFO:root:epoch 8, Episode 214, total_loss: 272.8719482421875, q_loss 259.1060791015625, v_loss 13.765863418579102 ,lr 1.0000000000000002e-06
INFO:root:epoch 8, Episode 215, total_loss: 272.8663330078125, q_loss 259.1034240722656, v_loss 13.762916564941406 ,lr 1.0000000000000002e-06
INFO:root:epoch 8, Episode 216, total_loss: 272.864501953125, q_loss 259.1026306152344, v_loss 13.76186752319336 ,lr 1.0000000000000002e-06
INFO:root:epoch 8, Episode 217, total_loss: 272.8594665527344, q_loss 259.0995788574219, v_loss 13.759900093078613 ,lr 1.0000000000000002e-06
INFO:root:epoch 8, Episode 218, total_loss: 272.85650634765625, q_loss 259.0979309082031, v_loss 13.758567810058594 ,lr 1.0000000000000002e-06
INFO:root:epoch 8, Episode 219, total_loss: 272.8460388183594, q_loss 259.09259033203125, v_loss 13.753449440002441 ,lr 1.0000000000000002e-06
INFO:root:epoch 8, Episode 220, total_loss: 272.842041015625, q_loss 259.0897216796875, v_loss 13.752333641052246 ,lr 1.0000000000000002e-06
INFO:root:epoch 8, Episode 221, total_loss: 272.8356018066406, q_loss 259.08660888671875, v_loss 13.748983383178711 ,lr 1.0000000000000002e-06
INFO:root:epoch 8, Episode 222, total_loss: 272.8258972167969, q_loss 259.0801696777344, v_loss 13.74571418762207 ,lr 1.0000000000000002e-06
INFO:root:epoch 8, Episode 223, total_loss: 272.8227844238281, q_loss 259.0780944824219, v_loss 13.744686126708984 ,lr 1.0000000000000002e-06
INFO:root:epoch 8, Episode 224, total_loss: 272.8187255859375, q_loss 259.07568359375, v_loss 13.743049621582031 ,lr 1.0000000000000002e-06
INFO:root:epoch 8, Episode 225, total_loss: 272.8121032714844, q_loss 259.0711975097656, v_loss 13.740900993347168 ,lr 1.0000000000000002e-06
INFO:root:epoch 8, Episode 226, total_loss: 272.8087463378906, q_loss 259.0691223144531, v_loss 13.739625930786133 ,lr 1.0000000000000002e-06
INFO:root:epoch 8, Episode 227, total_loss: 272.80511474609375, q_loss 259.0666809082031, v_loss 13.738447189331055 ,lr 1.0000000000000002e-06
INFO:root:epoch 8, Episode 228, total_loss: 272.80279541015625, q_loss 259.0650634765625, v_loss 13.737727165222168 ,lr 1.0000000000000002e-06
INFO:root:epoch 8, Episode 229, total_loss: 272.7990417480469, q_loss 259.0629577636719, v_loss 13.73608112335205 ,lr 1.0000000000000002e-06
INFO:root:epoch 8, Episode 230, total_loss: 272.7952880859375, q_loss 259.0607604980469, v_loss 13.734517097473145 ,lr 1.0000000000000002e-06
INFO:root:epoch 8, Episode 231, total_loss: 272.7911376953125, q_loss 259.05841064453125, v_loss 13.7327241897583 ,lr 1.0000000000000002e-06
INFO:root:epoch 8, Episode 232, total_loss: 272.7904968261719, q_loss 259.05816650390625, v_loss 13.732336044311523 ,lr 1.0000000000000002e-06
INFO:root:epoch 8, Episode 233, total_loss: 272.7875671386719, q_loss 259.0565185546875, v_loss 13.731043815612793 ,lr 1.0000000000000002e-06
INFO:root:epoch 8, Episode 234, total_loss: 272.7836608886719, q_loss 259.05426025390625, v_loss 13.729390144348145 ,lr 1.0000000000000002e-06
INFO:root:epoch 8, Episode 235, total_loss: 272.7799377441406, q_loss 259.0519714355469, v_loss 13.7279691696167 ,lr 1.0000000000000002e-06
INFO:root:epoch 8, Episode 236, total_loss: 272.7757568359375, q_loss 259.0494384765625, v_loss 13.726313591003418 ,lr 1.0000000000000002e-06
INFO:root:epoch 8, Episode 237, total_loss: 272.7716369628906, q_loss 259.0469970703125, v_loss 13.724637031555176 ,lr 1.0000000000000002e-06
INFO:root:epoch 8, Episode 238, total_loss: 272.76715087890625, q_loss 259.04425048828125, v_loss 13.722908973693848 ,lr 1.0000000000000002e-06
INFO:root:epoch 8, Episode 239, total_loss: 272.76434326171875, q_loss 259.04290771484375, v_loss 13.72144603729248 ,lr 1.0000000000000002e-06
INFO:root:epoch 8, Episode 240, total_loss: 272.7605895996094, q_loss 259.04052734375, v_loss 13.72005558013916 ,lr 1.0000000000000002e-06
INFO:root:epoch 8, Episode 241, total_loss: 272.75714111328125, q_loss 259.038330078125, v_loss 13.7188138961792 ,lr 1.0000000000000002e-06
INFO:root:epoch 8, Episode 242, total_loss: 272.75433349609375, q_loss 259.036865234375, v_loss 13.71745491027832 ,lr 1.0000000000000002e-06
INFO:root:epoch 8, Episode 243, total_loss: 272.75067138671875, q_loss 259.0349426269531, v_loss 13.715740203857422 ,lr 1.0000000000000002e-06
INFO:root:epoch 8, Episode 244, total_loss: 272.7400817871094, q_loss 259.0282287597656, v_loss 13.711856842041016 ,lr 1.0000000000000002e-06
INFO:root:epoch 8, Episode 245, total_loss: 272.7298583984375, q_loss 259.0213928222656, v_loss 13.708473205566406 ,lr 1.0000000000000002e-06
INFO:root:epoch 8, Episode 246, total_loss: 272.7274475097656, q_loss 259.0196838378906, v_loss 13.707758903503418 ,lr 1.0000000000000002e-06
INFO:root:epoch 8, Episode 247, total_loss: 272.7227478027344, q_loss 259.0167236328125, v_loss 13.706032752990723 ,lr 1.0000000000000002e-06
INFO:root:epoch 8, Episode 248, total_loss: 272.7190246582031, q_loss 259.0147705078125, v_loss 13.704261779785156 ,lr 1.0000000000000002e-06
INFO:root:epoch 8, Episode 249, total_loss: 272.71435546875, q_loss 259.0121154785156, v_loss 13.702227592468262 ,lr 1.0000000000000002e-06
INFO:root:epoch 8, Episode 250, total_loss: 272.7116394042969, q_loss 259.0105895996094, v_loss 13.70103931427002 ,lr 1.0000000000000002e-06
INFO:root:epoch 8, Episode 251, total_loss: 272.70794677734375, q_loss 259.0086364746094, v_loss 13.699316024780273 ,lr 1.0000000000000002e-06
INFO:root:epoch 8, Episode 252, total_loss: 272.7042236328125, q_loss 259.0064392089844, v_loss 13.697785377502441 ,lr 1.0000000000000002e-06
INFO:root:epoch 8, Episode 253, total_loss: 272.700927734375, q_loss 259.0044250488281, v_loss 13.696493148803711 ,lr 1.0000000000000002e-06
INFO:root:epoch 8, Episode 254, total_loss: 272.6968688964844, q_loss 259.0019836425781, v_loss 13.694877624511719 ,lr 1.0000000000000002e-06
INFO:root:epoch 8, Episode 255, total_loss: 272.6917724609375, q_loss 258.9987487792969, v_loss 13.693029403686523 ,lr 1.0000000000000002e-06
INFO:root:epoch 8, Episode 256, total_loss: 272.6874084472656, q_loss 258.9960632324219, v_loss 13.691353797912598 ,lr 1.0000000000000002e-06
INFO:root:epoch 8, Episode 257, total_loss: 272.68115234375, q_loss 258.9929504394531, v_loss 13.688187599182129 ,lr 1.0000000000000002e-06
INFO:root:epoch 8, Episode 258, total_loss: 272.6780090332031, q_loss 258.99102783203125, v_loss 13.686985969543457 ,lr 1.0000000000000002e-06
INFO:root:epoch 8, Episode 259, total_loss: 272.67498779296875, q_loss 258.9894714355469, v_loss 13.685525894165039 ,lr 1.0000000000000002e-06
INFO:root:epoch 8, Episode 260, total_loss: 272.6546936035156, q_loss 258.9810485839844, v_loss 13.673637390136719 ,lr 1.0000000000000002e-06
INFO:root:epoch 8, Episode 261, total_loss: 272.6498107910156, q_loss 258.978515625, v_loss 13.671307563781738 ,lr 1.0000000000000002e-06
INFO:root:epoch 8, Episode 262, total_loss: 272.6468200683594, q_loss 258.9768371582031, v_loss 13.669994354248047 ,lr 1.0000000000000002e-06
INFO:root:epoch 8, Episode 263, total_loss: 272.6433410644531, q_loss 258.9748840332031, v_loss 13.668468475341797 ,lr 1.0000000000000002e-06
INFO:root:epoch 8, Episode 264, total_loss: 272.6392822265625, q_loss 258.972412109375, v_loss 13.666874885559082 ,lr 1.0000000000000002e-06
INFO:root:epoch 8, Episode 265, total_loss: 272.63665771484375, q_loss 258.9709777832031, v_loss 13.665669441223145 ,lr 1.0000000000000002e-06
INFO:root:epoch 8, Episode 266, total_loss: 272.6330261230469, q_loss 258.968505859375, v_loss 13.664509773254395 ,lr 1.0000000000000002e-06
INFO:root:epoch 8, Episode 267, total_loss: 272.63092041015625, q_loss 258.96734619140625, v_loss 13.66357707977295 ,lr 1.0000000000000002e-06
INFO:root:epoch 8, Episode 268, total_loss: 272.5948181152344, q_loss 258.9432678222656, v_loss 13.6515474319458 ,lr 1.0000000000000002e-06
INFO:root:epoch 8, Episode 269, total_loss: 272.5917053222656, q_loss 258.9416198730469, v_loss 13.650091171264648 ,lr 1.0000000000000002e-06
INFO:root:epoch 8, Episode 270, total_loss: 272.5873718261719, q_loss 258.9390869140625, v_loss 13.648292541503906 ,lr 1.0000000000000002e-06
INFO:root:epoch 8, Episode 271, total_loss: 272.5844421386719, q_loss 258.9372863769531, v_loss 13.6471586227417 ,lr 1.0000000000000002e-06
INFO:root:epoch 8, Episode 272, total_loss: 272.5802001953125, q_loss 258.9347839355469, v_loss 13.645401954650879 ,lr 1.0000000000000002e-06
INFO:root:epoch 8, Episode 273, total_loss: 272.5769348144531, q_loss 258.9326171875, v_loss 13.644326210021973 ,lr 1.0000000000000002e-06
INFO:root:epoch 8, Episode 274, total_loss: 272.5724792480469, q_loss 258.929443359375, v_loss 13.643041610717773 ,lr 1.0000000000000002e-06
INFO:root:epoch 8, Episode 275, total_loss: 272.5672607421875, q_loss 258.9259948730469, v_loss 13.641265869140625 ,lr 1.0000000000000002e-06
INFO:root:epoch 8, Episode 276, total_loss: 272.5610656738281, q_loss 258.92254638671875, v_loss 13.638526916503906 ,lr 1.0000000000000002e-06
INFO:root:epoch 8, Episode 277, total_loss: 272.5587463378906, q_loss 258.9208984375, v_loss 13.637833595275879 ,lr 1.0000000000000002e-06
INFO:root:epoch 8, Episode 278, total_loss: 272.5552978515625, q_loss 258.9188537597656, v_loss 13.636442184448242 ,lr 1.0000000000000002e-06
INFO:root:epoch 8, Episode 279, total_loss: 272.5510559082031, q_loss 258.9162902832031, v_loss 13.63477897644043 ,lr 1.0000000000000002e-06
INFO:root:epoch 8, Episode 280, total_loss: 272.5480041503906, q_loss 258.9144592285156, v_loss 13.633548736572266 ,lr 1.0000000000000002e-06
INFO:root:epoch 8, Episode 281, total_loss: 272.54443359375, q_loss 258.9124450683594, v_loss 13.631999969482422 ,lr 1.0000000000000002e-06
INFO:root:epoch 8, Episode 282, total_loss: 272.5407409667969, q_loss 258.91064453125, v_loss 13.630105018615723 ,lr 1.0000000000000002e-06
INFO:root:epoch 8, Episode 283, total_loss: 272.53668212890625, q_loss 258.9081115722656, v_loss 13.62857437133789 ,lr 1.0000000000000002e-06
INFO:root:epoch 8, Episode 284, total_loss: 272.5306091308594, q_loss 258.9041442871094, v_loss 13.626450538635254 ,lr 1.0000000000000002e-06
INFO:root:epoch 8, Episode 285, total_loss: 272.52850341796875, q_loss 258.9029541015625, v_loss 13.625541687011719 ,lr 1.0000000000000002e-06
INFO:root:epoch 8, Episode 286, total_loss: 272.5235595703125, q_loss 258.89990234375, v_loss 13.62364387512207 ,lr 1.0000000000000002e-06
INFO:root:epoch 8, Episode 287, total_loss: 272.5119934082031, q_loss 258.8922424316406, v_loss 13.619751930236816 ,lr 1.0000000000000002e-06
INFO:root:epoch 8, Episode 288, total_loss: 272.50933837890625, q_loss 258.8905944824219, v_loss 13.618755340576172 ,lr 1.0000000000000002e-06
INFO:root:epoch 8, Episode 289, total_loss: 272.5074768066406, q_loss 258.889892578125, v_loss 13.617589950561523 ,lr 1.0000000000000002e-06
INFO:root:epoch 8, Episode 290, total_loss: 272.5030822753906, q_loss 258.88720703125, v_loss 13.615864753723145 ,lr 1.0000000000000002e-06
INFO:root:epoch 8, Episode 291, total_loss: 272.49298095703125, q_loss 258.88067626953125, v_loss 13.612298011779785 ,lr 1.0000000000000002e-06
INFO:root:epoch 8, Episode 292, total_loss: 272.4879455566406, q_loss 258.87744140625, v_loss 13.61049747467041 ,lr 1.0000000000000002e-06
INFO:root:epoch 8, Episode 293, total_loss: 272.48388671875, q_loss 258.87506103515625, v_loss 13.608830451965332 ,lr 1.0000000000000002e-06
INFO:root:epoch 8, Episode 294, total_loss: 272.47528076171875, q_loss 258.8708190917969, v_loss 13.604470252990723 ,lr 1.0000000000000002e-06
INFO:root:epoch 8, Episode 295, total_loss: 272.4726257324219, q_loss 258.86920166015625, v_loss 13.603419303894043 ,lr 1.0000000000000002e-06
INFO:root:epoch 8, Episode 296, total_loss: 272.4709777832031, q_loss 258.8678894042969, v_loss 13.603094100952148 ,lr 1.0000000000000002e-06
INFO:root:epoch 8, Episode 297, total_loss: 272.4671936035156, q_loss 258.8655700683594, v_loss 13.601624488830566 ,lr 1.0000000000000002e-06
INFO:root:epoch 8, Episode 298, total_loss: 272.4626770019531, q_loss 258.8633117675781, v_loss 13.599372863769531 ,lr 1.0000000000000002e-06
INFO:root:epoch 8, Episode 299, total_loss: 272.4582824707031, q_loss 258.86077880859375, v_loss 13.597504615783691 ,lr 1.0000000000000002e-06
INFO:root:epoch 8, Episode 300, total_loss: 272.4563903808594, q_loss 258.8594665527344, v_loss 13.596922874450684 ,lr 1.0000000000000002e-06
INFO:root:epoch 8, Episode 301, total_loss: 272.4547119140625, q_loss 258.85833740234375, v_loss 13.59636116027832 ,lr 1.0000000000000002e-06
INFO:root:epoch 8, Episode 302, total_loss: 272.4517517089844, q_loss 258.85693359375, v_loss 13.594815254211426 ,lr 1.0000000000000002e-06
INFO:root:epoch 8, Episode 303, total_loss: 272.4471130371094, q_loss 258.85430908203125, v_loss 13.592809677124023 ,lr 1.0000000000000002e-06
INFO:root:epoch 8, Episode 304, total_loss: 272.4438781738281, q_loss 258.8523864746094, v_loss 13.591486930847168 ,lr 1.0000000000000002e-06
INFO:root:epoch 8, Episode 305, total_loss: 272.438720703125, q_loss 258.8493957519531, v_loss 13.589326858520508 ,lr 1.0000000000000002e-06
INFO:root:epoch 8, Episode 306, total_loss: 272.4359436035156, q_loss 258.8481140136719, v_loss 13.587821006774902 ,lr 1.0000000000000002e-06
INFO:root:epoch 8, Episode 307, total_loss: 272.4342041015625, q_loss 258.8466796875, v_loss 13.587510108947754 ,lr 1.0000000000000002e-06
INFO:root:epoch 8, Episode 308, total_loss: 272.4296569824219, q_loss 258.843994140625, v_loss 13.585660934448242 ,lr 1.0000000000000002e-06
INFO:root:epoch 8, Episode 309, total_loss: 272.4255065917969, q_loss 258.84173583984375, v_loss 13.583763122558594 ,lr 1.0000000000000002e-06
INFO:root:epoch 8, Episode 310, total_loss: 272.4228820800781, q_loss 258.8398132324219, v_loss 13.583074569702148 ,lr 1.0000000000000002e-06
INFO:root:epoch 8, Episode 311, total_loss: 272.4195556640625, q_loss 258.8378601074219, v_loss 13.581708908081055 ,lr 1.0000000000000002e-06
INFO:root:epoch 8, Episode 312, total_loss: 272.4167175292969, q_loss 258.83624267578125, v_loss 13.58048152923584 ,lr 1.0000000000000002e-06
INFO:root:epoch 8, Episode 313, total_loss: 272.4128723144531, q_loss 258.8341979980469, v_loss 13.578669548034668 ,lr 1.0000000000000002e-06
INFO:root:epoch 8, Episode 314, total_loss: 272.4031982421875, q_loss 258.8276062011719, v_loss 13.575599670410156 ,lr 1.0000000000000002e-06
INFO:root:epoch 8, Episode 315, total_loss: 272.3985595703125, q_loss 258.82501220703125, v_loss 13.573554992675781 ,lr 1.0000000000000002e-06
INFO:root:epoch 8, Episode 316, total_loss: 272.39581298828125, q_loss 258.8232116699219, v_loss 13.572592735290527 ,lr 1.0000000000000002e-06
INFO:root:epoch 8, Episode 317, total_loss: 272.3918151855469, q_loss 258.82080078125, v_loss 13.571023941040039 ,lr 1.0000000000000002e-06
INFO:root:epoch 8, Episode 318, total_loss: 272.38946533203125, q_loss 258.8192443847656, v_loss 13.570208549499512 ,lr 1.0000000000000002e-06
INFO:root:epoch 8, Episode 319, total_loss: 272.3852233886719, q_loss 258.81707763671875, v_loss 13.568157196044922 ,lr 1.0000000000000002e-06
INFO:root:epoch 8, Episode 320, total_loss: 272.3818664550781, q_loss 258.81512451171875, v_loss 13.566730499267578 ,lr 1.0000000000000002e-06
INFO:root:epoch 8, Episode 321, total_loss: 272.3795471191406, q_loss 258.81365966796875, v_loss 13.565878868103027 ,lr 1.0000000000000002e-06
INFO:root:epoch 8, Episode 322, total_loss: 272.37432861328125, q_loss 258.8104553222656, v_loss 13.563872337341309 ,lr 1.0000000000000002e-06
INFO:root:epoch 8, Episode 323, total_loss: 272.3704833984375, q_loss 258.8083190917969, v_loss 13.562175750732422 ,lr 1.0000000000000002e-06
INFO:root:epoch 8, Episode 324, total_loss: 272.36578369140625, q_loss 258.805419921875, v_loss 13.560356140136719 ,lr 1.0000000000000002e-06
INFO:root:epoch 8, Episode 325, total_loss: 272.36248779296875, q_loss 258.8035888671875, v_loss 13.558889389038086 ,lr 1.0000000000000002e-06
INFO:root:epoch 8, Episode 326, total_loss: 272.3600158691406, q_loss 258.80224609375, v_loss 13.557774543762207 ,lr 1.0000000000000002e-06
INFO:root:epoch 8, Episode 327, total_loss: 272.3551025390625, q_loss 258.79949951171875, v_loss 13.555618286132812 ,lr 1.0000000000000002e-06
INFO:root:epoch 8, Episode 328, total_loss: 272.3526611328125, q_loss 258.7977600097656, v_loss 13.554908752441406 ,lr 1.0000000000000002e-06
INFO:root:epoch 8, Episode 329, total_loss: 272.3489685058594, q_loss 258.795654296875, v_loss 13.553319931030273 ,lr 1.0000000000000002e-06
INFO:root:epoch 8, Episode 330, total_loss: 272.336181640625, q_loss 258.78814697265625, v_loss 13.548040390014648 ,lr 1.0000000000000002e-06
INFO:root:epoch 8, Episode 331, total_loss: 272.33221435546875, q_loss 258.7861328125, v_loss 13.546079635620117 ,lr 1.0000000000000002e-06
INFO:root:epoch 8, Episode 332, total_loss: 272.3284606933594, q_loss 258.783935546875, v_loss 13.544522285461426 ,lr 1.0000000000000002e-06
INFO:root:epoch 8, Episode 333, total_loss: 272.32476806640625, q_loss 258.7821350097656, v_loss 13.542631149291992 ,lr 1.0000000000000002e-06
INFO:root:epoch 8, Episode 334, total_loss: 272.319580078125, q_loss 258.7789001464844, v_loss 13.540671348571777 ,lr 1.0000000000000002e-06
INFO:root:epoch 8, Episode 335, total_loss: 272.3166198730469, q_loss 258.77703857421875, v_loss 13.539592742919922 ,lr 1.0000000000000002e-06
INFO:root:epoch 8, Episode 336, total_loss: 272.31219482421875, q_loss 258.7742919921875, v_loss 13.537910461425781 ,lr 1.0000000000000002e-06
INFO:root:epoch 8, Episode 337, total_loss: 272.3040466308594, q_loss 258.7688293457031, v_loss 13.535221099853516 ,lr 1.0000000000000002e-06
INFO:root:epoch 8, Episode 338, total_loss: 272.29931640625, q_loss 258.7657775878906, v_loss 13.533527374267578 ,lr 1.0000000000000002e-06
INFO:root:epoch 8, Episode 339, total_loss: 272.2951354980469, q_loss 258.7633972167969, v_loss 13.531734466552734 ,lr 1.0000000000000002e-06
INFO:root:epoch 8, Episode 340, total_loss: 272.2921447753906, q_loss 258.76171875, v_loss 13.530430793762207 ,lr 1.0000000000000002e-06
INFO:root:epoch 8, Episode 341, total_loss: 272.2882080078125, q_loss 258.7595520019531, v_loss 13.528656959533691 ,lr 1.0000000000000002e-06
INFO:root:epoch 8, Episode 342, total_loss: 272.2855224609375, q_loss 258.7583312988281, v_loss 13.527194023132324 ,lr 1.0000000000000002e-06
INFO:root:epoch 8, Episode 343, total_loss: 272.2817077636719, q_loss 258.7558898925781, v_loss 13.525812149047852 ,lr 1.0000000000000002e-06
INFO:root:epoch 8, Episode 344, total_loss: 272.2503662109375, q_loss 258.73504638671875, v_loss 13.515328407287598 ,lr 1.0000000000000002e-06
INFO:root:epoch 8, Episode 345, total_loss: 272.2494201660156, q_loss 258.7343444824219, v_loss 13.515070915222168 ,lr 1.0000000000000002e-06
INFO:root:epoch 8, Episode 346, total_loss: 272.2466125488281, q_loss 258.7328186035156, v_loss 13.513806343078613 ,lr 1.0000000000000002e-06
INFO:root:epoch 8, Episode 347, total_loss: 272.24359130859375, q_loss 258.7312316894531, v_loss 13.512367248535156 ,lr 1.0000000000000002e-06
INFO:root:epoch 8, Episode 348, total_loss: 272.24261474609375, q_loss 258.73028564453125, v_loss 13.512333869934082 ,lr 1.0000000000000002e-06
INFO:root:epoch 8, Episode 349, total_loss: 272.2384948730469, q_loss 258.7279052734375, v_loss 13.510576248168945 ,lr 1.0000000000000002e-06
INFO:root:epoch 8, Episode 350, total_loss: 272.23388671875, q_loss 258.72528076171875, v_loss 13.508596420288086 ,lr 1.0000000000000002e-06
INFO:root:epoch 8, Episode 351, total_loss: 272.230712890625, q_loss 258.7232360839844, v_loss 13.507468223571777 ,lr 1.0000000000000002e-06
INFO:root:epoch 8, Episode 352, total_loss: 272.2120666503906, q_loss 258.7062072753906, v_loss 13.50585651397705 ,lr 1.0000000000000002e-06
INFO:root:epoch 8, Episode 353, total_loss: 272.20892333984375, q_loss 258.7043762207031, v_loss 13.504554748535156 ,lr 1.0000000000000002e-06
INFO:root:epoch 8, Episode 354, total_loss: 272.2069091796875, q_loss 258.70306396484375, v_loss 13.503852844238281 ,lr 1.0000000000000002e-06
INFO:root:epoch 8, Episode 355, total_loss: 272.203857421875, q_loss 258.7013854980469, v_loss 13.502484321594238 ,lr 1.0000000000000002e-06
INFO:root:epoch 8, Episode 356, total_loss: 272.20111083984375, q_loss 258.6997985839844, v_loss 13.501297950744629 ,lr 1.0000000000000002e-06
INFO:root:epoch 8, Episode 357, total_loss: 272.2011413574219, q_loss 258.70013427734375, v_loss 13.501006126403809 ,lr 1.0000000000000002e-06
INFO:root:epoch 8, Episode 358, total_loss: 272.198486328125, q_loss 258.6983947753906, v_loss 13.500077247619629 ,lr 1.0000000000000002e-06
INFO:root:epoch 8, Episode 359, total_loss: 272.1961975097656, q_loss 258.6972351074219, v_loss 13.498970031738281 ,lr 1.0000000000000002e-06
INFO:root:epoch 8, Episode 360, total_loss: 272.1924743652344, q_loss 258.69488525390625, v_loss 13.497584342956543 ,lr 1.0000000000000002e-06
INFO:root:epoch 8, Episode 361, total_loss: 272.1841735839844, q_loss 258.6892395019531, v_loss 13.494930267333984 ,lr 1.0000000000000002e-06
INFO:root:epoch 8, Episode 362, total_loss: 272.181396484375, q_loss 258.6875, v_loss 13.493885040283203 ,lr 1.0000000000000002e-06
INFO:root:epoch 8, Episode 363, total_loss: 272.1763000488281, q_loss 258.6843566894531, v_loss 13.49194622039795 ,lr 1.0000000000000002e-06
INFO:root:epoch 8, Episode 364, total_loss: 272.17431640625, q_loss 258.6832580566406, v_loss 13.491072654724121 ,lr 1.0000000000000002e-06
INFO:root:epoch 8, Episode 365, total_loss: 272.1707458496094, q_loss 258.6809997558594, v_loss 13.489733695983887 ,lr 1.0000000000000002e-06
INFO:root:epoch 8, Episode 366, total_loss: 272.1651916503906, q_loss 258.6788330078125, v_loss 13.486363410949707 ,lr 1.0000000000000002e-06
INFO:root:epoch 8, Episode 367, total_loss: 272.1608581542969, q_loss 258.6763610839844, v_loss 13.484502792358398 ,lr 1.0000000000000002e-06
INFO:root:epoch 8, Episode 368, total_loss: 272.15673828125, q_loss 258.6741027832031, v_loss 13.48263931274414 ,lr 1.0000000000000002e-06
INFO:root:epoch 8, Episode 369, total_loss: 272.1537780761719, q_loss 258.6724548339844, v_loss 13.481331825256348 ,lr 1.0000000000000002e-06
INFO:root:epoch 8, Episode 370, total_loss: 272.15057373046875, q_loss 258.6705017089844, v_loss 13.480072975158691 ,lr 1.0000000000000002e-06
INFO:root:epoch 8, Episode 371, total_loss: 272.14801025390625, q_loss 258.6691589355469, v_loss 13.478846549987793 ,lr 1.0000000000000002e-06
INFO:root:epoch 8, Episode 372, total_loss: 272.1431884765625, q_loss 258.6658935546875, v_loss 13.477300643920898 ,lr 1.0000000000000002e-06
INFO:root:epoch 8, Episode 373, total_loss: 272.13250732421875, q_loss 258.6587829589844, v_loss 13.473731994628906 ,lr 1.0000000000000002e-06
INFO:root:epoch 8, Episode 374, total_loss: 272.1288146972656, q_loss 258.6568298339844, v_loss 13.471992492675781 ,lr 1.0000000000000002e-06
INFO:root:epoch 8, Episode 375, total_loss: 272.12432861328125, q_loss 258.65411376953125, v_loss 13.470200538635254 ,lr 1.0000000000000002e-06
INFO:root:epoch 8, Episode 376, total_loss: 272.1201171875, q_loss 258.65191650390625, v_loss 13.468199729919434 ,lr 1.0000000000000002e-06
INFO:root:epoch 8, Episode 377, total_loss: 272.1158752441406, q_loss 258.6493225097656, v_loss 13.466547966003418 ,lr 1.0000000000000002e-06
INFO:root:epoch 8, Episode 378, total_loss: 272.1132507324219, q_loss 258.6481018066406, v_loss 13.465156555175781 ,lr 1.0000000000000002e-06
INFO:root:epoch 8, Episode 379, total_loss: 272.1097717285156, q_loss 258.64599609375, v_loss 13.463767051696777 ,lr 1.0000000000000002e-06
INFO:root:epoch 8, Episode 380, total_loss: 272.1063537597656, q_loss 258.6440124511719, v_loss 13.4623441696167 ,lr 1.0000000000000002e-06
INFO:root:epoch 8, Episode 381, total_loss: 272.1028137207031, q_loss 258.6419677734375, v_loss 13.460844039916992 ,lr 1.0000000000000002e-06
INFO:root:epoch 8, Episode 382, total_loss: 272.09979248046875, q_loss 258.6404724121094, v_loss 13.459321975708008 ,lr 1.0000000000000002e-06
INFO:root:epoch 8, Episode 383, total_loss: 272.0981140136719, q_loss 258.63922119140625, v_loss 13.458884239196777 ,lr 1.0000000000000002e-06
INFO:root:epoch 8, Episode 384, total_loss: 272.0899658203125, q_loss 258.6336364746094, v_loss 13.456330299377441 ,lr 1.0000000000000002e-06
INFO:root:epoch 8, Episode 385, total_loss: 272.0871276855469, q_loss 258.632080078125, v_loss 13.455047607421875 ,lr 1.0000000000000002e-06
INFO:root:epoch 8, Episode 386, total_loss: 272.0831604003906, q_loss 258.6297607421875, v_loss 13.453392028808594 ,lr 1.0000000000000002e-06
INFO:root:epoch 8, Episode 387, total_loss: 272.07867431640625, q_loss 258.6269226074219, v_loss 13.451756477355957 ,lr 1.0000000000000002e-06
INFO:root:epoch 8, Episode 388, total_loss: 272.0747985839844, q_loss 258.6246643066406, v_loss 13.450129508972168 ,lr 1.0000000000000002e-06
INFO:root:epoch 8, Episode 389, total_loss: 272.070556640625, q_loss 258.622314453125, v_loss 13.44824504852295 ,lr 1.0000000000000002e-06
INFO:root:epoch 8, Episode 390, total_loss: 272.06866455078125, q_loss 258.6210021972656, v_loss 13.447662353515625 ,lr 1.0000000000000002e-06
INFO:root:epoch 8, Episode 391, total_loss: 272.0653991699219, q_loss 258.619140625, v_loss 13.446264266967773 ,lr 1.0000000000000002e-06
INFO:root:epoch 8, Episode 392, total_loss: 272.06158447265625, q_loss 258.6168518066406, v_loss 13.444731712341309 ,lr 1.0000000000000002e-06
INFO:root:epoch 8, Episode 393, total_loss: 272.0577697753906, q_loss 258.6142578125, v_loss 13.443526268005371 ,lr 1.0000000000000002e-06
INFO:root:epoch 8, Episode 394, total_loss: 272.0533447265625, q_loss 258.61163330078125, v_loss 13.44169807434082 ,lr 1.0000000000000002e-06
INFO:root:epoch 8, Episode 395, total_loss: 272.0496520996094, q_loss 258.6096496582031, v_loss 13.439996719360352 ,lr 1.0000000000000002e-06
INFO:root:epoch 8, Episode 396, total_loss: 272.0449523925781, q_loss 258.60675048828125, v_loss 13.438212394714355 ,lr 1.0000000000000002e-06
INFO:root:epoch 8, Episode 397, total_loss: 272.0218200683594, q_loss 258.5966491699219, v_loss 13.425166130065918 ,lr 1.0000000000000002e-06
INFO:root:epoch 8, Episode 398, total_loss: 272.0185852050781, q_loss 258.5946044921875, v_loss 13.423978805541992 ,lr 1.0000000000000002e-06
INFO:root:epoch 8, Episode 399, total_loss: 272.0149841308594, q_loss 258.5925598144531, v_loss 13.422418594360352 ,lr 1.0000000000000002e-06
INFO:root:epoch 8, Episode 400, total_loss: 272.0071716308594, q_loss 258.58892822265625, v_loss 13.418252944946289 ,lr 1.0000000000000002e-06
INFO:root:epoch 8, Episode 401, total_loss: 272.0037841796875, q_loss 258.5870666503906, v_loss 13.416716575622559 ,lr 1.0000000000000002e-06
INFO:root:epoch 8, Episode 402, total_loss: 272.0021667480469, q_loss 258.58612060546875, v_loss 13.416051864624023 ,lr 1.0000000000000002e-06
INFO:root:epoch 8, Episode 403, total_loss: 271.9969787597656, q_loss 258.5832824707031, v_loss 13.41368293762207 ,lr 1.0000000000000002e-06
INFO:root:epoch 8, Episode 404, total_loss: 271.99298095703125, q_loss 258.5808410644531, v_loss 13.412132263183594 ,lr 1.0000000000000002e-06
INFO:root:epoch 8, Episode 405, total_loss: 271.9883728027344, q_loss 258.5781555175781, v_loss 13.410223007202148 ,lr 1.0000000000000002e-06
INFO:root:epoch 8, Episode 406, total_loss: 271.9866638183594, q_loss 258.57684326171875, v_loss 13.409811973571777 ,lr 1.0000000000000002e-06
INFO:root:epoch 8, Episode 407, total_loss: 271.97882080078125, q_loss 258.57183837890625, v_loss 13.406973838806152 ,lr 1.0000000000000002e-06
INFO:root:epoch 8, Episode 408, total_loss: 271.9666442871094, q_loss 258.5669250488281, v_loss 13.399704933166504 ,lr 1.0000000000000002e-06
INFO:root:epoch 8, Episode 409, total_loss: 271.9636535644531, q_loss 258.5653991699219, v_loss 13.398262023925781 ,lr 1.0000000000000002e-06
INFO:root:epoch 8, Episode 410, total_loss: 271.9595031738281, q_loss 258.5630798339844, v_loss 13.396416664123535 ,lr 1.0000000000000002e-06
INFO:root:epoch 8, Episode 411, total_loss: 271.9556579589844, q_loss 258.56085205078125, v_loss 13.394798278808594 ,lr 1.0000000000000002e-06
INFO:root:epoch 8, Episode 412, total_loss: 271.9532775878906, q_loss 258.5595703125, v_loss 13.393694877624512 ,lr 1.0000000000000002e-06
INFO:root:epoch 8, Episode 413, total_loss: 271.9487609863281, q_loss 258.5567932128906, v_loss 13.39197063446045 ,lr 1.0000000000000002e-06
INFO:root:epoch 8, Episode 414, total_loss: 271.94366455078125, q_loss 258.5538024902344, v_loss 13.389854431152344 ,lr 1.0000000000000002e-06
INFO:root:epoch 8, Episode 415, total_loss: 271.9372253417969, q_loss 258.5514831542969, v_loss 13.385738372802734 ,lr 1.0000000000000002e-06
INFO:root:epoch 8, Episode 416, total_loss: 271.9281005859375, q_loss 258.5453186035156, v_loss 13.382767677307129 ,lr 1.0000000000000002e-06
INFO:root:epoch 8, Episode 417, total_loss: 271.92333984375, q_loss 258.54266357421875, v_loss 13.380690574645996 ,lr 1.0000000000000002e-06
INFO:root:epoch 8, Episode 418, total_loss: 271.9191589355469, q_loss 258.54034423828125, v_loss 13.378822326660156 ,lr 1.0000000000000002e-06
INFO:root:epoch 8, Episode 419, total_loss: 271.91510009765625, q_loss 258.5380859375, v_loss 13.377029418945312 ,lr 1.0000000000000002e-06
INFO:root:epoch 8, Episode 420, total_loss: 271.8852844238281, q_loss 258.51824951171875, v_loss 13.367044448852539 ,lr 1.0000000000000002e-06
INFO:root:epoch 8, Episode 421, total_loss: 271.8812255859375, q_loss 258.5157775878906, v_loss 13.365442276000977 ,lr 1.0000000000000002e-06
INFO:root:epoch 8, Episode 422, total_loss: 271.8750305175781, q_loss 258.5123291015625, v_loss 13.362710952758789 ,lr 1.0000000000000002e-06
INFO:root:epoch 8, Episode 423, total_loss: 271.8712158203125, q_loss 258.51007080078125, v_loss 13.361160278320312 ,lr 1.0000000000000002e-06
INFO:root:epoch 8, Episode 424, total_loss: 271.8680419921875, q_loss 258.5082702636719, v_loss 13.359769821166992 ,lr 1.0000000000000002e-06
INFO:root:epoch 8, Episode 425, total_loss: 271.8650817871094, q_loss 258.5066223144531, v_loss 13.358465194702148 ,lr 1.0000000000000002e-06
INFO:root:epoch 8, Episode 426, total_loss: 271.86126708984375, q_loss 258.5042419433594, v_loss 13.357010841369629 ,lr 1.0000000000000002e-06
INFO:root:epoch 8, Episode 427, total_loss: 271.8569030761719, q_loss 258.50177001953125, v_loss 13.355130195617676 ,lr 1.0000000000000002e-06
INFO:root:epoch 8, Episode 428, total_loss: 271.85406494140625, q_loss 258.5002746582031, v_loss 13.353804588317871 ,lr 1.0000000000000002e-06
INFO:root:epoch 8, Episode 429, total_loss: 271.8479309082031, q_loss 258.49688720703125, v_loss 13.351056098937988 ,lr 1.0000000000000002e-06
INFO:root:epoch 8, Episode 430, total_loss: 271.8407287597656, q_loss 258.4923400878906, v_loss 13.34837818145752 ,lr 1.0000000000000002e-06
INFO:root:epoch 8, Episode 431, total_loss: 271.8367919921875, q_loss 258.4901428222656, v_loss 13.346648216247559 ,lr 1.0000000000000002e-06
INFO:root:epoch 8, Episode 432, total_loss: 271.83367919921875, q_loss 258.4880676269531, v_loss 13.345599174499512 ,lr 1.0000000000000002e-06
INFO:root:epoch 8, Episode 433, total_loss: 271.8270568847656, q_loss 258.4853210449219, v_loss 13.341741561889648 ,lr 1.0000000000000002e-06
INFO:root:epoch 8, Episode 434, total_loss: 271.82366943359375, q_loss 258.4832458496094, v_loss 13.340418815612793 ,lr 1.0000000000000002e-06
INFO:root:epoch 8, Episode 435, total_loss: 271.8197937011719, q_loss 258.4810791015625, v_loss 13.338723182678223 ,lr 1.0000000000000002e-06
INFO:root:epoch 8, Episode 436, total_loss: 271.81475830078125, q_loss 258.47808837890625, v_loss 13.336661338806152 ,lr 1.0000000000000002e-06
INFO:root:epoch 8, Episode 437, total_loss: 271.81121826171875, q_loss 258.47601318359375, v_loss 13.335204124450684 ,lr 1.0000000000000002e-06
INFO:root:epoch 8, Episode 438, total_loss: 271.8076477050781, q_loss 258.47406005859375, v_loss 13.333573341369629 ,lr 1.0000000000000002e-06
INFO:root:epoch 8, Episode 439, total_loss: 271.8055114746094, q_loss 258.4726867675781, v_loss 13.332820892333984 ,lr 1.0000000000000002e-06
INFO:root:epoch 8, Episode 440, total_loss: 271.803955078125, q_loss 258.47174072265625, v_loss 13.332221031188965 ,lr 1.0000000000000002e-06
INFO:root:epoch 8, Episode 441, total_loss: 271.79931640625, q_loss 258.4688415527344, v_loss 13.330490112304688 ,lr 1.0000000000000002e-06
INFO:root:epoch 8, Episode 442, total_loss: 271.79559326171875, q_loss 258.4666748046875, v_loss 13.3289155960083 ,lr 1.0000000000000002e-06
INFO:root:epoch 8, Episode 443, total_loss: 271.79351806640625, q_loss 258.46551513671875, v_loss 13.328015327453613 ,lr 1.0000000000000002e-06
INFO:root:epoch 8, Episode 444, total_loss: 271.7896728515625, q_loss 258.4630126953125, v_loss 13.326667785644531 ,lr 1.0000000000000002e-06
INFO:root:epoch 8, Episode 445, total_loss: 271.7866516113281, q_loss 258.4612121582031, v_loss 13.325427055358887 ,lr 1.0000000000000002e-06
INFO:root:epoch 8, Episode 446, total_loss: 271.7815856933594, q_loss 258.4580993652344, v_loss 13.323473930358887 ,lr 1.0000000000000002e-06
INFO:root:epoch 8, Episode 447, total_loss: 271.7785339355469, q_loss 258.456298828125, v_loss 13.322220802307129 ,lr 1.0000000000000002e-06
INFO:root:epoch 8, Episode 448, total_loss: 271.77520751953125, q_loss 258.45440673828125, v_loss 13.320793151855469 ,lr 1.0000000000000002e-06
INFO:root:epoch 8, Episode 449, total_loss: 271.7727355957031, q_loss 258.45294189453125, v_loss 13.319795608520508 ,lr 1.0000000000000002e-06
INFO:root:epoch 8, Episode 450, total_loss: 271.76812744140625, q_loss 258.4503173828125, v_loss 13.317801475524902 ,lr 1.0000000000000002e-06
INFO:root:epoch 8, Episode 451, total_loss: 271.7641906738281, q_loss 258.44793701171875, v_loss 13.316245079040527 ,lr 1.0000000000000002e-06
INFO:root:epoch 8, Episode 452, total_loss: 271.75921630859375, q_loss 258.4450988769531, v_loss 13.314115524291992 ,lr 1.0000000000000002e-06
INFO:root:epoch 8, Episode 453, total_loss: 271.75018310546875, q_loss 258.4390563964844, v_loss 13.311111450195312 ,lr 1.0000000000000002e-06
INFO:root:epoch 8, Episode 454, total_loss: 271.7471923828125, q_loss 258.4372863769531, v_loss 13.309920310974121 ,lr 1.0000000000000002e-06
INFO:root:epoch 8, Episode 455, total_loss: 271.743408203125, q_loss 258.4351501464844, v_loss 13.308258056640625 ,lr 1.0000000000000002e-06
INFO:root:epoch 8, Episode 456, total_loss: 271.7396240234375, q_loss 258.43280029296875, v_loss 13.3068208694458 ,lr 1.0000000000000002e-06
INFO:root:epoch 9, Episode 0, total_loss: 120.70741271972656, q_loss 102.58965301513672, v_loss 18.117761611938477 ,lr 1.0000000000000002e-06
INFO:root:epoch 9, Episode 1, total_loss: 120.70358276367188, q_loss 102.58750915527344, v_loss 18.116077423095703 ,lr 1.0000000000000002e-06
INFO:root:epoch 9, Episode 2, total_loss: 120.67559814453125, q_loss 102.5712661743164, v_loss 18.104328155517578 ,lr 1.0000000000000002e-06
INFO:root:epoch 9, Episode 3, total_loss: 120.66561126708984, q_loss 102.56527709960938, v_loss 18.1003360748291 ,lr 1.0000000000000002e-06
INFO:root:epoch 9, Episode 4, total_loss: 120.65170288085938, q_loss 102.5549087524414, v_loss 18.096790313720703 ,lr 1.0000000000000002e-06
INFO:root:epoch 9, Episode 5, total_loss: 120.63986206054688, q_loss 102.54666900634766, v_loss 18.09319496154785 ,lr 1.0000000000000002e-06
INFO:root:epoch 9, Episode 6, total_loss: 120.62603759765625, q_loss 102.53805541992188, v_loss 18.08797836303711 ,lr 1.0000000000000002e-06
INFO:root:epoch 9, Episode 7, total_loss: 120.60980224609375, q_loss 102.52616882324219, v_loss 18.083635330200195 ,lr 1.0000000000000002e-06
INFO:root:epoch 9, Episode 8, total_loss: 120.59185028076172, q_loss 102.51399993896484, v_loss 18.077850341796875 ,lr 1.0000000000000002e-06
INFO:root:epoch 9, Episode 9, total_loss: 120.5760726928711, q_loss 102.5027084350586, v_loss 18.0733642578125 ,lr 1.0000000000000002e-06
INFO:root:epoch 9, Episode 10, total_loss: 120.5494613647461, q_loss 102.48564147949219, v_loss 18.06382179260254 ,lr 1.0000000000000002e-06
INFO:root:epoch 9, Episode 11, total_loss: 120.52796936035156, q_loss 102.47069549560547, v_loss 18.057275772094727 ,lr 1.0000000000000002e-06
INFO:root:epoch 9, Episode 12, total_loss: 120.51007080078125, q_loss 102.46012115478516, v_loss 18.04995346069336 ,lr 1.0000000000000002e-06
INFO:root:epoch 9, Episode 13, total_loss: 120.48956298828125, q_loss 102.4464111328125, v_loss 18.043155670166016 ,lr 1.0000000000000002e-06
INFO:root:epoch 9, Episode 14, total_loss: 120.4722900390625, q_loss 102.4353256225586, v_loss 18.036968231201172 ,lr 1.0000000000000002e-06
INFO:root:epoch 9, Episode 15, total_loss: 120.45376586914062, q_loss 102.42362976074219, v_loss 18.030139923095703 ,lr 1.0000000000000002e-06
INFO:root:epoch 9, Episode 16, total_loss: 120.43702697753906, q_loss 102.41268920898438, v_loss 18.024335861206055 ,lr 1.0000000000000002e-06
INFO:root:epoch 9, Episode 17, total_loss: 120.42019653320312, q_loss 102.39923095703125, v_loss 18.020963668823242 ,lr 1.0000000000000002e-06
INFO:root:epoch 9, Episode 18, total_loss: 120.39808654785156, q_loss 102.38480377197266, v_loss 18.01328468322754 ,lr 1.0000000000000002e-06
INFO:root:epoch 9, Episode 19, total_loss: 120.23717498779297, q_loss 102.28257751464844, v_loss 17.9545955657959 ,lr 1.0000000000000002e-06
INFO:root:epoch 9, Episode 20, total_loss: 120.2167739868164, q_loss 102.26675415039062, v_loss 17.950021743774414 ,lr 1.0000000000000002e-06
INFO:root:epoch 9, Episode 21, total_loss: 120.17915344238281, q_loss 102.24159240722656, v_loss 17.937559127807617 ,lr 1.0000000000000002e-06
INFO:root:epoch 9, Episode 22, total_loss: 120.08528137207031, q_loss 102.17681884765625, v_loss 17.908464431762695 ,lr 1.0000000000000002e-06
INFO:root:epoch 9, Episode 23, total_loss: 120.06361389160156, q_loss 102.16212463378906, v_loss 17.9014892578125 ,lr 1.0000000000000002e-06
INFO:root:epoch 9, Episode 24, total_loss: 120.04718780517578, q_loss 102.15074920654297, v_loss 17.89643669128418 ,lr 1.0000000000000002e-06
INFO:root:epoch 9, Episode 25, total_loss: 120.03038787841797, q_loss 102.13945007324219, v_loss 17.89093780517578 ,lr 1.0000000000000002e-06
INFO:root:epoch 9, Episode 26, total_loss: 119.98866271972656, q_loss 102.11145782470703, v_loss 17.877208709716797 ,lr 1.0000000000000002e-06
INFO:root:epoch 9, Episode 27, total_loss: 119.97119140625, q_loss 102.09957122802734, v_loss 17.871623992919922 ,lr 1.0000000000000002e-06
INFO:root:epoch 9, Episode 28, total_loss: 119.95174407958984, q_loss 102.08551025390625, v_loss 17.866233825683594 ,lr 1.0000000000000002e-06
INFO:root:epoch 9, Episode 29, total_loss: 119.92878723144531, q_loss 102.06680297851562, v_loss 17.861988067626953 ,lr 1.0000000000000002e-06
INFO:root:epoch 9, Episode 30, total_loss: 119.91683959960938, q_loss 102.06131744384766, v_loss 17.85552406311035 ,lr 1.0000000000000002e-06
INFO:root:epoch 9, Episode 31, total_loss: 119.89635467529297, q_loss 102.04920959472656, v_loss 17.847145080566406 ,lr 1.0000000000000002e-06
INFO:root:epoch 9, Episode 32, total_loss: 119.87464904785156, q_loss 102.03472900390625, v_loss 17.839921951293945 ,lr 1.0000000000000002e-06
INFO:root:epoch 9, Episode 33, total_loss: 119.86294555664062, q_loss 102.02758026123047, v_loss 17.835363388061523 ,lr 1.0000000000000002e-06
INFO:root:epoch 9, Episode 34, total_loss: 119.82706451416016, q_loss 102.00337219238281, v_loss 17.82369041442871 ,lr 1.0000000000000002e-06
INFO:root:epoch 9, Episode 35, total_loss: 119.79824829101562, q_loss 101.9844970703125, v_loss 17.813749313354492 ,lr 1.0000000000000002e-06
INFO:root:epoch 9, Episode 36, total_loss: 119.75773620605469, q_loss 101.9581069946289, v_loss 17.799625396728516 ,lr 1.0000000000000002e-06
INFO:root:epoch 9, Episode 37, total_loss: 119.73355102539062, q_loss 101.94119262695312, v_loss 17.7923583984375 ,lr 1.0000000000000002e-06
INFO:root:epoch 9, Episode 38, total_loss: 119.7125244140625, q_loss 101.92701721191406, v_loss 17.78550910949707 ,lr 1.0000000000000002e-06
INFO:root:epoch 9, Episode 39, total_loss: 119.69454956054688, q_loss 101.9142074584961, v_loss 17.780345916748047 ,lr 1.0000000000000002e-06
INFO:root:epoch 9, Episode 40, total_loss: 119.66890716552734, q_loss 101.89688873291016, v_loss 17.77202033996582 ,lr 1.0000000000000002e-06
INFO:root:epoch 9, Episode 41, total_loss: 119.58649444580078, q_loss 101.84614562988281, v_loss 17.74034881591797 ,lr 1.0000000000000002e-06
INFO:root:epoch 9, Episode 42, total_loss: 119.55778503417969, q_loss 101.82766723632812, v_loss 17.730113983154297 ,lr 1.0000000000000002e-06
INFO:root:epoch 9, Episode 43, total_loss: 119.53775024414062, q_loss 101.81427001953125, v_loss 17.723480224609375 ,lr 1.0000000000000002e-06
INFO:root:epoch 9, Episode 44, total_loss: 119.51296997070312, q_loss 101.79537200927734, v_loss 17.71759796142578 ,lr 1.0000000000000002e-06
INFO:root:epoch 9, Episode 45, total_loss: 119.4908447265625, q_loss 101.78042602539062, v_loss 17.710416793823242 ,lr 1.0000000000000002e-06
INFO:root:epoch 9, Episode 46, total_loss: 119.47358703613281, q_loss 101.7677001953125, v_loss 17.70588493347168 ,lr 1.0000000000000002e-06
INFO:root:epoch 9, Episode 47, total_loss: 119.44969177246094, q_loss 101.75019836425781, v_loss 17.69948959350586 ,lr 1.0000000000000002e-06
INFO:root:epoch 9, Episode 48, total_loss: 119.4326171875, q_loss 101.73992919921875, v_loss 17.692689895629883 ,lr 1.0000000000000002e-06
INFO:root:epoch 9, Episode 49, total_loss: 119.33696746826172, q_loss 101.68090057373047, v_loss 17.65606689453125 ,lr 1.0000000000000002e-06
INFO:root:epoch 9, Episode 50, total_loss: 119.30619812011719, q_loss 101.66131591796875, v_loss 17.64488410949707 ,lr 1.0000000000000002e-06
INFO:root:epoch 9, Episode 51, total_loss: 119.28679656982422, q_loss 101.64761352539062, v_loss 17.639183044433594 ,lr 1.0000000000000002e-06
INFO:root:epoch 9, Episode 52, total_loss: 119.24341583251953, q_loss 101.62090301513672, v_loss 17.622512817382812 ,lr 1.0000000000000002e-06
INFO:root:epoch 9, Episode 53, total_loss: 119.21454620361328, q_loss 101.60057830810547, v_loss 17.61396598815918 ,lr 1.0000000000000002e-06
INFO:root:epoch 9, Episode 54, total_loss: 119.1880874633789, q_loss 101.58033752441406, v_loss 17.607749938964844 ,lr 1.0000000000000002e-06
INFO:root:epoch 9, Episode 55, total_loss: 119.16886138916016, q_loss 101.56844329833984, v_loss 17.600418090820312 ,lr 1.0000000000000002e-06
INFO:root:epoch 9, Episode 56, total_loss: 119.14486694335938, q_loss 101.55101776123047, v_loss 17.593849182128906 ,lr 1.0000000000000002e-06
INFO:root:epoch 9, Episode 57, total_loss: 119.13028717041016, q_loss 101.54083251953125, v_loss 17.58945655822754 ,lr 1.0000000000000002e-06
INFO:root:epoch 9, Episode 58, total_loss: 119.02605438232422, q_loss 101.4720687866211, v_loss 17.553985595703125 ,lr 1.0000000000000002e-06
INFO:root:epoch 9, Episode 59, total_loss: 119.00723266601562, q_loss 101.4583511352539, v_loss 17.548879623413086 ,lr 1.0000000000000002e-06
INFO:root:epoch 9, Episode 60, total_loss: 118.99040985107422, q_loss 101.44570922851562, v_loss 17.544702529907227 ,lr 1.0000000000000002e-06
INFO:root:epoch 9, Episode 61, total_loss: 118.97157287597656, q_loss 101.43319702148438, v_loss 17.538379669189453 ,lr 1.0000000000000002e-06
INFO:root:epoch 9, Episode 62, total_loss: 118.94974517822266, q_loss 101.41870880126953, v_loss 17.531036376953125 ,lr 1.0000000000000002e-06
INFO:root:epoch 9, Episode 63, total_loss: 118.8896484375, q_loss 101.37828063964844, v_loss 17.511367797851562 ,lr 1.0000000000000002e-06
INFO:root:epoch 9, Episode 64, total_loss: 118.87127685546875, q_loss 101.36735534667969, v_loss 17.503925323486328 ,lr 1.0000000000000002e-06
INFO:root:epoch 9, Episode 65, total_loss: 118.85890197753906, q_loss 101.35945129394531, v_loss 17.499452590942383 ,lr 1.0000000000000002e-06
INFO:root:epoch 9, Episode 66, total_loss: 118.82696533203125, q_loss 101.3383560180664, v_loss 17.488605499267578 ,lr 1.0000000000000002e-06
INFO:root:epoch 9, Episode 67, total_loss: 118.80812072753906, q_loss 101.32522583007812, v_loss 17.482898712158203 ,lr 1.0000000000000002e-06
INFO:root:epoch 9, Episode 68, total_loss: 118.768310546875, q_loss 101.29869842529297, v_loss 17.469614028930664 ,lr 1.0000000000000002e-06
INFO:root:epoch 9, Episode 69, total_loss: 118.74505615234375, q_loss 101.2826156616211, v_loss 17.462444305419922 ,lr 1.0000000000000002e-06
INFO:root:epoch 9, Episode 70, total_loss: 118.73174285888672, q_loss 101.27290344238281, v_loss 17.458839416503906 ,lr 1.0000000000000002e-06
INFO:root:epoch 9, Episode 71, total_loss: 118.72599029541016, q_loss 101.27225494384766, v_loss 17.453737258911133 ,lr 1.0000000000000002e-06
INFO:root:epoch 9, Episode 72, total_loss: 118.7120132446289, q_loss 101.26216125488281, v_loss 17.449851989746094 ,lr 1.0000000000000002e-06
INFO:root:epoch 9, Episode 73, total_loss: 118.69546508789062, q_loss 101.25142669677734, v_loss 17.444040298461914 ,lr 1.0000000000000002e-06
INFO:root:epoch 9, Episode 74, total_loss: 118.66432189941406, q_loss 101.23068237304688, v_loss 17.433639526367188 ,lr 1.0000000000000002e-06
INFO:root:epoch 9, Episode 75, total_loss: 118.64207458496094, q_loss 101.21546173095703, v_loss 17.42661476135254 ,lr 1.0000000000000002e-06
INFO:root:epoch 9, Episode 76, total_loss: 118.6268310546875, q_loss 101.20429229736328, v_loss 17.42254066467285 ,lr 1.0000000000000002e-06
INFO:root:epoch 9, Episode 77, total_loss: 118.60173797607422, q_loss 101.18810272216797, v_loss 17.413637161254883 ,lr 1.0000000000000002e-06
INFO:root:epoch 9, Episode 78, total_loss: 118.58172607421875, q_loss 101.17412567138672, v_loss 17.4075984954834 ,lr 1.0000000000000002e-06
INFO:root:epoch 9, Episode 79, total_loss: 118.5643310546875, q_loss 101.16265106201172, v_loss 17.401676177978516 ,lr 1.0000000000000002e-06
INFO:root:epoch 9, Episode 80, total_loss: 118.47113037109375, q_loss 101.10271453857422, v_loss 17.368419647216797 ,lr 1.0000000000000002e-06
INFO:root:epoch 9, Episode 81, total_loss: 118.4489517211914, q_loss 101.0868911743164, v_loss 17.362058639526367 ,lr 1.0000000000000002e-06
INFO:root:epoch 9, Episode 82, total_loss: 118.42201232910156, q_loss 101.0694808959961, v_loss 17.3525333404541 ,lr 1.0000000000000002e-06
INFO:root:epoch 9, Episode 83, total_loss: 118.40518951416016, q_loss 101.05857849121094, v_loss 17.34661293029785 ,lr 1.0000000000000002e-06
INFO:root:epoch 9, Episode 84, total_loss: 118.38534545898438, q_loss 101.04556274414062, v_loss 17.339784622192383 ,lr 1.0000000000000002e-06
INFO:root:epoch 9, Episode 85, total_loss: 118.34374237060547, q_loss 101.02020263671875, v_loss 17.32354164123535 ,lr 1.0000000000000002e-06
INFO:root:epoch 9, Episode 86, total_loss: 118.28746795654297, q_loss 100.98139953613281, v_loss 17.306068420410156 ,lr 1.0000000000000002e-06
INFO:root:epoch 9, Episode 87, total_loss: 118.27216339111328, q_loss 100.9709243774414, v_loss 17.301240921020508 ,lr 1.0000000000000002e-06
INFO:root:epoch 9, Episode 88, total_loss: 118.2555160522461, q_loss 100.9619369506836, v_loss 17.2935791015625 ,lr 1.0000000000000002e-06
INFO:root:epoch 9, Episode 89, total_loss: 118.23516082763672, q_loss 100.94650268554688, v_loss 17.28865623474121 ,lr 1.0000000000000002e-06
INFO:root:epoch 9, Episode 90, total_loss: 118.21412658691406, q_loss 100.93138122558594, v_loss 17.282743453979492 ,lr 1.0000000000000002e-06
INFO:root:epoch 9, Episode 91, total_loss: 118.1826171875, q_loss 100.91053771972656, v_loss 17.272083282470703 ,lr 1.0000000000000002e-06
INFO:root:epoch 9, Episode 92, total_loss: 118.17214965820312, q_loss 100.90495300292969, v_loss 17.26719856262207 ,lr 1.0000000000000002e-06
INFO:root:epoch 9, Episode 93, total_loss: 118.15776824951172, q_loss 100.89602661132812, v_loss 17.261741638183594 ,lr 1.0000000000000002e-06
INFO:root:epoch 9, Episode 94, total_loss: 118.14332580566406, q_loss 100.88703155517578, v_loss 17.25629234313965 ,lr 1.0000000000000002e-06
INFO:root:epoch 9, Episode 95, total_loss: 118.0595932006836, q_loss 100.83241271972656, v_loss 17.2271785736084 ,lr 1.0000000000000002e-06
INFO:root:epoch 9, Episode 96, total_loss: 118.0369644165039, q_loss 100.81611633300781, v_loss 17.220848083496094 ,lr 1.0000000000000002e-06
INFO:root:epoch 9, Episode 97, total_loss: 118.01538848876953, q_loss 100.8013687133789, v_loss 17.214017868041992 ,lr 1.0000000000000002e-06
INFO:root:epoch 9, Episode 98, total_loss: 118.00277709960938, q_loss 100.7948226928711, v_loss 17.20795440673828 ,lr 1.0000000000000002e-06
INFO:root:epoch 9, Episode 99, total_loss: 117.98213958740234, q_loss 100.78108978271484, v_loss 17.201047897338867 ,lr 1.0000000000000002e-06
INFO:root:epoch 9, Episode 100, total_loss: 117.95515441894531, q_loss 100.76296997070312, v_loss 17.192180633544922 ,lr 1.0000000000000002e-06
INFO:root:epoch 9, Episode 101, total_loss: 117.94256591796875, q_loss 100.75584411621094, v_loss 17.186725616455078 ,lr 1.0000000000000002e-06
INFO:root:epoch 9, Episode 102, total_loss: 117.90721130371094, q_loss 100.73262786865234, v_loss 17.17458152770996 ,lr 1.0000000000000002e-06
INFO:root:epoch 9, Episode 103, total_loss: 117.88654327392578, q_loss 100.71728515625, v_loss 17.169260025024414 ,lr 1.0000000000000002e-06
INFO:root:epoch 9, Episode 104, total_loss: 117.8731689453125, q_loss 100.7109146118164, v_loss 17.162254333496094 ,lr 1.0000000000000002e-06
INFO:root:epoch 9, Episode 105, total_loss: 117.861572265625, q_loss 100.70389556884766, v_loss 17.15767478942871 ,lr 1.0000000000000002e-06
INFO:root:epoch 9, Episode 106, total_loss: 117.84452819824219, q_loss 100.69258880615234, v_loss 17.15193748474121 ,lr 1.0000000000000002e-06
INFO:root:epoch 9, Episode 107, total_loss: 117.82816314697266, q_loss 100.68087005615234, v_loss 17.147294998168945 ,lr 1.0000000000000002e-06
INFO:root:epoch 9, Episode 108, total_loss: 117.80323791503906, q_loss 100.66582489013672, v_loss 17.13741111755371 ,lr 1.0000000000000002e-06
INFO:root:epoch 9, Episode 109, total_loss: 117.78836059570312, q_loss 100.65660858154297, v_loss 17.13175392150879 ,lr 1.0000000000000002e-06
INFO:root:epoch 9, Episode 110, total_loss: 117.73884582519531, q_loss 100.62295532226562, v_loss 17.115894317626953 ,lr 1.0000000000000002e-06
INFO:root:epoch 9, Episode 111, total_loss: 117.71977233886719, q_loss 100.60922241210938, v_loss 17.110551834106445 ,lr 1.0000000000000002e-06
INFO:root:epoch 9, Episode 112, total_loss: 117.69882202148438, q_loss 100.59276580810547, v_loss 17.106060028076172 ,lr 1.0000000000000002e-06
INFO:root:epoch 9, Episode 113, total_loss: 117.61219787597656, q_loss 100.53692626953125, v_loss 17.075267791748047 ,lr 1.0000000000000002e-06
INFO:root:epoch 9, Episode 114, total_loss: 117.59850311279297, q_loss 100.52811431884766, v_loss 17.070388793945312 ,lr 1.0000000000000002e-06
INFO:root:epoch 9, Episode 115, total_loss: 117.58673095703125, q_loss 100.52141571044922, v_loss 17.065319061279297 ,lr 1.0000000000000002e-06
INFO:root:epoch 9, Episode 116, total_loss: 117.5672836303711, q_loss 100.50770568847656, v_loss 17.0595760345459 ,lr 1.0000000000000002e-06
INFO:root:epoch 9, Episode 117, total_loss: 117.53688049316406, q_loss 100.48880004882812, v_loss 17.048084259033203 ,lr 1.0000000000000002e-06
INFO:root:epoch 9, Episode 118, total_loss: 117.52304077148438, q_loss 100.47948455810547, v_loss 17.043556213378906 ,lr 1.0000000000000002e-06
INFO:root:epoch 9, Episode 119, total_loss: 117.4810562133789, q_loss 100.45588684082031, v_loss 17.025171279907227 ,lr 1.0000000000000002e-06
INFO:root:epoch 9, Episode 120, total_loss: 117.46565246582031, q_loss 100.44532775878906, v_loss 17.020320892333984 ,lr 1.0000000000000002e-06
INFO:root:epoch 9, Episode 121, total_loss: 117.43026733398438, q_loss 100.42282104492188, v_loss 17.007442474365234 ,lr 1.0000000000000002e-06
INFO:root:epoch 9, Episode 122, total_loss: 117.41246795654297, q_loss 100.41154479980469, v_loss 17.000925064086914 ,lr 1.0000000000000002e-06
INFO:root:epoch 9, Episode 123, total_loss: 117.3945541381836, q_loss 100.39952850341797, v_loss 16.995025634765625 ,lr 1.0000000000000002e-06
INFO:root:epoch 9, Episode 124, total_loss: 117.37731170654297, q_loss 100.38755798339844, v_loss 16.989755630493164 ,lr 1.0000000000000002e-06
INFO:root:epoch 9, Episode 125, total_loss: 117.36033630371094, q_loss 100.376220703125, v_loss 16.984119415283203 ,lr 1.0000000000000002e-06
INFO:root:epoch 9, Episode 126, total_loss: 117.34366607666016, q_loss 100.36428833007812, v_loss 16.9793758392334 ,lr 1.0000000000000002e-06
INFO:root:epoch 9, Episode 127, total_loss: 117.31290435791016, q_loss 100.34425354003906, v_loss 16.96864891052246 ,lr 1.0000000000000002e-06
INFO:root:epoch 9, Episode 128, total_loss: 117.30303955078125, q_loss 100.33870697021484, v_loss 16.96432876586914 ,lr 1.0000000000000002e-06
INFO:root:epoch 9, Episode 129, total_loss: 117.28890228271484, q_loss 100.32847595214844, v_loss 16.960426330566406 ,lr 1.0000000000000002e-06
INFO:root:epoch 9, Episode 130, total_loss: 117.27023315429688, q_loss 100.31729888916016, v_loss 16.95293426513672 ,lr 1.0000000000000002e-06
INFO:root:epoch 9, Episode 131, total_loss: 117.25164794921875, q_loss 100.30634307861328, v_loss 16.945308685302734 ,lr 1.0000000000000002e-06
INFO:root:epoch 9, Episode 132, total_loss: 117.23320770263672, q_loss 100.29423522949219, v_loss 16.9389705657959 ,lr 1.0000000000000002e-06
INFO:root:epoch 9, Episode 133, total_loss: 117.21495056152344, q_loss 100.28263854980469, v_loss 16.93231201171875 ,lr 1.0000000000000002e-06
INFO:root:epoch 9, Episode 134, total_loss: 117.15949249267578, q_loss 100.2441177368164, v_loss 16.915376663208008 ,lr 1.0000000000000002e-06
INFO:root:epoch 9, Episode 135, total_loss: 117.07806396484375, q_loss 100.19119262695312, v_loss 16.886873245239258 ,lr 1.0000000000000002e-06
INFO:root:epoch 9, Episode 136, total_loss: 117.05187225341797, q_loss 100.17315673828125, v_loss 16.87871742248535 ,lr 1.0000000000000002e-06
INFO:root:epoch 9, Episode 137, total_loss: 117.03587341308594, q_loss 100.16163635253906, v_loss 16.87424087524414 ,lr 1.0000000000000002e-06
INFO:root:epoch 9, Episode 138, total_loss: 117.02403259277344, q_loss 100.15483856201172, v_loss 16.86919593811035 ,lr 1.0000000000000002e-06
INFO:root:epoch 9, Episode 139, total_loss: 116.98748779296875, q_loss 100.13237762451172, v_loss 16.855112075805664 ,lr 1.0000000000000002e-06
INFO:root:epoch 9, Episode 140, total_loss: 116.97185516357422, q_loss 100.12333679199219, v_loss 16.84851837158203 ,lr 1.0000000000000002e-06
INFO:root:epoch 9, Episode 141, total_loss: 116.95795440673828, q_loss 100.11534118652344, v_loss 16.842613220214844 ,lr 1.0000000000000002e-06
INFO:root:epoch 9, Episode 142, total_loss: 116.94642639160156, q_loss 100.10591125488281, v_loss 16.84051513671875 ,lr 1.0000000000000002e-06
INFO:root:epoch 9, Episode 143, total_loss: 116.9273910522461, q_loss 100.092529296875, v_loss 16.83485984802246 ,lr 1.0000000000000002e-06
INFO:root:epoch 9, Episode 144, total_loss: 116.91383361816406, q_loss 100.08363342285156, v_loss 16.830196380615234 ,lr 1.0000000000000002e-06
INFO:root:epoch 9, Episode 145, total_loss: 116.88462829589844, q_loss 100.06456756591797, v_loss 16.82006072998047 ,lr 1.0000000000000002e-06
INFO:root:epoch 9, Episode 146, total_loss: 116.87461853027344, q_loss 100.05906677246094, v_loss 16.815555572509766 ,lr 1.0000000000000002e-06
INFO:root:epoch 9, Episode 147, total_loss: 116.85990142822266, q_loss 100.05034637451172, v_loss 16.809553146362305 ,lr 1.0000000000000002e-06
INFO:root:epoch 9, Episode 148, total_loss: 116.84871673583984, q_loss 100.0435562133789, v_loss 16.805158615112305 ,lr 1.0000000000000002e-06
INFO:root:epoch 9, Episode 149, total_loss: 116.76848602294922, q_loss 99.99597930908203, v_loss 16.772506713867188 ,lr 1.0000000000000002e-06
INFO:root:epoch 9, Episode 150, total_loss: 116.74920654296875, q_loss 99.98361206054688, v_loss 16.765592575073242 ,lr 1.0000000000000002e-06
INFO:root:epoch 9, Episode 151, total_loss: 116.73933410644531, q_loss 99.97606658935547, v_loss 16.763269424438477 ,lr 1.0000000000000002e-06
INFO:root:epoch 9, Episode 152, total_loss: 116.727294921875, q_loss 99.96707153320312, v_loss 16.76022720336914 ,lr 1.0000000000000002e-06
INFO:root:epoch 9, Episode 153, total_loss: 116.71324920654297, q_loss 99.95758056640625, v_loss 16.75567054748535 ,lr 1.0000000000000002e-06
INFO:root:epoch 9, Episode 154, total_loss: 116.69506072998047, q_loss 99.94518280029297, v_loss 16.749876022338867 ,lr 1.0000000000000002e-06
INFO:root:epoch 9, Episode 155, total_loss: 116.66808319091797, q_loss 99.92913818359375, v_loss 16.73894691467285 ,lr 1.0000000000000002e-06
INFO:root:epoch 9, Episode 156, total_loss: 116.65899658203125, q_loss 99.92353057861328, v_loss 16.735464096069336 ,lr 1.0000000000000002e-06
INFO:root:epoch 9, Episode 157, total_loss: 116.64826965332031, q_loss 99.91630554199219, v_loss 16.731964111328125 ,lr 1.0000000000000002e-06
INFO:root:epoch 9, Episode 158, total_loss: 116.61138916015625, q_loss 99.89264678955078, v_loss 16.718740463256836 ,lr 1.0000000000000002e-06
INFO:root:epoch 9, Episode 159, total_loss: 116.5517807006836, q_loss 99.85298156738281, v_loss 16.69879913330078 ,lr 1.0000000000000002e-06
INFO:root:epoch 9, Episode 160, total_loss: 116.53741455078125, q_loss 99.84210968017578, v_loss 16.695308685302734 ,lr 1.0000000000000002e-06
INFO:root:epoch 9, Episode 161, total_loss: 116.52223205566406, q_loss 99.83365631103516, v_loss 16.68857192993164 ,lr 1.0000000000000002e-06
INFO:root:epoch 9, Episode 162, total_loss: 116.50752258300781, q_loss 99.82357788085938, v_loss 16.683942794799805 ,lr 1.0000000000000002e-06
INFO:root:epoch 9, Episode 163, total_loss: 116.493408203125, q_loss 99.81436920166016, v_loss 16.679040908813477 ,lr 1.0000000000000002e-06
INFO:root:epoch 9, Episode 164, total_loss: 116.47180938720703, q_loss 99.80252838134766, v_loss 16.669282913208008 ,lr 1.0000000000000002e-06
INFO:root:epoch 9, Episode 165, total_loss: 116.45690155029297, q_loss 99.7931137084961, v_loss 16.663789749145508 ,lr 1.0000000000000002e-06
INFO:root:epoch 9, Episode 166, total_loss: 116.44413757324219, q_loss 99.78477478027344, v_loss 16.659358978271484 ,lr 1.0000000000000002e-06
INFO:root:epoch 9, Episode 167, total_loss: 116.42195129394531, q_loss 99.77033233642578, v_loss 16.6516170501709 ,lr 1.0000000000000002e-06
INFO:root:epoch 9, Episode 168, total_loss: 116.4125747680664, q_loss 99.76390838623047, v_loss 16.648664474487305 ,lr 1.0000000000000002e-06
INFO:root:epoch 9, Episode 169, total_loss: 116.39778137207031, q_loss 99.75359344482422, v_loss 16.644184112548828 ,lr 1.0000000000000002e-06
INFO:root:epoch 9, Episode 170, total_loss: 116.38275146484375, q_loss 99.74443054199219, v_loss 16.638317108154297 ,lr 1.0000000000000002e-06
INFO:root:epoch 9, Episode 171, total_loss: 116.36453247070312, q_loss 99.73246002197266, v_loss 16.6320743560791 ,lr 1.0000000000000002e-06
INFO:root:epoch 9, Episode 172, total_loss: 116.34523010253906, q_loss 99.7197265625, v_loss 16.625507354736328 ,lr 1.0000000000000002e-06
INFO:root:epoch 9, Episode 173, total_loss: 116.3309555053711, q_loss 99.7114028930664, v_loss 16.619550704956055 ,lr 1.0000000000000002e-06
INFO:root:epoch 9, Episode 174, total_loss: 116.30481719970703, q_loss 99.69496154785156, v_loss 16.60985565185547 ,lr 1.0000000000000002e-06
INFO:root:epoch 9, Episode 175, total_loss: 116.29927062988281, q_loss 99.69144439697266, v_loss 16.607826232910156 ,lr 1.0000000000000002e-06
INFO:root:epoch 9, Episode 176, total_loss: 116.2842788696289, q_loss 99.68115234375, v_loss 16.603124618530273 ,lr 1.0000000000000002e-06
INFO:root:epoch 9, Episode 177, total_loss: 116.26445770263672, q_loss 99.66680908203125, v_loss 16.5976505279541 ,lr 1.0000000000000002e-06
INFO:root:epoch 9, Episode 178, total_loss: 116.1708984375, q_loss 99.60626220703125, v_loss 16.564638137817383 ,lr 1.0000000000000002e-06
INFO:root:epoch 9, Episode 179, total_loss: 116.15272521972656, q_loss 99.59577178955078, v_loss 16.556955337524414 ,lr 1.0000000000000002e-06
INFO:root:epoch 9, Episode 180, total_loss: 116.14557647705078, q_loss 99.59245300292969, v_loss 16.553123474121094 ,lr 1.0000000000000002e-06
INFO:root:epoch 9, Episode 181, total_loss: 116.13497924804688, q_loss 99.5855941772461, v_loss 16.54938316345215 ,lr 1.0000000000000002e-06
INFO:root:epoch 9, Episode 182, total_loss: 116.11669921875, q_loss 99.5723876953125, v_loss 16.544309616088867 ,lr 1.0000000000000002e-06
INFO:root:epoch 9, Episode 183, total_loss: 116.10591888427734, q_loss 99.5649185180664, v_loss 16.54100227355957 ,lr 1.0000000000000002e-06
INFO:root:epoch 9, Episode 184, total_loss: 116.08505249023438, q_loss 99.55122375488281, v_loss 16.533832550048828 ,lr 1.0000000000000002e-06
INFO:root:epoch 9, Episode 185, total_loss: 116.03860473632812, q_loss 99.52071380615234, v_loss 16.51789093017578 ,lr 1.0000000000000002e-06
INFO:root:epoch 9, Episode 186, total_loss: 115.95883178710938, q_loss 99.4730224609375, v_loss 16.485811233520508 ,lr 1.0000000000000002e-06
INFO:root:epoch 9, Episode 187, total_loss: 115.95307159423828, q_loss 99.4709243774414, v_loss 16.482149124145508 ,lr 1.0000000000000002e-06
INFO:root:epoch 9, Episode 188, total_loss: 115.93872833251953, q_loss 99.4618911743164, v_loss 16.476837158203125 ,lr 1.0000000000000002e-06
INFO:root:epoch 9, Episode 189, total_loss: 115.93095397949219, q_loss 99.45802307128906, v_loss 16.472930908203125 ,lr 1.0000000000000002e-06
INFO:root:epoch 9, Episode 190, total_loss: 115.91578674316406, q_loss 99.44757080078125, v_loss 16.468215942382812 ,lr 1.0000000000000002e-06
INFO:root:epoch 9, Episode 191, total_loss: 115.8987808227539, q_loss 99.43653106689453, v_loss 16.462247848510742 ,lr 1.0000000000000002e-06
INFO:root:epoch 9, Episode 192, total_loss: 115.888916015625, q_loss 99.43206787109375, v_loss 16.456851959228516 ,lr 1.0000000000000002e-06
INFO:root:epoch 9, Episode 193, total_loss: 115.8768310546875, q_loss 99.42517852783203, v_loss 16.4516544342041 ,lr 1.0000000000000002e-06
INFO:root:epoch 9, Episode 194, total_loss: 115.85948944091797, q_loss 99.41325378417969, v_loss 16.44623374938965 ,lr 1.0000000000000002e-06
INFO:root:epoch 9, Episode 195, total_loss: 115.83460998535156, q_loss 99.3982162475586, v_loss 16.436391830444336 ,lr 1.0000000000000002e-06
INFO:root:epoch 9, Episode 196, total_loss: 115.81919860839844, q_loss 99.3876724243164, v_loss 16.43152618408203 ,lr 1.0000000000000002e-06
INFO:root:epoch 9, Episode 197, total_loss: 115.80661010742188, q_loss 99.37936401367188, v_loss 16.42724609375 ,lr 1.0000000000000002e-06
INFO:root:epoch 9, Episode 198, total_loss: 115.79501342773438, q_loss 99.37228393554688, v_loss 16.422727584838867 ,lr 1.0000000000000002e-06
INFO:root:epoch 9, Episode 199, total_loss: 115.73829650878906, q_loss 99.33901977539062, v_loss 16.399280548095703 ,lr 1.0000000000000002e-06
INFO:root:epoch 9, Episode 200, total_loss: 115.7267074584961, q_loss 99.33177947998047, v_loss 16.394927978515625 ,lr 1.0000000000000002e-06
INFO:root:epoch 9, Episode 201, total_loss: 115.7136459350586, q_loss 99.32469177246094, v_loss 16.388954162597656 ,lr 1.0000000000000002e-06
INFO:root:epoch 9, Episode 202, total_loss: 115.70049285888672, q_loss 99.31620025634766, v_loss 16.384294509887695 ,lr 1.0000000000000002e-06
INFO:root:epoch 9, Episode 203, total_loss: 115.68407440185547, q_loss 99.30343627929688, v_loss 16.38063621520996 ,lr 1.0000000000000002e-06
INFO:root:epoch 9, Episode 204, total_loss: 115.67018127441406, q_loss 99.2947006225586, v_loss 16.375484466552734 ,lr 1.0000000000000002e-06
INFO:root:epoch 9, Episode 205, total_loss: 115.645751953125, q_loss 99.27938842773438, v_loss 16.366361618041992 ,lr 1.0000000000000002e-06
INFO:root:epoch 9, Episode 206, total_loss: 115.63468933105469, q_loss 99.27165985107422, v_loss 16.363025665283203 ,lr 1.0000000000000002e-06
INFO:root:epoch 9, Episode 207, total_loss: 115.62590026855469, q_loss 99.2666244506836, v_loss 16.35927963256836 ,lr 1.0000000000000002e-06
INFO:root:epoch 9, Episode 208, total_loss: 115.61454772949219, q_loss 99.26115417480469, v_loss 16.353391647338867 ,lr 1.0000000000000002e-06
INFO:root:epoch 9, Episode 209, total_loss: 115.5991439819336, q_loss 99.25235748291016, v_loss 16.346784591674805 ,lr 1.0000000000000002e-06
INFO:root:epoch 9, Episode 210, total_loss: 115.58912658691406, q_loss 99.24712371826172, v_loss 16.34200096130371 ,lr 1.0000000000000002e-06
INFO:root:epoch 9, Episode 211, total_loss: 115.57903289794922, q_loss 99.24039459228516, v_loss 16.338638305664062 ,lr 1.0000000000000002e-06
INFO:root:epoch 9, Episode 212, total_loss: 115.56623840332031, q_loss 99.23370361328125, v_loss 16.332530975341797 ,lr 1.0000000000000002e-06
INFO:root:epoch 9, Episode 213, total_loss: 115.5132064819336, q_loss 99.19971466064453, v_loss 16.313491821289062 ,lr 1.0000000000000002e-06
INFO:root:epoch 9, Episode 214, total_loss: 115.50367736816406, q_loss 99.19375610351562, v_loss 16.309919357299805 ,lr 1.0000000000000002e-06
INFO:root:epoch 9, Episode 215, total_loss: 115.48899841308594, q_loss 99.1852035522461, v_loss 16.30379295349121 ,lr 1.0000000000000002e-06
INFO:root:epoch 9, Episode 216, total_loss: 115.46778869628906, q_loss 99.17266082763672, v_loss 16.29513168334961 ,lr 1.0000000000000002e-06
INFO:root:epoch 9, Episode 217, total_loss: 115.45724487304688, q_loss 99.16576385498047, v_loss 16.29147720336914 ,lr 1.0000000000000002e-06
INFO:root:epoch 9, Episode 218, total_loss: 115.44888305664062, q_loss 99.16016387939453, v_loss 16.288719177246094 ,lr 1.0000000000000002e-06
INFO:root:epoch 9, Episode 219, total_loss: 115.43460845947266, q_loss 99.15050506591797, v_loss 16.28410530090332 ,lr 1.0000000000000002e-06
INFO:root:epoch 9, Episode 220, total_loss: 115.40492248535156, q_loss 99.13245391845703, v_loss 16.2724666595459 ,lr 1.0000000000000002e-06
INFO:root:epoch 9, Episode 221, total_loss: 115.39500427246094, q_loss 99.12581634521484, v_loss 16.269184112548828 ,lr 1.0000000000000002e-06
INFO:root:epoch 9, Episode 222, total_loss: 115.38353729248047, q_loss 99.11746215820312, v_loss 16.26607322692871 ,lr 1.0000000000000002e-06
INFO:root:epoch 9, Episode 223, total_loss: 115.37779235839844, q_loss 99.11638641357422, v_loss 16.26140785217285 ,lr 1.0000000000000002e-06
INFO:root:epoch 9, Episode 224, total_loss: 115.31001281738281, q_loss 99.07392120361328, v_loss 16.236095428466797 ,lr 1.0000000000000002e-06
INFO:root:epoch 9, Episode 225, total_loss: 115.2998046875, q_loss 99.06761932373047, v_loss 16.232189178466797 ,lr 1.0000000000000002e-06
INFO:root:epoch 9, Episode 226, total_loss: 115.28790283203125, q_loss 99.06103515625, v_loss 16.226871490478516 ,lr 1.0000000000000002e-06
INFO:root:epoch 9, Episode 227, total_loss: 115.20291900634766, q_loss 99.01065063476562, v_loss 16.19226837158203 ,lr 1.0000000000000002e-06
INFO:root:epoch 9, Episode 228, total_loss: 115.18882751464844, q_loss 99.00200653076172, v_loss 16.18682098388672 ,lr 1.0000000000000002e-06
INFO:root:epoch 9, Episode 229, total_loss: 115.17815399169922, q_loss 98.99481201171875, v_loss 16.1833438873291 ,lr 1.0000000000000002e-06
INFO:root:epoch 9, Episode 230, total_loss: 115.17589569091797, q_loss 98.99602508544922, v_loss 16.179872512817383 ,lr 1.0000000000000002e-06
INFO:root:epoch 9, Episode 231, total_loss: 115.16172790527344, q_loss 98.98710632324219, v_loss 16.174625396728516 ,lr 1.0000000000000002e-06
INFO:root:epoch 9, Episode 232, total_loss: 115.15156555175781, q_loss 98.98054504394531, v_loss 16.171024322509766 ,lr 1.0000000000000002e-06
INFO:root:epoch 9, Episode 233, total_loss: 115.13736724853516, q_loss 98.9697036743164, v_loss 16.167661666870117 ,lr 1.0000000000000002e-06
INFO:root:epoch 9, Episode 234, total_loss: 115.12240600585938, q_loss 98.95874786376953, v_loss 16.16365623474121 ,lr 1.0000000000000002e-06
INFO:root:epoch 9, Episode 235, total_loss: 115.11117553710938, q_loss 98.95063781738281, v_loss 16.16053581237793 ,lr 1.0000000000000002e-06
INFO:root:epoch 9, Episode 236, total_loss: 115.10366821289062, q_loss 98.9468002319336, v_loss 16.156871795654297 ,lr 1.0000000000000002e-06
INFO:root:epoch 9, Episode 237, total_loss: 115.0929183959961, q_loss 98.9410171508789, v_loss 16.151899337768555 ,lr 1.0000000000000002e-06
INFO:root:epoch 9, Episode 238, total_loss: 115.07621002197266, q_loss 98.93260955810547, v_loss 16.143598556518555 ,lr 1.0000000000000002e-06
INFO:root:epoch 9, Episode 239, total_loss: 115.06510925292969, q_loss 98.92401123046875, v_loss 16.141094207763672 ,lr 1.0000000000000002e-06
INFO:root:epoch 9, Episode 240, total_loss: 115.0525131225586, q_loss 98.91621398925781, v_loss 16.13629913330078 ,lr 1.0000000000000002e-06
INFO:root:epoch 9, Episode 241, total_loss: 115.04322814941406, q_loss 98.90880584716797, v_loss 16.13442611694336 ,lr 1.0000000000000002e-06
INFO:root:epoch 9, Episode 242, total_loss: 114.98255920410156, q_loss 98.86920928955078, v_loss 16.113351821899414 ,lr 1.0000000000000002e-06
INFO:root:epoch 9, Episode 243, total_loss: 114.96585845947266, q_loss 98.85833740234375, v_loss 16.107521057128906 ,lr 1.0000000000000002e-06
INFO:root:epoch 9, Episode 244, total_loss: 114.9513168334961, q_loss 98.8495864868164, v_loss 16.101730346679688 ,lr 1.0000000000000002e-06
INFO:root:epoch 9, Episode 245, total_loss: 114.93791198730469, q_loss 98.84148406982422, v_loss 16.09642791748047 ,lr 1.0000000000000002e-06
INFO:root:epoch 9, Episode 246, total_loss: 114.92192077636719, q_loss 98.83277893066406, v_loss 16.089141845703125 ,lr 1.0000000000000002e-06
INFO:root:epoch 9, Episode 247, total_loss: 114.91381072998047, q_loss 98.82713317871094, v_loss 16.0866756439209 ,lr 1.0000000000000002e-06
INFO:root:epoch 9, Episode 248, total_loss: 114.89888000488281, q_loss 98.81539916992188, v_loss 16.083478927612305 ,lr 1.0000000000000002e-06
INFO:root:epoch 9, Episode 249, total_loss: 114.87083435058594, q_loss 98.79824829101562, v_loss 16.072586059570312 ,lr 1.0000000000000002e-06
INFO:root:epoch 9, Episode 250, total_loss: 114.85966491699219, q_loss 98.79241943359375, v_loss 16.067245483398438 ,lr 1.0000000000000002e-06
INFO:root:epoch 9, Episode 251, total_loss: 114.847412109375, q_loss 98.78434753417969, v_loss 16.063060760498047 ,lr 1.0000000000000002e-06
INFO:root:epoch 9, Episode 252, total_loss: 114.83857727050781, q_loss 98.77983856201172, v_loss 16.058740615844727 ,lr 1.0000000000000002e-06
INFO:root:epoch 9, Episode 253, total_loss: 114.82328796386719, q_loss 98.77085876464844, v_loss 16.052433013916016 ,lr 1.0000000000000002e-06
INFO:root:epoch 9, Episode 254, total_loss: 114.81182098388672, q_loss 98.76395416259766, v_loss 16.047868728637695 ,lr 1.0000000000000002e-06
INFO:root:epoch 9, Episode 255, total_loss: 114.79735565185547, q_loss 98.7558822631836, v_loss 16.041471481323242 ,lr 1.0000000000000002e-06
INFO:root:epoch 9, Episode 256, total_loss: 114.78486633300781, q_loss 98.74752044677734, v_loss 16.037343978881836 ,lr 1.0000000000000002e-06
INFO:root:epoch 9, Episode 257, total_loss: 114.77447509765625, q_loss 98.74112701416016, v_loss 16.03334617614746 ,lr 1.0000000000000002e-06
INFO:root:epoch 9, Episode 258, total_loss: 114.76219940185547, q_loss 98.73321533203125, v_loss 16.02898597717285 ,lr 1.0000000000000002e-06
INFO:root:epoch 9, Episode 259, total_loss: 114.75031280517578, q_loss 98.72489929199219, v_loss 16.02541160583496 ,lr 1.0000000000000002e-06
INFO:root:epoch 9, Episode 260, total_loss: 114.73307037353516, q_loss 98.71719360351562, v_loss 16.01587677001953 ,lr 1.0000000000000002e-06
INFO:root:epoch 9, Episode 261, total_loss: 114.72156524658203, q_loss 98.71070098876953, v_loss 16.0108642578125 ,lr 1.0000000000000002e-06
INFO:root:epoch 9, Episode 262, total_loss: 114.70760345458984, q_loss 98.70366668701172, v_loss 16.003938674926758 ,lr 1.0000000000000002e-06
INFO:root:epoch 9, Episode 263, total_loss: 114.70097351074219, q_loss 98.69890594482422, v_loss 16.0020694732666 ,lr 1.0000000000000002e-06
INFO:root:epoch 9, Episode 264, total_loss: 114.67112731933594, q_loss 98.68097686767578, v_loss 15.990154266357422 ,lr 1.0000000000000002e-06
INFO:root:epoch 9, Episode 265, total_loss: 114.65547943115234, q_loss 98.66993713378906, v_loss 15.985541343688965 ,lr 1.0000000000000002e-06
INFO:root:epoch 9, Episode 266, total_loss: 114.64430236816406, q_loss 98.66316223144531, v_loss 15.981142044067383 ,lr 1.0000000000000002e-06
INFO:root:epoch 9, Episode 267, total_loss: 114.6336669921875, q_loss 98.65843963623047, v_loss 15.975227355957031 ,lr 1.0000000000000002e-06
INFO:root:epoch 9, Episode 268, total_loss: 114.62464141845703, q_loss 98.65422058105469, v_loss 15.97042179107666 ,lr 1.0000000000000002e-06
INFO:root:epoch 9, Episode 269, total_loss: 114.61219024658203, q_loss 98.64530944824219, v_loss 15.966878890991211 ,lr 1.0000000000000002e-06
INFO:root:epoch 9, Episode 270, total_loss: 114.53926086425781, q_loss 98.6014175415039, v_loss 15.93784236907959 ,lr 1.0000000000000002e-06
INFO:root:epoch 9, Episode 271, total_loss: 114.48733520507812, q_loss 98.56861877441406, v_loss 15.918716430664062 ,lr 1.0000000000000002e-06
INFO:root:epoch 9, Episode 272, total_loss: 114.48001861572266, q_loss 98.56401824951172, v_loss 15.915999412536621 ,lr 1.0000000000000002e-06
INFO:root:epoch 9, Episode 273, total_loss: 114.41356658935547, q_loss 98.52234649658203, v_loss 15.891220092773438 ,lr 1.0000000000000002e-06
INFO:root:epoch 9, Episode 274, total_loss: 114.40695190429688, q_loss 98.51856231689453, v_loss 15.88839054107666 ,lr 1.0000000000000002e-06
INFO:root:epoch 9, Episode 275, total_loss: 114.39421081542969, q_loss 98.51016235351562, v_loss 15.884051322937012 ,lr 1.0000000000000002e-06
INFO:root:epoch 9, Episode 276, total_loss: 114.38250732421875, q_loss 98.50408935546875, v_loss 15.87841796875 ,lr 1.0000000000000002e-06
INFO:root:epoch 9, Episode 277, total_loss: 114.37178802490234, q_loss 98.49787902832031, v_loss 15.87391185760498 ,lr 1.0000000000000002e-06
INFO:root:epoch 9, Episode 278, total_loss: 114.36631774902344, q_loss 98.49417114257812, v_loss 15.872142791748047 ,lr 1.0000000000000002e-06
INFO:root:epoch 9, Episode 279, total_loss: 114.3540267944336, q_loss 98.48714447021484, v_loss 15.866884231567383 ,lr 1.0000000000000002e-06
INFO:root:epoch 9, Episode 280, total_loss: 114.34392547607422, q_loss 98.4808349609375, v_loss 15.863092422485352 ,lr 1.0000000000000002e-06
INFO:root:epoch 9, Episode 281, total_loss: 114.33406829833984, q_loss 98.4763412475586, v_loss 15.8577299118042 ,lr 1.0000000000000002e-06
INFO:root:epoch 9, Episode 282, total_loss: 114.31138610839844, q_loss 98.46199035644531, v_loss 15.849392890930176 ,lr 1.0000000000000002e-06
INFO:root:epoch 9, Episode 283, total_loss: 114.30339813232422, q_loss 98.45845794677734, v_loss 15.844939231872559 ,lr 1.0000000000000002e-06
INFO:root:epoch 9, Episode 284, total_loss: 114.29386138916016, q_loss 98.45283508300781, v_loss 15.84102725982666 ,lr 1.0000000000000002e-06
INFO:root:epoch 9, Episode 285, total_loss: 114.28170776367188, q_loss 98.4456558227539, v_loss 15.836051940917969 ,lr 1.0000000000000002e-06
INFO:root:epoch 9, Episode 286, total_loss: 114.27666473388672, q_loss 98.44184875488281, v_loss 15.834813117980957 ,lr 1.0000000000000002e-06
INFO:root:epoch 9, Episode 287, total_loss: 114.24927520751953, q_loss 98.42543029785156, v_loss 15.823843955993652 ,lr 1.0000000000000002e-06
INFO:root:epoch 9, Episode 288, total_loss: 114.21422576904297, q_loss 98.40756225585938, v_loss 15.806661605834961 ,lr 1.0000000000000002e-06
INFO:root:epoch 9, Episode 289, total_loss: 114.19882202148438, q_loss 98.39684295654297, v_loss 15.801977157592773 ,lr 1.0000000000000002e-06
INFO:root:epoch 9, Episode 290, total_loss: 114.18927764892578, q_loss 98.3926010131836, v_loss 15.796673774719238 ,lr 1.0000000000000002e-06
INFO:root:epoch 9, Episode 291, total_loss: 114.17691040039062, q_loss 98.3841781616211, v_loss 15.792736053466797 ,lr 1.0000000000000002e-06
INFO:root:epoch 9, Episode 292, total_loss: 114.16551208496094, q_loss 98.37730407714844, v_loss 15.788204193115234 ,lr 1.0000000000000002e-06
INFO:root:epoch 9, Episode 293, total_loss: 114.15625, q_loss 98.36968231201172, v_loss 15.78657054901123 ,lr 1.0000000000000002e-06
INFO:root:epoch 9, Episode 294, total_loss: 114.13529968261719, q_loss 98.35636138916016, v_loss 15.77894115447998 ,lr 1.0000000000000002e-06
INFO:root:epoch 9, Episode 295, total_loss: 114.11805725097656, q_loss 98.3443832397461, v_loss 15.773673057556152 ,lr 1.0000000000000002e-06
INFO:root:epoch 9, Episode 296, total_loss: 114.10679626464844, q_loss 98.33793640136719, v_loss 15.76885986328125 ,lr 1.0000000000000002e-06
INFO:root:epoch 9, Episode 297, total_loss: 114.09707641601562, q_loss 98.33208465576172, v_loss 15.764988899230957 ,lr 1.0000000000000002e-06
INFO:root:epoch 9, Episode 298, total_loss: 114.08643341064453, q_loss 98.32567596435547, v_loss 15.760760307312012 ,lr 1.0000000000000002e-06
INFO:root:epoch 9, Episode 299, total_loss: 114.07744598388672, q_loss 98.3210220336914, v_loss 15.756422996520996 ,lr 1.0000000000000002e-06
INFO:root:epoch 9, Episode 300, total_loss: 114.06590270996094, q_loss 98.31507110595703, v_loss 15.750834465026855 ,lr 1.0000000000000002e-06
INFO:root:epoch 9, Episode 301, total_loss: 114.02262878417969, q_loss 98.2876968383789, v_loss 15.734930992126465 ,lr 1.0000000000000002e-06
INFO:root:epoch 9, Episode 302, total_loss: 114.00677490234375, q_loss 98.27760314941406, v_loss 15.729175567626953 ,lr 1.0000000000000002e-06
INFO:root:epoch 9, Episode 303, total_loss: 113.99592590332031, q_loss 98.27047729492188, v_loss 15.725451469421387 ,lr 1.0000000000000002e-06
INFO:root:epoch 9, Episode 304, total_loss: 113.98524475097656, q_loss 98.26441955566406, v_loss 15.72082805633545 ,lr 1.0000000000000002e-06
INFO:root:epoch 9, Episode 305, total_loss: 113.97543334960938, q_loss 98.25788879394531, v_loss 15.717540740966797 ,lr 1.0000000000000002e-06
INFO:root:epoch 9, Episode 306, total_loss: 113.94998168945312, q_loss 98.24195098876953, v_loss 15.708027839660645 ,lr 1.0000000000000002e-06
INFO:root:epoch 9, Episode 307, total_loss: 113.94038391113281, q_loss 98.23705291748047, v_loss 15.703330039978027 ,lr 1.0000000000000002e-06
INFO:root:epoch 9, Episode 308, total_loss: 113.93109893798828, q_loss 98.23143768310547, v_loss 15.699663162231445 ,lr 1.0000000000000002e-06
INFO:root:epoch 9, Episode 309, total_loss: 113.92056274414062, q_loss 98.22342681884766, v_loss 15.697139739990234 ,lr 1.0000000000000002e-06
INFO:root:epoch 9, Episode 310, total_loss: 113.8917465209961, q_loss 98.20795440673828, v_loss 15.683789253234863 ,lr 1.0000000000000002e-06
INFO:root:epoch 9, Episode 311, total_loss: 113.88135528564453, q_loss 98.2008285522461, v_loss 15.680529594421387 ,lr 1.0000000000000002e-06
INFO:root:epoch 9, Episode 312, total_loss: 113.8702163696289, q_loss 98.19361114501953, v_loss 15.676604270935059 ,lr 1.0000000000000002e-06
INFO:root:epoch 9, Episode 313, total_loss: 113.86568450927734, q_loss 98.19220733642578, v_loss 15.673474311828613 ,lr 1.0000000000000002e-06
INFO:root:epoch 9, Episode 314, total_loss: 113.79724884033203, q_loss 98.15176391601562, v_loss 15.645482063293457 ,lr 1.0000000000000002e-06
INFO:root:epoch 9, Episode 315, total_loss: 113.79837036132812, q_loss 98.1539306640625, v_loss 15.644439697265625 ,lr 1.0000000000000002e-06
INFO:root:epoch 9, Episode 316, total_loss: 113.78680419921875, q_loss 98.14686584472656, v_loss 15.639942169189453 ,lr 1.0000000000000002e-06
INFO:root:epoch 9, Episode 317, total_loss: 113.76245880126953, q_loss 98.13325500488281, v_loss 15.629204750061035 ,lr 1.0000000000000002e-06
INFO:root:epoch 9, Episode 318, total_loss: 113.75309753417969, q_loss 98.12731170654297, v_loss 15.62578296661377 ,lr 1.0000000000000002e-06
INFO:root:epoch 9, Episode 319, total_loss: 113.73927307128906, q_loss 98.11888885498047, v_loss 15.620382308959961 ,lr 1.0000000000000002e-06
INFO:root:epoch 9, Episode 320, total_loss: 113.72979736328125, q_loss 98.11393737792969, v_loss 15.615859985351562 ,lr 1.0000000000000002e-06
INFO:root:epoch 9, Episode 321, total_loss: 113.71846771240234, q_loss 98.10717010498047, v_loss 15.611300468444824 ,lr 1.0000000000000002e-06
INFO:root:epoch 9, Episode 322, total_loss: 113.70699310302734, q_loss 98.10054016113281, v_loss 15.606450080871582 ,lr 1.0000000000000002e-06
INFO:root:epoch 9, Episode 323, total_loss: 113.69976806640625, q_loss 98.09667205810547, v_loss 15.603099822998047 ,lr 1.0000000000000002e-06
INFO:root:epoch 9, Episode 324, total_loss: 113.63581848144531, q_loss 98.05679321289062, v_loss 15.579029083251953 ,lr 1.0000000000000002e-06
INFO:root:epoch 9, Episode 325, total_loss: 113.62609100341797, q_loss 98.05047607421875, v_loss 15.575614929199219 ,lr 1.0000000000000002e-06
INFO:root:epoch 9, Episode 326, total_loss: 113.61833953857422, q_loss 98.04598999023438, v_loss 15.572347640991211 ,lr 1.0000000000000002e-06
INFO:root:epoch 9, Episode 327, total_loss: 113.604736328125, q_loss 98.0366439819336, v_loss 15.568094253540039 ,lr 1.0000000000000002e-06
INFO:root:epoch 9, Episode 328, total_loss: 113.59423065185547, q_loss 98.03028106689453, v_loss 15.563948631286621 ,lr 1.0000000000000002e-06
INFO:root:epoch 9, Episode 329, total_loss: 113.57205200195312, q_loss 98.01612091064453, v_loss 15.55593490600586 ,lr 1.0000000000000002e-06
INFO:root:epoch 9, Episode 330, total_loss: 113.56348419189453, q_loss 98.01175689697266, v_loss 15.551725387573242 ,lr 1.0000000000000002e-06
INFO:root:epoch 9, Episode 331, total_loss: 113.5257339477539, q_loss 97.98673248291016, v_loss 15.5389986038208 ,lr 1.0000000000000002e-06
INFO:root:epoch 9, Episode 332, total_loss: 113.51251220703125, q_loss 97.97891235351562, v_loss 15.533601760864258 ,lr 1.0000000000000002e-06
INFO:root:epoch 9, Episode 333, total_loss: 113.50525665283203, q_loss 97.97550201416016, v_loss 15.529752731323242 ,lr 1.0000000000000002e-06
INFO:root:epoch 9, Episode 334, total_loss: 113.47815704345703, q_loss 97.95975494384766, v_loss 15.518402099609375 ,lr 1.0000000000000002e-06
INFO:root:epoch 9, Episode 335, total_loss: 113.47264099121094, q_loss 97.95709228515625, v_loss 15.515549659729004 ,lr 1.0000000000000002e-06
INFO:root:epoch 9, Episode 336, total_loss: 113.46351623535156, q_loss 97.95211791992188, v_loss 15.511396408081055 ,lr 1.0000000000000002e-06
INFO:root:epoch 9, Episode 337, total_loss: 113.45399475097656, q_loss 97.94559478759766, v_loss 15.508402824401855 ,lr 1.0000000000000002e-06
INFO:root:epoch 9, Episode 338, total_loss: 113.44156646728516, q_loss 97.93755340576172, v_loss 15.504014015197754 ,lr 1.0000000000000002e-06
INFO:root:epoch 9, Episode 339, total_loss: 113.43413543701172, q_loss 97.93304443359375, v_loss 15.501091003417969 ,lr 1.0000000000000002e-06
INFO:root:epoch 9, Episode 340, total_loss: 113.41893005371094, q_loss 97.92308044433594, v_loss 15.495851516723633 ,lr 1.0000000000000002e-06
INFO:root:epoch 9, Episode 341, total_loss: 113.39668273925781, q_loss 97.91068267822266, v_loss 15.486000061035156 ,lr 1.0000000000000002e-06
INFO:root:epoch 9, Episode 342, total_loss: 113.38349151611328, q_loss 97.90216064453125, v_loss 15.48133373260498 ,lr 1.0000000000000002e-06
INFO:root:epoch 9, Episode 343, total_loss: 113.36795043945312, q_loss 97.89210510253906, v_loss 15.475841522216797 ,lr 1.0000000000000002e-06
INFO:root:epoch 9, Episode 344, total_loss: 113.35952758789062, q_loss 97.88833618164062, v_loss 15.47119140625 ,lr 1.0000000000000002e-06
INFO:root:epoch 9, Episode 345, total_loss: 113.34993743896484, q_loss 97.8828353881836, v_loss 15.46710205078125 ,lr 1.0000000000000002e-06
INFO:root:epoch 9, Episode 346, total_loss: 113.34053039550781, q_loss 97.87763214111328, v_loss 15.462895393371582 ,lr 1.0000000000000002e-06
INFO:root:epoch 9, Episode 347, total_loss: 113.32722473144531, q_loss 97.87020874023438, v_loss 15.457016944885254 ,lr 1.0000000000000002e-06
INFO:root:epoch 9, Episode 348, total_loss: 113.31983184814453, q_loss 97.86602783203125, v_loss 15.45380687713623 ,lr 1.0000000000000002e-06
INFO:root:epoch 9, Episode 349, total_loss: 113.30680084228516, q_loss 97.85780334472656, v_loss 15.448995590209961 ,lr 1.0000000000000002e-06
INFO:root:epoch 9, Episode 350, total_loss: 113.2918472290039, q_loss 97.84786987304688, v_loss 15.443979263305664 ,lr 1.0000000000000002e-06
INFO:root:epoch 9, Episode 351, total_loss: 113.28347778320312, q_loss 97.84232330322266, v_loss 15.441157341003418 ,lr 1.0000000000000002e-06
INFO:root:epoch 9, Episode 352, total_loss: 113.27204895019531, q_loss 97.83373260498047, v_loss 15.438314437866211 ,lr 1.0000000000000002e-06
INFO:root:epoch 9, Episode 353, total_loss: 113.25035095214844, q_loss 97.82239532470703, v_loss 15.427953720092773 ,lr 1.0000000000000002e-06
INFO:root:epoch 9, Episode 354, total_loss: 113.24327087402344, q_loss 97.81848907470703, v_loss 15.424781799316406 ,lr 1.0000000000000002e-06
INFO:root:epoch 9, Episode 355, total_loss: 113.23818969726562, q_loss 97.8162841796875, v_loss 15.421904563903809 ,lr 1.0000000000000002e-06
INFO:root:epoch 9, Episode 356, total_loss: 113.23057556152344, q_loss 97.81277465820312, v_loss 15.417798042297363 ,lr 1.0000000000000002e-06
INFO:root:epoch 9, Episode 357, total_loss: 113.22097778320312, q_loss 97.8081283569336, v_loss 15.412853240966797 ,lr 1.0000000000000002e-06
INFO:root:epoch 9, Episode 358, total_loss: 113.19837951660156, q_loss 97.79440307617188, v_loss 15.403979301452637 ,lr 1.0000000000000002e-06
INFO:root:epoch 9, Episode 359, total_loss: 113.19200897216797, q_loss 97.7905044555664, v_loss 15.401504516601562 ,lr 1.0000000000000002e-06
INFO:root:epoch 9, Episode 360, total_loss: 113.1783676147461, q_loss 97.78213500976562, v_loss 15.396230697631836 ,lr 1.0000000000000002e-06
INFO:root:epoch 9, Episode 361, total_loss: 113.11612701416016, q_loss 97.74651336669922, v_loss 15.369614601135254 ,lr 1.0000000000000002e-06
INFO:root:epoch 9, Episode 362, total_loss: 113.07786560058594, q_loss 97.72282409667969, v_loss 15.3550443649292 ,lr 1.0000000000000002e-06
INFO:root:epoch 9, Episode 363, total_loss: 113.06910705566406, q_loss 97.71952056884766, v_loss 15.349589347839355 ,lr 1.0000000000000002e-06
INFO:root:epoch 9, Episode 364, total_loss: 113.05786895751953, q_loss 97.71270751953125, v_loss 15.345159530639648 ,lr 1.0000000000000002e-06
INFO:root:epoch 9, Episode 365, total_loss: 113.04080200195312, q_loss 97.70127868652344, v_loss 15.339519500732422 ,lr 1.0000000000000002e-06
INFO:root:epoch 9, Episode 366, total_loss: 113.01533508300781, q_loss 97.6861801147461, v_loss 15.329156875610352 ,lr 1.0000000000000002e-06
INFO:root:epoch 9, Episode 367, total_loss: 113.00997161865234, q_loss 97.68492126464844, v_loss 15.325051307678223 ,lr 1.0000000000000002e-06
INFO:root:epoch 9, Episode 368, total_loss: 112.9997787475586, q_loss 97.67768859863281, v_loss 15.322092056274414 ,lr 1.0000000000000002e-06
INFO:root:epoch 9, Episode 369, total_loss: 112.9893569946289, q_loss 97.67034912109375, v_loss 15.319007873535156 ,lr 1.0000000000000002e-06
INFO:root:epoch 9, Episode 370, total_loss: 112.97919464111328, q_loss 97.66373443603516, v_loss 15.315461158752441 ,lr 1.0000000000000002e-06
INFO:root:epoch 9, Episode 371, total_loss: 112.98136901855469, q_loss 97.66889953613281, v_loss 15.312470436096191 ,lr 1.0000000000000002e-06
INFO:root:epoch 9, Episode 372, total_loss: 112.97085571289062, q_loss 97.66254425048828, v_loss 15.308308601379395 ,lr 1.0000000000000002e-06
INFO:root:epoch 9, Episode 373, total_loss: 112.9540023803711, q_loss 97.65080261230469, v_loss 15.303196907043457 ,lr 1.0000000000000002e-06
INFO:root:epoch 9, Episode 374, total_loss: 112.94174194335938, q_loss 97.64340209960938, v_loss 15.298343658447266 ,lr 1.0000000000000002e-06
INFO:root:epoch 9, Episode 375, total_loss: 112.9322509765625, q_loss 97.63666534423828, v_loss 15.295587539672852 ,lr 1.0000000000000002e-06
INFO:root:epoch 9, Episode 376, total_loss: 112.92420959472656, q_loss 97.63121032714844, v_loss 15.293001174926758 ,lr 1.0000000000000002e-06
INFO:root:epoch 9, Episode 377, total_loss: 112.86318969726562, q_loss 97.59376525878906, v_loss 15.269424438476562 ,lr 1.0000000000000002e-06
INFO:root:epoch 9, Episode 378, total_loss: 112.822021484375, q_loss 97.57410430908203, v_loss 15.247919082641602 ,lr 1.0000000000000002e-06
INFO:root:epoch 9, Episode 379, total_loss: 112.81587219238281, q_loss 97.5712661743164, v_loss 15.244607925415039 ,lr 1.0000000000000002e-06
INFO:root:epoch 9, Episode 380, total_loss: 112.80928039550781, q_loss 97.56692504882812, v_loss 15.242351531982422 ,lr 1.0000000000000002e-06
INFO:root:epoch 9, Episode 381, total_loss: 112.79393005371094, q_loss 97.55780029296875, v_loss 15.23613166809082 ,lr 1.0000000000000002e-06
INFO:root:epoch 9, Episode 382, total_loss: 112.78506469726562, q_loss 97.5510482788086, v_loss 15.234014511108398 ,lr 1.0000000000000002e-06
INFO:root:epoch 9, Episode 383, total_loss: 112.76030731201172, q_loss 97.53667449951172, v_loss 15.223634719848633 ,lr 1.0000000000000002e-06
INFO:root:epoch 9, Episode 384, total_loss: 112.74472045898438, q_loss 97.52776336669922, v_loss 15.216954231262207 ,lr 1.0000000000000002e-06
INFO:root:epoch 9, Episode 385, total_loss: 112.73500061035156, q_loss 97.52149200439453, v_loss 15.213504791259766 ,lr 1.0000000000000002e-06
INFO:root:epoch 9, Episode 386, total_loss: 112.72512817382812, q_loss 97.51575469970703, v_loss 15.209369659423828 ,lr 1.0000000000000002e-06
INFO:root:epoch 9, Episode 387, total_loss: 112.71617889404297, q_loss 97.51049041748047, v_loss 15.205689430236816 ,lr 1.0000000000000002e-06
INFO:root:epoch 9, Episode 388, total_loss: 112.7077407836914, q_loss 97.50601196289062, v_loss 15.201728820800781 ,lr 1.0000000000000002e-06
INFO:root:epoch 9, Episode 389, total_loss: 112.70182037353516, q_loss 97.50208282470703, v_loss 15.199734687805176 ,lr 1.0000000000000002e-06
INFO:root:epoch 9, Episode 390, total_loss: 112.67694854736328, q_loss 97.48672485351562, v_loss 15.190223693847656 ,lr 1.0000000000000002e-06
INFO:root:epoch 9, Episode 391, total_loss: 112.66685485839844, q_loss 97.48116302490234, v_loss 15.185694694519043 ,lr 1.0000000000000002e-06
INFO:root:epoch 9, Episode 392, total_loss: 112.65753173828125, q_loss 97.47383880615234, v_loss 15.18369197845459 ,lr 1.0000000000000002e-06
INFO:root:epoch 9, Episode 393, total_loss: 112.64173126220703, q_loss 97.46501159667969, v_loss 15.17672061920166 ,lr 1.0000000000000002e-06
INFO:root:epoch 9, Episode 394, total_loss: 112.60232543945312, q_loss 97.43814086914062, v_loss 15.164180755615234 ,lr 1.0000000000000002e-06
INFO:root:epoch 9, Episode 395, total_loss: 112.58834838867188, q_loss 97.42914581298828, v_loss 15.15920639038086 ,lr 1.0000000000000002e-06
INFO:root:epoch 9, Episode 396, total_loss: 112.5777816772461, q_loss 97.42249298095703, v_loss 15.155288696289062 ,lr 1.0000000000000002e-06
INFO:root:epoch 9, Episode 397, total_loss: 112.56717681884766, q_loss 97.4160385131836, v_loss 15.151138305664062 ,lr 1.0000000000000002e-06
INFO:root:epoch 9, Episode 398, total_loss: 112.55860900878906, q_loss 97.41109466552734, v_loss 15.147516250610352 ,lr 1.0000000000000002e-06
INFO:root:epoch 9, Episode 399, total_loss: 112.55079650878906, q_loss 97.40741729736328, v_loss 15.143381118774414 ,lr 1.0000000000000002e-06
INFO:root:epoch 9, Episode 400, total_loss: 112.542724609375, q_loss 97.40242004394531, v_loss 15.140307426452637 ,lr 1.0000000000000002e-06
INFO:root:epoch 9, Episode 401, total_loss: 112.53671264648438, q_loss 97.40027618408203, v_loss 15.136438369750977 ,lr 1.0000000000000002e-06
INFO:root:epoch 9, Episode 402, total_loss: 112.52940368652344, q_loss 97.39677429199219, v_loss 15.132627487182617 ,lr 1.0000000000000002e-06
INFO:root:epoch 9, Episode 403, total_loss: 112.51073455810547, q_loss 97.38597106933594, v_loss 15.124764442443848 ,lr 1.0000000000000002e-06
INFO:root:epoch 9, Episode 404, total_loss: 112.50849151611328, q_loss 97.38826751708984, v_loss 15.120223999023438 ,lr 1.0000000000000002e-06
INFO:root:epoch 9, Episode 405, total_loss: 112.49364471435547, q_loss 97.38001251220703, v_loss 15.113635063171387 ,lr 1.0000000000000002e-06
INFO:root:epoch 9, Episode 406, total_loss: 112.48600769042969, q_loss 97.37541961669922, v_loss 15.110590934753418 ,lr 1.0000000000000002e-06
INFO:root:epoch 9, Episode 407, total_loss: 112.48475646972656, q_loss 97.37743377685547, v_loss 15.10732650756836 ,lr 1.0000000000000002e-06
INFO:root:epoch 9, Episode 408, total_loss: 112.47897338867188, q_loss 97.37399291992188, v_loss 15.10498046875 ,lr 1.0000000000000002e-06
INFO:root:epoch 9, Episode 409, total_loss: 112.39828491210938, q_loss 97.3274154663086, v_loss 15.070869445800781 ,lr 1.0000000000000002e-06
INFO:root:epoch 9, Episode 410, total_loss: 112.39035034179688, q_loss 97.32196807861328, v_loss 15.068382263183594 ,lr 1.0000000000000002e-06
INFO:root:epoch 9, Episode 411, total_loss: 112.37908172607422, q_loss 97.31497192382812, v_loss 15.064112663269043 ,lr 1.0000000000000002e-06
INFO:root:epoch 9, Episode 412, total_loss: 112.3687515258789, q_loss 97.30996704101562, v_loss 15.058785438537598 ,lr 1.0000000000000002e-06
INFO:root:epoch 9, Episode 413, total_loss: 112.3624267578125, q_loss 97.30619812011719, v_loss 15.056231498718262 ,lr 1.0000000000000002e-06
INFO:root:epoch 9, Episode 414, total_loss: 112.34819030761719, q_loss 97.29698181152344, v_loss 15.0512056350708 ,lr 1.0000000000000002e-06
INFO:root:epoch 9, Episode 415, total_loss: 112.33928680419922, q_loss 97.29145812988281, v_loss 15.047831535339355 ,lr 1.0000000000000002e-06
INFO:root:epoch 9, Episode 416, total_loss: 112.32083129882812, q_loss 97.28109741210938, v_loss 15.039737701416016 ,lr 1.0000000000000002e-06
INFO:root:epoch 9, Episode 417, total_loss: 112.31124114990234, q_loss 97.2745361328125, v_loss 15.036703109741211 ,lr 1.0000000000000002e-06
INFO:root:epoch 9, Episode 418, total_loss: 112.30223846435547, q_loss 97.26932525634766, v_loss 15.03291130065918 ,lr 1.0000000000000002e-06
INFO:root:epoch 9, Episode 419, total_loss: 112.29412841796875, q_loss 97.26455688476562, v_loss 15.029570579528809 ,lr 1.0000000000000002e-06
INFO:root:epoch 9, Episode 420, total_loss: 112.28649139404297, q_loss 97.25943756103516, v_loss 15.02705192565918 ,lr 1.0000000000000002e-06
INFO:root:epoch 9, Episode 421, total_loss: 112.27639770507812, q_loss 97.25379943847656, v_loss 15.022602081298828 ,lr 1.0000000000000002e-06
INFO:root:epoch 9, Episode 422, total_loss: 112.26598358154297, q_loss 97.24687194824219, v_loss 15.019111633300781 ,lr 1.0000000000000002e-06
INFO:root:epoch 9, Episode 423, total_loss: 112.25946044921875, q_loss 97.24529266357422, v_loss 15.014169692993164 ,lr 1.0000000000000002e-06
INFO:root:epoch 9, Episode 424, total_loss: 112.24934387207031, q_loss 97.24007415771484, v_loss 15.009265899658203 ,lr 1.0000000000000002e-06
INFO:root:epoch 9, Episode 425, total_loss: 112.23790740966797, q_loss 97.2332534790039, v_loss 15.00465202331543 ,lr 1.0000000000000002e-06
INFO:root:epoch 9, Episode 426, total_loss: 112.19877624511719, q_loss 97.20789337158203, v_loss 14.990886688232422 ,lr 1.0000000000000002e-06
INFO:root:epoch 9, Episode 427, total_loss: 112.18872833251953, q_loss 97.20219421386719, v_loss 14.986531257629395 ,lr 1.0000000000000002e-06
INFO:root:epoch 9, Episode 428, total_loss: 112.1754379272461, q_loss 97.19637298583984, v_loss 14.979063034057617 ,lr 1.0000000000000002e-06
INFO:root:epoch 9, Episode 429, total_loss: 112.17071533203125, q_loss 97.19450378417969, v_loss 14.976208686828613 ,lr 1.0000000000000002e-06
INFO:root:epoch 9, Episode 430, total_loss: 112.16114044189453, q_loss 97.1889419555664, v_loss 14.972197532653809 ,lr 1.0000000000000002e-06
INFO:root:epoch 9, Episode 431, total_loss: 112.1495361328125, q_loss 97.1806411743164, v_loss 14.96889591217041 ,lr 1.0000000000000002e-06
INFO:root:epoch 9, Episode 432, total_loss: 112.09183502197266, q_loss 97.14677429199219, v_loss 14.945061683654785 ,lr 1.0000000000000002e-06
INFO:root:epoch 9, Episode 433, total_loss: 112.07941436767578, q_loss 97.13882446289062, v_loss 14.940589904785156 ,lr 1.0000000000000002e-06
INFO:root:epoch 9, Episode 434, total_loss: 112.0528335571289, q_loss 97.12269592285156, v_loss 14.93013858795166 ,lr 1.0000000000000002e-06
INFO:root:epoch 9, Episode 435, total_loss: 112.03912353515625, q_loss 97.11370086669922, v_loss 14.925420761108398 ,lr 1.0000000000000002e-06
INFO:root:epoch 9, Episode 436, total_loss: 112.02867126464844, q_loss 97.10638427734375, v_loss 14.922285079956055 ,lr 1.0000000000000002e-06
INFO:root:epoch 9, Episode 437, total_loss: 112.01708221435547, q_loss 97.10018920898438, v_loss 14.916891098022461 ,lr 1.0000000000000002e-06
INFO:root:epoch 9, Episode 438, total_loss: 112.0094223022461, q_loss 97.09449005126953, v_loss 14.914929389953613 ,lr 1.0000000000000002e-06
INFO:root:epoch 9, Episode 439, total_loss: 111.99961853027344, q_loss 97.08951568603516, v_loss 14.910100936889648 ,lr 1.0000000000000002e-06
INFO:root:epoch 9, Episode 440, total_loss: 111.98792266845703, q_loss 97.08145141601562, v_loss 14.906474113464355 ,lr 1.0000000000000002e-06
INFO:root:epoch 9, Episode 441, total_loss: 111.9682388305664, q_loss 97.0704345703125, v_loss 14.897801399230957 ,lr 1.0000000000000002e-06
INFO:root:epoch 9, Episode 442, total_loss: 111.95297241210938, q_loss 97.0599594116211, v_loss 14.893009185791016 ,lr 1.0000000000000002e-06
INFO:root:epoch 9, Episode 443, total_loss: 111.9315185546875, q_loss 97.04798889160156, v_loss 14.88353157043457 ,lr 1.0000000000000002e-06
INFO:root:epoch 9, Episode 444, total_loss: 111.92384338378906, q_loss 97.04338073730469, v_loss 14.880459785461426 ,lr 1.0000000000000002e-06
INFO:root:epoch 9, Episode 445, total_loss: 111.91458892822266, q_loss 97.03917694091797, v_loss 14.875412940979004 ,lr 1.0000000000000002e-06
INFO:root:epoch 9, Episode 446, total_loss: 111.9117660522461, q_loss 97.04000854492188, v_loss 14.871755599975586 ,lr 1.0000000000000002e-06
INFO:root:epoch 9, Episode 447, total_loss: 111.89988708496094, q_loss 97.03086853027344, v_loss 14.869022369384766 ,lr 1.0000000000000002e-06
INFO:root:epoch 9, Episode 448, total_loss: 111.88712310791016, q_loss 97.02412414550781, v_loss 14.86299991607666 ,lr 1.0000000000000002e-06
INFO:root:epoch 9, Episode 449, total_loss: 111.87844848632812, q_loss 97.01895141601562, v_loss 14.85949993133545 ,lr 1.0000000000000002e-06
INFO:root:epoch 9, Episode 450, total_loss: 111.8656234741211, q_loss 97.01126861572266, v_loss 14.854354858398438 ,lr 1.0000000000000002e-06
INFO:root:epoch 9, Episode 451, total_loss: 111.8570556640625, q_loss 97.00527954101562, v_loss 14.851777076721191 ,lr 1.0000000000000002e-06
INFO:root:epoch 9, Episode 452, total_loss: 111.84619140625, q_loss 96.99845886230469, v_loss 14.847731590270996 ,lr 1.0000000000000002e-06
INFO:root:epoch 9, Episode 453, total_loss: 111.84281921386719, q_loss 96.99688720703125, v_loss 14.845932960510254 ,lr 1.0000000000000002e-06
INFO:root:epoch 9, Episode 454, total_loss: 111.8265151977539, q_loss 96.98758697509766, v_loss 14.838926315307617 ,lr 1.0000000000000002e-06
INFO:root:epoch 9, Episode 455, total_loss: 111.81904602050781, q_loss 96.98345947265625, v_loss 14.835583686828613 ,lr 1.0000000000000002e-06
INFO:root:epoch 9, Episode 456, total_loss: 111.81224822998047, q_loss 96.98127746582031, v_loss 14.830972671508789 ,lr 1.0000000000000002e-06
